ISO-10303-21;
HEADER;
/* Generated by software containing ST-Developer
 * from STEP Tools, Inc. (www.steptools.com) 
 */
/* OPTION: using custom renumber hook */

FILE_DESCRIPTION(
/* description */ ('STEP AP242',
'CAx-IF Rec.Pracs.---Representation and Presentation of Product Manufa
cturing Information (PMI)---4.0---2014-10-13',
'CAx-IF Rec.Pracs.---3D Tessellated Geometry---0.4---2014-09-14','2;1'),

/* implementation_level */ '2;1');

FILE_NAME(
/* name */ 'CL-SB-23B-01T',
/* time_stamp */ '2026-09-08T09:02:10+02:00',
/* author */ ('License CC BY-ND 4.0'),
/* organization */ ('CADENAS'),
/* preprocessor_version */ 'ST-DEVELOPER v20',
/* originating_system */ 'PARTsolutions',
/* authorisation */ '  ');

FILE_SCHEMA (('AP242_MANAGED_MODEL_BASED_3D_ENGINEERING_MIM_LF { 1 0 10303 442 1 1 4 }'));
ENDSEC;

DATA;
#10=ELLIPSE('',#9976,0.989949493661167,0.7);
#11=ELLIPSE('',#9978,0.989949493661167,0.7);
#12=DRAUGHTING_PRE_DEFINED_COLOUR('white');
#13=CONTEXT_DEPENDENT_SHAPE_REPRESENTATION(#17,#14139);
#14=CONTEXT_DEPENDENT_SHAPE_REPRESENTATION(#18,#14141);
#15=NEXT_ASSEMBLY_USAGE_OCCURRENCE('NAUO1','23B-01_c','23B-01_c',#14142,
#14143,'');
#16=NEXT_ASSEMBLY_USAGE_OCCURRENCE('NAUO2','3Top setting_s',
'3Top setting_s',#14142,#14144,'');
#17=(
REPRESENTATION_RELATIONSHIP(' ',' ',#9399,#9398)
REPRESENTATION_RELATIONSHIP_WITH_TRANSFORMATION(#19)
SHAPE_REPRESENTATION_RELATIONSHIP()
);
#18=(
REPRESENTATION_RELATIONSHIP(' ',' ',#9400,#9398)
REPRESENTATION_RELATIONSHIP_WITH_TRANSFORMATION(#20)
SHAPE_REPRESENTATION_RELATIONSHIP()
);
#19=ITEM_DEFINED_TRANSFORMATION(' ',' ',#9401,#9957);
#20=ITEM_DEFINED_TRANSFORMATION(' ',' ',#9401,#10006);
#21=SHAPE_REPRESENTATION_RELATIONSHIP('','',#9399,#23);
#22=SHAPE_REPRESENTATION_RELATIONSHIP('','',#9400,#24);
#23=ADVANCED_BREP_SHAPE_REPRESENTATION('',(#9393),#14129);
#24=ADVANCED_BREP_SHAPE_REPRESENTATION('',(#9394),#14130);
#25=B_SPLINE_CURVE_WITH_KNOTS('',3,(#13237,#13238,#13239,#13240,#13241),
 .UNSPECIFIED.,.F.,.F.,(4,1,4),(0.,0.000199811633188411,0.000399623266376822),
 .UNSPECIFIED.);
#26=B_SPLINE_CURVE_WITH_KNOTS('',3,(#13245,#13246,#13247,#13248),
 .UNSPECIFIED.,.F.,.F.,(4,4),(4.34157063589062E-19,0.000143863827252976),
 .UNSPECIFIED.);
#27=B_SPLINE_CURVE_WITH_KNOTS('',3,(#13263,#13264,#13265,#13266),
 .UNSPECIFIED.,.F.,.F.,(4,4),(2.16946287778728E-19,0.000143849006727031),
 .UNSPECIFIED.);
#28=B_SPLINE_CURVE_WITH_KNOTS('',3,(#13270,#13271,#13272,#13273,#13274),
 .UNSPECIFIED.,.F.,.F.,(4,1,4),(0.,0.000199953141946223,0.000399906283892446),
 .UNSPECIFIED.);
#29=B_SPLINE_CURVE_WITH_KNOTS('',3,(#13276,#13277,#13278,#13279,#13280),
 .UNSPECIFIED.,.F.,.F.,(4,1,4),(0.,0.000199811633188411,0.000399623266376821),
 .UNSPECIFIED.);
#30=B_SPLINE_CURVE_WITH_KNOTS('',3,(#13284,#13285,#13286,#13287),
 .UNSPECIFIED.,.F.,.F.,(4,4),(6.51085747244775E-19,0.000143863827252976),
 .UNSPECIFIED.);
#31=B_SPLINE_CURVE_WITH_KNOTS('',3,(#13300,#13301,#13302,#13303),
 .UNSPECIFIED.,.F.,.F.,(4,4),(6.13654179482095E-19,0.000117197078970149),
 .UNSPECIFIED.);
#32=B_SPLINE_CURVE_WITH_KNOTS('',3,(#13305,#13306,#13307,#13308),
 .UNSPECIFIED.,.F.,.F.,(4,4),(1.35525271560688E-20,0.000117198039707302),
 .UNSPECIFIED.);
#33=B_SPLINE_CURVE_WITH_KNOTS('',3,(#13321,#13322,#13323,#13324),
 .UNSPECIFIED.,.F.,.F.,(4,4),(0.,0.000143849006727032),.UNSPECIFIED.);
#34=B_SPLINE_CURVE_WITH_KNOTS('',3,(#13328,#13329,#13330,#13331,#13332),
 .UNSPECIFIED.,.F.,.F.,(4,1,4),(0.,0.000199953141946223,0.000399906283892446),
 .UNSPECIFIED.);
#35=CYLINDRICAL_SURFACE('',#9548,0.0999999999999994);
#36=CYLINDRICAL_SURFACE('',#9551,0.0999999999999994);
#37=CYLINDRICAL_SURFACE('',#9553,0.1);
#38=CYLINDRICAL_SURFACE('',#9555,0.0999999999999993);
#39=CYLINDRICAL_SURFACE('',#9603,0.0999999999999994);
#40=CYLINDRICAL_SURFACE('',#9605,0.0999999999999999);
#41=CYLINDRICAL_SURFACE('',#9609,0.0999999999999999);
#42=CYLINDRICAL_SURFACE('',#9610,0.0999999999999994);
#43=CYLINDRICAL_SURFACE('',#9615,0.099999999999999);
#44=CYLINDRICAL_SURFACE('',#9616,0.0999999999999985);
#45=CYLINDRICAL_SURFACE('',#9637,0.1);
#46=CYLINDRICAL_SURFACE('',#9640,0.1);
#47=CYLINDRICAL_SURFACE('',#9643,0.1);
#48=CYLINDRICAL_SURFACE('',#9646,0.1);
#49=CYLINDRICAL_SURFACE('',#9650,0.1);
#50=CYLINDRICAL_SURFACE('',#9653,0.1);
#51=CYLINDRICAL_SURFACE('',#9656,0.1);
#52=CYLINDRICAL_SURFACE('',#9659,0.1);
#53=CYLINDRICAL_SURFACE('',#9663,0.1);
#54=CYLINDRICAL_SURFACE('',#9666,0.1);
#55=CYLINDRICAL_SURFACE('',#9669,0.1);
#56=CYLINDRICAL_SURFACE('',#9672,0.1);
#57=CYLINDRICAL_SURFACE('',#9676,0.1);
#58=CYLINDRICAL_SURFACE('',#9679,0.1);
#59=CYLINDRICAL_SURFACE('',#9682,0.1);
#60=CYLINDRICAL_SURFACE('',#9685,0.1);
#61=CYLINDRICAL_SURFACE('',#9691,0.5);
#62=CYLINDRICAL_SURFACE('',#9694,0.4);
#63=CYLINDRICAL_SURFACE('',#9698,0.0999999999999994);
#64=CYLINDRICAL_SURFACE('',#9700,0.099999999999999);
#65=CYLINDRICAL_SURFACE('',#9702,0.0999999999999994);
#66=CYLINDRICAL_SURFACE('',#9704,0.200000000000001);
#67=CYLINDRICAL_SURFACE('',#9705,0.2);
#68=CYLINDRICAL_SURFACE('',#9707,0.125);
#69=CYLINDRICAL_SURFACE('',#9708,0.125);
#70=CYLINDRICAL_SURFACE('',#9710,0.125);
#71=CYLINDRICAL_SURFACE('',#9711,0.125);
#72=CYLINDRICAL_SURFACE('',#9713,0.2);
#73=CYLINDRICAL_SURFACE('',#9714,0.2);
#74=CYLINDRICAL_SURFACE('',#9715,0.200000000000001);
#75=CYLINDRICAL_SURFACE('',#9716,0.2);
#76=CYLINDRICAL_SURFACE('',#9718,0.200000000000001);
#77=CYLINDRICAL_SURFACE('',#9722,0.125000000000001);
#78=CYLINDRICAL_SURFACE('',#9723,0.125000000000001);
#79=CYLINDRICAL_SURFACE('',#9727,0.2);
#80=CYLINDRICAL_SURFACE('',#9729,0.2);
#81=CYLINDRICAL_SURFACE('',#9730,0.2);
#82=CYLINDRICAL_SURFACE('',#9736,0.100000000000001);
#83=CYLINDRICAL_SURFACE('',#9744,0.2);
#84=CYLINDRICAL_SURFACE('',#9746,0.200000000000001);
#85=CYLINDRICAL_SURFACE('',#9748,0.125);
#86=CYLINDRICAL_SURFACE('',#9749,0.125);
#87=CYLINDRICAL_SURFACE('',#9754,0.2);
#88=CYLINDRICAL_SURFACE('',#9756,0.200000000000001);
#89=CYLINDRICAL_SURFACE('',#9758,0.125);
#90=CYLINDRICAL_SURFACE('',#9759,0.125);
#91=CYLINDRICAL_SURFACE('',#9761,0.250000000000001);
#92=CYLINDRICAL_SURFACE('',#9762,0.250000000000001);
#93=CYLINDRICAL_SURFACE('',#9766,0.200000000000001);
#94=CYLINDRICAL_SURFACE('',#9769,0.2);
#95=CYLINDRICAL_SURFACE('',#9772,0.3);
#96=CYLINDRICAL_SURFACE('',#9776,0.200000000000001);
#97=CYLINDRICAL_SURFACE('',#9791,0.2);
#98=CYLINDRICAL_SURFACE('',#9795,0.200000000000001);
#99=CYLINDRICAL_SURFACE('',#9796,0.2);
#100=CYLINDRICAL_SURFACE('',#9797,0.4);
#101=CYLINDRICAL_SURFACE('',#9798,0.72);
#102=CYLINDRICAL_SURFACE('',#9799,0.399999999999997);
#103=CYLINDRICAL_SURFACE('',#9800,0.400000000000002);
#104=CYLINDRICAL_SURFACE('',#9801,0.52);
#105=CYLINDRICAL_SURFACE('',#9802,0.4);
#106=CYLINDRICAL_SURFACE('',#9803,0.2);
#107=CYLINDRICAL_SURFACE('',#9804,0.2);
#108=CYLINDRICAL_SURFACE('',#9805,0.35);
#109=CYLINDRICAL_SURFACE('',#9811,0.600000000000001);
#110=CYLINDRICAL_SURFACE('',#9816,0.4);
#111=CYLINDRICAL_SURFACE('',#9819,0.100000000000001);
#112=CYLINDRICAL_SURFACE('',#9837,0.6);
#113=CYLINDRICAL_SURFACE('',#9839,0.0999999999999994);
#114=CYLINDRICAL_SURFACE('',#9840,0.400000000000001);
#115=CYLINDRICAL_SURFACE('',#9842,0.35);
#116=CYLINDRICAL_SURFACE('',#9843,0.600000000000001);
#117=CYLINDRICAL_SURFACE('',#9849,0.35);
#118=CYLINDRICAL_SURFACE('',#9854,0.4);
#119=CYLINDRICAL_SURFACE('',#9857,0.100000000000001);
#120=CYLINDRICAL_SURFACE('',#9875,0.6);
#121=CYLINDRICAL_SURFACE('',#9877,0.0999999999999994);
#122=CYLINDRICAL_SURFACE('',#9878,0.400000000000001);
#123=CYLINDRICAL_SURFACE('',#9880,0.35);
#124=CYLINDRICAL_SURFACE('',#9881,0.600000000000001);
#125=CYLINDRICAL_SURFACE('',#9887,0.35);
#126=CYLINDRICAL_SURFACE('',#9892,0.4);
#127=CYLINDRICAL_SURFACE('',#9895,0.100000000000001);
#128=CYLINDRICAL_SURFACE('',#9913,0.6);
#129=CYLINDRICAL_SURFACE('',#9915,0.0999999999999994);
#130=CYLINDRICAL_SURFACE('',#9916,0.400000000000001);
#131=CYLINDRICAL_SURFACE('',#9918,0.35);
#132=CYLINDRICAL_SURFACE('',#9919,0.35);
#133=CYLINDRICAL_SURFACE('',#9923,0.400000000000001);
#134=CYLINDRICAL_SURFACE('',#9926,0.0999999999999994);
#135=CYLINDRICAL_SURFACE('',#9930,0.6);
#136=CYLINDRICAL_SURFACE('',#9948,0.100000000000001);
#137=CYLINDRICAL_SURFACE('',#9950,0.600000000000001);
#138=CYLINDRICAL_SURFACE('',#9954,0.35);
#139=CYLINDRICAL_SURFACE('',#9956,0.4);
#140=CYLINDRICAL_SURFACE('',#9975,0.7);
#141=LINE('',#12016,#933);
#142=LINE('',#12018,#934);
#143=LINE('',#12020,#935);
#144=LINE('',#12025,#936);
#145=LINE('',#12027,#937);
#146=LINE('',#12029,#938);
#147=LINE('',#12031,#939);
#148=LINE('',#12034,#940);
#149=LINE('',#12036,#941);
#150=LINE('',#12038,#942);
#151=LINE('',#12043,#943);
#152=LINE('',#12045,#944);
#153=LINE('',#12047,#945);
#154=LINE('',#12052,#946);
#155=LINE('',#12054,#947);
#156=LINE('',#12056,#948);
#157=LINE('',#12058,#949);
#158=LINE('',#12061,#950);
#159=LINE('',#12063,#951);
#160=LINE('',#12065,#952);
#161=LINE('',#12067,#953);
#162=LINE('',#12072,#954);
#163=LINE('',#12074,#955);
#164=LINE('',#12076,#956);
#165=LINE('',#12081,#957);
#166=LINE('',#12083,#958);
#167=LINE('',#12085,#959);
#168=LINE('',#12088,#960);
#169=LINE('',#12090,#961);
#170=LINE('',#12092,#962);
#171=LINE('',#12097,#963);
#172=LINE('',#12099,#964);
#173=LINE('',#12101,#965);
#174=LINE('',#12106,#966);
#175=LINE('',#12108,#967);
#176=LINE('',#12110,#968);
#177=LINE('',#12112,#969);
#178=LINE('',#12115,#970);
#179=LINE('',#12117,#971);
#180=LINE('',#12119,#972);
#181=LINE('',#12124,#973);
#182=LINE('',#12126,#974);
#183=LINE('',#12128,#975);
#184=LINE('',#12130,#976);
#185=LINE('',#12132,#977);
#186=LINE('',#12134,#978);
#187=LINE('',#12136,#979);
#188=LINE('',#12138,#980);
#189=LINE('',#12142,#981);
#190=LINE('',#12144,#982);
#191=LINE('',#12146,#983);
#192=LINE('',#12152,#984);
#193=LINE('',#12154,#985);
#194=LINE('',#12156,#986);
#195=LINE('',#12161,#987);
#196=LINE('',#12163,#988);
#197=LINE('',#12165,#989);
#198=LINE('',#12167,#990);
#199=LINE('',#12169,#991);
#200=LINE('',#12171,#992);
#201=LINE('',#12175,#993);
#202=LINE('',#12177,#994);
#203=LINE('',#12179,#995);
#204=LINE('',#12185,#996);
#205=LINE('',#12187,#997);
#206=LINE('',#12189,#998);
#207=LINE('',#12191,#999);
#208=LINE('',#12193,#1000);
#209=LINE('',#12195,#1001);
#210=LINE('',#12200,#1002);
#211=LINE('',#12204,#1003);
#212=LINE('',#12208,#1004);
#213=LINE('',#12211,#1005);
#214=LINE('',#12214,#1006);
#215=LINE('',#12217,#1007);
#216=LINE('',#12220,#1008);
#217=LINE('',#12222,#1009);
#218=LINE('',#12224,#1010);
#219=LINE('',#12226,#1011);
#220=LINE('',#12228,#1012);
#221=LINE('',#12230,#1013);
#222=LINE('',#12232,#1014);
#223=LINE('',#12236,#1015);
#224=LINE('',#12240,#1016);
#225=LINE('',#12244,#1017);
#226=LINE('',#12248,#1018);
#227=LINE('',#12250,#1019);
#228=LINE('',#12252,#1020);
#229=LINE('',#12254,#1021);
#230=LINE('',#12256,#1022);
#231=LINE('',#12258,#1023);
#232=LINE('',#12260,#1024);
#233=LINE('',#12264,#1025);
#234=LINE('',#12267,#1026);
#235=LINE('',#12271,#1027);
#236=LINE('',#12275,#1028);
#237=LINE('',#12279,#1029);
#238=LINE('',#12281,#1030);
#239=LINE('',#12283,#1031);
#240=LINE('',#12287,#1032);
#241=LINE('',#12291,#1033);
#242=LINE('',#12293,#1034);
#243=LINE('',#12295,#1035);
#244=LINE('',#12299,#1036);
#245=LINE('',#12303,#1037);
#246=LINE('',#12307,#1038);
#247=LINE('',#12310,#1039);
#248=LINE('',#12313,#1040);
#249=LINE('',#12316,#1041);
#250=LINE('',#12321,#1042);
#251=LINE('',#12325,#1043);
#252=LINE('',#12329,#1044);
#253=LINE('',#12336,#1045);
#254=LINE('',#12337,#1046);
#255=LINE('',#12339,#1047);
#256=LINE('',#12341,#1048);
#257=LINE('',#12346,#1049);
#258=LINE('',#12348,#1050);
#259=LINE('',#12350,#1051);
#260=LINE('',#12351,#1052);
#261=LINE('',#12353,#1053);
#262=LINE('',#12356,#1054);
#263=LINE('',#12358,#1055);
#264=LINE('',#12360,#1056);
#265=LINE('',#12364,#1057);
#266=LINE('',#12366,#1058);
#267=LINE('',#12370,#1059);
#268=LINE('',#12374,#1060);
#269=LINE('',#12376,#1061);
#270=LINE('',#12380,#1062);
#271=LINE('',#12382,#1063);
#272=LINE('',#12387,#1064);
#273=LINE('',#12389,#1065);
#274=LINE('',#12391,#1066);
#275=LINE('',#12396,#1067);
#276=LINE('',#12398,#1068);
#277=LINE('',#12402,#1069);
#278=LINE('',#12406,#1070);
#279=LINE('',#12408,#1071);
#280=LINE('',#12413,#1072);
#281=LINE('',#12417,#1073);
#282=LINE('',#12419,#1074);
#283=LINE('',#12421,#1075);
#284=LINE('',#12423,#1076);
#285=LINE('',#12425,#1077);
#286=LINE('',#12427,#1078);
#287=LINE('',#12429,#1079);
#288=LINE('',#12431,#1080);
#289=LINE('',#12433,#1081);
#290=LINE('',#12436,#1082);
#291=LINE('',#12440,#1083);
#292=LINE('',#12442,#1084);
#293=LINE('',#12444,#1085);
#294=LINE('',#12446,#1086);
#295=LINE('',#12449,#1087);
#296=LINE('',#12451,#1088);
#297=LINE('',#12453,#1089);
#298=LINE('',#12455,#1090);
#299=LINE('',#12458,#1091);
#300=LINE('',#12460,#1092);
#301=LINE('',#12462,#1093);
#302=LINE('',#12464,#1094);
#303=LINE('',#12466,#1095);
#304=LINE('',#12468,#1096);
#305=LINE('',#12470,#1097);
#306=LINE('',#12471,#1098);
#307=LINE('',#12473,#1099);
#308=LINE('',#12475,#1100);
#309=LINE('',#12477,#1101);
#310=LINE('',#12479,#1102);
#311=LINE('',#12481,#1103);
#312=LINE('',#12483,#1104);
#313=LINE('',#12485,#1105);
#314=LINE('',#12486,#1106);
#315=LINE('',#12488,#1107);
#316=LINE('',#12490,#1108);
#317=LINE('',#12491,#1109);
#318=LINE('',#12493,#1110);
#319=LINE('',#12495,#1111);
#320=LINE('',#12497,#1112);
#321=LINE('',#12499,#1113);
#322=LINE('',#12501,#1114);
#323=LINE('',#12506,#1115);
#324=LINE('',#12508,#1116);
#325=LINE('',#12510,#1117);
#326=LINE('',#12512,#1118);
#327=LINE('',#12514,#1119);
#328=LINE('',#12516,#1120);
#329=LINE('',#12518,#1121);
#330=LINE('',#12520,#1122);
#331=LINE('',#12522,#1123);
#332=LINE('',#12526,#1124);
#333=LINE('',#12528,#1125);
#334=LINE('',#12533,#1126);
#335=LINE('',#12534,#1127);
#336=LINE('',#12536,#1128);
#337=LINE('',#12541,#1129);
#338=LINE('',#12543,#1130);
#339=LINE('',#12545,#1131);
#340=LINE('',#12547,#1132);
#341=LINE('',#12549,#1133);
#342=LINE('',#12551,#1134);
#343=LINE('',#12553,#1135);
#344=LINE('',#12555,#1136);
#345=LINE('',#12557,#1137);
#346=LINE('',#12559,#1138);
#347=LINE('',#12561,#1139);
#348=LINE('',#12563,#1140);
#349=LINE('',#12565,#1141);
#350=LINE('',#12567,#1142);
#351=LINE('',#12569,#1143);
#352=LINE('',#12571,#1144);
#353=LINE('',#12573,#1145);
#354=LINE('',#12575,#1146);
#355=LINE('',#12577,#1147);
#356=LINE('',#12578,#1148);
#357=LINE('',#12580,#1149);
#358=LINE('',#12581,#1150);
#359=LINE('',#12583,#1151);
#360=LINE('',#12585,#1152);
#361=LINE('',#12587,#1153);
#362=LINE('',#12589,#1154);
#363=LINE('',#12591,#1155);
#364=LINE('',#12593,#1156);
#365=LINE('',#12595,#1157);
#366=LINE('',#12597,#1158);
#367=LINE('',#12599,#1159);
#368=LINE('',#12605,#1160);
#369=LINE('',#12606,#1161);
#370=LINE('',#12608,#1162);
#371=LINE('',#12610,#1163);
#372=LINE('',#12614,#1164);
#373=LINE('',#12616,#1165);
#374=LINE('',#12618,#1166);
#375=LINE('',#12621,#1167);
#376=LINE('',#12623,#1168);
#377=LINE('',#12625,#1169);
#378=LINE('',#12627,#1170);
#379=LINE('',#12629,#1171);
#380=LINE('',#12633,#1172);
#381=LINE('',#12635,#1173);
#382=LINE('',#12637,#1174);
#383=LINE('',#12640,#1175);
#384=LINE('',#12642,#1176);
#385=LINE('',#12644,#1177);
#386=LINE('',#12646,#1178);
#387=LINE('',#12648,#1179);
#388=LINE('',#12655,#1180);
#389=LINE('',#12656,#1181);
#390=LINE('',#12658,#1182);
#391=LINE('',#12660,#1183);
#392=LINE('',#12662,#1184);
#393=LINE('',#12664,#1185);
#394=LINE('',#12666,#1186);
#395=LINE('',#12667,#1187);
#396=LINE('',#12668,#1188);
#397=LINE('',#12669,#1189);
#398=LINE('',#12671,#1190);
#399=LINE('',#12675,#1191);
#400=LINE('',#12678,#1192);
#401=LINE('',#12683,#1193);
#402=LINE('',#12686,#1194);
#403=LINE('',#12690,#1195);
#404=LINE('',#12692,#1196);
#405=LINE('',#12693,#1197);
#406=LINE('',#12695,#1198);
#407=LINE('',#12697,#1199);
#408=LINE('',#12699,#1200);
#409=LINE('',#12700,#1201);
#410=LINE('',#12702,#1202);
#411=LINE('',#12703,#1203);
#412=LINE('',#12705,#1204);
#413=LINE('',#12707,#1205);
#414=LINE('',#12708,#1206);
#415=LINE('',#12710,#1207);
#416=LINE('',#12712,#1208);
#417=LINE('',#12713,#1209);
#418=LINE('',#12715,#1210);
#419=LINE('',#12717,#1211);
#420=LINE('',#12719,#1212);
#421=LINE('',#12721,#1213);
#422=LINE('',#12723,#1214);
#423=LINE('',#12725,#1215);
#424=LINE('',#12727,#1216);
#425=LINE('',#12729,#1217);
#426=LINE('',#12731,#1218);
#427=LINE('',#12733,#1219);
#428=LINE('',#12735,#1220);
#429=LINE('',#12737,#1221);
#430=LINE('',#12738,#1222);
#431=LINE('',#12740,#1223);
#432=LINE('',#12742,#1224);
#433=LINE('',#12743,#1225);
#434=LINE('',#12745,#1226);
#435=LINE('',#12746,#1227);
#436=LINE('',#12747,#1228);
#437=LINE('',#12748,#1229);
#438=LINE('',#12749,#1230);
#439=LINE('',#12750,#1231);
#440=LINE('',#12751,#1232);
#441=LINE('',#12753,#1233);
#442=LINE('',#12755,#1234);
#443=LINE('',#12756,#1235);
#444=LINE('',#12758,#1236);
#445=LINE('',#12762,#1237);
#446=LINE('',#12767,#1238);
#447=LINE('',#12771,#1239);
#448=LINE('',#12773,#1240);
#449=LINE('',#12774,#1241);
#450=LINE('',#12776,#1242);
#451=LINE('',#12777,#1243);
#452=LINE('',#12778,#1244);
#453=LINE('',#12780,#1245);
#454=LINE('',#12782,#1246);
#455=LINE('',#12784,#1247);
#456=LINE('',#12786,#1248);
#457=LINE('',#12788,#1249);
#458=LINE('',#12790,#1250);
#459=LINE('',#12792,#1251);
#460=LINE('',#12794,#1252);
#461=LINE('',#12796,#1253);
#462=LINE('',#12798,#1254);
#463=LINE('',#12800,#1255);
#464=LINE('',#12802,#1256);
#465=LINE('',#12804,#1257);
#466=LINE('',#12806,#1258);
#467=LINE('',#12808,#1259);
#468=LINE('',#12810,#1260);
#469=LINE('',#12812,#1261);
#470=LINE('',#12814,#1262);
#471=LINE('',#12816,#1263);
#472=LINE('',#12818,#1264);
#473=LINE('',#12820,#1265);
#474=LINE('',#12822,#1266);
#475=LINE('',#12824,#1267);
#476=LINE('',#12829,#1268);
#477=LINE('',#12831,#1269);
#478=LINE('',#12833,#1270);
#479=LINE('',#12835,#1271);
#480=LINE('',#12837,#1272);
#481=LINE('',#12838,#1273);
#482=LINE('',#12839,#1274);
#483=LINE('',#12841,#1275);
#484=LINE('',#12844,#1276);
#485=LINE('',#12845,#1277);
#486=LINE('',#12846,#1278);
#487=LINE('',#12847,#1279);
#488=LINE('',#12848,#1280);
#489=LINE('',#12850,#1281);
#490=LINE('',#12852,#1282);
#491=LINE('',#12857,#1283);
#492=LINE('',#12859,#1284);
#493=LINE('',#12863,#1285);
#494=LINE('',#12865,#1286);
#495=LINE('',#12867,#1287);
#496=LINE('',#12873,#1288);
#497=LINE('',#12877,#1289);
#498=LINE('',#12879,#1290);
#499=LINE('',#12881,#1291);
#500=LINE('',#12882,#1292);
#501=LINE('',#12883,#1293);
#502=LINE('',#12884,#1294);
#503=LINE('',#12885,#1295);
#504=LINE('',#12887,#1296);
#505=LINE('',#12893,#1297);
#506=LINE('',#12898,#1298);
#507=LINE('',#12902,#1299);
#508=LINE('',#12906,#1300);
#509=LINE('',#12909,#1301);
#510=LINE('',#12914,#1302);
#511=LINE('',#12918,#1303);
#512=LINE('',#12922,#1304);
#513=LINE('',#12925,#1305);
#514=LINE('',#12930,#1306);
#515=LINE('',#12934,#1307);
#516=LINE('',#12938,#1308);
#517=LINE('',#12941,#1309);
#518=LINE('',#12946,#1310);
#519=LINE('',#12950,#1311);
#520=LINE('',#12954,#1312);
#521=LINE('',#12957,#1313);
#522=LINE('',#12959,#1314);
#523=LINE('',#12961,#1315);
#524=LINE('',#12962,#1316);
#525=LINE('',#12963,#1317);
#526=LINE('',#12964,#1318);
#527=LINE('',#12966,#1319);
#528=LINE('',#12968,#1320);
#529=LINE('',#12970,#1321);
#530=LINE('',#12972,#1322);
#531=LINE('',#12974,#1323);
#532=LINE('',#12976,#1324);
#533=LINE('',#12978,#1325);
#534=LINE('',#12979,#1326);
#535=LINE('',#12982,#1327);
#536=LINE('',#12988,#1328);
#537=LINE('',#12991,#1329);
#538=LINE('',#12992,#1330);
#539=LINE('',#12997,#1331);
#540=LINE('',#12998,#1332);
#541=LINE('',#12999,#1333);
#542=LINE('',#13001,#1334);
#543=LINE('',#13003,#1335);
#544=LINE('',#13006,#1336);
#545=LINE('',#13007,#1337);
#546=LINE('',#13008,#1338);
#547=LINE('',#13012,#1339);
#548=LINE('',#13013,#1340);
#549=LINE('',#13015,#1341);
#550=LINE('',#13016,#1342);
#551=LINE('',#13022,#1343);
#552=LINE('',#13024,#1344);
#553=LINE('',#13028,#1345);
#554=LINE('',#13030,#1346);
#555=LINE('',#13032,#1347);
#556=LINE('',#13034,#1348);
#557=LINE('',#13037,#1349);
#558=LINE('',#13040,#1350);
#559=LINE('',#13041,#1351);
#560=LINE('',#13043,#1352);
#561=LINE('',#13044,#1353);
#562=LINE('',#13058,#1354);
#563=LINE('',#13064,#1355);
#564=LINE('',#13070,#1356);
#565=LINE('',#13076,#1357);
#566=LINE('',#13078,#1358);
#567=LINE('',#13082,#1359);
#568=LINE('',#13084,#1360);
#569=LINE('',#13086,#1361);
#570=LINE('',#13090,#1362);
#571=LINE('',#13092,#1363);
#572=LINE('',#13094,#1364);
#573=LINE('',#13098,#1365);
#574=LINE('',#13100,#1366);
#575=LINE('',#13102,#1367);
#576=LINE('',#13106,#1368);
#577=LINE('',#13108,#1369);
#578=LINE('',#13111,#1370);
#579=LINE('',#13115,#1371);
#580=LINE('',#13117,#1372);
#581=LINE('',#13119,#1373);
#582=LINE('',#13123,#1374);
#583=LINE('',#13125,#1375);
#584=LINE('',#13127,#1376);
#585=LINE('',#13131,#1377);
#586=LINE('',#13133,#1378);
#587=LINE('',#13135,#1379);
#588=LINE('',#13139,#1380);
#589=LINE('',#13141,#1381);
#590=LINE('',#13144,#1382);
#591=LINE('',#13148,#1383);
#592=LINE('',#13150,#1384);
#593=LINE('',#13152,#1385);
#594=LINE('',#13156,#1386);
#595=LINE('',#13158,#1387);
#596=LINE('',#13160,#1388);
#597=LINE('',#13164,#1389);
#598=LINE('',#13166,#1390);
#599=LINE('',#13168,#1391);
#600=LINE('',#13172,#1392);
#601=LINE('',#13174,#1393);
#602=LINE('',#13177,#1394);
#603=LINE('',#13181,#1395);
#604=LINE('',#13183,#1396);
#605=LINE('',#13185,#1397);
#606=LINE('',#13189,#1398);
#607=LINE('',#13191,#1399);
#608=LINE('',#13193,#1400);
#609=LINE('',#13197,#1401);
#610=LINE('',#13199,#1402);
#611=LINE('',#13201,#1403);
#612=LINE('',#13205,#1404);
#613=LINE('',#13207,#1405);
#614=LINE('',#13218,#1406);
#615=LINE('',#13222,#1407);
#616=LINE('',#13223,#1408);
#617=LINE('',#13225,#1409);
#618=LINE('',#13227,#1410);
#619=LINE('',#13229,#1411);
#620=LINE('',#13231,#1412);
#621=LINE('',#13233,#1413);
#622=LINE('',#13235,#1414);
#623=LINE('',#13243,#1415);
#624=LINE('',#13249,#1416);
#625=LINE('',#13251,#1417);
#626=LINE('',#13254,#1418);
#627=LINE('',#13256,#1419);
#628=LINE('',#13259,#1420);
#629=LINE('',#13261,#1421);
#630=LINE('',#13268,#1422);
#631=LINE('',#13282,#1423);
#632=LINE('',#13288,#1424);
#633=LINE('',#13290,#1425);
#634=LINE('',#13292,#1426);
#635=LINE('',#13294,#1427);
#636=LINE('',#13296,#1428);
#637=LINE('',#13298,#1429);
#638=LINE('',#13309,#1430);
#639=LINE('',#13311,#1431);
#640=LINE('',#13313,#1432);
#641=LINE('',#13315,#1433);
#642=LINE('',#13317,#1434);
#643=LINE('',#13319,#1435);
#644=LINE('',#13326,#1436);
#645=LINE('',#13334,#1437);
#646=LINE('',#13337,#1438);
#647=LINE('',#13340,#1439);
#648=LINE('',#13343,#1440);
#649=LINE('',#13355,#1441);
#650=LINE('',#13357,#1442);
#651=LINE('',#13360,#1443);
#652=LINE('',#13363,#1444);
#653=LINE('',#13369,#1445);
#654=LINE('',#13371,#1446);
#655=LINE('',#13374,#1447);
#656=LINE('',#13377,#1448);
#657=LINE('',#13384,#1449);
#658=LINE('',#13390,#1450);
#659=LINE('',#13392,#1451);
#660=LINE('',#13394,#1452);
#661=LINE('',#13398,#1453);
#662=LINE('',#13403,#1454);
#663=LINE('',#13405,#1455);
#664=LINE('',#13407,#1456);
#665=LINE('',#13411,#1457);
#666=LINE('',#13419,#1458);
#667=LINE('',#13421,#1459);
#668=LINE('',#13428,#1460);
#669=LINE('',#13434,#1461);
#670=LINE('',#13436,#1462);
#671=LINE('',#13446,#1463);
#672=LINE('',#13451,#1464);
#673=LINE('',#13453,#1465);
#674=LINE('',#13456,#1466);
#675=LINE('',#13458,#1467);
#676=LINE('',#13466,#1468);
#677=LINE('',#13470,#1469);
#678=LINE('',#13472,#1470);
#679=LINE('',#13474,#1471);
#680=LINE('',#13476,#1472);
#681=LINE('',#13478,#1473);
#682=LINE('',#13480,#1474);
#683=LINE('',#13482,#1475);
#684=LINE('',#13484,#1476);
#685=LINE('',#13486,#1477);
#686=LINE('',#13488,#1478);
#687=LINE('',#13492,#1479);
#688=LINE('',#13496,#1480);
#689=LINE('',#13498,#1481);
#690=LINE('',#13500,#1482);
#691=LINE('',#13502,#1483);
#692=LINE('',#13504,#1484);
#693=LINE('',#13506,#1485);
#694=LINE('',#13520,#1486);
#695=LINE('',#13524,#1487);
#696=LINE('',#13526,#1488);
#697=LINE('',#13528,#1489);
#698=LINE('',#13532,#1490);
#699=LINE('',#13536,#1491);
#700=LINE('',#13540,#1492);
#701=LINE('',#13542,#1493);
#702=LINE('',#13544,#1494);
#703=LINE('',#13548,#1495);
#704=LINE('',#13552,#1496);
#705=LINE('',#13553,#1497);
#706=LINE('',#13555,#1498);
#707=LINE('',#13557,#1499);
#708=LINE('',#13559,#1500);
#709=LINE('',#13561,#1501);
#710=LINE('',#13564,#1502);
#711=LINE('',#13566,#1503);
#712=LINE('',#13572,#1504);
#713=LINE('',#13576,#1505);
#714=LINE('',#13578,#1506);
#715=LINE('',#13580,#1507);
#716=LINE('',#13582,#1508);
#717=LINE('',#13584,#1509);
#718=LINE('',#13586,#1510);
#719=LINE('',#13588,#1511);
#720=LINE('',#13590,#1512);
#721=LINE('',#13592,#1513);
#722=LINE('',#13594,#1514);
#723=LINE('',#13598,#1515);
#724=LINE('',#13602,#1516);
#725=LINE('',#13604,#1517);
#726=LINE('',#13606,#1518);
#727=LINE('',#13608,#1519);
#728=LINE('',#13610,#1520);
#729=LINE('',#13612,#1521);
#730=LINE('',#13624,#1522);
#731=LINE('',#13628,#1523);
#732=LINE('',#13630,#1524);
#733=LINE('',#13632,#1525);
#734=LINE('',#13636,#1526);
#735=LINE('',#13644,#1527);
#736=LINE('',#13648,#1528);
#737=LINE('',#13650,#1529);
#738=LINE('',#13652,#1530);
#739=LINE('',#13656,#1531);
#740=LINE('',#13658,#1532);
#741=LINE('',#13659,#1533);
#742=LINE('',#13661,#1534);
#743=LINE('',#13663,#1535);
#744=LINE('',#13665,#1536);
#745=LINE('',#13667,#1537);
#746=LINE('',#13670,#1538);
#747=LINE('',#13672,#1539);
#748=LINE('',#13678,#1540);
#749=LINE('',#13682,#1541);
#750=LINE('',#13684,#1542);
#751=LINE('',#13686,#1543);
#752=LINE('',#13688,#1544);
#753=LINE('',#13690,#1545);
#754=LINE('',#13692,#1546);
#755=LINE('',#13694,#1547);
#756=LINE('',#13696,#1548);
#757=LINE('',#13698,#1549);
#758=LINE('',#13700,#1550);
#759=LINE('',#13706,#1551);
#760=LINE('',#13708,#1552);
#761=LINE('',#13710,#1553);
#762=LINE('',#13712,#1554);
#763=LINE('',#13714,#1555);
#764=LINE('',#13716,#1556);
#765=LINE('',#13718,#1557);
#766=LINE('',#13732,#1558);
#767=LINE('',#13736,#1559);
#768=LINE('',#13738,#1560);
#769=LINE('',#13740,#1561);
#770=LINE('',#13744,#1562);
#771=LINE('',#13748,#1563);
#772=LINE('',#13752,#1564);
#773=LINE('',#13754,#1565);
#774=LINE('',#13756,#1566);
#775=LINE('',#13760,#1567);
#776=LINE('',#13764,#1568);
#777=LINE('',#13765,#1569);
#778=LINE('',#13767,#1570);
#779=LINE('',#13769,#1571);
#780=LINE('',#13771,#1572);
#781=LINE('',#13773,#1573);
#782=LINE('',#13776,#1574);
#783=LINE('',#13778,#1575);
#784=LINE('',#13784,#1576);
#785=LINE('',#13788,#1577);
#786=LINE('',#13790,#1578);
#787=LINE('',#13792,#1579);
#788=LINE('',#13794,#1580);
#789=LINE('',#13801,#1581);
#790=LINE('',#13805,#1582);
#791=LINE('',#13807,#1583);
#792=LINE('',#13809,#1584);
#793=LINE('',#13813,#1585);
#794=LINE('',#13817,#1586);
#795=LINE('',#13819,#1587);
#796=LINE('',#13821,#1588);
#797=LINE('',#13823,#1589);
#798=LINE('',#13825,#1590);
#799=LINE('',#13827,#1591);
#800=LINE('',#13829,#1592);
#801=LINE('',#13830,#1593);
#802=LINE('',#13838,#1594);
#803=LINE('',#13842,#1595);
#804=LINE('',#13844,#1596);
#805=LINE('',#13846,#1597);
#806=LINE('',#13850,#1598);
#807=LINE('',#13854,#1599);
#808=LINE('',#13858,#1600);
#809=LINE('',#13860,#1601);
#810=LINE('',#13862,#1602);
#811=LINE('',#13866,#1603);
#812=LINE('',#13870,#1604);
#813=LINE('',#13872,#1605);
#814=LINE('',#13874,#1606);
#815=LINE('',#13876,#1607);
#816=LINE('',#13878,#1608);
#817=LINE('',#13880,#1609);
#818=LINE('',#13882,#1610);
#819=LINE('',#13884,#1611);
#820=LINE('',#13888,#1612);
#821=LINE('',#13891,#1613);
#822=LINE('',#13893,#1614);
#823=LINE('',#13895,#1615);
#824=LINE('',#13896,#1616);
#825=LINE('',#13899,#1617);
#826=LINE('',#13901,#1618);
#827=LINE('',#13903,#1619);
#828=LINE('',#13904,#1620);
#829=LINE('',#13907,#1621);
#830=LINE('',#13909,#1622);
#831=LINE('',#13911,#1623);
#832=LINE('',#13913,#1624);
#833=LINE('',#13915,#1625);
#834=LINE('',#13917,#1626);
#835=LINE('',#13919,#1627);
#836=LINE('',#13921,#1628);
#837=LINE('',#13923,#1629);
#838=LINE('',#13925,#1630);
#839=LINE('',#13929,#1631);
#840=LINE('',#13931,#1632);
#841=LINE('',#13933,#1633);
#842=LINE('',#13935,#1634);
#843=LINE('',#13937,#1635);
#844=LINE('',#13939,#1636);
#845=LINE('',#13941,#1637);
#846=LINE('',#13943,#1638);
#847=LINE('',#13945,#1639);
#848=LINE('',#13947,#1640);
#849=LINE('',#13948,#1641);
#850=LINE('',#13951,#1642);
#851=LINE('',#13953,#1643);
#852=LINE('',#13955,#1644);
#853=LINE('',#13957,#1645);
#854=LINE('',#13959,#1646);
#855=LINE('',#13961,#1647);
#856=LINE('',#13963,#1648);
#857=LINE('',#13965,#1649);
#858=LINE('',#13967,#1650);
#859=LINE('',#13969,#1651);
#860=LINE('',#13971,#1652);
#861=LINE('',#13973,#1653);
#862=LINE('',#13975,#1654);
#863=LINE('',#13977,#1655);
#864=LINE('',#13979,#1656);
#865=LINE('',#13981,#1657);
#866=LINE('',#13983,#1658);
#867=LINE('',#13984,#1659);
#868=LINE('',#13986,#1660);
#869=LINE('',#13988,#1661);
#870=LINE('',#13990,#1662);
#871=LINE('',#13992,#1663);
#872=LINE('',#13994,#1664);
#873=LINE('',#13996,#1665);
#874=LINE('',#13998,#1666);
#875=LINE('',#14000,#1667);
#876=LINE('',#14002,#1668);
#877=LINE('',#14004,#1669);
#878=LINE('',#14006,#1670);
#879=LINE('',#14008,#1671);
#880=LINE('',#14010,#1672);
#881=LINE('',#14012,#1673);
#882=LINE('',#14013,#1674);
#883=LINE('',#14015,#1675);
#884=LINE('',#14017,#1676);
#885=LINE('',#14019,#1677);
#886=LINE('',#14021,#1678);
#887=LINE('',#14023,#1679);
#888=LINE('',#14025,#1680);
#889=LINE('',#14027,#1681);
#890=LINE('',#14029,#1682);
#891=LINE('',#14031,#1683);
#892=LINE('',#14036,#1684);
#893=LINE('',#14040,#1685);
#894=LINE('',#14042,#1686);
#895=LINE('',#14044,#1687);
#896=LINE('',#14046,#1688);
#897=LINE('',#14047,#1689);
#898=LINE('',#14049,#1690);
#899=LINE('',#14051,#1691);
#900=LINE('',#14053,#1692);
#901=LINE('',#14055,#1693);
#902=LINE('',#14057,#1694);
#903=LINE('',#14059,#1695);
#904=LINE('',#14061,#1696);
#905=LINE('',#14063,#1697);
#906=LINE('',#14065,#1698);
#907=LINE('',#14067,#1699);
#908=LINE('',#14068,#1700);
#909=LINE('',#14076,#1701);
#910=LINE('',#14078,#1702);
#911=LINE('',#14080,#1703);
#912=LINE('',#14082,#1704);
#913=LINE('',#14084,#1705);
#914=LINE('',#14086,#1706);
#915=LINE('',#14088,#1707);
#916=LINE('',#14090,#1708);
#917=LINE('',#14093,#1709);
#918=LINE('',#14095,#1710);
#919=LINE('',#14097,#1711);
#920=LINE('',#14099,#1712);
#921=LINE('',#14101,#1713);
#922=LINE('',#14103,#1714);
#923=LINE('',#14105,#1715);
#924=LINE('',#14107,#1716);
#925=LINE('',#14110,#1717);
#926=LINE('',#14112,#1718);
#927=LINE('',#14114,#1719);
#928=LINE('',#14116,#1720);
#929=LINE('',#14118,#1721);
#930=LINE('',#14120,#1722);
#931=LINE('',#14122,#1723);
#932=LINE('',#14124,#1724);
#933=VECTOR('',#10013,1000.);
#934=VECTOR('',#10014,1000.);
#935=VECTOR('',#10015,1000.);
#936=VECTOR('',#10020,1000.);
#937=VECTOR('',#10021,1000.);
#938=VECTOR('',#10022,1000.);
#939=VECTOR('',#10025,1000.);
#940=VECTOR('',#10026,1000.);
#941=VECTOR('',#10027,1000.);
#942=VECTOR('',#10028,1000.);
#943=VECTOR('',#10033,1000.);
#944=VECTOR('',#10034,1000.);
#945=VECTOR('',#10035,1000.);
#946=VECTOR('',#10040,1000.);
#947=VECTOR('',#10041,1000.);
#948=VECTOR('',#10042,1000.);
#949=VECTOR('',#10045,1000.);
#950=VECTOR('',#10046,1000.);
#951=VECTOR('',#10047,1000.);
#952=VECTOR('',#10048,1000.);
#953=VECTOR('',#10051,1000.);
#954=VECTOR('',#10054,1000.);
#955=VECTOR('',#10055,1000.);
#956=VECTOR('',#10058,1000.);
#957=VECTOR('',#10061,1000.);
#958=VECTOR('',#10062,1000.);
#959=VECTOR('',#10065,1000.);
#960=VECTOR('',#10066,1000.);
#961=VECTOR('',#10067,1000.);
#962=VECTOR('',#10068,1000.);
#963=VECTOR('',#10073,1000.);
#964=VECTOR('',#10074,1000.);
#965=VECTOR('',#10075,1000.);
#966=VECTOR('',#10080,1000.);
#967=VECTOR('',#10081,1000.);
#968=VECTOR('',#10082,1000.);
#969=VECTOR('',#10085,1000.);
#970=VECTOR('',#10086,1000.);
#971=VECTOR('',#10087,1000.);
#972=VECTOR('',#10088,1000.);
#973=VECTOR('',#10093,1000.);
#974=VECTOR('',#10094,1000.);
#975=VECTOR('',#10095,1000.);
#976=VECTOR('',#10096,1000.);
#977=VECTOR('',#10097,1000.);
#978=VECTOR('',#10098,1000.);
#979=VECTOR('',#10101,1000.);
#980=VECTOR('',#10102,1000.);
#981=VECTOR('',#10105,1000.);
#982=VECTOR('',#10106,1000.);
#983=VECTOR('',#10107,1000.);
#984=VECTOR('',#10114,1000.);
#985=VECTOR('',#10115,1000.);
#986=VECTOR('',#10116,1000.);
#987=VECTOR('',#10121,1000.);
#988=VECTOR('',#10122,1000.);
#989=VECTOR('',#10123,1000.);
#990=VECTOR('',#10124,1000.);
#991=VECTOR('',#10127,1000.);
#992=VECTOR('',#10128,1000.);
#993=VECTOR('',#10131,1000.);
#994=VECTOR('',#10132,1000.);
#995=VECTOR('',#10133,1000.);
#996=VECTOR('',#10140,1000.);
#997=VECTOR('',#10141,1000.);
#998=VECTOR('',#10142,1000.);
#999=VECTOR('',#10143,1000.);
#1000=VECTOR('',#10144,1000.);
#1001=VECTOR('',#10147,1000.);
#1002=VECTOR('',#10150,1000.);
#1003=VECTOR('',#10153,1000.);
#1004=VECTOR('',#10156,1000.);
#1005=VECTOR('',#10159,1000.);
#1006=VECTOR('',#10162,1000.);
#1007=VECTOR('',#10165,1000.);
#1008=VECTOR('',#10168,1000.);
#1009=VECTOR('',#10169,1000.);
#1010=VECTOR('',#10170,1000.);
#1011=VECTOR('',#10171,1000.);
#1012=VECTOR('',#10172,1000.);
#1013=VECTOR('',#10173,1000.);
#1014=VECTOR('',#10174,1000.);
#1015=VECTOR('',#10177,1000.);
#1016=VECTOR('',#10180,1000.);
#1017=VECTOR('',#10183,1000.);
#1018=VECTOR('',#10186,1000.);
#1019=VECTOR('',#10187,1000.);
#1020=VECTOR('',#10188,1000.);
#1021=VECTOR('',#10189,1000.);
#1022=VECTOR('',#10190,1000.);
#1023=VECTOR('',#10191,1000.);
#1024=VECTOR('',#10192,1000.);
#1025=VECTOR('',#10197,1000.);
#1026=VECTOR('',#10200,1000.);
#1027=VECTOR('',#10203,1000.);
#1028=VECTOR('',#10206,1000.);
#1029=VECTOR('',#10209,1000.);
#1030=VECTOR('',#10210,1000.);
#1031=VECTOR('',#10211,1000.);
#1032=VECTOR('',#10214,1000.);
#1033=VECTOR('',#10217,1000.);
#1034=VECTOR('',#10218,1000.);
#1035=VECTOR('',#10219,1000.);
#1036=VECTOR('',#10222,1000.);
#1037=VECTOR('',#10225,1000.);
#1038=VECTOR('',#10228,1000.);
#1039=VECTOR('',#10231,1000.);
#1040=VECTOR('',#10234,1000.);
#1041=VECTOR('',#10237,1000.);
#1042=VECTOR('',#10240,1000.);
#1043=VECTOR('',#10243,1000.);
#1044=VECTOR('',#10246,1000.);
#1045=VECTOR('',#10253,1000.);
#1046=VECTOR('',#10254,1000.);
#1047=VECTOR('',#10255,1000.);
#1048=VECTOR('',#10256,1000.);
#1049=VECTOR('',#10261,1000.);
#1050=VECTOR('',#10262,1000.);
#1051=VECTOR('',#10263,1000.);
#1052=VECTOR('',#10264,1000.);
#1053=VECTOR('',#10267,1000.);
#1054=VECTOR('',#10268,1000.);
#1055=VECTOR('',#10269,1000.);
#1056=VECTOR('',#10270,1000.);
#1057=VECTOR('',#10273,1000.);
#1058=VECTOR('',#10274,1000.);
#1059=VECTOR('',#10277,1000.);
#1060=VECTOR('',#10280,1000.);
#1061=VECTOR('',#10281,1000.);
#1062=VECTOR('',#10284,1000.);
#1063=VECTOR('',#10287,1000.);
#1064=VECTOR('',#10290,1000.);
#1065=VECTOR('',#10291,1000.);
#1066=VECTOR('',#10294,1000.);
#1067=VECTOR('',#10297,1000.);
#1068=VECTOR('',#10298,1000.);
#1069=VECTOR('',#10303,1000.);
#1070=VECTOR('',#10308,1000.);
#1071=VECTOR('',#10311,1000.);
#1072=VECTOR('',#10314,1000.);
#1073=VECTOR('',#10317,1000.);
#1074=VECTOR('',#10318,1000.);
#1075=VECTOR('',#10319,1000.);
#1076=VECTOR('',#10320,1000.);
#1077=VECTOR('',#10321,1000.);
#1078=VECTOR('',#10322,1000.);
#1079=VECTOR('',#10323,1000.);
#1080=VECTOR('',#10324,1000.);
#1081=VECTOR('',#10327,1000.);
#1082=VECTOR('',#10328,1000.);
#1083=VECTOR('',#10331,1000.);
#1084=VECTOR('',#10332,1000.);
#1085=VECTOR('',#10333,1000.);
#1086=VECTOR('',#10336,1000.);
#1087=VECTOR('',#10337,1000.);
#1088=VECTOR('',#10338,1000.);
#1089=VECTOR('',#10339,1000.);
#1090=VECTOR('',#10342,1000.);
#1091=VECTOR('',#10343,1000.);
#1092=VECTOR('',#10344,1000.);
#1093=VECTOR('',#10345,1000.);
#1094=VECTOR('',#10348,1000.);
#1095=VECTOR('',#10349,1000.);
#1096=VECTOR('',#10350,1000.);
#1097=VECTOR('',#10353,1000.);
#1098=VECTOR('',#10354,1000.);
#1099=VECTOR('',#10357,1000.);
#1100=VECTOR('',#10358,1000.);
#1101=VECTOR('',#10359,1000.);
#1102=VECTOR('',#10360,1000.);
#1103=VECTOR('',#10361,1000.);
#1104=VECTOR('',#10362,1000.);
#1105=VECTOR('',#10363,1000.);
#1106=VECTOR('',#10364,1000.);
#1107=VECTOR('',#10367,1000.);
#1108=VECTOR('',#10368,1000.);
#1109=VECTOR('',#10369,1000.);
#1110=VECTOR('',#10370,1000.);
#1111=VECTOR('',#10371,1000.);
#1112=VECTOR('',#10372,1000.);
#1113=VECTOR('',#10373,1000.);
#1114=VECTOR('',#10374,1000.);
#1115=VECTOR('',#10379,1000.);
#1116=VECTOR('',#10380,1000.);
#1117=VECTOR('',#10381,1000.);
#1118=VECTOR('',#10382,1000.);
#1119=VECTOR('',#10383,1000.);
#1120=VECTOR('',#10384,1000.);
#1121=VECTOR('',#10385,1000.);
#1122=VECTOR('',#10386,1000.);
#1123=VECTOR('',#10387,1000.);
#1124=VECTOR('',#10390,1000.);
#1125=VECTOR('',#10393,1000.);
#1126=VECTOR('',#10396,1000.);
#1127=VECTOR('',#10397,1000.);
#1128=VECTOR('',#10398,1000.);
#1129=VECTOR('',#10403,1000.);
#1130=VECTOR('',#10404,1000.);
#1131=VECTOR('',#10407,1000.);
#1132=VECTOR('',#10408,1000.);
#1133=VECTOR('',#10409,1000.);
#1134=VECTOR('',#10412,1000.);
#1135=VECTOR('',#10413,1000.);
#1136=VECTOR('',#10414,1000.);
#1137=VECTOR('',#10417,1000.);
#1138=VECTOR('',#10418,1000.);
#1139=VECTOR('',#10419,1000.);
#1140=VECTOR('',#10420,1000.);
#1141=VECTOR('',#10421,1000.);
#1142=VECTOR('',#10422,1000.);
#1143=VECTOR('',#10423,1000.);
#1144=VECTOR('',#10424,1000.);
#1145=VECTOR('',#10425,1000.);
#1146=VECTOR('',#10426,1000.);
#1147=VECTOR('',#10427,1000.);
#1148=VECTOR('',#10428,1000.);
#1149=VECTOR('',#10429,1000.);
#1150=VECTOR('',#10430,1000.);
#1151=VECTOR('',#10431,1000.);
#1152=VECTOR('',#10432,1000.);
#1153=VECTOR('',#10433,1000.);
#1154=VECTOR('',#10434,1000.);
#1155=VECTOR('',#10435,1000.);
#1156=VECTOR('',#10436,1000.);
#1157=VECTOR('',#10439,1000.);
#1158=VECTOR('',#10442,1000.);
#1159=VECTOR('',#10443,1000.);
#1160=VECTOR('',#10450,1000.);
#1161=VECTOR('',#10451,1000.);
#1162=VECTOR('',#10452,1000.);
#1163=VECTOR('',#10453,1000.);
#1164=VECTOR('',#10458,1000.);
#1165=VECTOR('',#10459,1000.);
#1166=VECTOR('',#10460,1000.);
#1167=VECTOR('',#10463,1000.);
#1168=VECTOR('',#10464,1000.);
#1169=VECTOR('',#10465,1000.);
#1170=VECTOR('',#10466,1000.);
#1171=VECTOR('',#10467,1000.);
#1172=VECTOR('',#10472,1000.);
#1173=VECTOR('',#10473,1000.);
#1174=VECTOR('',#10474,1000.);
#1175=VECTOR('',#10477,1000.);
#1176=VECTOR('',#10478,1000.);
#1177=VECTOR('',#10479,1000.);
#1178=VECTOR('',#10480,1000.);
#1179=VECTOR('',#10481,1000.);
#1180=VECTOR('',#10488,1000.);
#1181=VECTOR('',#10489,1000.);
#1182=VECTOR('',#10490,1000.);
#1183=VECTOR('',#10491,1000.);
#1184=VECTOR('',#10494,1000.);
#1185=VECTOR('',#10495,1000.);
#1186=VECTOR('',#10496,1000.);
#1187=VECTOR('',#10497,1000.);
#1188=VECTOR('',#10498,1000.);
#1189=VECTOR('',#10499,1000.);
#1190=VECTOR('',#10500,1000.);
#1191=VECTOR('',#10503,1000.);
#1192=VECTOR('',#10506,1000.);
#1193=VECTOR('',#10511,1000.);
#1194=VECTOR('',#10514,1000.);
#1195=VECTOR('',#10517,1000.);
#1196=VECTOR('',#10518,1000.);
#1197=VECTOR('',#10519,1000.);
#1198=VECTOR('',#10520,1000.);
#1199=VECTOR('',#10521,1000.);
#1200=VECTOR('',#10522,1000.);
#1201=VECTOR('',#10523,1000.);
#1202=VECTOR('',#10524,1000.);
#1203=VECTOR('',#10525,1000.);
#1204=VECTOR('',#10526,1000.);
#1205=VECTOR('',#10527,1000.);
#1206=VECTOR('',#10528,1000.);
#1207=VECTOR('',#10529,1000.);
#1208=VECTOR('',#10530,1000.);
#1209=VECTOR('',#10531,1000.);
#1210=VECTOR('',#10532,1000.);
#1211=VECTOR('',#10535,1000.);
#1212=VECTOR('',#10536,1000.);
#1213=VECTOR('',#10537,1000.);
#1214=VECTOR('',#10538,1000.);
#1215=VECTOR('',#10539,1000.);
#1216=VECTOR('',#10542,1000.);
#1217=VECTOR('',#10543,1000.);
#1218=VECTOR('',#10544,1000.);
#1219=VECTOR('',#10547,1000.);
#1220=VECTOR('',#10548,1000.);
#1221=VECTOR('',#10549,1000.);
#1222=VECTOR('',#10550,1000.);
#1223=VECTOR('',#10553,1000.);
#1224=VECTOR('',#10554,1000.);
#1225=VECTOR('',#10555,1000.);
#1226=VECTOR('',#10558,1000.);
#1227=VECTOR('',#10559,1000.);
#1228=VECTOR('',#10560,1000.);
#1229=VECTOR('',#10561,1000.);
#1230=VECTOR('',#10562,1000.);
#1231=VECTOR('',#10563,1000.);
#1232=VECTOR('',#10564,1000.);
#1233=VECTOR('',#10565,1000.);
#1234=VECTOR('',#10566,1000.);
#1235=VECTOR('',#10567,1000.);
#1236=VECTOR('',#10568,1000.);
#1237=VECTOR('',#10571,1000.);
#1238=VECTOR('',#10576,1000.);
#1239=VECTOR('',#10579,1000.);
#1240=VECTOR('',#10580,1000.);
#1241=VECTOR('',#10581,1000.);
#1242=VECTOR('',#10582,1000.);
#1243=VECTOR('',#10583,1000.);
#1244=VECTOR('',#10584,1000.);
#1245=VECTOR('',#10587,1000.);
#1246=VECTOR('',#10588,1000.);
#1247=VECTOR('',#10589,1000.);
#1248=VECTOR('',#10590,1000.);
#1249=VECTOR('',#10591,1000.);
#1250=VECTOR('',#10594,1000.);
#1251=VECTOR('',#10595,1000.);
#1252=VECTOR('',#10596,1000.);
#1253=VECTOR('',#10599,1000.);
#1254=VECTOR('',#10600,1000.);
#1255=VECTOR('',#10601,1000.);
#1256=VECTOR('',#10602,1000.);
#1257=VECTOR('',#10603,1000.);
#1258=VECTOR('',#10606,1000.);
#1259=VECTOR('',#10607,1000.);
#1260=VECTOR('',#10608,1000.);
#1261=VECTOR('',#10611,1000.);
#1262=VECTOR('',#10612,1000.);
#1263=VECTOR('',#10613,1000.);
#1264=VECTOR('',#10616,1000.);
#1265=VECTOR('',#10617,1000.);
#1266=VECTOR('',#10620,1000.);
#1267=VECTOR('',#10621,1000.);
#1268=VECTOR('',#10626,1000.);
#1269=VECTOR('',#10627,1000.);
#1270=VECTOR('',#10630,1000.);
#1271=VECTOR('',#10631,1000.);
#1272=VECTOR('',#10632,1000.);
#1273=VECTOR('',#10633,1000.);
#1274=VECTOR('',#10634,1000.);
#1275=VECTOR('',#10637,1000.);
#1276=VECTOR('',#10638,1000.);
#1277=VECTOR('',#10639,1000.);
#1278=VECTOR('',#10640,1000.);
#1279=VECTOR('',#10641,1000.);
#1280=VECTOR('',#10642,1000.);
#1281=VECTOR('',#10645,1000.);
#1282=VECTOR('',#10646,1000.);
#1283=VECTOR('',#10651,1000.);
#1284=VECTOR('',#10652,1000.);
#1285=VECTOR('',#10657,1000.);
#1286=VECTOR('',#10660,1000.);
#1287=VECTOR('',#10661,1000.);
#1288=VECTOR('',#10670,1000.);
#1289=VECTOR('',#10675,1000.);
#1290=VECTOR('',#10678,1000.);
#1291=VECTOR('',#10681,1000.);
#1292=VECTOR('',#10682,1000.);
#1293=VECTOR('',#10683,1000.);
#1294=VECTOR('',#10684,1000.);
#1295=VECTOR('',#10685,1000.);
#1296=VECTOR('',#10688,1000.);
#1297=VECTOR('',#10695,1000.);
#1298=VECTOR('',#10698,1000.);
#1299=VECTOR('',#10701,1000.);
#1300=VECTOR('',#10704,1000.);
#1301=VECTOR('',#10707,1000.);
#1302=VECTOR('',#10710,1000.);
#1303=VECTOR('',#10713,1000.);
#1304=VECTOR('',#10716,1000.);
#1305=VECTOR('',#10719,1000.);
#1306=VECTOR('',#10722,1000.);
#1307=VECTOR('',#10725,1000.);
#1308=VECTOR('',#10728,1000.);
#1309=VECTOR('',#10731,1000.);
#1310=VECTOR('',#10734,1000.);
#1311=VECTOR('',#10737,1000.);
#1312=VECTOR('',#10740,1000.);
#1313=VECTOR('',#10743,1000.);
#1314=VECTOR('',#10746,1000.);
#1315=VECTOR('',#10749,1000.);
#1316=VECTOR('',#10750,1000.);
#1317=VECTOR('',#10751,1000.);
#1318=VECTOR('',#10752,1000.);
#1319=VECTOR('',#10755,1000.);
#1320=VECTOR('',#10756,1000.);
#1321=VECTOR('',#10757,1000.);
#1322=VECTOR('',#10760,1000.);
#1323=VECTOR('',#10761,1000.);
#1324=VECTOR('',#10762,1000.);
#1325=VECTOR('',#10765,1000.);
#1326=VECTOR('',#10766,1000.);
#1327=VECTOR('',#10769,1000.);
#1328=VECTOR('',#10776,1000.);
#1329=VECTOR('',#10779,1000.);
#1330=VECTOR('',#10780,1000.);
#1331=VECTOR('',#10785,1000.);
#1332=VECTOR('',#10786,1000.);
#1333=VECTOR('',#10787,1000.);
#1334=VECTOR('',#10788,1000.);
#1335=VECTOR('',#10791,1000.);
#1336=VECTOR('',#10792,1000.);
#1337=VECTOR('',#10793,1000.);
#1338=VECTOR('',#10794,1000.);
#1339=VECTOR('',#10799,1000.);
#1340=VECTOR('',#10800,1000.);
#1341=VECTOR('',#10803,1000.);
#1342=VECTOR('',#10804,1000.);
#1343=VECTOR('',#10813,1000.);
#1344=VECTOR('',#10816,1000.);
#1345=VECTOR('',#10821,1000.);
#1346=VECTOR('',#10822,1000.);
#1347=VECTOR('',#10825,1000.);
#1348=VECTOR('',#10828,1000.);
#1349=VECTOR('',#10833,1000.);
#1350=VECTOR('',#10838,1000.);
#1351=VECTOR('',#10839,1000.);
#1352=VECTOR('',#10842,1000.);
#1353=VECTOR('',#10843,1000.);
#1354=VECTOR('',#10870,1000.);
#1355=VECTOR('',#10881,1000.);
#1356=VECTOR('',#10892,1000.);
#1357=VECTOR('',#10903,1000.);
#1358=VECTOR('',#10906,1000.);
#1359=VECTOR('',#10909,1000.);
#1360=VECTOR('',#10912,1000.);
#1361=VECTOR('',#10913,1000.);
#1362=VECTOR('',#10918,1000.);
#1363=VECTOR('',#10921,1000.);
#1364=VECTOR('',#10922,1000.);
#1365=VECTOR('',#10927,1000.);
#1366=VECTOR('',#10930,1000.);
#1367=VECTOR('',#10931,1000.);
#1368=VECTOR('',#10936,1000.);
#1369=VECTOR('',#10939,1000.);
#1370=VECTOR('',#10944,1000.);
#1371=VECTOR('',#10947,1000.);
#1372=VECTOR('',#10950,1000.);
#1373=VECTOR('',#10951,1000.);
#1374=VECTOR('',#10956,1000.);
#1375=VECTOR('',#10959,1000.);
#1376=VECTOR('',#10960,1000.);
#1377=VECTOR('',#10965,1000.);
#1378=VECTOR('',#10968,1000.);
#1379=VECTOR('',#10969,1000.);
#1380=VECTOR('',#10974,1000.);
#1381=VECTOR('',#10977,1000.);
#1382=VECTOR('',#10982,1000.);
#1383=VECTOR('',#10985,1000.);
#1384=VECTOR('',#10988,1000.);
#1385=VECTOR('',#10989,1000.);
#1386=VECTOR('',#10994,1000.);
#1387=VECTOR('',#10997,1000.);
#1388=VECTOR('',#10998,1000.);
#1389=VECTOR('',#11003,1000.);
#1390=VECTOR('',#11006,1000.);
#1391=VECTOR('',#11007,1000.);
#1392=VECTOR('',#11012,1000.);
#1393=VECTOR('',#11015,1000.);
#1394=VECTOR('',#11020,1000.);
#1395=VECTOR('',#11023,1000.);
#1396=VECTOR('',#11026,1000.);
#1397=VECTOR('',#11027,1000.);
#1398=VECTOR('',#11032,1000.);
#1399=VECTOR('',#11035,1000.);
#1400=VECTOR('',#11036,1000.);
#1401=VECTOR('',#11041,1000.);
#1402=VECTOR('',#11044,1000.);
#1403=VECTOR('',#11045,1000.);
#1404=VECTOR('',#11050,1000.);
#1405=VECTOR('',#11053,1000.);
#1406=VECTOR('',#11070,1000.);
#1407=VECTOR('',#11075,1000.);
#1408=VECTOR('',#11076,1000.);
#1409=VECTOR('',#11079,1000.);
#1410=VECTOR('',#11082,1000.);
#1411=VECTOR('',#11085,1000.);
#1412=VECTOR('',#11088,1000.);
#1413=VECTOR('',#11091,1000.);
#1414=VECTOR('',#11094,1000.);
#1415=VECTOR('',#11097,1000.);
#1416=VECTOR('',#11100,1000.);
#1417=VECTOR('',#11103,1000.);
#1418=VECTOR('',#11108,1000.);
#1419=VECTOR('',#11111,1000.);
#1420=VECTOR('',#11116,1000.);
#1421=VECTOR('',#11119,1000.);
#1422=VECTOR('',#11122,1000.);
#1423=VECTOR('',#11127,1000.);
#1424=VECTOR('',#11130,1000.);
#1425=VECTOR('',#11133,1000.);
#1426=VECTOR('',#11136,1000.);
#1427=VECTOR('',#11139,1000.);
#1428=VECTOR('',#11142,1000.);
#1429=VECTOR('',#11145,1000.);
#1430=VECTOR('',#11150,1000.);
#1431=VECTOR('',#11153,1000.);
#1432=VECTOR('',#11156,1000.);
#1433=VECTOR('',#11159,1000.);
#1434=VECTOR('',#11162,1000.);
#1435=VECTOR('',#11165,1000.);
#1436=VECTOR('',#11168,1000.);
#1437=VECTOR('',#11173,1000.);
#1438=VECTOR('',#11176,1000.);
#1439=VECTOR('',#11179,1000.);
#1440=VECTOR('',#11182,1000.);
#1441=VECTOR('',#11203,1000.);
#1442=VECTOR('',#11206,1000.);
#1443=VECTOR('',#11211,1000.);
#1444=VECTOR('',#11216,1000.);
#1445=VECTOR('',#11227,1000.);
#1446=VECTOR('',#11230,1000.);
#1447=VECTOR('',#11235,1000.);
#1448=VECTOR('',#11240,1000.);
#1449=VECTOR('',#11251,1000.);
#1450=VECTOR('',#11258,1000.);
#1451=VECTOR('',#11261,1000.);
#1452=VECTOR('',#11262,1000.);
#1453=VECTOR('',#11269,1000.);
#1454=VECTOR('',#11276,1000.);
#1455=VECTOR('',#11277,1000.);
#1456=VECTOR('',#11278,1000.);
#1457=VECTOR('',#11283,1000.);
#1458=VECTOR('',#11292,1000.);
#1459=VECTOR('',#11293,1000.);
#1460=VECTOR('',#11302,1000.);
#1461=VECTOR('',#11309,1000.);
#1462=VECTOR('',#11310,1000.);
#1463=VECTOR('',#11323,1000.);
#1464=VECTOR('',#11332,1000.);
#1465=VECTOR('',#11335,1000.);
#1466=VECTOR('',#11340,1000.);
#1467=VECTOR('',#11343,1000.);
#1468=VECTOR('',#11354,1000.);
#1469=VECTOR('',#11357,1000.);
#1470=VECTOR('',#11360,1000.);
#1471=VECTOR('',#11361,1000.);
#1472=VECTOR('',#11362,1000.);
#1473=VECTOR('',#11365,1000.);
#1474=VECTOR('',#11366,1000.);
#1475=VECTOR('',#11367,1000.);
#1476=VECTOR('',#11370,1000.);
#1477=VECTOR('',#11371,1000.);
#1478=VECTOR('',#11372,1000.);
#1479=VECTOR('',#11377,1000.);
#1480=VECTOR('',#11382,1000.);
#1481=VECTOR('',#11383,1000.);
#1482=VECTOR('',#11384,1000.);
#1483=VECTOR('',#11387,1000.);
#1484=VECTOR('',#11388,1000.);
#1485=VECTOR('',#11389,1000.);
#1486=VECTOR('',#11412,1000.);
#1487=VECTOR('',#11415,1000.);
#1488=VECTOR('',#11416,1000.);
#1489=VECTOR('',#11417,1000.);
#1490=VECTOR('',#11420,1000.);
#1491=VECTOR('',#11425,1000.);
#1492=VECTOR('',#11428,1000.);
#1493=VECTOR('',#11429,1000.);
#1494=VECTOR('',#11430,1000.);
#1495=VECTOR('',#11433,1000.);
#1496=VECTOR('',#11438,1000.);
#1497=VECTOR('',#11439,1000.);
#1498=VECTOR('',#11442,1000.);
#1499=VECTOR('',#11445,1000.);
#1500=VECTOR('',#11448,1000.);
#1501=VECTOR('',#11451,1000.);
#1502=VECTOR('',#11456,1000.);
#1503=VECTOR('',#11459,1000.);
#1504=VECTOR('',#11466,1000.);
#1505=VECTOR('',#11469,1000.);
#1506=VECTOR('',#11472,1000.);
#1507=VECTOR('',#11473,1000.);
#1508=VECTOR('',#11474,1000.);
#1509=VECTOR('',#11477,1000.);
#1510=VECTOR('',#11478,1000.);
#1511=VECTOR('',#11479,1000.);
#1512=VECTOR('',#11482,1000.);
#1513=VECTOR('',#11483,1000.);
#1514=VECTOR('',#11484,1000.);
#1515=VECTOR('',#11489,1000.);
#1516=VECTOR('',#11494,1000.);
#1517=VECTOR('',#11495,1000.);
#1518=VECTOR('',#11496,1000.);
#1519=VECTOR('',#11499,1000.);
#1520=VECTOR('',#11500,1000.);
#1521=VECTOR('',#11501,1000.);
#1522=VECTOR('',#11522,1000.);
#1523=VECTOR('',#11525,1000.);
#1524=VECTOR('',#11526,1000.);
#1525=VECTOR('',#11527,1000.);
#1526=VECTOR('',#11530,1000.);
#1527=VECTOR('',#11539,1000.);
#1528=VECTOR('',#11542,1000.);
#1529=VECTOR('',#11543,1000.);
#1530=VECTOR('',#11544,1000.);
#1531=VECTOR('',#11547,1000.);
#1532=VECTOR('',#11550,1000.);
#1533=VECTOR('',#11551,1000.);
#1534=VECTOR('',#11554,1000.);
#1535=VECTOR('',#11557,1000.);
#1536=VECTOR('',#11560,1000.);
#1537=VECTOR('',#11563,1000.);
#1538=VECTOR('',#11568,1000.);
#1539=VECTOR('',#11571,1000.);
#1540=VECTOR('',#11578,1000.);
#1541=VECTOR('',#11581,1000.);
#1542=VECTOR('',#11584,1000.);
#1543=VECTOR('',#11585,1000.);
#1544=VECTOR('',#11586,1000.);
#1545=VECTOR('',#11589,1000.);
#1546=VECTOR('',#11590,1000.);
#1547=VECTOR('',#11591,1000.);
#1548=VECTOR('',#11594,1000.);
#1549=VECTOR('',#11595,1000.);
#1550=VECTOR('',#11596,1000.);
#1551=VECTOR('',#11603,1000.);
#1552=VECTOR('',#11606,1000.);
#1553=VECTOR('',#11607,1000.);
#1554=VECTOR('',#11608,1000.);
#1555=VECTOR('',#11611,1000.);
#1556=VECTOR('',#11612,1000.);
#1557=VECTOR('',#11613,1000.);
#1558=VECTOR('',#11636,1000.);
#1559=VECTOR('',#11639,1000.);
#1560=VECTOR('',#11640,1000.);
#1561=VECTOR('',#11641,1000.);
#1562=VECTOR('',#11644,1000.);
#1563=VECTOR('',#11649,1000.);
#1564=VECTOR('',#11652,1000.);
#1565=VECTOR('',#11653,1000.);
#1566=VECTOR('',#11654,1000.);
#1567=VECTOR('',#11657,1000.);
#1568=VECTOR('',#11662,1000.);
#1569=VECTOR('',#11663,1000.);
#1570=VECTOR('',#11666,1000.);
#1571=VECTOR('',#11669,1000.);
#1572=VECTOR('',#11672,1000.);
#1573=VECTOR('',#11675,1000.);
#1574=VECTOR('',#11680,1000.);
#1575=VECTOR('',#11683,1000.);
#1576=VECTOR('',#11690,1000.);
#1577=VECTOR('',#11693,1000.);
#1578=VECTOR('',#11696,1000.);
#1579=VECTOR('',#11697,1000.);
#1580=VECTOR('',#11698,1000.);
#1581=VECTOR('',#11709,1000.);
#1582=VECTOR('',#11714,1000.);
#1583=VECTOR('',#11715,1000.);
#1584=VECTOR('',#11716,1000.);
#1585=VECTOR('',#11721,1000.);
#1586=VECTOR('',#11726,1000.);
#1587=VECTOR('',#11727,1000.);
#1588=VECTOR('',#11728,1000.);
#1589=VECTOR('',#11731,1000.);
#1590=VECTOR('',#11732,1000.);
#1591=VECTOR('',#11733,1000.);
#1592=VECTOR('',#11736,1000.);
#1593=VECTOR('',#11737,1000.);
#1594=VECTOR('',#11748,1000.);
#1595=VECTOR('',#11751,1000.);
#1596=VECTOR('',#11752,1000.);
#1597=VECTOR('',#11753,1000.);
#1598=VECTOR('',#11756,1000.);
#1599=VECTOR('',#11761,1000.);
#1600=VECTOR('',#11764,1000.);
#1601=VECTOR('',#11765,1000.);
#1602=VECTOR('',#11766,1000.);
#1603=VECTOR('',#11769,1000.);
#1604=VECTOR('',#11774,1000.);
#1605=VECTOR('',#11777,1000.);
#1606=VECTOR('',#11780,1000.);
#1607=VECTOR('',#11783,1000.);
#1608=VECTOR('',#11786,1000.);
#1609=VECTOR('',#11789,1000.);
#1610=VECTOR('',#11792,1000.);
#1611=VECTOR('',#11795,1000.);
#1612=VECTOR('',#11802,1000.);
#1613=VECTOR('',#11803,1000.);
#1614=VECTOR('',#11804,1000.);
#1615=VECTOR('',#11805,1000.);
#1616=VECTOR('',#11806,1000.);
#1617=VECTOR('',#11807,1000.);
#1618=VECTOR('',#11808,1000.);
#1619=VECTOR('',#11809,1000.);
#1620=VECTOR('',#11810,1000.);
#1621=VECTOR('',#11811,1000.);
#1622=VECTOR('',#11812,1000.);
#1623=VECTOR('',#11813,1000.);
#1624=VECTOR('',#11814,1000.);
#1625=VECTOR('',#11815,1000.);
#1626=VECTOR('',#11816,1000.);
#1627=VECTOR('',#11817,1000.);
#1628=VECTOR('',#11818,1000.);
#1629=VECTOR('',#11819,1000.);
#1630=VECTOR('',#11820,1000.);
#1631=VECTOR('',#11823,1000.);
#1632=VECTOR('',#11824,1000.);
#1633=VECTOR('',#11825,1000.);
#1634=VECTOR('',#11826,1000.);
#1635=VECTOR('',#11827,1000.);
#1636=VECTOR('',#11828,1000.);
#1637=VECTOR('',#11829,1000.);
#1638=VECTOR('',#11830,1000.);
#1639=VECTOR('',#11831,1000.);
#1640=VECTOR('',#11832,1000.);
#1641=VECTOR('',#11833,1000.);
#1642=VECTOR('',#11834,1000.);
#1643=VECTOR('',#11835,1000.);
#1644=VECTOR('',#11836,1000.);
#1645=VECTOR('',#11839,1000.);
#1646=VECTOR('',#11840,1000.);
#1647=VECTOR('',#11841,1000.);
#1648=VECTOR('',#11844,1000.);
#1649=VECTOR('',#11845,1000.);
#1650=VECTOR('',#11848,1000.);
#1651=VECTOR('',#11849,1000.);
#1652=VECTOR('',#11852,1000.);
#1653=VECTOR('',#11853,1000.);
#1654=VECTOR('',#11854,1000.);
#1655=VECTOR('',#11857,1000.);
#1656=VECTOR('',#11858,1000.);
#1657=VECTOR('',#11859,1000.);
#1658=VECTOR('',#11862,1000.);
#1659=VECTOR('',#11863,1000.);
#1660=VECTOR('',#11864,1000.);
#1661=VECTOR('',#11867,1000.);
#1662=VECTOR('',#11868,1000.);
#1663=VECTOR('',#11871,1000.);
#1664=VECTOR('',#11872,1000.);
#1665=VECTOR('',#11875,1000.);
#1666=VECTOR('',#11876,1000.);
#1667=VECTOR('',#11879,1000.);
#1668=VECTOR('',#11880,1000.);
#1669=VECTOR('',#11881,1000.);
#1670=VECTOR('',#11884,1000.);
#1671=VECTOR('',#11885,1000.);
#1672=VECTOR('',#11886,1000.);
#1673=VECTOR('',#11889,1000.);
#1674=VECTOR('',#11890,1000.);
#1675=VECTOR('',#11891,1000.);
#1676=VECTOR('',#11894,1000.);
#1677=VECTOR('',#11895,1000.);
#1678=VECTOR('',#11898,1000.);
#1679=VECTOR('',#11899,1000.);
#1680=VECTOR('',#11900,1000.);
#1681=VECTOR('',#11903,1000.);
#1682=VECTOR('',#11904,1000.);
#1683=VECTOR('',#11905,1000.);
#1684=VECTOR('',#11912,1000.);
#1685=VECTOR('',#11917,1000.);
#1686=VECTOR('',#11918,1000.);
#1687=VECTOR('',#11919,1000.);
#1688=VECTOR('',#11922,1000.);
#1689=VECTOR('',#11923,1000.);
#1690=VECTOR('',#11924,1000.);
#1691=VECTOR('',#11927,1000.);
#1692=VECTOR('',#11928,1000.);
#1693=VECTOR('',#11931,1000.);
#1694=VECTOR('',#11932,1000.);
#1695=VECTOR('',#11933,1000.);
#1696=VECTOR('',#11936,1000.);
#1697=VECTOR('',#11937,1000.);
#1698=VECTOR('',#11938,1000.);
#1699=VECTOR('',#11941,1000.);
#1700=VECTOR('',#11942,1000.);
#1701=VECTOR('',#11957,1000.);
#1702=VECTOR('',#11958,1000.);
#1703=VECTOR('',#11959,1000.);
#1704=VECTOR('',#11962,1000.);
#1705=VECTOR('',#11963,1000.);
#1706=VECTOR('',#11966,1000.);
#1707=VECTOR('',#11967,1000.);
#1708=VECTOR('',#11970,1000.);
#1709=VECTOR('',#11975,1000.);
#1710=VECTOR('',#11976,1000.);
#1711=VECTOR('',#11977,1000.);
#1712=VECTOR('',#11980,1000.);
#1713=VECTOR('',#11981,1000.);
#1714=VECTOR('',#11984,1000.);
#1715=VECTOR('',#11985,1000.);
#1716=VECTOR('',#11988,1000.);
#1717=VECTOR('',#11993,1000.);
#1718=VECTOR('',#11994,1000.);
#1719=VECTOR('',#11995,1000.);
#1720=VECTOR('',#11998,1000.);
#1721=VECTOR('',#11999,1000.);
#1722=VECTOR('',#12002,1000.);
#1723=VECTOR('',#12003,1000.);
#1724=VECTOR('',#12006,1000.);
#1725=ORIENTED_EDGE('',*,*,#3805,.F.);
#1726=ORIENTED_EDGE('',*,*,#3806,.T.);
#1727=ORIENTED_EDGE('',*,*,#3807,.T.);
#1728=ORIENTED_EDGE('',*,*,#3808,.F.);
#1729=ORIENTED_EDGE('',*,*,#3809,.T.);
#1730=ORIENTED_EDGE('',*,*,#3810,.T.);
#1731=ORIENTED_EDGE('',*,*,#3811,.T.);
#1732=ORIENTED_EDGE('',*,*,#3812,.F.);
#1733=ORIENTED_EDGE('',*,*,#3813,.T.);
#1734=ORIENTED_EDGE('',*,*,#3814,.T.);
#1735=ORIENTED_EDGE('',*,*,#3815,.F.);
#1736=ORIENTED_EDGE('',*,*,#3816,.T.);
#1737=ORIENTED_EDGE('',*,*,#3817,.F.);
#1738=ORIENTED_EDGE('',*,*,#3818,.T.);
#1739=ORIENTED_EDGE('',*,*,#3819,.T.);
#1740=ORIENTED_EDGE('',*,*,#3820,.F.);
#1741=ORIENTED_EDGE('',*,*,#3821,.T.);
#1742=ORIENTED_EDGE('',*,*,#3822,.T.);
#1743=ORIENTED_EDGE('',*,*,#3823,.T.);
#1744=ORIENTED_EDGE('',*,*,#3824,.F.);
#1745=ORIENTED_EDGE('',*,*,#3825,.T.);
#1746=ORIENTED_EDGE('',*,*,#3826,.T.);
#1747=ORIENTED_EDGE('',*,*,#3827,.F.);
#1748=ORIENTED_EDGE('',*,*,#3828,.T.);
#1749=ORIENTED_EDGE('',*,*,#3829,.F.);
#1750=ORIENTED_EDGE('',*,*,#3830,.F.);
#1751=ORIENTED_EDGE('',*,*,#3831,.T.);
#1752=ORIENTED_EDGE('',*,*,#3832,.T.);
#1753=ORIENTED_EDGE('',*,*,#3833,.F.);
#1754=ORIENTED_EDGE('',*,*,#3834,.T.);
#1755=ORIENTED_EDGE('',*,*,#3835,.T.);
#1756=ORIENTED_EDGE('',*,*,#3836,.T.);
#1757=ORIENTED_EDGE('',*,*,#3837,.T.);
#1758=ORIENTED_EDGE('',*,*,#3838,.F.);
#1759=ORIENTED_EDGE('',*,*,#3839,.F.);
#1760=ORIENTED_EDGE('',*,*,#3840,.T.);
#1761=ORIENTED_EDGE('',*,*,#3841,.F.);
#1762=ORIENTED_EDGE('',*,*,#3842,.T.);
#1763=ORIENTED_EDGE('',*,*,#3843,.T.);
#1764=ORIENTED_EDGE('',*,*,#3844,.F.);
#1765=ORIENTED_EDGE('',*,*,#3845,.T.);
#1766=ORIENTED_EDGE('',*,*,#3846,.T.);
#1767=ORIENTED_EDGE('',*,*,#3847,.T.);
#1768=ORIENTED_EDGE('',*,*,#3848,.F.);
#1769=ORIENTED_EDGE('',*,*,#3849,.T.);
#1770=ORIENTED_EDGE('',*,*,#3850,.T.);
#1771=ORIENTED_EDGE('',*,*,#3851,.F.);
#1772=ORIENTED_EDGE('',*,*,#3852,.T.);
#1773=ORIENTED_EDGE('',*,*,#3853,.F.);
#1774=ORIENTED_EDGE('',*,*,#3854,.F.);
#1775=ORIENTED_EDGE('',*,*,#3855,.F.);
#1776=ORIENTED_EDGE('',*,*,#3856,.T.);
#1777=ORIENTED_EDGE('',*,*,#3857,.T.);
#1778=ORIENTED_EDGE('',*,*,#3858,.T.);
#1779=ORIENTED_EDGE('',*,*,#3859,.F.);
#1780=ORIENTED_EDGE('',*,*,#3854,.T.);
#1781=ORIENTED_EDGE('',*,*,#3860,.F.);
#1782=ORIENTED_EDGE('',*,*,#3861,.F.);
#1783=ORIENTED_EDGE('',*,*,#3862,.F.);
#1784=ORIENTED_EDGE('',*,*,#3863,.T.);
#1785=ORIENTED_EDGE('',*,*,#3864,.F.);
#1786=ORIENTED_EDGE('',*,*,#3865,.T.);
#1787=ORIENTED_EDGE('',*,*,#3866,.T.);
#1788=ORIENTED_EDGE('',*,*,#3867,.F.);
#1789=ORIENTED_EDGE('',*,*,#3868,.F.);
#1790=ORIENTED_EDGE('',*,*,#3869,.T.);
#1791=ORIENTED_EDGE('',*,*,#3870,.T.);
#1792=ORIENTED_EDGE('',*,*,#3861,.T.);
#1793=ORIENTED_EDGE('',*,*,#3871,.F.);
#1794=ORIENTED_EDGE('',*,*,#3872,.F.);
#1795=ORIENTED_EDGE('',*,*,#3873,.F.);
#1796=ORIENTED_EDGE('',*,*,#3874,.T.);
#1797=ORIENTED_EDGE('',*,*,#3875,.T.);
#1798=ORIENTED_EDGE('',*,*,#3872,.T.);
#1799=ORIENTED_EDGE('',*,*,#3876,.F.);
#1800=ORIENTED_EDGE('',*,*,#3877,.F.);
#1801=ORIENTED_EDGE('',*,*,#3878,.T.);
#1802=ORIENTED_EDGE('',*,*,#3879,.T.);
#1803=ORIENTED_EDGE('',*,*,#3880,.T.);
#1804=ORIENTED_EDGE('',*,*,#3881,.T.);
#1805=ORIENTED_EDGE('',*,*,#3882,.F.);
#1806=ORIENTED_EDGE('',*,*,#3883,.F.);
#1807=ORIENTED_EDGE('',*,*,#3884,.F.);
#1808=ORIENTED_EDGE('',*,*,#3885,.F.);
#1809=ORIENTED_EDGE('',*,*,#3886,.T.);
#1810=ORIENTED_EDGE('',*,*,#3887,.T.);
#1811=ORIENTED_EDGE('',*,*,#3888,.T.);
#1812=ORIENTED_EDGE('',*,*,#3877,.T.);
#1813=ORIENTED_EDGE('',*,*,#3889,.T.);
#1814=ORIENTED_EDGE('',*,*,#3890,.T.);
#1815=ORIENTED_EDGE('',*,*,#3891,.T.);
#1816=ORIENTED_EDGE('',*,*,#3892,.T.);
#1817=ORIENTED_EDGE('',*,*,#3893,.T.);
#1818=ORIENTED_EDGE('',*,*,#3894,.T.);
#1819=ORIENTED_EDGE('',*,*,#3895,.T.);
#1820=ORIENTED_EDGE('',*,*,#3896,.T.);
#1821=ORIENTED_EDGE('',*,*,#3897,.F.);
#1822=ORIENTED_EDGE('',*,*,#3898,.T.);
#1823=ORIENTED_EDGE('',*,*,#3899,.F.);
#1824=ORIENTED_EDGE('',*,*,#3900,.T.);
#1825=ORIENTED_EDGE('',*,*,#3901,.F.);
#1826=ORIENTED_EDGE('',*,*,#3886,.F.);
#1827=ORIENTED_EDGE('',*,*,#3902,.T.);
#1828=ORIENTED_EDGE('',*,*,#3903,.F.);
#1829=ORIENTED_EDGE('',*,*,#3904,.F.);
#1830=ORIENTED_EDGE('',*,*,#3905,.F.);
#1831=ORIENTED_EDGE('',*,*,#3906,.F.);
#1832=ORIENTED_EDGE('',*,*,#3907,.T.);
#1833=ORIENTED_EDGE('',*,*,#3908,.F.);
#1834=ORIENTED_EDGE('',*,*,#3909,.F.);
#1835=ORIENTED_EDGE('',*,*,#3910,.T.);
#1836=ORIENTED_EDGE('',*,*,#3911,.T.);
#1837=ORIENTED_EDGE('',*,*,#3912,.T.);
#1838=ORIENTED_EDGE('',*,*,#3913,.F.);
#1839=ORIENTED_EDGE('',*,*,#3914,.T.);
#1840=ORIENTED_EDGE('',*,*,#3915,.T.);
#1841=ORIENTED_EDGE('',*,*,#3916,.T.);
#1842=ORIENTED_EDGE('',*,*,#3917,.F.);
#1843=ORIENTED_EDGE('',*,*,#3918,.F.);
#1844=ORIENTED_EDGE('',*,*,#3919,.T.);
#1845=ORIENTED_EDGE('',*,*,#3920,.T.);
#1846=ORIENTED_EDGE('',*,*,#3921,.F.);
#1847=ORIENTED_EDGE('',*,*,#3922,.F.);
#1848=ORIENTED_EDGE('',*,*,#3923,.F.);
#1849=ORIENTED_EDGE('',*,*,#3924,.T.);
#1850=ORIENTED_EDGE('',*,*,#3857,.F.);
#1851=ORIENTED_EDGE('',*,*,#3925,.T.);
#1852=ORIENTED_EDGE('',*,*,#3859,.T.);
#1853=ORIENTED_EDGE('',*,*,#3926,.F.);
#1854=ORIENTED_EDGE('',*,*,#3927,.T.);
#1855=ORIENTED_EDGE('',*,*,#3928,.T.);
#1856=ORIENTED_EDGE('',*,*,#3929,.F.);
#1857=ORIENTED_EDGE('',*,*,#3930,.T.);
#1858=ORIENTED_EDGE('',*,*,#3931,.T.);
#1859=ORIENTED_EDGE('',*,*,#3932,.F.);
#1860=ORIENTED_EDGE('',*,*,#3933,.T.);
#1861=ORIENTED_EDGE('',*,*,#3934,.T.);
#1862=ORIENTED_EDGE('',*,*,#3935,.T.);
#1863=ORIENTED_EDGE('',*,*,#3936,.F.);
#1864=ORIENTED_EDGE('',*,*,#3937,.F.);
#1865=ORIENTED_EDGE('',*,*,#3938,.F.);
#1866=ORIENTED_EDGE('',*,*,#3939,.T.);
#1867=ORIENTED_EDGE('',*,*,#3940,.T.);
#1868=ORIENTED_EDGE('',*,*,#3941,.T.);
#1869=ORIENTED_EDGE('',*,*,#3942,.F.);
#1870=ORIENTED_EDGE('',*,*,#3943,.T.);
#1871=ORIENTED_EDGE('',*,*,#3944,.T.);
#1872=ORIENTED_EDGE('',*,*,#3945,.T.);
#1873=ORIENTED_EDGE('',*,*,#3946,.T.);
#1874=ORIENTED_EDGE('',*,*,#3947,.T.);
#1875=ORIENTED_EDGE('',*,*,#3948,.F.);
#1876=ORIENTED_EDGE('',*,*,#3884,.T.);
#1877=ORIENTED_EDGE('',*,*,#3949,.T.);
#1878=ORIENTED_EDGE('',*,*,#3950,.F.);
#1879=ORIENTED_EDGE('',*,*,#3951,.T.);
#1880=ORIENTED_EDGE('',*,*,#3952,.F.);
#1881=ORIENTED_EDGE('',*,*,#3953,.F.);
#1882=ORIENTED_EDGE('',*,*,#3954,.F.);
#1883=ORIENTED_EDGE('',*,*,#3955,.F.);
#1884=ORIENTED_EDGE('',*,*,#3956,.F.);
#1885=ORIENTED_EDGE('',*,*,#3957,.F.);
#1886=ORIENTED_EDGE('',*,*,#3958,.F.);
#1887=ORIENTED_EDGE('',*,*,#3959,.F.);
#1888=ORIENTED_EDGE('',*,*,#3960,.F.);
#1889=ORIENTED_EDGE('',*,*,#3961,.F.);
#1890=ORIENTED_EDGE('',*,*,#3962,.F.);
#1891=ORIENTED_EDGE('',*,*,#3963,.T.);
#1892=ORIENTED_EDGE('',*,*,#3964,.T.);
#1893=ORIENTED_EDGE('',*,*,#3965,.F.);
#1894=ORIENTED_EDGE('',*,*,#3966,.F.);
#1895=ORIENTED_EDGE('',*,*,#3967,.F.);
#1896=ORIENTED_EDGE('',*,*,#3968,.F.);
#1897=ORIENTED_EDGE('',*,*,#3969,.T.);
#1898=ORIENTED_EDGE('',*,*,#3970,.T.);
#1899=ORIENTED_EDGE('',*,*,#3971,.T.);
#1900=ORIENTED_EDGE('',*,*,#3972,.F.);
#1901=ORIENTED_EDGE('',*,*,#3973,.T.);
#1902=ORIENTED_EDGE('',*,*,#3974,.T.);
#1903=ORIENTED_EDGE('',*,*,#3975,.F.);
#1904=ORIENTED_EDGE('',*,*,#3976,.T.);
#1905=ORIENTED_EDGE('',*,*,#3977,.T.);
#1906=ORIENTED_EDGE('',*,*,#3978,.T.);
#1907=ORIENTED_EDGE('',*,*,#3979,.T.);
#1908=ORIENTED_EDGE('',*,*,#3980,.T.);
#1909=ORIENTED_EDGE('',*,*,#3981,.T.);
#1910=ORIENTED_EDGE('',*,*,#3982,.T.);
#1911=ORIENTED_EDGE('',*,*,#3983,.F.);
#1912=ORIENTED_EDGE('',*,*,#3984,.T.);
#1913=ORIENTED_EDGE('',*,*,#3985,.T.);
#1914=ORIENTED_EDGE('',*,*,#3986,.T.);
#1915=ORIENTED_EDGE('',*,*,#3987,.T.);
#1916=ORIENTED_EDGE('',*,*,#3988,.F.);
#1917=ORIENTED_EDGE('',*,*,#3989,.T.);
#1918=ORIENTED_EDGE('',*,*,#3990,.T.);
#1919=ORIENTED_EDGE('',*,*,#3991,.T.);
#1920=ORIENTED_EDGE('',*,*,#3992,.F.);
#1921=ORIENTED_EDGE('',*,*,#3987,.F.);
#1922=ORIENTED_EDGE('',*,*,#3993,.T.);
#1923=ORIENTED_EDGE('',*,*,#3994,.F.);
#1924=ORIENTED_EDGE('',*,*,#3995,.T.);
#1925=ORIENTED_EDGE('',*,*,#3989,.F.);
#1926=ORIENTED_EDGE('',*,*,#3996,.F.);
#1927=ORIENTED_EDGE('',*,*,#3997,.T.);
#1928=ORIENTED_EDGE('',*,*,#3998,.T.);
#1929=ORIENTED_EDGE('',*,*,#3999,.T.);
#1930=ORIENTED_EDGE('',*,*,#4000,.T.);
#1931=ORIENTED_EDGE('',*,*,#4001,.F.);
#1932=ORIENTED_EDGE('',*,*,#4002,.T.);
#1933=ORIENTED_EDGE('',*,*,#4003,.T.);
#1934=ORIENTED_EDGE('',*,*,#4004,.T.);
#1935=ORIENTED_EDGE('',*,*,#4005,.T.);
#1936=ORIENTED_EDGE('',*,*,#4006,.T.);
#1937=ORIENTED_EDGE('',*,*,#4007,.T.);
#1938=ORIENTED_EDGE('',*,*,#4008,.T.);
#1939=ORIENTED_EDGE('',*,*,#4009,.F.);
#1940=ORIENTED_EDGE('',*,*,#4010,.T.);
#1941=ORIENTED_EDGE('',*,*,#4011,.F.);
#1942=ORIENTED_EDGE('',*,*,#4012,.F.);
#1943=ORIENTED_EDGE('',*,*,#4013,.F.);
#1944=ORIENTED_EDGE('',*,*,#4014,.T.);
#1945=ORIENTED_EDGE('',*,*,#4015,.F.);
#1946=ORIENTED_EDGE('',*,*,#4016,.F.);
#1947=ORIENTED_EDGE('',*,*,#4017,.F.);
#1948=ORIENTED_EDGE('',*,*,#4018,.F.);
#1949=ORIENTED_EDGE('',*,*,#4019,.F.);
#1950=ORIENTED_EDGE('',*,*,#4020,.F.);
#1951=ORIENTED_EDGE('',*,*,#4021,.F.);
#1952=ORIENTED_EDGE('',*,*,#4022,.F.);
#1953=ORIENTED_EDGE('',*,*,#4016,.T.);
#1954=ORIENTED_EDGE('',*,*,#4023,.T.);
#1955=ORIENTED_EDGE('',*,*,#4024,.F.);
#1956=ORIENTED_EDGE('',*,*,#4025,.T.);
#1957=ORIENTED_EDGE('',*,*,#4014,.F.);
#1958=ORIENTED_EDGE('',*,*,#4026,.T.);
#1959=ORIENTED_EDGE('',*,*,#4019,.T.);
#1960=ORIENTED_EDGE('',*,*,#4027,.F.);
#1961=ORIENTED_EDGE('',*,*,#4028,.T.);
#1962=ORIENTED_EDGE('',*,*,#3905,.T.);
#1963=ORIENTED_EDGE('',*,*,#4029,.F.);
#1964=ORIENTED_EDGE('',*,*,#4030,.F.);
#1965=ORIENTED_EDGE('',*,*,#4031,.F.);
#1966=ORIENTED_EDGE('',*,*,#4032,.F.);
#1967=ORIENTED_EDGE('',*,*,#4033,.F.);
#1968=ORIENTED_EDGE('',*,*,#4034,.F.);
#1969=ORIENTED_EDGE('',*,*,#3984,.F.);
#1970=ORIENTED_EDGE('',*,*,#4035,.F.);
#1971=ORIENTED_EDGE('',*,*,#4036,.T.);
#1972=ORIENTED_EDGE('',*,*,#4037,.T.);
#1973=ORIENTED_EDGE('',*,*,#3974,.F.);
#1974=ORIENTED_EDGE('',*,*,#4038,.F.);
#1975=ORIENTED_EDGE('',*,*,#4039,.F.);
#1976=ORIENTED_EDGE('',*,*,#4040,.F.);
#1977=ORIENTED_EDGE('',*,*,#4041,.F.);
#1978=ORIENTED_EDGE('',*,*,#4042,.T.);
#1979=ORIENTED_EDGE('',*,*,#4043,.F.);
#1980=ORIENTED_EDGE('',*,*,#3907,.F.);
#1981=ORIENTED_EDGE('',*,*,#4044,.F.);
#1982=ORIENTED_EDGE('',*,*,#4045,.T.);
#1983=ORIENTED_EDGE('',*,*,#4046,.T.);
#1984=ORIENTED_EDGE('',*,*,#4047,.T.);
#1985=ORIENTED_EDGE('',*,*,#4048,.T.);
#1986=ORIENTED_EDGE('',*,*,#4049,.T.);
#1987=ORIENTED_EDGE('',*,*,#4050,.T.);
#1988=ORIENTED_EDGE('',*,*,#4051,.T.);
#1989=ORIENTED_EDGE('',*,*,#4052,.T.);
#1990=ORIENTED_EDGE('',*,*,#4053,.F.);
#1991=ORIENTED_EDGE('',*,*,#4054,.F.);
#1992=ORIENTED_EDGE('',*,*,#4055,.F.);
#1993=ORIENTED_EDGE('',*,*,#4056,.F.);
#1994=ORIENTED_EDGE('',*,*,#4057,.T.);
#1995=ORIENTED_EDGE('',*,*,#4058,.T.);
#1996=ORIENTED_EDGE('',*,*,#4041,.T.);
#1997=ORIENTED_EDGE('',*,*,#4059,.F.);
#1998=ORIENTED_EDGE('',*,*,#4060,.T.);
#1999=ORIENTED_EDGE('',*,*,#4061,.T.);
#2000=ORIENTED_EDGE('',*,*,#4062,.T.);
#2001=ORIENTED_EDGE('',*,*,#4063,.F.);
#2002=ORIENTED_EDGE('',*,*,#4064,.T.);
#2003=ORIENTED_EDGE('',*,*,#4039,.T.);
#2004=ORIENTED_EDGE('',*,*,#4065,.T.);
#2005=ORIENTED_EDGE('',*,*,#4066,.T.);
#2006=ORIENTED_EDGE('',*,*,#4033,.T.);
#2007=ORIENTED_EDGE('',*,*,#4067,.T.);
#2008=ORIENTED_EDGE('',*,*,#4068,.T.);
#2009=ORIENTED_EDGE('',*,*,#4069,.T.);
#2010=ORIENTED_EDGE('',*,*,#4070,.T.);
#2011=ORIENTED_EDGE('',*,*,#4012,.T.);
#2012=ORIENTED_EDGE('',*,*,#4071,.T.);
#2013=ORIENTED_EDGE('',*,*,#4072,.T.);
#2014=ORIENTED_EDGE('',*,*,#4073,.F.);
#2015=ORIENTED_EDGE('',*,*,#4074,.T.);
#2016=ORIENTED_EDGE('',*,*,#4075,.T.);
#2017=ORIENTED_EDGE('',*,*,#4076,.F.);
#2018=ORIENTED_EDGE('',*,*,#4077,.T.);
#2019=ORIENTED_EDGE('',*,*,#4078,.T.);
#2020=ORIENTED_EDGE('',*,*,#4079,.T.);
#2021=ORIENTED_EDGE('',*,*,#4080,.T.);
#2022=ORIENTED_EDGE('',*,*,#4042,.F.);
#2023=ORIENTED_EDGE('',*,*,#4058,.F.);
#2024=ORIENTED_EDGE('',*,*,#4081,.F.);
#2025=ORIENTED_EDGE('',*,*,#4082,.F.);
#2026=ORIENTED_EDGE('',*,*,#4030,.T.);
#2027=ORIENTED_EDGE('',*,*,#4083,.T.);
#2028=ORIENTED_EDGE('',*,*,#4084,.T.);
#2029=ORIENTED_EDGE('',*,*,#4085,.F.);
#2030=ORIENTED_EDGE('',*,*,#4086,.F.);
#2031=ORIENTED_EDGE('',*,*,#4087,.T.);
#2032=ORIENTED_EDGE('',*,*,#4088,.T.);
#2033=ORIENTED_EDGE('',*,*,#4089,.T.);
#2034=ORIENTED_EDGE('',*,*,#4059,.T.);
#2035=ORIENTED_EDGE('',*,*,#4040,.T.);
#2036=ORIENTED_EDGE('',*,*,#4064,.F.);
#2037=ORIENTED_EDGE('',*,*,#4090,.T.);
#2038=ORIENTED_EDGE('',*,*,#4067,.F.);
#2039=ORIENTED_EDGE('',*,*,#4032,.T.);
#2040=ORIENTED_EDGE('',*,*,#4091,.T.);
#2041=ORIENTED_EDGE('',*,*,#4092,.F.);
#2042=ORIENTED_EDGE('',*,*,#4093,.T.);
#2043=ORIENTED_EDGE('',*,*,#4094,.F.);
#2044=ORIENTED_EDGE('',*,*,#4095,.F.);
#2045=ORIENTED_EDGE('',*,*,#4096,.F.);
#2046=ORIENTED_EDGE('',*,*,#4097,.T.);
#2047=ORIENTED_EDGE('',*,*,#4098,.F.);
#2048=ORIENTED_EDGE('',*,*,#4099,.T.);
#2049=ORIENTED_EDGE('',*,*,#4100,.F.);
#2050=ORIENTED_EDGE('',*,*,#4101,.F.);
#2051=ORIENTED_EDGE('',*,*,#4102,.F.);
#2052=ORIENTED_EDGE('',*,*,#4103,.T.);
#2053=ORIENTED_EDGE('',*,*,#4104,.F.);
#2054=ORIENTED_EDGE('',*,*,#4105,.F.);
#2055=ORIENTED_EDGE('',*,*,#4106,.T.);
#2056=ORIENTED_EDGE('',*,*,#4107,.T.);
#2057=ORIENTED_EDGE('',*,*,#4108,.F.);
#2058=ORIENTED_EDGE('',*,*,#4109,.T.);
#2059=ORIENTED_EDGE('',*,*,#4110,.F.);
#2060=ORIENTED_EDGE('',*,*,#4111,.F.);
#2061=ORIENTED_EDGE('',*,*,#4112,.F.);
#2062=ORIENTED_EDGE('',*,*,#4113,.T.);
#2063=ORIENTED_EDGE('',*,*,#4114,.F.);
#2064=ORIENTED_EDGE('',*,*,#4115,.F.);
#2065=ORIENTED_EDGE('',*,*,#4116,.T.);
#2066=ORIENTED_EDGE('',*,*,#4117,.T.);
#2067=ORIENTED_EDGE('',*,*,#4118,.F.);
#2068=ORIENTED_EDGE('',*,*,#4119,.T.);
#2069=ORIENTED_EDGE('',*,*,#4120,.F.);
#2070=ORIENTED_EDGE('',*,*,#4121,.F.);
#2071=ORIENTED_EDGE('',*,*,#4122,.F.);
#2072=ORIENTED_EDGE('',*,*,#4123,.F.);
#2073=ORIENTED_EDGE('',*,*,#4124,.F.);
#2074=ORIENTED_EDGE('',*,*,#4125,.F.);
#2075=ORIENTED_EDGE('',*,*,#3852,.F.);
#2076=ORIENTED_EDGE('',*,*,#4126,.F.);
#2077=ORIENTED_EDGE('',*,*,#4127,.F.);
#2078=ORIENTED_EDGE('',*,*,#4045,.F.);
#2079=ORIENTED_EDGE('',*,*,#4128,.T.);
#2080=ORIENTED_EDGE('',*,*,#3977,.F.);
#2081=ORIENTED_EDGE('',*,*,#4129,.F.);
#2082=ORIENTED_EDGE('',*,*,#4060,.F.);
#2083=ORIENTED_EDGE('',*,*,#4090,.F.);
#2084=ORIENTED_EDGE('',*,*,#4066,.F.);
#2085=ORIENTED_EDGE('',*,*,#4130,.F.);
#2086=ORIENTED_EDGE('',*,*,#4131,.T.);
#2087=ORIENTED_EDGE('',*,*,#4132,.T.);
#2088=ORIENTED_EDGE('',*,*,#4133,.F.);
#2089=ORIENTED_EDGE('',*,*,#4116,.F.);
#2090=ORIENTED_EDGE('',*,*,#4134,.T.);
#2091=ORIENTED_EDGE('',*,*,#4135,.F.);
#2092=ORIENTED_EDGE('',*,*,#4136,.F.);
#2093=ORIENTED_EDGE('',*,*,#4077,.F.);
#2094=ORIENTED_EDGE('',*,*,#4137,.F.);
#2095=ORIENTED_EDGE('',*,*,#4138,.F.);
#2096=ORIENTED_EDGE('',*,*,#4139,.T.);
#2097=ORIENTED_EDGE('',*,*,#4106,.F.);
#2098=ORIENTED_EDGE('',*,*,#4140,.F.);
#2099=ORIENTED_EDGE('',*,*,#4141,.T.);
#2100=ORIENTED_EDGE('',*,*,#4142,.T.);
#2101=ORIENTED_EDGE('',*,*,#4143,.F.);
#2102=ORIENTED_EDGE('',*,*,#4017,.T.);
#2103=ORIENTED_EDGE('',*,*,#4025,.F.);
#2104=ORIENTED_EDGE('',*,*,#4144,.F.);
#2105=ORIENTED_EDGE('',*,*,#4145,.T.);
#2106=ORIENTED_EDGE('',*,*,#4146,.T.);
#2107=ORIENTED_EDGE('',*,*,#4147,.F.);
#2108=ORIENTED_EDGE('',*,*,#3997,.F.);
#2109=ORIENTED_EDGE('',*,*,#4148,.F.);
#2110=ORIENTED_EDGE('',*,*,#4149,.F.);
#2111=ORIENTED_EDGE('',*,*,#3816,.F.);
#2112=ORIENTED_EDGE('',*,*,#4150,.F.);
#2113=ORIENTED_EDGE('',*,*,#4151,.F.);
#2114=ORIENTED_EDGE('',*,*,#4152,.F.);
#2115=ORIENTED_EDGE('',*,*,#3840,.F.);
#2116=ORIENTED_EDGE('',*,*,#4153,.F.);
#2117=ORIENTED_EDGE('',*,*,#4154,.F.);
#2118=ORIENTED_EDGE('',*,*,#4155,.F.);
#2119=ORIENTED_EDGE('',*,*,#3828,.F.);
#2120=ORIENTED_EDGE('',*,*,#4156,.F.);
#2121=ORIENTED_EDGE('',*,*,#4157,.F.);
#2122=ORIENTED_EDGE('',*,*,#4158,.F.);
#2123=ORIENTED_EDGE('',*,*,#4157,.T.);
#2124=ORIENTED_EDGE('',*,*,#4159,.T.);
#2125=ORIENTED_EDGE('',*,*,#4160,.T.);
#2126=ORIENTED_EDGE('',*,*,#4161,.F.);
#2127=ORIENTED_EDGE('',*,*,#4162,.F.);
#2128=ORIENTED_EDGE('',*,*,#4163,.T.);
#2129=ORIENTED_EDGE('',*,*,#4164,.T.);
#2130=ORIENTED_EDGE('',*,*,#4165,.F.);
#2131=ORIENTED_EDGE('',*,*,#4046,.F.);
#2132=ORIENTED_EDGE('',*,*,#4127,.T.);
#2133=ORIENTED_EDGE('',*,*,#4166,.F.);
#2134=ORIENTED_EDGE('',*,*,#4167,.T.);
#2135=ORIENTED_EDGE('',*,*,#4168,.T.);
#2136=ORIENTED_EDGE('',*,*,#3824,.T.);
#2137=ORIENTED_EDGE('',*,*,#4169,.F.);
#2138=ORIENTED_EDGE('',*,*,#3842,.F.);
#2139=ORIENTED_EDGE('',*,*,#4170,.T.);
#2140=ORIENTED_EDGE('',*,*,#3848,.T.);
#2141=ORIENTED_EDGE('',*,*,#4171,.F.);
#2142=ORIENTED_EDGE('',*,*,#4052,.F.);
#2143=ORIENTED_EDGE('',*,*,#4172,.T.);
#2144=ORIENTED_EDGE('',*,*,#3843,.F.);
#2145=ORIENTED_EDGE('',*,*,#4169,.T.);
#2146=ORIENTED_EDGE('',*,*,#3823,.F.);
#2147=ORIENTED_EDGE('',*,*,#4173,.F.);
#2148=ORIENTED_EDGE('',*,*,#3819,.F.);
#2149=ORIENTED_EDGE('',*,*,#4174,.T.);
#2150=ORIENTED_EDGE('',*,*,#3836,.F.);
#2151=ORIENTED_EDGE('',*,*,#4175,.F.);
#2152=ORIENTED_EDGE('',*,*,#3832,.F.);
#2153=ORIENTED_EDGE('',*,*,#4176,.T.);
#2154=ORIENTED_EDGE('',*,*,#3811,.F.);
#2155=ORIENTED_EDGE('',*,*,#4177,.F.);
#2156=ORIENTED_EDGE('',*,*,#3807,.F.);
#2157=ORIENTED_EDGE('',*,*,#4178,.T.);
#2158=ORIENTED_EDGE('',*,*,#4001,.T.);
#2159=ORIENTED_EDGE('',*,*,#4179,.T.);
#2160=ORIENTED_EDGE('',*,*,#4180,.T.);
#2161=ORIENTED_EDGE('',*,*,#4181,.F.);
#2162=ORIENTED_EDGE('',*,*,#4009,.T.);
#2163=ORIENTED_EDGE('',*,*,#4027,.T.);
#2164=ORIENTED_EDGE('',*,*,#4022,.T.);
#2165=ORIENTED_EDGE('',*,*,#4182,.T.);
#2166=ORIENTED_EDGE('',*,*,#4183,.F.);
#2167=ORIENTED_EDGE('',*,*,#4184,.F.);
#2168=ORIENTED_EDGE('',*,*,#4185,.T.);
#2169=ORIENTED_EDGE('',*,*,#4186,.T.);
#2170=ORIENTED_EDGE('',*,*,#4086,.T.);
#2171=ORIENTED_EDGE('',*,*,#4187,.T.);
#2172=ORIENTED_EDGE('',*,*,#4188,.T.);
#2173=ORIENTED_EDGE('',*,*,#4189,.F.);
#2174=ORIENTED_EDGE('',*,*,#4190,.F.);
#2175=ORIENTED_EDGE('',*,*,#4191,.T.);
#2176=ORIENTED_EDGE('',*,*,#4068,.F.);
#2177=ORIENTED_EDGE('',*,*,#4092,.T.);
#2178=ORIENTED_EDGE('',*,*,#4192,.T.);
#2179=ORIENTED_EDGE('',*,*,#4193,.T.);
#2180=ORIENTED_EDGE('',*,*,#3981,.F.);
#2181=ORIENTED_EDGE('',*,*,#4194,.F.);
#2182=ORIENTED_EDGE('',*,*,#4053,.T.);
#2183=ORIENTED_EDGE('',*,*,#4171,.T.);
#2184=ORIENTED_EDGE('',*,*,#3847,.F.);
#2185=ORIENTED_EDGE('',*,*,#4195,.F.);
#2186=ORIENTED_EDGE('',*,*,#4196,.F.);
#2187=ORIENTED_EDGE('',*,*,#4154,.T.);
#2188=ORIENTED_EDGE('',*,*,#4197,.T.);
#2189=ORIENTED_EDGE('',*,*,#4198,.T.);
#2190=ORIENTED_EDGE('',*,*,#4199,.F.);
#2191=ORIENTED_EDGE('',*,*,#4200,.F.);
#2192=ORIENTED_EDGE('',*,*,#4201,.F.);
#2193=ORIENTED_EDGE('',*,*,#4202,.T.);
#2194=ORIENTED_EDGE('',*,*,#4203,.T.);
#2195=ORIENTED_EDGE('',*,*,#3833,.T.);
#2196=ORIENTED_EDGE('',*,*,#4174,.F.);
#2197=ORIENTED_EDGE('',*,*,#3818,.F.);
#2198=ORIENTED_EDGE('',*,*,#4204,.F.);
#2199=ORIENTED_EDGE('',*,*,#4151,.T.);
#2200=ORIENTED_EDGE('',*,*,#4205,.T.);
#2201=ORIENTED_EDGE('',*,*,#4206,.T.);
#2202=ORIENTED_EDGE('',*,*,#4207,.F.);
#2203=ORIENTED_EDGE('',*,*,#4208,.F.);
#2204=ORIENTED_EDGE('',*,*,#4209,.F.);
#2205=ORIENTED_EDGE('',*,*,#4210,.T.);
#2206=ORIENTED_EDGE('',*,*,#4211,.T.);
#2207=ORIENTED_EDGE('',*,*,#3812,.T.);
#2208=ORIENTED_EDGE('',*,*,#4176,.F.);
#2209=ORIENTED_EDGE('',*,*,#3831,.F.);
#2210=ORIENTED_EDGE('',*,*,#4212,.F.);
#2211=ORIENTED_EDGE('',*,*,#4148,.T.);
#2212=ORIENTED_EDGE('',*,*,#4008,.F.);
#2213=ORIENTED_EDGE('',*,*,#4213,.F.);
#2214=ORIENTED_EDGE('',*,*,#4214,.F.);
#2215=ORIENTED_EDGE('',*,*,#4215,.F.);
#2216=ORIENTED_EDGE('',*,*,#4216,.T.);
#2217=ORIENTED_EDGE('',*,*,#4002,.F.);
#2218=ORIENTED_EDGE('',*,*,#4178,.F.);
#2219=ORIENTED_EDGE('',*,*,#3806,.F.);
#2220=ORIENTED_EDGE('',*,*,#4217,.F.);
#2221=ORIENTED_EDGE('',*,*,#4218,.F.);
#2222=ORIENTED_EDGE('',*,*,#4219,.F.);
#2223=ORIENTED_EDGE('',*,*,#4220,.T.);
#2224=ORIENTED_EDGE('',*,*,#4221,.F.);
#2225=ORIENTED_EDGE('',*,*,#4222,.T.);
#2226=ORIENTED_EDGE('',*,*,#3921,.T.);
#2227=ORIENTED_EDGE('',*,*,#4223,.F.);
#2228=ORIENTED_EDGE('',*,*,#4224,.T.);
#2229=ORIENTED_EDGE('',*,*,#4225,.T.);
#2230=ORIENTED_EDGE('',*,*,#4226,.F.);
#2231=ORIENTED_EDGE('',*,*,#4020,.T.);
#2232=ORIENTED_EDGE('',*,*,#4026,.F.);
#2233=ORIENTED_EDGE('',*,*,#4013,.T.);
#2234=ORIENTED_EDGE('',*,*,#4070,.F.);
#2235=ORIENTED_EDGE('',*,*,#4227,.F.);
#2236=ORIENTED_EDGE('',*,*,#4228,.F.);
#2237=ORIENTED_EDGE('',*,*,#4229,.F.);
#2238=ORIENTED_EDGE('',*,*,#3919,.F.);
#2239=ORIENTED_EDGE('',*,*,#4230,.F.);
#2240=ORIENTED_EDGE('',*,*,#4073,.T.);
#2241=ORIENTED_EDGE('',*,*,#4231,.T.);
#2242=ORIENTED_EDGE('',*,*,#4023,.F.);
#2243=ORIENTED_EDGE('',*,*,#4015,.T.);
#2244=ORIENTED_EDGE('',*,*,#4232,.F.);
#2245=ORIENTED_EDGE('',*,*,#4233,.T.);
#2246=ORIENTED_EDGE('',*,*,#4234,.F.);
#2247=ORIENTED_EDGE('',*,*,#4235,.F.);
#2248=ORIENTED_EDGE('',*,*,#4236,.F.);
#2249=ORIENTED_EDGE('',*,*,#4237,.T.);
#2250=ORIENTED_EDGE('',*,*,#4238,.F.);
#2251=ORIENTED_EDGE('',*,*,#4239,.F.);
#2252=ORIENTED_EDGE('',*,*,#4240,.F.);
#2253=ORIENTED_EDGE('',*,*,#4241,.F.);
#2254=ORIENTED_EDGE('',*,*,#4134,.F.);
#2255=ORIENTED_EDGE('',*,*,#4115,.T.);
#2256=ORIENTED_EDGE('',*,*,#4241,.T.);
#2257=ORIENTED_EDGE('',*,*,#4242,.T.);
#2258=ORIENTED_EDGE('',*,*,#4243,.F.);
#2259=ORIENTED_EDGE('',*,*,#4135,.T.);
#2260=ORIENTED_EDGE('',*,*,#4243,.T.);
#2261=ORIENTED_EDGE('',*,*,#4244,.T.);
#2262=ORIENTED_EDGE('',*,*,#4078,.F.);
#2263=ORIENTED_EDGE('',*,*,#4136,.T.);
#2264=ORIENTED_EDGE('',*,*,#4076,.T.);
#2265=ORIENTED_EDGE('',*,*,#4245,.T.);
#2266=ORIENTED_EDGE('',*,*,#4246,.F.);
#2267=ORIENTED_EDGE('',*,*,#4137,.T.);
#2268=ORIENTED_EDGE('',*,*,#4247,.F.);
#2269=ORIENTED_EDGE('',*,*,#4107,.F.);
#2270=ORIENTED_EDGE('',*,*,#4139,.F.);
#2271=ORIENTED_EDGE('',*,*,#4248,.T.);
#2272=ORIENTED_EDGE('',*,*,#4246,.T.);
#2273=ORIENTED_EDGE('',*,*,#4249,.T.);
#2274=ORIENTED_EDGE('',*,*,#4248,.F.);
#2275=ORIENTED_EDGE('',*,*,#4138,.T.);
#2276=ORIENTED_EDGE('',*,*,#4007,.F.);
#2277=ORIENTED_EDGE('',*,*,#4250,.F.);
#2278=ORIENTED_EDGE('',*,*,#4047,.F.);
#2279=ORIENTED_EDGE('',*,*,#4165,.T.);
#2280=ORIENTED_EDGE('',*,*,#4251,.F.);
#2281=ORIENTED_EDGE('',*,*,#4161,.T.);
#2282=ORIENTED_EDGE('',*,*,#4252,.F.);
#2283=ORIENTED_EDGE('',*,*,#4199,.T.);
#2284=ORIENTED_EDGE('',*,*,#4253,.F.);
#2285=ORIENTED_EDGE('',*,*,#4207,.T.);
#2286=ORIENTED_EDGE('',*,*,#4254,.F.);
#2287=ORIENTED_EDGE('',*,*,#4213,.T.);
#2288=ORIENTED_EDGE('',*,*,#4006,.F.);
#2289=ORIENTED_EDGE('',*,*,#4255,.F.);
#2290=ORIENTED_EDGE('',*,*,#4048,.F.);
#2291=ORIENTED_EDGE('',*,*,#4250,.T.);
#2292=ORIENTED_EDGE('',*,*,#4256,.F.);
#2293=ORIENTED_EDGE('',*,*,#4257,.F.);
#2294=ORIENTED_EDGE('',*,*,#4258,.T.);
#2295=ORIENTED_EDGE('',*,*,#4259,.T.);
#2296=ORIENTED_EDGE('',*,*,#4260,.T.);
#2297=ORIENTED_EDGE('',*,*,#4261,.T.);
#2298=ORIENTED_EDGE('',*,*,#4262,.T.);
#2299=ORIENTED_EDGE('',*,*,#4263,.T.);
#2300=ORIENTED_EDGE('',*,*,#4264,.T.);
#2301=ORIENTED_EDGE('',*,*,#4265,.T.);
#2302=ORIENTED_EDGE('',*,*,#4266,.T.);
#2303=ORIENTED_EDGE('',*,*,#4267,.T.);
#2304=ORIENTED_EDGE('',*,*,#4268,.T.);
#2305=ORIENTED_EDGE('',*,*,#4269,.T.);
#2306=ORIENTED_EDGE('',*,*,#4270,.T.);
#2307=ORIENTED_EDGE('',*,*,#4271,.T.);
#2308=ORIENTED_EDGE('',*,*,#4272,.T.);
#2309=ORIENTED_EDGE('',*,*,#4273,.T.);
#2310=ORIENTED_EDGE('',*,*,#4274,.T.);
#2311=ORIENTED_EDGE('',*,*,#4275,.T.);
#2312=ORIENTED_EDGE('',*,*,#4276,.T.);
#2313=ORIENTED_EDGE('',*,*,#4277,.T.);
#2314=ORIENTED_EDGE('',*,*,#4278,.T.);
#2315=ORIENTED_EDGE('',*,*,#4279,.T.);
#2316=ORIENTED_EDGE('',*,*,#4280,.T.);
#2317=ORIENTED_EDGE('',*,*,#4281,.T.);
#2318=ORIENTED_EDGE('',*,*,#4282,.T.);
#2319=ORIENTED_EDGE('',*,*,#4283,.T.);
#2320=ORIENTED_EDGE('',*,*,#4284,.T.);
#2321=ORIENTED_EDGE('',*,*,#4285,.T.);
#2322=ORIENTED_EDGE('',*,*,#4286,.T.);
#2323=ORIENTED_EDGE('',*,*,#4287,.T.);
#2324=ORIENTED_EDGE('',*,*,#4288,.T.);
#2325=ORIENTED_EDGE('',*,*,#4289,.T.);
#2326=ORIENTED_EDGE('',*,*,#4005,.F.);
#2327=ORIENTED_EDGE('',*,*,#4290,.F.);
#2328=ORIENTED_EDGE('',*,*,#4049,.F.);
#2329=ORIENTED_EDGE('',*,*,#4255,.T.);
#2330=ORIENTED_EDGE('',*,*,#4004,.F.);
#2331=ORIENTED_EDGE('',*,*,#4291,.F.);
#2332=ORIENTED_EDGE('',*,*,#4050,.F.);
#2333=ORIENTED_EDGE('',*,*,#4290,.T.);
#2334=ORIENTED_EDGE('',*,*,#4003,.F.);
#2335=ORIENTED_EDGE('',*,*,#4216,.F.);
#2336=ORIENTED_EDGE('',*,*,#4292,.F.);
#2337=ORIENTED_EDGE('',*,*,#4210,.F.);
#2338=ORIENTED_EDGE('',*,*,#4293,.F.);
#2339=ORIENTED_EDGE('',*,*,#4202,.F.);
#2340=ORIENTED_EDGE('',*,*,#4294,.F.);
#2341=ORIENTED_EDGE('',*,*,#4167,.F.);
#2342=ORIENTED_EDGE('',*,*,#4295,.F.);
#2343=ORIENTED_EDGE('',*,*,#4172,.F.);
#2344=ORIENTED_EDGE('',*,*,#4051,.F.);
#2345=ORIENTED_EDGE('',*,*,#4291,.T.);
#2346=ORIENTED_EDGE('',*,*,#4296,.F.);
#2347=ORIENTED_EDGE('',*,*,#4297,.F.);
#2348=ORIENTED_EDGE('',*,*,#4298,.T.);
#2349=ORIENTED_EDGE('',*,*,#4183,.T.);
#2350=ORIENTED_EDGE('',*,*,#4190,.T.);
#2351=ORIENTED_EDGE('',*,*,#4299,.F.);
#2352=ORIENTED_EDGE('',*,*,#4300,.F.);
#2353=ORIENTED_EDGE('',*,*,#4301,.T.);
#2354=ORIENTED_EDGE('',*,*,#4297,.T.);
#2355=ORIENTED_EDGE('',*,*,#4302,.F.);
#2356=ORIENTED_EDGE('',*,*,#4097,.F.);
#2357=ORIENTED_EDGE('',*,*,#4303,.T.);
#2358=ORIENTED_EDGE('',*,*,#4088,.F.);
#2359=ORIENTED_EDGE('',*,*,#4304,.T.);
#2360=ORIENTED_EDGE('',*,*,#4305,.F.);
#2361=ORIENTED_EDGE('',*,*,#4306,.T.);
#2362=ORIENTED_EDGE('',*,*,#4307,.T.);
#2363=ORIENTED_EDGE('',*,*,#4308,.F.);
#2364=ORIENTED_EDGE('',*,*,#4309,.T.);
#2365=ORIENTED_EDGE('',*,*,#4084,.F.);
#2366=ORIENTED_EDGE('',*,*,#4310,.F.);
#2367=ORIENTED_EDGE('',*,*,#4222,.F.);
#2368=ORIENTED_EDGE('',*,*,#4311,.F.);
#2369=ORIENTED_EDGE('',*,*,#4300,.T.);
#2370=ORIENTED_EDGE('',*,*,#4312,.T.);
#2371=ORIENTED_EDGE('',*,*,#4313,.F.);
#2372=ORIENTED_EDGE('',*,*,#4104,.T.);
#2373=ORIENTED_EDGE('',*,*,#3915,.F.);
#2374=ORIENTED_EDGE('',*,*,#4108,.T.);
#2375=ORIENTED_EDGE('',*,*,#4247,.T.);
#2376=ORIENTED_EDGE('',*,*,#4249,.F.);
#2377=ORIENTED_EDGE('',*,*,#4245,.F.);
#2378=ORIENTED_EDGE('',*,*,#4075,.F.);
#2379=ORIENTED_EDGE('',*,*,#4314,.F.);
#2380=ORIENTED_EDGE('',*,*,#4239,.T.);
#2381=ORIENTED_EDGE('',*,*,#4315,.F.);
#2382=ORIENTED_EDGE('',*,*,#4316,.F.);
#2383=ORIENTED_EDGE('',*,*,#4317,.F.);
#2384=ORIENTED_EDGE('',*,*,#4318,.F.);
#2385=ORIENTED_EDGE('',*,*,#4123,.T.);
#2386=ORIENTED_EDGE('',*,*,#4319,.T.);
#2387=ORIENTED_EDGE('',*,*,#4079,.F.);
#2388=ORIENTED_EDGE('',*,*,#4244,.F.);
#2389=ORIENTED_EDGE('',*,*,#4242,.F.);
#2390=ORIENTED_EDGE('',*,*,#4240,.T.);
#2391=ORIENTED_EDGE('',*,*,#4114,.T.);
#2392=ORIENTED_EDGE('',*,*,#3911,.F.);
#2393=ORIENTED_EDGE('',*,*,#4118,.T.);
#2394=ORIENTED_EDGE('',*,*,#4320,.F.);
#2395=ORIENTED_EDGE('',*,*,#4321,.T.);
#2396=ORIENTED_EDGE('',*,*,#4322,.F.);
#2397=ORIENTED_EDGE('',*,*,#4142,.F.);
#2398=ORIENTED_EDGE('',*,*,#4323,.F.);
#2399=ORIENTED_EDGE('',*,*,#4316,.T.);
#2400=ORIENTED_EDGE('',*,*,#4317,.T.);
#2401=ORIENTED_EDGE('',*,*,#4324,.T.);
#2402=ORIENTED_EDGE('',*,*,#4131,.F.);
#2403=ORIENTED_EDGE('',*,*,#4325,.T.);
#2404=ORIENTED_EDGE('',*,*,#4143,.T.);
#2405=ORIENTED_EDGE('',*,*,#4322,.T.);
#2406=ORIENTED_EDGE('',*,*,#4315,.T.);
#2407=ORIENTED_EDGE('',*,*,#4238,.T.);
#2408=ORIENTED_EDGE('',*,*,#3996,.T.);
#2409=ORIENTED_EDGE('',*,*,#3992,.T.);
#2410=ORIENTED_EDGE('',*,*,#4232,.T.);
#2411=ORIENTED_EDGE('',*,*,#4018,.T.);
#2412=ORIENTED_EDGE('',*,*,#4302,.T.);
#2413=ORIENTED_EDGE('',*,*,#4296,.T.);
#2414=ORIENTED_EDGE('',*,*,#4182,.F.);
#2415=ORIENTED_EDGE('',*,*,#4021,.T.);
#2416=ORIENTED_EDGE('',*,*,#4226,.T.);
#2417=ORIENTED_EDGE('',*,*,#3988,.T.);
#2418=ORIENTED_EDGE('',*,*,#3994,.T.);
#2419=ORIENTED_EDGE('',*,*,#4098,.T.);
#2420=ORIENTED_EDGE('',*,*,#4326,.F.);
#2421=ORIENTED_EDGE('',*,*,#4327,.T.);
#2422=ORIENTED_EDGE('',*,*,#4144,.T.);
#2423=ORIENTED_EDGE('',*,*,#4024,.T.);
#2424=ORIENTED_EDGE('',*,*,#4231,.F.);
#2425=ORIENTED_EDGE('',*,*,#4072,.F.);
#2426=ORIENTED_EDGE('',*,*,#4328,.F.);
#2427=ORIENTED_EDGE('',*,*,#4192,.F.);
#2428=ORIENTED_EDGE('',*,*,#4091,.F.);
#2429=ORIENTED_EDGE('',*,*,#4031,.T.);
#2430=ORIENTED_EDGE('',*,*,#4082,.T.);
#2431=ORIENTED_EDGE('',*,*,#4329,.T.);
#2432=ORIENTED_EDGE('',*,*,#4130,.T.);
#2433=ORIENTED_EDGE('',*,*,#4065,.F.);
#2434=ORIENTED_EDGE('',*,*,#4038,.T.);
#2435=ORIENTED_EDGE('',*,*,#4330,.F.);
#2436=ORIENTED_EDGE('',*,*,#4331,.T.);
#2437=ORIENTED_EDGE('',*,*,#4124,.T.);
#2438=ORIENTED_EDGE('',*,*,#4318,.T.);
#2439=ORIENTED_EDGE('',*,*,#4325,.F.);
#2440=ORIENTED_EDGE('',*,*,#4311,.T.);
#2441=ORIENTED_EDGE('',*,*,#4221,.T.);
#2442=ORIENTED_EDGE('',*,*,#4063,.T.);
#2443=ORIENTED_EDGE('',*,*,#4332,.T.);
#2444=ORIENTED_EDGE('',*,*,#4034,.T.);
#2445=ORIENTED_EDGE('',*,*,#4069,.F.);
#2446=ORIENTED_EDGE('',*,*,#4191,.F.);
#2447=ORIENTED_EDGE('',*,*,#4301,.F.);
#2448=ORIENTED_EDGE('',*,*,#4324,.F.);
#2449=ORIENTED_EDGE('',*,*,#4321,.F.);
#2450=ORIENTED_EDGE('',*,*,#4333,.F.);
#2451=ORIENTED_EDGE('',*,*,#4132,.F.);
#2452=ORIENTED_EDGE('',*,*,#4133,.T.);
#2453=ORIENTED_EDGE('',*,*,#4333,.T.);
#2454=ORIENTED_EDGE('',*,*,#4320,.T.);
#2455=ORIENTED_EDGE('',*,*,#4117,.F.);
#2456=ORIENTED_EDGE('',*,*,#4334,.T.);
#2457=ORIENTED_EDGE('',*,*,#4312,.F.);
#2458=ORIENTED_EDGE('',*,*,#4323,.T.);
#2459=ORIENTED_EDGE('',*,*,#4141,.F.);
#2460=ORIENTED_EDGE('',*,*,#4140,.T.);
#2461=ORIENTED_EDGE('',*,*,#4105,.T.);
#2462=ORIENTED_EDGE('',*,*,#4313,.T.);
#2463=ORIENTED_EDGE('',*,*,#4334,.F.);
#2464=ORIENTED_EDGE('',*,*,#4185,.F.);
#2465=ORIENTED_EDGE('',*,*,#4335,.F.);
#2466=ORIENTED_EDGE('',*,*,#4305,.T.);
#2467=ORIENTED_EDGE('',*,*,#4336,.F.);
#2468=ORIENTED_EDGE('',*,*,#4337,.T.);
#2469=ORIENTED_EDGE('',*,*,#4188,.F.);
#2470=ORIENTED_EDGE('',*,*,#4338,.T.);
#2471=ORIENTED_EDGE('',*,*,#4308,.T.);
#2472=ORIENTED_EDGE('',*,*,#4335,.T.);
#2473=ORIENTED_EDGE('',*,*,#4184,.T.);
#2474=ORIENTED_EDGE('',*,*,#4298,.F.);
#2475=ORIENTED_EDGE('',*,*,#4306,.F.);
#2476=ORIENTED_EDGE('',*,*,#4299,.T.);
#2477=ORIENTED_EDGE('',*,*,#4189,.T.);
#2478=ORIENTED_EDGE('',*,*,#4337,.F.);
#2479=ORIENTED_EDGE('',*,*,#4307,.F.);
#2480=ORIENTED_EDGE('',*,*,#3904,.T.);
#2481=ORIENTED_EDGE('',*,*,#4217,.T.);
#2482=ORIENTED_EDGE('',*,*,#4310,.T.);
#2483=ORIENTED_EDGE('',*,*,#4083,.F.);
#2484=ORIENTED_EDGE('',*,*,#4029,.T.);
#2485=ORIENTED_EDGE('',*,*,#4096,.T.);
#2486=ORIENTED_EDGE('',*,*,#3922,.T.);
#2487=ORIENTED_EDGE('',*,*,#4227,.T.);
#2488=ORIENTED_EDGE('',*,*,#4089,.F.);
#2489=ORIENTED_EDGE('',*,*,#4303,.F.);
#2490=ORIENTED_EDGE('',*,*,#4230,.T.);
#2491=ORIENTED_EDGE('',*,*,#3918,.T.);
#2492=ORIENTED_EDGE('',*,*,#4234,.T.);
#2493=ORIENTED_EDGE('',*,*,#4314,.T.);
#2494=ORIENTED_EDGE('',*,*,#4074,.F.);
#2495=ORIENTED_EDGE('',*,*,#4043,.T.);
#2496=ORIENTED_EDGE('',*,*,#4080,.F.);
#2497=ORIENTED_EDGE('',*,*,#4319,.F.);
#2498=ORIENTED_EDGE('',*,*,#4122,.T.);
#2499=ORIENTED_EDGE('',*,*,#3908,.T.);
#2500=ORIENTED_EDGE('',*,*,#4085,.T.);
#2501=ORIENTED_EDGE('',*,*,#4309,.F.);
#2502=ORIENTED_EDGE('',*,*,#4338,.F.);
#2503=ORIENTED_EDGE('',*,*,#4187,.F.);
#2504=ORIENTED_EDGE('',*,*,#4336,.T.);
#2505=ORIENTED_EDGE('',*,*,#4304,.F.);
#2506=ORIENTED_EDGE('',*,*,#4087,.F.);
#2507=ORIENTED_EDGE('',*,*,#4186,.F.);
#2508=ORIENTED_EDGE('',*,*,#4339,.F.);
#2509=ORIENTED_EDGE('',*,*,#3813,.F.);
#2510=ORIENTED_EDGE('',*,*,#4149,.T.);
#2511=ORIENTED_EDGE('',*,*,#4212,.T.);
#2512=ORIENTED_EDGE('',*,*,#4340,.T.);
#2513=ORIENTED_EDGE('',*,*,#4205,.F.);
#2514=ORIENTED_EDGE('',*,*,#4150,.T.);
#2515=ORIENTED_EDGE('',*,*,#3815,.T.);
#2516=ORIENTED_EDGE('',*,*,#4341,.F.);
#2517=ORIENTED_EDGE('',*,*,#3808,.T.);
#2518=ORIENTED_EDGE('',*,*,#4177,.T.);
#2519=ORIENTED_EDGE('',*,*,#3810,.F.);
#2520=ORIENTED_EDGE('',*,*,#4204,.T.);
#2521=ORIENTED_EDGE('',*,*,#4342,.F.);
#2522=ORIENTED_EDGE('',*,*,#3837,.F.);
#2523=ORIENTED_EDGE('',*,*,#4152,.T.);
#2524=ORIENTED_EDGE('',*,*,#3839,.T.);
#2525=ORIENTED_EDGE('',*,*,#4343,.T.);
#2526=ORIENTED_EDGE('',*,*,#4197,.F.);
#2527=ORIENTED_EDGE('',*,*,#4153,.T.);
#2528=ORIENTED_EDGE('',*,*,#4344,.T.);
#2529=ORIENTED_EDGE('',*,*,#3829,.T.);
#2530=ORIENTED_EDGE('',*,*,#4175,.T.);
#2531=ORIENTED_EDGE('',*,*,#3835,.F.);
#2532=ORIENTED_EDGE('',*,*,#4345,.F.);
#2533=ORIENTED_EDGE('',*,*,#3825,.F.);
#2534=ORIENTED_EDGE('',*,*,#4155,.T.);
#2535=ORIENTED_EDGE('',*,*,#4196,.T.);
#2536=ORIENTED_EDGE('',*,*,#4346,.T.);
#2537=ORIENTED_EDGE('',*,*,#4159,.F.);
#2538=ORIENTED_EDGE('',*,*,#4156,.T.);
#2539=ORIENTED_EDGE('',*,*,#3827,.T.);
#2540=ORIENTED_EDGE('',*,*,#4347,.F.);
#2541=ORIENTED_EDGE('',*,*,#3820,.T.);
#2542=ORIENTED_EDGE('',*,*,#4173,.T.);
#2543=ORIENTED_EDGE('',*,*,#3822,.F.);
#2544=ORIENTED_EDGE('',*,*,#4348,.F.);
#2545=ORIENTED_EDGE('',*,*,#3849,.F.);
#2546=ORIENTED_EDGE('',*,*,#4125,.T.);
#2547=ORIENTED_EDGE('',*,*,#4158,.T.);
#2548=ORIENTED_EDGE('',*,*,#4349,.T.);
#2549=ORIENTED_EDGE('',*,*,#4163,.F.);
#2550=ORIENTED_EDGE('',*,*,#4126,.T.);
#2551=ORIENTED_EDGE('',*,*,#3851,.T.);
#2552=ORIENTED_EDGE('',*,*,#4350,.F.);
#2553=ORIENTED_EDGE('',*,*,#3844,.T.);
#2554=ORIENTED_EDGE('',*,*,#4195,.T.);
#2555=ORIENTED_EDGE('',*,*,#3846,.F.);
#2556=ORIENTED_EDGE('',*,*,#4283,.F.);
#2557=ORIENTED_EDGE('',*,*,#4351,.F.);
#2558=ORIENTED_EDGE('',*,*,#4352,.T.);
#2559=ORIENTED_EDGE('',*,*,#4353,.T.);
#2560=ORIENTED_EDGE('',*,*,#4284,.F.);
#2561=ORIENTED_EDGE('',*,*,#4353,.F.);
#2562=ORIENTED_EDGE('',*,*,#4354,.T.);
#2563=ORIENTED_EDGE('',*,*,#4355,.T.);
#2564=ORIENTED_EDGE('',*,*,#4285,.F.);
#2565=ORIENTED_EDGE('',*,*,#4355,.F.);
#2566=ORIENTED_EDGE('',*,*,#4356,.T.);
#2567=ORIENTED_EDGE('',*,*,#4357,.T.);
#2568=ORIENTED_EDGE('',*,*,#4286,.F.);
#2569=ORIENTED_EDGE('',*,*,#4357,.F.);
#2570=ORIENTED_EDGE('',*,*,#4358,.T.);
#2571=ORIENTED_EDGE('',*,*,#4359,.T.);
#2572=ORIENTED_EDGE('',*,*,#4287,.F.);
#2573=ORIENTED_EDGE('',*,*,#4359,.F.);
#2574=ORIENTED_EDGE('',*,*,#4360,.T.);
#2575=ORIENTED_EDGE('',*,*,#4361,.T.);
#2576=ORIENTED_EDGE('',*,*,#4288,.F.);
#2577=ORIENTED_EDGE('',*,*,#4361,.F.);
#2578=ORIENTED_EDGE('',*,*,#4362,.T.);
#2579=ORIENTED_EDGE('',*,*,#4363,.T.);
#2580=ORIENTED_EDGE('',*,*,#4289,.F.);
#2581=ORIENTED_EDGE('',*,*,#4363,.F.);
#2582=ORIENTED_EDGE('',*,*,#4364,.T.);
#2583=ORIENTED_EDGE('',*,*,#4365,.T.);
#2584=ORIENTED_EDGE('',*,*,#4282,.F.);
#2585=ORIENTED_EDGE('',*,*,#4365,.F.);
#2586=ORIENTED_EDGE('',*,*,#4366,.T.);
#2587=ORIENTED_EDGE('',*,*,#4351,.T.);
#2588=ORIENTED_EDGE('',*,*,#4352,.F.);
#2589=ORIENTED_EDGE('',*,*,#4366,.F.);
#2590=ORIENTED_EDGE('',*,*,#4364,.F.);
#2591=ORIENTED_EDGE('',*,*,#4362,.F.);
#2592=ORIENTED_EDGE('',*,*,#4360,.F.);
#2593=ORIENTED_EDGE('',*,*,#4358,.F.);
#2594=ORIENTED_EDGE('',*,*,#4356,.F.);
#2595=ORIENTED_EDGE('',*,*,#4354,.F.);
#2596=ORIENTED_EDGE('',*,*,#4275,.F.);
#2597=ORIENTED_EDGE('',*,*,#4367,.F.);
#2598=ORIENTED_EDGE('',*,*,#4368,.T.);
#2599=ORIENTED_EDGE('',*,*,#4369,.T.);
#2600=ORIENTED_EDGE('',*,*,#4276,.F.);
#2601=ORIENTED_EDGE('',*,*,#4369,.F.);
#2602=ORIENTED_EDGE('',*,*,#4370,.T.);
#2603=ORIENTED_EDGE('',*,*,#4371,.T.);
#2604=ORIENTED_EDGE('',*,*,#4277,.F.);
#2605=ORIENTED_EDGE('',*,*,#4371,.F.);
#2606=ORIENTED_EDGE('',*,*,#4372,.T.);
#2607=ORIENTED_EDGE('',*,*,#4373,.T.);
#2608=ORIENTED_EDGE('',*,*,#4278,.F.);
#2609=ORIENTED_EDGE('',*,*,#4373,.F.);
#2610=ORIENTED_EDGE('',*,*,#4374,.T.);
#2611=ORIENTED_EDGE('',*,*,#4375,.T.);
#2612=ORIENTED_EDGE('',*,*,#4279,.F.);
#2613=ORIENTED_EDGE('',*,*,#4375,.F.);
#2614=ORIENTED_EDGE('',*,*,#4376,.T.);
#2615=ORIENTED_EDGE('',*,*,#4377,.T.);
#2616=ORIENTED_EDGE('',*,*,#4280,.F.);
#2617=ORIENTED_EDGE('',*,*,#4377,.F.);
#2618=ORIENTED_EDGE('',*,*,#4378,.T.);
#2619=ORIENTED_EDGE('',*,*,#4379,.T.);
#2620=ORIENTED_EDGE('',*,*,#4281,.F.);
#2621=ORIENTED_EDGE('',*,*,#4379,.F.);
#2622=ORIENTED_EDGE('',*,*,#4380,.T.);
#2623=ORIENTED_EDGE('',*,*,#4381,.T.);
#2624=ORIENTED_EDGE('',*,*,#4274,.F.);
#2625=ORIENTED_EDGE('',*,*,#4381,.F.);
#2626=ORIENTED_EDGE('',*,*,#4382,.T.);
#2627=ORIENTED_EDGE('',*,*,#4367,.T.);
#2628=ORIENTED_EDGE('',*,*,#4368,.F.);
#2629=ORIENTED_EDGE('',*,*,#4382,.F.);
#2630=ORIENTED_EDGE('',*,*,#4380,.F.);
#2631=ORIENTED_EDGE('',*,*,#4378,.F.);
#2632=ORIENTED_EDGE('',*,*,#4376,.F.);
#2633=ORIENTED_EDGE('',*,*,#4374,.F.);
#2634=ORIENTED_EDGE('',*,*,#4372,.F.);
#2635=ORIENTED_EDGE('',*,*,#4370,.F.);
#2636=ORIENTED_EDGE('',*,*,#4267,.F.);
#2637=ORIENTED_EDGE('',*,*,#4383,.F.);
#2638=ORIENTED_EDGE('',*,*,#4384,.T.);
#2639=ORIENTED_EDGE('',*,*,#4385,.T.);
#2640=ORIENTED_EDGE('',*,*,#4268,.F.);
#2641=ORIENTED_EDGE('',*,*,#4385,.F.);
#2642=ORIENTED_EDGE('',*,*,#4386,.T.);
#2643=ORIENTED_EDGE('',*,*,#4387,.T.);
#2644=ORIENTED_EDGE('',*,*,#4269,.F.);
#2645=ORIENTED_EDGE('',*,*,#4387,.F.);
#2646=ORIENTED_EDGE('',*,*,#4388,.T.);
#2647=ORIENTED_EDGE('',*,*,#4389,.T.);
#2648=ORIENTED_EDGE('',*,*,#4270,.F.);
#2649=ORIENTED_EDGE('',*,*,#4389,.F.);
#2650=ORIENTED_EDGE('',*,*,#4390,.T.);
#2651=ORIENTED_EDGE('',*,*,#4391,.T.);
#2652=ORIENTED_EDGE('',*,*,#4271,.F.);
#2653=ORIENTED_EDGE('',*,*,#4391,.F.);
#2654=ORIENTED_EDGE('',*,*,#4392,.T.);
#2655=ORIENTED_EDGE('',*,*,#4393,.T.);
#2656=ORIENTED_EDGE('',*,*,#4272,.F.);
#2657=ORIENTED_EDGE('',*,*,#4393,.F.);
#2658=ORIENTED_EDGE('',*,*,#4394,.T.);
#2659=ORIENTED_EDGE('',*,*,#4395,.T.);
#2660=ORIENTED_EDGE('',*,*,#4273,.F.);
#2661=ORIENTED_EDGE('',*,*,#4395,.F.);
#2662=ORIENTED_EDGE('',*,*,#4396,.T.);
#2663=ORIENTED_EDGE('',*,*,#4397,.T.);
#2664=ORIENTED_EDGE('',*,*,#4266,.F.);
#2665=ORIENTED_EDGE('',*,*,#4397,.F.);
#2666=ORIENTED_EDGE('',*,*,#4398,.T.);
#2667=ORIENTED_EDGE('',*,*,#4383,.T.);
#2668=ORIENTED_EDGE('',*,*,#4384,.F.);
#2669=ORIENTED_EDGE('',*,*,#4398,.F.);
#2670=ORIENTED_EDGE('',*,*,#4396,.F.);
#2671=ORIENTED_EDGE('',*,*,#4394,.F.);
#2672=ORIENTED_EDGE('',*,*,#4392,.F.);
#2673=ORIENTED_EDGE('',*,*,#4390,.F.);
#2674=ORIENTED_EDGE('',*,*,#4388,.F.);
#2675=ORIENTED_EDGE('',*,*,#4386,.F.);
#2676=ORIENTED_EDGE('',*,*,#4259,.F.);
#2677=ORIENTED_EDGE('',*,*,#4399,.F.);
#2678=ORIENTED_EDGE('',*,*,#4400,.T.);
#2679=ORIENTED_EDGE('',*,*,#4401,.T.);
#2680=ORIENTED_EDGE('',*,*,#4260,.F.);
#2681=ORIENTED_EDGE('',*,*,#4401,.F.);
#2682=ORIENTED_EDGE('',*,*,#4402,.T.);
#2683=ORIENTED_EDGE('',*,*,#4403,.T.);
#2684=ORIENTED_EDGE('',*,*,#4261,.F.);
#2685=ORIENTED_EDGE('',*,*,#4403,.F.);
#2686=ORIENTED_EDGE('',*,*,#4404,.T.);
#2687=ORIENTED_EDGE('',*,*,#4405,.T.);
#2688=ORIENTED_EDGE('',*,*,#4262,.F.);
#2689=ORIENTED_EDGE('',*,*,#4405,.F.);
#2690=ORIENTED_EDGE('',*,*,#4406,.T.);
#2691=ORIENTED_EDGE('',*,*,#4407,.T.);
#2692=ORIENTED_EDGE('',*,*,#4263,.F.);
#2693=ORIENTED_EDGE('',*,*,#4407,.F.);
#2694=ORIENTED_EDGE('',*,*,#4408,.T.);
#2695=ORIENTED_EDGE('',*,*,#4409,.T.);
#2696=ORIENTED_EDGE('',*,*,#4264,.F.);
#2697=ORIENTED_EDGE('',*,*,#4409,.F.);
#2698=ORIENTED_EDGE('',*,*,#4410,.T.);
#2699=ORIENTED_EDGE('',*,*,#4411,.T.);
#2700=ORIENTED_EDGE('',*,*,#4265,.F.);
#2701=ORIENTED_EDGE('',*,*,#4411,.F.);
#2702=ORIENTED_EDGE('',*,*,#4412,.T.);
#2703=ORIENTED_EDGE('',*,*,#4413,.T.);
#2704=ORIENTED_EDGE('',*,*,#4258,.F.);
#2705=ORIENTED_EDGE('',*,*,#4413,.F.);
#2706=ORIENTED_EDGE('',*,*,#4414,.T.);
#2707=ORIENTED_EDGE('',*,*,#4399,.T.);
#2708=ORIENTED_EDGE('',*,*,#4400,.F.);
#2709=ORIENTED_EDGE('',*,*,#4414,.F.);
#2710=ORIENTED_EDGE('',*,*,#4412,.F.);
#2711=ORIENTED_EDGE('',*,*,#4410,.F.);
#2712=ORIENTED_EDGE('',*,*,#4408,.F.);
#2713=ORIENTED_EDGE('',*,*,#4406,.F.);
#2714=ORIENTED_EDGE('',*,*,#4404,.F.);
#2715=ORIENTED_EDGE('',*,*,#4402,.F.);
#2716=ORIENTED_EDGE('',*,*,#4415,.T.);
#2717=ORIENTED_EDGE('',*,*,#4257,.T.);
#2718=ORIENTED_EDGE('',*,*,#4415,.F.);
#2719=ORIENTED_EDGE('',*,*,#4416,.T.);
#2720=ORIENTED_EDGE('',*,*,#4256,.T.);
#2721=ORIENTED_EDGE('',*,*,#4416,.F.);
#2722=ORIENTED_EDGE('',*,*,#4417,.T.);
#2723=ORIENTED_EDGE('',*,*,#4418,.T.);
#2724=ORIENTED_EDGE('',*,*,#4331,.F.);
#2725=ORIENTED_EDGE('',*,*,#3953,.T.);
#2726=ORIENTED_EDGE('',*,*,#4419,.F.);
#2727=ORIENTED_EDGE('',*,*,#3889,.F.);
#2728=ORIENTED_EDGE('',*,*,#4420,.T.);
#2729=ORIENTED_EDGE('',*,*,#3960,.T.);
#2730=ORIENTED_EDGE('',*,*,#4421,.F.);
#2731=ORIENTED_EDGE('',*,*,#3890,.F.);
#2732=ORIENTED_EDGE('',*,*,#4419,.T.);
#2733=ORIENTED_EDGE('',*,*,#3959,.T.);
#2734=ORIENTED_EDGE('',*,*,#4422,.F.);
#2735=ORIENTED_EDGE('',*,*,#3891,.F.);
#2736=ORIENTED_EDGE('',*,*,#4421,.T.);
#2737=ORIENTED_EDGE('',*,*,#3958,.T.);
#2738=ORIENTED_EDGE('',*,*,#4423,.F.);
#2739=ORIENTED_EDGE('',*,*,#3892,.F.);
#2740=ORIENTED_EDGE('',*,*,#4422,.T.);
#2741=ORIENTED_EDGE('',*,*,#3957,.T.);
#2742=ORIENTED_EDGE('',*,*,#4424,.F.);
#2743=ORIENTED_EDGE('',*,*,#3893,.F.);
#2744=ORIENTED_EDGE('',*,*,#4423,.T.);
#2745=ORIENTED_EDGE('',*,*,#3956,.T.);
#2746=ORIENTED_EDGE('',*,*,#4425,.F.);
#2747=ORIENTED_EDGE('',*,*,#3894,.F.);
#2748=ORIENTED_EDGE('',*,*,#4424,.T.);
#2749=ORIENTED_EDGE('',*,*,#3955,.T.);
#2750=ORIENTED_EDGE('',*,*,#4426,.F.);
#2751=ORIENTED_EDGE('',*,*,#3895,.F.);
#2752=ORIENTED_EDGE('',*,*,#4425,.T.);
#2753=ORIENTED_EDGE('',*,*,#3993,.F.);
#2754=ORIENTED_EDGE('',*,*,#4427,.T.);
#2755=ORIENTED_EDGE('',*,*,#4428,.F.);
#2756=ORIENTED_EDGE('',*,*,#4093,.F.);
#2757=ORIENTED_EDGE('',*,*,#4429,.F.);
#2758=ORIENTED_EDGE('',*,*,#3928,.F.);
#2759=ORIENTED_EDGE('',*,*,#4430,.F.);
#2760=ORIENTED_EDGE('',*,*,#4094,.T.);
#2761=ORIENTED_EDGE('',*,*,#4428,.T.);
#2762=ORIENTED_EDGE('',*,*,#3927,.F.);
#2763=ORIENTED_EDGE('',*,*,#4431,.F.);
#2764=ORIENTED_EDGE('',*,*,#3923,.T.);
#2765=ORIENTED_EDGE('',*,*,#4095,.T.);
#2766=ORIENTED_EDGE('',*,*,#4430,.T.);
#2767=ORIENTED_EDGE('',*,*,#3926,.T.);
#2768=ORIENTED_EDGE('',*,*,#3858,.F.);
#2769=ORIENTED_EDGE('',*,*,#3924,.F.);
#2770=ORIENTED_EDGE('',*,*,#4431,.T.);
#2771=ORIENTED_EDGE('',*,*,#3952,.T.);
#2772=ORIENTED_EDGE('',*,*,#4432,.F.);
#2773=ORIENTED_EDGE('',*,*,#3898,.F.);
#2774=ORIENTED_EDGE('',*,*,#3868,.T.);
#2775=ORIENTED_EDGE('',*,*,#3951,.F.);
#2776=ORIENTED_EDGE('',*,*,#4433,.F.);
#2777=ORIENTED_EDGE('',*,*,#3899,.T.);
#2778=ORIENTED_EDGE('',*,*,#4432,.T.);
#2779=ORIENTED_EDGE('',*,*,#3950,.T.);
#2780=ORIENTED_EDGE('',*,*,#3875,.F.);
#2781=ORIENTED_EDGE('',*,*,#3900,.F.);
#2782=ORIENTED_EDGE('',*,*,#4433,.T.);
#2783=ORIENTED_EDGE('',*,*,#3948,.T.);
#2784=ORIENTED_EDGE('',*,*,#4434,.F.);
#2785=ORIENTED_EDGE('',*,*,#3902,.F.);
#2786=ORIENTED_EDGE('',*,*,#3885,.T.);
#2787=ORIENTED_EDGE('',*,*,#3947,.F.);
#2788=ORIENTED_EDGE('',*,*,#4435,.F.);
#2789=ORIENTED_EDGE('',*,*,#4218,.T.);
#2790=ORIENTED_EDGE('',*,*,#3903,.T.);
#2791=ORIENTED_EDGE('',*,*,#4434,.T.);
#2792=ORIENTED_EDGE('',*,*,#4436,.F.);
#2793=ORIENTED_EDGE('',*,*,#4437,.F.);
#2794=ORIENTED_EDGE('',*,*,#4219,.T.);
#2795=ORIENTED_EDGE('',*,*,#4435,.T.);
#2796=ORIENTED_EDGE('',*,*,#3946,.F.);
#2797=ORIENTED_EDGE('',*,*,#4437,.T.);
#2798=ORIENTED_EDGE('',*,*,#4438,.T.);
#2799=ORIENTED_EDGE('',*,*,#4061,.F.);
#2800=ORIENTED_EDGE('',*,*,#4220,.F.);
#2801=ORIENTED_EDGE('',*,*,#4418,.F.);
#2802=ORIENTED_EDGE('',*,*,#4439,.T.);
#2803=ORIENTED_EDGE('',*,*,#4440,.F.);
#2804=ORIENTED_EDGE('',*,*,#4119,.F.);
#2805=ORIENTED_EDGE('',*,*,#4441,.F.);
#2806=ORIENTED_EDGE('',*,*,#3944,.F.);
#2807=ORIENTED_EDGE('',*,*,#4442,.F.);
#2808=ORIENTED_EDGE('',*,*,#4120,.T.);
#2809=ORIENTED_EDGE('',*,*,#4440,.T.);
#2810=ORIENTED_EDGE('',*,*,#3943,.F.);
#2811=ORIENTED_EDGE('',*,*,#4443,.F.);
#2812=ORIENTED_EDGE('',*,*,#3909,.T.);
#2813=ORIENTED_EDGE('',*,*,#4121,.T.);
#2814=ORIENTED_EDGE('',*,*,#4442,.T.);
#2815=ORIENTED_EDGE('',*,*,#3942,.T.);
#2816=ORIENTED_EDGE('',*,*,#4444,.F.);
#2817=ORIENTED_EDGE('',*,*,#4109,.F.);
#2818=ORIENTED_EDGE('',*,*,#3910,.F.);
#2819=ORIENTED_EDGE('',*,*,#4443,.T.);
#2820=ORIENTED_EDGE('',*,*,#3941,.F.);
#2821=ORIENTED_EDGE('',*,*,#4445,.F.);
#2822=ORIENTED_EDGE('',*,*,#4110,.T.);
#2823=ORIENTED_EDGE('',*,*,#4444,.T.);
#2824=ORIENTED_EDGE('',*,*,#3940,.F.);
#2825=ORIENTED_EDGE('',*,*,#4446,.F.);
#2826=ORIENTED_EDGE('',*,*,#4111,.T.);
#2827=ORIENTED_EDGE('',*,*,#4445,.T.);
#2828=ORIENTED_EDGE('',*,*,#3939,.F.);
#2829=ORIENTED_EDGE('',*,*,#4447,.F.);
#2830=ORIENTED_EDGE('',*,*,#4112,.T.);
#2831=ORIENTED_EDGE('',*,*,#4446,.T.);
#2832=ORIENTED_EDGE('',*,*,#3938,.T.);
#2833=ORIENTED_EDGE('',*,*,#4448,.T.);
#2834=ORIENTED_EDGE('',*,*,#3970,.F.);
#2835=ORIENTED_EDGE('',*,*,#3912,.F.);
#2836=ORIENTED_EDGE('',*,*,#4113,.F.);
#2837=ORIENTED_EDGE('',*,*,#4447,.T.);
#2838=ORIENTED_EDGE('',*,*,#3962,.T.);
#2839=ORIENTED_EDGE('',*,*,#4449,.T.);
#2840=ORIENTED_EDGE('',*,*,#3936,.T.);
#2841=ORIENTED_EDGE('',*,*,#4450,.F.);
#2842=ORIENTED_EDGE('',*,*,#4099,.F.);
#2843=ORIENTED_EDGE('',*,*,#3914,.F.);
#2844=ORIENTED_EDGE('',*,*,#3935,.F.);
#2845=ORIENTED_EDGE('',*,*,#4451,.F.);
#2846=ORIENTED_EDGE('',*,*,#4100,.T.);
#2847=ORIENTED_EDGE('',*,*,#4450,.T.);
#2848=ORIENTED_EDGE('',*,*,#3934,.F.);
#2849=ORIENTED_EDGE('',*,*,#4452,.F.);
#2850=ORIENTED_EDGE('',*,*,#4101,.T.);
#2851=ORIENTED_EDGE('',*,*,#4451,.T.);
#2852=ORIENTED_EDGE('',*,*,#3933,.F.);
#2853=ORIENTED_EDGE('',*,*,#4453,.F.);
#2854=ORIENTED_EDGE('',*,*,#4102,.T.);
#2855=ORIENTED_EDGE('',*,*,#4452,.T.);
#2856=ORIENTED_EDGE('',*,*,#3932,.T.);
#2857=ORIENTED_EDGE('',*,*,#4454,.F.);
#2858=ORIENTED_EDGE('',*,*,#3916,.F.);
#2859=ORIENTED_EDGE('',*,*,#4103,.F.);
#2860=ORIENTED_EDGE('',*,*,#4453,.T.);
#2861=ORIENTED_EDGE('',*,*,#3931,.F.);
#2862=ORIENTED_EDGE('',*,*,#4455,.F.);
#2863=ORIENTED_EDGE('',*,*,#4235,.T.);
#2864=ORIENTED_EDGE('',*,*,#3917,.T.);
#2865=ORIENTED_EDGE('',*,*,#4454,.T.);
#2866=ORIENTED_EDGE('',*,*,#4456,.F.);
#2867=ORIENTED_EDGE('',*,*,#4457,.F.);
#2868=ORIENTED_EDGE('',*,*,#4236,.T.);
#2869=ORIENTED_EDGE('',*,*,#4455,.T.);
#2870=ORIENTED_EDGE('',*,*,#3930,.F.);
#2871=ORIENTED_EDGE('',*,*,#4457,.T.);
#2872=ORIENTED_EDGE('',*,*,#4458,.T.);
#2873=ORIENTED_EDGE('',*,*,#3995,.F.);
#2874=ORIENTED_EDGE('',*,*,#4237,.F.);
#2875=ORIENTED_EDGE('',*,*,#4459,.T.);
#2876=ORIENTED_EDGE('',*,*,#3985,.F.);
#2877=ORIENTED_EDGE('',*,*,#4225,.F.);
#2878=ORIENTED_EDGE('',*,*,#4460,.T.);
#2879=ORIENTED_EDGE('',*,*,#4461,.F.);
#2880=ORIENTED_EDGE('',*,*,#4180,.F.);
#2881=ORIENTED_EDGE('',*,*,#4462,.F.);
#2882=ORIENTED_EDGE('',*,*,#4463,.F.);
#2883=ORIENTED_EDGE('',*,*,#4464,.F.);
#2884=ORIENTED_EDGE('',*,*,#4146,.F.);
#2885=ORIENTED_EDGE('',*,*,#4465,.F.);
#2886=ORIENTED_EDGE('',*,*,#4466,.T.);
#2887=ORIENTED_EDGE('',*,*,#4233,.F.);
#2888=ORIENTED_EDGE('',*,*,#3991,.F.);
#2889=ORIENTED_EDGE('',*,*,#3954,.T.);
#2890=ORIENTED_EDGE('',*,*,#4420,.F.);
#2891=ORIENTED_EDGE('',*,*,#3896,.F.);
#2892=ORIENTED_EDGE('',*,*,#4426,.T.);
#2893=ORIENTED_EDGE('',*,*,#4467,.F.);
#2894=ORIENTED_EDGE('',*,*,#3971,.F.);
#2895=ORIENTED_EDGE('',*,*,#4332,.F.);
#2896=ORIENTED_EDGE('',*,*,#4062,.F.);
#2897=ORIENTED_EDGE('',*,*,#4468,.F.);
#2898=ORIENTED_EDGE('',*,*,#4417,.F.);
#2899=ORIENTED_EDGE('',*,*,#4330,.T.);
#2900=ORIENTED_EDGE('',*,*,#3973,.F.);
#2901=ORIENTED_EDGE('',*,*,#4469,.T.);
#2902=ORIENTED_EDGE('',*,*,#4081,.T.);
#2903=ORIENTED_EDGE('',*,*,#4470,.T.);
#2904=ORIENTED_EDGE('',*,*,#4036,.F.);
#2905=ORIENTED_EDGE('',*,*,#3906,.T.);
#2906=ORIENTED_EDGE('',*,*,#4028,.F.);
#2907=ORIENTED_EDGE('',*,*,#3978,.F.);
#2908=ORIENTED_EDGE('',*,*,#4128,.F.);
#2909=ORIENTED_EDGE('',*,*,#4044,.T.);
#2910=ORIENTED_EDGE('',*,*,#4471,.T.);
#2911=ORIENTED_EDGE('',*,*,#3979,.F.);
#2912=ORIENTED_EDGE('',*,*,#4471,.F.);
#2913=ORIENTED_EDGE('',*,*,#4055,.T.);
#2914=ORIENTED_EDGE('',*,*,#4472,.T.);
#2915=ORIENTED_EDGE('',*,*,#3980,.F.);
#2916=ORIENTED_EDGE('',*,*,#4472,.F.);
#2917=ORIENTED_EDGE('',*,*,#4054,.T.);
#2918=ORIENTED_EDGE('',*,*,#4194,.T.);
#2919=ORIENTED_EDGE('',*,*,#3982,.F.);
#2920=ORIENTED_EDGE('',*,*,#4193,.F.);
#2921=ORIENTED_EDGE('',*,*,#4328,.T.);
#2922=ORIENTED_EDGE('',*,*,#4473,.T.);
#2923=ORIENTED_EDGE('',*,*,#3983,.T.);
#2924=ORIENTED_EDGE('',*,*,#4473,.F.);
#2925=ORIENTED_EDGE('',*,*,#4329,.F.);
#2926=ORIENTED_EDGE('',*,*,#4469,.F.);
#2927=ORIENTED_EDGE('',*,*,#4035,.T.);
#2928=ORIENTED_EDGE('',*,*,#3975,.T.);
#2929=ORIENTED_EDGE('',*,*,#4037,.F.);
#2930=ORIENTED_EDGE('',*,*,#4470,.F.);
#2931=ORIENTED_EDGE('',*,*,#4057,.F.);
#2932=ORIENTED_EDGE('',*,*,#4474,.T.);
#2933=ORIENTED_EDGE('',*,*,#3976,.F.);
#2934=ORIENTED_EDGE('',*,*,#4474,.F.);
#2935=ORIENTED_EDGE('',*,*,#4056,.T.);
#2936=ORIENTED_EDGE('',*,*,#4129,.T.);
#2937=ORIENTED_EDGE('',*,*,#3920,.F.);
#2938=ORIENTED_EDGE('',*,*,#4229,.T.);
#2939=ORIENTED_EDGE('',*,*,#4475,.F.);
#2940=ORIENTED_EDGE('',*,*,#4071,.F.);
#2941=ORIENTED_EDGE('',*,*,#4476,.F.);
#2942=ORIENTED_EDGE('',*,*,#4223,.T.);
#2943=ORIENTED_EDGE('',*,*,#4464,.T.);
#2944=ORIENTED_EDGE('',*,*,#4477,.F.);
#2945=ORIENTED_EDGE('',*,*,#3998,.F.);
#2946=ORIENTED_EDGE('',*,*,#4147,.T.);
#2947=ORIENTED_EDGE('',*,*,#4463,.T.);
#2948=ORIENTED_EDGE('',*,*,#4478,.F.);
#2949=ORIENTED_EDGE('',*,*,#3999,.F.);
#2950=ORIENTED_EDGE('',*,*,#4477,.T.);
#2951=ORIENTED_EDGE('',*,*,#4462,.T.);
#2952=ORIENTED_EDGE('',*,*,#4179,.F.);
#2953=ORIENTED_EDGE('',*,*,#4000,.F.);
#2954=ORIENTED_EDGE('',*,*,#4478,.T.);
#2955=ORIENTED_EDGE('',*,*,#4461,.T.);
#2956=ORIENTED_EDGE('',*,*,#4479,.F.);
#2957=ORIENTED_EDGE('',*,*,#4010,.F.);
#2958=ORIENTED_EDGE('',*,*,#4181,.T.);
#2959=ORIENTED_EDGE('',*,*,#4460,.F.);
#2960=ORIENTED_EDGE('',*,*,#4224,.F.);
#2961=ORIENTED_EDGE('',*,*,#4476,.T.);
#2962=ORIENTED_EDGE('',*,*,#4011,.T.);
#2963=ORIENTED_EDGE('',*,*,#4479,.T.);
#2964=ORIENTED_EDGE('',*,*,#4466,.F.);
#2965=ORIENTED_EDGE('',*,*,#4480,.F.);
#2966=ORIENTED_EDGE('',*,*,#4326,.T.);
#2967=ORIENTED_EDGE('',*,*,#4475,.T.);
#2968=ORIENTED_EDGE('',*,*,#4228,.T.);
#2969=ORIENTED_EDGE('',*,*,#4465,.T.);
#2970=ORIENTED_EDGE('',*,*,#4145,.F.);
#2971=ORIENTED_EDGE('',*,*,#4327,.F.);
#2972=ORIENTED_EDGE('',*,*,#4480,.T.);
#2973=ORIENTED_EDGE('',*,*,#4429,.T.);
#2974=ORIENTED_EDGE('',*,*,#4427,.F.);
#2975=ORIENTED_EDGE('',*,*,#3986,.F.);
#2976=ORIENTED_EDGE('',*,*,#4459,.F.);
#2977=ORIENTED_EDGE('',*,*,#3990,.F.);
#2978=ORIENTED_EDGE('',*,*,#4458,.F.);
#2979=ORIENTED_EDGE('',*,*,#4456,.T.);
#2980=ORIENTED_EDGE('',*,*,#3929,.T.);
#2981=ORIENTED_EDGE('',*,*,#4436,.T.);
#2982=ORIENTED_EDGE('',*,*,#3945,.F.);
#2983=ORIENTED_EDGE('',*,*,#4441,.T.);
#2984=ORIENTED_EDGE('',*,*,#4439,.F.);
#2985=ORIENTED_EDGE('',*,*,#4468,.T.);
#2986=ORIENTED_EDGE('',*,*,#3972,.T.);
#2987=ORIENTED_EDGE('',*,*,#4467,.T.);
#2988=ORIENTED_EDGE('',*,*,#4438,.F.);
#2989=ORIENTED_EDGE('',*,*,#3963,.F.);
#2990=ORIENTED_EDGE('',*,*,#3913,.T.);
#2991=ORIENTED_EDGE('',*,*,#3969,.F.);
#2992=ORIENTED_EDGE('',*,*,#4481,.F.);
#2993=ORIENTED_EDGE('',*,*,#4482,.F.);
#2994=ORIENTED_EDGE('',*,*,#4483,.F.);
#2995=ORIENTED_EDGE('',*,*,#4484,.F.);
#2996=ORIENTED_EDGE('',*,*,#3964,.F.);
#2997=ORIENTED_EDGE('',*,*,#4483,.T.);
#2998=ORIENTED_EDGE('',*,*,#4485,.T.);
#2999=ORIENTED_EDGE('',*,*,#4486,.F.);
#3000=ORIENTED_EDGE('',*,*,#4485,.F.);
#3001=ORIENTED_EDGE('',*,*,#4482,.T.);
#3002=ORIENTED_EDGE('',*,*,#4487,.T.);
#3003=ORIENTED_EDGE('',*,*,#4488,.F.);
#3004=ORIENTED_EDGE('',*,*,#4487,.F.);
#3005=ORIENTED_EDGE('',*,*,#4481,.T.);
#3006=ORIENTED_EDGE('',*,*,#3968,.T.);
#3007=ORIENTED_EDGE('',*,*,#4489,.F.);
#3008=ORIENTED_EDGE('',*,*,#3965,.T.);
#3009=ORIENTED_EDGE('',*,*,#4484,.T.);
#3010=ORIENTED_EDGE('',*,*,#4486,.T.);
#3011=ORIENTED_EDGE('',*,*,#4488,.T.);
#3012=ORIENTED_EDGE('',*,*,#3967,.T.);
#3013=ORIENTED_EDGE('',*,*,#3961,.T.);
#3014=ORIENTED_EDGE('',*,*,#4489,.T.);
#3015=ORIENTED_EDGE('',*,*,#3966,.T.);
#3016=ORIENTED_EDGE('',*,*,#4448,.F.);
#3017=ORIENTED_EDGE('',*,*,#3937,.T.);
#3018=ORIENTED_EDGE('',*,*,#4449,.F.);
#3019=ORIENTED_EDGE('',*,*,#4490,.T.);
#3020=ORIENTED_EDGE('',*,*,#4491,.F.);
#3021=ORIENTED_EDGE('',*,*,#4492,.F.);
#3022=ORIENTED_EDGE('',*,*,#4493,.F.);
#3023=ORIENTED_EDGE('',*,*,#4494,.F.);
#3024=ORIENTED_EDGE('',*,*,#3887,.F.);
#3025=ORIENTED_EDGE('',*,*,#3901,.T.);
#3026=ORIENTED_EDGE('',*,*,#3874,.F.);
#3027=ORIENTED_EDGE('',*,*,#3878,.F.);
#3028=ORIENTED_EDGE('',*,*,#3888,.F.);
#3029=ORIENTED_EDGE('',*,*,#4494,.T.);
#3030=ORIENTED_EDGE('',*,*,#4495,.T.);
#3031=ORIENTED_EDGE('',*,*,#4493,.T.);
#3032=ORIENTED_EDGE('',*,*,#4496,.T.);
#3033=ORIENTED_EDGE('',*,*,#4497,.F.);
#3034=ORIENTED_EDGE('',*,*,#4498,.T.);
#3035=ORIENTED_EDGE('',*,*,#4499,.T.);
#3036=ORIENTED_EDGE('',*,*,#4500,.T.);
#3037=ORIENTED_EDGE('',*,*,#3865,.F.);
#3038=ORIENTED_EDGE('',*,*,#4501,.F.);
#3039=ORIENTED_EDGE('',*,*,#4502,.T.);
#3040=ORIENTED_EDGE('',*,*,#4503,.F.);
#3041=ORIENTED_EDGE('',*,*,#3879,.F.);
#3042=ORIENTED_EDGE('',*,*,#4495,.F.);
#3043=ORIENTED_EDGE('',*,*,#4504,.T.);
#3044=ORIENTED_EDGE('',*,*,#3881,.F.);
#3045=ORIENTED_EDGE('',*,*,#4505,.T.);
#3046=ORIENTED_EDGE('',*,*,#4506,.F.);
#3047=ORIENTED_EDGE('',*,*,#4507,.T.);
#3048=ORIENTED_EDGE('',*,*,#3863,.F.);
#3049=ORIENTED_EDGE('',*,*,#4508,.F.);
#3050=ORIENTED_EDGE('',*,*,#4509,.T.);
#3051=ORIENTED_EDGE('',*,*,#4510,.F.);
#3052=ORIENTED_EDGE('',*,*,#4511,.T.);
#3053=ORIENTED_EDGE('',*,*,#4512,.F.);
#3054=ORIENTED_EDGE('',*,*,#4491,.T.);
#3055=ORIENTED_EDGE('',*,*,#3882,.T.);
#3056=ORIENTED_EDGE('',*,*,#4504,.F.);
#3057=ORIENTED_EDGE('',*,*,#4490,.F.);
#3058=ORIENTED_EDGE('',*,*,#3873,.T.);
#3059=ORIENTED_EDGE('',*,*,#4513,.F.);
#3060=ORIENTED_EDGE('',*,*,#4499,.F.);
#3061=ORIENTED_EDGE('',*,*,#4514,.T.);
#3062=ORIENTED_EDGE('',*,*,#4509,.F.);
#3063=ORIENTED_EDGE('',*,*,#4515,.T.);
#3064=ORIENTED_EDGE('',*,*,#3869,.F.);
#3065=ORIENTED_EDGE('',*,*,#3897,.T.);
#3066=ORIENTED_EDGE('',*,*,#3856,.F.);
#3067=ORIENTED_EDGE('',*,*,#3866,.F.);
#3068=ORIENTED_EDGE('',*,*,#4500,.F.);
#3069=ORIENTED_EDGE('',*,*,#4513,.T.);
#3070=ORIENTED_EDGE('',*,*,#3855,.T.);
#3071=ORIENTED_EDGE('',*,*,#3862,.T.);
#3072=ORIENTED_EDGE('',*,*,#3870,.F.);
#3073=ORIENTED_EDGE('',*,*,#4515,.F.);
#3074=ORIENTED_EDGE('',*,*,#4508,.T.);
#3075=ORIENTED_EDGE('',*,*,#4510,.T.);
#3076=ORIENTED_EDGE('',*,*,#4514,.F.);
#3077=ORIENTED_EDGE('',*,*,#4498,.F.);
#3078=ORIENTED_EDGE('',*,*,#4516,.T.);
#3079=ORIENTED_EDGE('',*,*,#4511,.F.);
#3080=ORIENTED_EDGE('',*,*,#4516,.F.);
#3081=ORIENTED_EDGE('',*,*,#4497,.T.);
#3082=ORIENTED_EDGE('',*,*,#4517,.T.);
#3083=ORIENTED_EDGE('',*,*,#4512,.T.);
#3084=ORIENTED_EDGE('',*,*,#4517,.F.);
#3085=ORIENTED_EDGE('',*,*,#4496,.F.);
#3086=ORIENTED_EDGE('',*,*,#4492,.T.);
#3087=ORIENTED_EDGE('',*,*,#4505,.F.);
#3088=ORIENTED_EDGE('',*,*,#3880,.F.);
#3089=ORIENTED_EDGE('',*,*,#4503,.T.);
#3090=ORIENTED_EDGE('',*,*,#4518,.T.);
#3091=ORIENTED_EDGE('',*,*,#4506,.T.);
#3092=ORIENTED_EDGE('',*,*,#4518,.F.);
#3093=ORIENTED_EDGE('',*,*,#4502,.F.);
#3094=ORIENTED_EDGE('',*,*,#4519,.T.);
#3095=ORIENTED_EDGE('',*,*,#4507,.F.);
#3096=ORIENTED_EDGE('',*,*,#4519,.F.);
#3097=ORIENTED_EDGE('',*,*,#4501,.T.);
#3098=ORIENTED_EDGE('',*,*,#3864,.T.);
#3099=ORIENTED_EDGE('',*,*,#3871,.T.);
#3100=ORIENTED_EDGE('',*,*,#3949,.F.);
#3101=ORIENTED_EDGE('',*,*,#3883,.T.);
#3102=ORIENTED_EDGE('',*,*,#3876,.T.);
#3103=ORIENTED_EDGE('',*,*,#3853,.T.);
#3104=ORIENTED_EDGE('',*,*,#3925,.F.);
#3105=ORIENTED_EDGE('',*,*,#3867,.T.);
#3106=ORIENTED_EDGE('',*,*,#3860,.T.);
#3107=ORIENTED_EDGE('',*,*,#4520,.T.);
#3108=ORIENTED_EDGE('',*,*,#4521,.F.);
#3109=ORIENTED_EDGE('',*,*,#4522,.F.);
#3110=ORIENTED_EDGE('',*,*,#4523,.T.);
#3111=ORIENTED_EDGE('',*,*,#4524,.F.);
#3112=ORIENTED_EDGE('',*,*,#4525,.F.);
#3113=ORIENTED_EDGE('',*,*,#4526,.T.);
#3114=ORIENTED_EDGE('',*,*,#4521,.T.);
#3115=ORIENTED_EDGE('',*,*,#4527,.F.);
#3116=ORIENTED_EDGE('',*,*,#4528,.F.);
#3117=ORIENTED_EDGE('',*,*,#4529,.T.);
#3118=ORIENTED_EDGE('',*,*,#4525,.T.);
#3119=ORIENTED_EDGE('',*,*,#4530,.F.);
#3120=ORIENTED_EDGE('',*,*,#4531,.F.);
#3121=ORIENTED_EDGE('',*,*,#4532,.T.);
#3122=ORIENTED_EDGE('',*,*,#4528,.T.);
#3123=ORIENTED_EDGE('',*,*,#4533,.F.);
#3124=ORIENTED_EDGE('',*,*,#4534,.F.);
#3125=ORIENTED_EDGE('',*,*,#4535,.T.);
#3126=ORIENTED_EDGE('',*,*,#4531,.T.);
#3127=ORIENTED_EDGE('',*,*,#4536,.F.);
#3128=ORIENTED_EDGE('',*,*,#4523,.F.);
#3129=ORIENTED_EDGE('',*,*,#4537,.T.);
#3130=ORIENTED_EDGE('',*,*,#4538,.T.);
#3131=ORIENTED_EDGE('',*,*,#4539,.F.);
#3132=ORIENTED_EDGE('',*,*,#4540,.F.);
#3133=ORIENTED_EDGE('',*,*,#4541,.T.);
#3134=ORIENTED_EDGE('',*,*,#4534,.T.);
#3135=ORIENTED_EDGE('',*,*,#4542,.F.);
#3136=ORIENTED_EDGE('',*,*,#4538,.F.);
#3137=ORIENTED_EDGE('',*,*,#4543,.T.);
#3138=ORIENTED_EDGE('',*,*,#3841,.T.);
#3139=ORIENTED_EDGE('',*,*,#4350,.T.);
#3140=ORIENTED_EDGE('',*,*,#3845,.F.);
#3141=ORIENTED_EDGE('',*,*,#4544,.T.);
#3142=ORIENTED_EDGE('',*,*,#4295,.T.);
#3143=ORIENTED_EDGE('',*,*,#4545,.F.);
#3144=ORIENTED_EDGE('',*,*,#4540,.T.);
#3145=ORIENTED_EDGE('',*,*,#4170,.F.);
#3146=ORIENTED_EDGE('',*,*,#4544,.F.);
#3147=ORIENTED_EDGE('',*,*,#4539,.T.);
#3148=ORIENTED_EDGE('',*,*,#4533,.T.);
#3149=ORIENTED_EDGE('',*,*,#4530,.T.);
#3150=ORIENTED_EDGE('',*,*,#4527,.T.);
#3151=ORIENTED_EDGE('',*,*,#4524,.T.);
#3152=ORIENTED_EDGE('',*,*,#4520,.F.);
#3153=ORIENTED_EDGE('',*,*,#4536,.T.);
#3154=ORIENTED_EDGE('',*,*,#4542,.T.);
#3155=ORIENTED_EDGE('',*,*,#4545,.T.);
#3156=ORIENTED_EDGE('',*,*,#4166,.T.);
#3157=ORIENTED_EDGE('',*,*,#4543,.F.);
#3158=ORIENTED_EDGE('',*,*,#4537,.F.);
#3159=ORIENTED_EDGE('',*,*,#4522,.T.);
#3160=ORIENTED_EDGE('',*,*,#4526,.F.);
#3161=ORIENTED_EDGE('',*,*,#4529,.F.);
#3162=ORIENTED_EDGE('',*,*,#4532,.F.);
#3163=ORIENTED_EDGE('',*,*,#4535,.F.);
#3164=ORIENTED_EDGE('',*,*,#4541,.F.);
#3165=ORIENTED_EDGE('',*,*,#4546,.F.);
#3166=ORIENTED_EDGE('',*,*,#4162,.T.);
#3167=ORIENTED_EDGE('',*,*,#4547,.T.);
#3168=ORIENTED_EDGE('',*,*,#4548,.F.);
#3169=ORIENTED_EDGE('',*,*,#4549,.F.);
#3170=ORIENTED_EDGE('',*,*,#4550,.F.);
#3171=ORIENTED_EDGE('',*,*,#4551,.F.);
#3172=ORIENTED_EDGE('',*,*,#4552,.F.);
#3173=ORIENTED_EDGE('',*,*,#4553,.T.);
#3174=ORIENTED_EDGE('',*,*,#4554,.F.);
#3175=ORIENTED_EDGE('',*,*,#4164,.F.);
#3176=ORIENTED_EDGE('',*,*,#4555,.T.);
#3177=ORIENTED_EDGE('',*,*,#4556,.T.);
#3178=ORIENTED_EDGE('',*,*,#4557,.F.);
#3179=ORIENTED_EDGE('',*,*,#4558,.T.);
#3180=ORIENTED_EDGE('',*,*,#4559,.T.);
#3181=ORIENTED_EDGE('',*,*,#4560,.T.);
#3182=ORIENTED_EDGE('',*,*,#4561,.T.);
#3183=ORIENTED_EDGE('',*,*,#4562,.T.);
#3184=ORIENTED_EDGE('',*,*,#4563,.F.);
#3185=ORIENTED_EDGE('',*,*,#4558,.F.);
#3186=ORIENTED_EDGE('',*,*,#4564,.F.);
#3187=ORIENTED_EDGE('',*,*,#4552,.T.);
#3188=ORIENTED_EDGE('',*,*,#4565,.T.);
#3189=ORIENTED_EDGE('',*,*,#4559,.F.);
#3190=ORIENTED_EDGE('',*,*,#4565,.F.);
#3191=ORIENTED_EDGE('',*,*,#4551,.T.);
#3192=ORIENTED_EDGE('',*,*,#4566,.T.);
#3193=ORIENTED_EDGE('',*,*,#4560,.F.);
#3194=ORIENTED_EDGE('',*,*,#4566,.F.);
#3195=ORIENTED_EDGE('',*,*,#4550,.T.);
#3196=ORIENTED_EDGE('',*,*,#4567,.T.);
#3197=ORIENTED_EDGE('',*,*,#4561,.F.);
#3198=ORIENTED_EDGE('',*,*,#4567,.F.);
#3199=ORIENTED_EDGE('',*,*,#4549,.T.);
#3200=ORIENTED_EDGE('',*,*,#4568,.T.);
#3201=ORIENTED_EDGE('',*,*,#4562,.F.);
#3202=ORIENTED_EDGE('',*,*,#4568,.F.);
#3203=ORIENTED_EDGE('',*,*,#4548,.T.);
#3204=ORIENTED_EDGE('',*,*,#4569,.T.);
#3205=ORIENTED_EDGE('',*,*,#4563,.T.);
#3206=ORIENTED_EDGE('',*,*,#4569,.F.);
#3207=ORIENTED_EDGE('',*,*,#4547,.F.);
#3208=ORIENTED_EDGE('',*,*,#4251,.T.);
#3209=ORIENTED_EDGE('',*,*,#4349,.F.);
#3210=ORIENTED_EDGE('',*,*,#3850,.F.);
#3211=ORIENTED_EDGE('',*,*,#4348,.T.);
#3212=ORIENTED_EDGE('',*,*,#4546,.T.);
#3213=ORIENTED_EDGE('',*,*,#4570,.T.);
#3214=ORIENTED_EDGE('',*,*,#4555,.F.);
#3215=ORIENTED_EDGE('',*,*,#4556,.F.);
#3216=ORIENTED_EDGE('',*,*,#4570,.F.);
#3217=ORIENTED_EDGE('',*,*,#4554,.T.);
#3218=ORIENTED_EDGE('',*,*,#4571,.T.);
#3219=ORIENTED_EDGE('',*,*,#4557,.T.);
#3220=ORIENTED_EDGE('',*,*,#4571,.F.);
#3221=ORIENTED_EDGE('',*,*,#4553,.F.);
#3222=ORIENTED_EDGE('',*,*,#4564,.T.);
#3223=ORIENTED_EDGE('',*,*,#4572,.T.);
#3224=ORIENTED_EDGE('',*,*,#4573,.F.);
#3225=ORIENTED_EDGE('',*,*,#4574,.F.);
#3226=ORIENTED_EDGE('',*,*,#4575,.T.);
#3227=ORIENTED_EDGE('',*,*,#4576,.T.);
#3228=ORIENTED_EDGE('',*,*,#4577,.F.);
#3229=ORIENTED_EDGE('',*,*,#4578,.F.);
#3230=ORIENTED_EDGE('',*,*,#4573,.T.);
#3231=ORIENTED_EDGE('',*,*,#4579,.T.);
#3232=ORIENTED_EDGE('',*,*,#4580,.F.);
#3233=ORIENTED_EDGE('',*,*,#4581,.F.);
#3234=ORIENTED_EDGE('',*,*,#4577,.T.);
#3235=ORIENTED_EDGE('',*,*,#4582,.T.);
#3236=ORIENTED_EDGE('',*,*,#4583,.F.);
#3237=ORIENTED_EDGE('',*,*,#4584,.F.);
#3238=ORIENTED_EDGE('',*,*,#4580,.T.);
#3239=ORIENTED_EDGE('',*,*,#4585,.F.);
#3240=ORIENTED_EDGE('',*,*,#4586,.F.);
#3241=ORIENTED_EDGE('',*,*,#4587,.T.);
#3242=ORIENTED_EDGE('',*,*,#4583,.T.);
#3243=ORIENTED_EDGE('',*,*,#4588,.T.);
#3244=ORIENTED_EDGE('',*,*,#4589,.F.);
#3245=ORIENTED_EDGE('',*,*,#4590,.F.);
#3246=ORIENTED_EDGE('',*,*,#4586,.T.);
#3247=ORIENTED_EDGE('',*,*,#4591,.T.);
#3248=ORIENTED_EDGE('',*,*,#4575,.F.);
#3249=ORIENTED_EDGE('',*,*,#4592,.F.);
#3250=ORIENTED_EDGE('',*,*,#4593,.T.);
#3251=ORIENTED_EDGE('',*,*,#4594,.T.);
#3252=ORIENTED_EDGE('',*,*,#3830,.T.);
#3253=ORIENTED_EDGE('',*,*,#4344,.F.);
#3254=ORIENTED_EDGE('',*,*,#3834,.F.);
#3255=ORIENTED_EDGE('',*,*,#4595,.F.);
#3256=ORIENTED_EDGE('',*,*,#4589,.T.);
#3257=ORIENTED_EDGE('',*,*,#4596,.F.);
#3258=ORIENTED_EDGE('',*,*,#4593,.F.);
#3259=ORIENTED_EDGE('',*,*,#4597,.T.);
#3260=ORIENTED_EDGE('',*,*,#4293,.T.);
#3261=ORIENTED_EDGE('',*,*,#4596,.T.);
#3262=ORIENTED_EDGE('',*,*,#4209,.T.);
#3263=ORIENTED_EDGE('',*,*,#4594,.F.);
#3264=ORIENTED_EDGE('',*,*,#4588,.F.);
#3265=ORIENTED_EDGE('',*,*,#4585,.T.);
#3266=ORIENTED_EDGE('',*,*,#4582,.F.);
#3267=ORIENTED_EDGE('',*,*,#4579,.F.);
#3268=ORIENTED_EDGE('',*,*,#4576,.F.);
#3269=ORIENTED_EDGE('',*,*,#4572,.F.);
#3270=ORIENTED_EDGE('',*,*,#4591,.F.);
#3271=ORIENTED_EDGE('',*,*,#4203,.F.);
#3272=ORIENTED_EDGE('',*,*,#4597,.F.);
#3273=ORIENTED_EDGE('',*,*,#4592,.T.);
#3274=ORIENTED_EDGE('',*,*,#4574,.T.);
#3275=ORIENTED_EDGE('',*,*,#4578,.T.);
#3276=ORIENTED_EDGE('',*,*,#4581,.T.);
#3277=ORIENTED_EDGE('',*,*,#4584,.T.);
#3278=ORIENTED_EDGE('',*,*,#4587,.F.);
#3279=ORIENTED_EDGE('',*,*,#4590,.T.);
#3280=ORIENTED_EDGE('',*,*,#4595,.T.);
#3281=ORIENTED_EDGE('',*,*,#4198,.F.);
#3282=ORIENTED_EDGE('',*,*,#4598,.T.);
#3283=ORIENTED_EDGE('',*,*,#4599,.T.);
#3284=ORIENTED_EDGE('',*,*,#4600,.F.);
#3285=ORIENTED_EDGE('',*,*,#4601,.T.);
#3286=ORIENTED_EDGE('',*,*,#4602,.T.);
#3287=ORIENTED_EDGE('',*,*,#4603,.T.);
#3288=ORIENTED_EDGE('',*,*,#4604,.T.);
#3289=ORIENTED_EDGE('',*,*,#4605,.T.);
#3290=ORIENTED_EDGE('',*,*,#4606,.F.);
#3291=ORIENTED_EDGE('',*,*,#4607,.F.);
#3292=ORIENTED_EDGE('',*,*,#4208,.T.);
#3293=ORIENTED_EDGE('',*,*,#4608,.T.);
#3294=ORIENTED_EDGE('',*,*,#4609,.F.);
#3295=ORIENTED_EDGE('',*,*,#4610,.F.);
#3296=ORIENTED_EDGE('',*,*,#4611,.F.);
#3297=ORIENTED_EDGE('',*,*,#4612,.F.);
#3298=ORIENTED_EDGE('',*,*,#4613,.F.);
#3299=ORIENTED_EDGE('',*,*,#4614,.T.);
#3300=ORIENTED_EDGE('',*,*,#4615,.F.);
#3301=ORIENTED_EDGE('',*,*,#4613,.T.);
#3302=ORIENTED_EDGE('',*,*,#4616,.F.);
#3303=ORIENTED_EDGE('',*,*,#4601,.F.);
#3304=ORIENTED_EDGE('',*,*,#4617,.T.);
#3305=ORIENTED_EDGE('',*,*,#4612,.T.);
#3306=ORIENTED_EDGE('',*,*,#4618,.F.);
#3307=ORIENTED_EDGE('',*,*,#4602,.F.);
#3308=ORIENTED_EDGE('',*,*,#4616,.T.);
#3309=ORIENTED_EDGE('',*,*,#4611,.T.);
#3310=ORIENTED_EDGE('',*,*,#4619,.F.);
#3311=ORIENTED_EDGE('',*,*,#4603,.F.);
#3312=ORIENTED_EDGE('',*,*,#4618,.T.);
#3313=ORIENTED_EDGE('',*,*,#4610,.T.);
#3314=ORIENTED_EDGE('',*,*,#4620,.F.);
#3315=ORIENTED_EDGE('',*,*,#4604,.F.);
#3316=ORIENTED_EDGE('',*,*,#4619,.T.);
#3317=ORIENTED_EDGE('',*,*,#4609,.T.);
#3318=ORIENTED_EDGE('',*,*,#4621,.F.);
#3319=ORIENTED_EDGE('',*,*,#4605,.F.);
#3320=ORIENTED_EDGE('',*,*,#4620,.T.);
#3321=ORIENTED_EDGE('',*,*,#4608,.F.);
#3322=ORIENTED_EDGE('',*,*,#4253,.T.);
#3323=ORIENTED_EDGE('',*,*,#4606,.T.);
#3324=ORIENTED_EDGE('',*,*,#4621,.T.);
#3325=ORIENTED_EDGE('',*,*,#4342,.T.);
#3326=ORIENTED_EDGE('',*,*,#4607,.T.);
#3327=ORIENTED_EDGE('',*,*,#4622,.F.);
#3328=ORIENTED_EDGE('',*,*,#4598,.F.);
#3329=ORIENTED_EDGE('',*,*,#4343,.F.);
#3330=ORIENTED_EDGE('',*,*,#3838,.T.);
#3331=ORIENTED_EDGE('',*,*,#4615,.T.);
#3332=ORIENTED_EDGE('',*,*,#4623,.F.);
#3333=ORIENTED_EDGE('',*,*,#4599,.F.);
#3334=ORIENTED_EDGE('',*,*,#4622,.T.);
#3335=ORIENTED_EDGE('',*,*,#4614,.F.);
#3336=ORIENTED_EDGE('',*,*,#4617,.F.);
#3337=ORIENTED_EDGE('',*,*,#4600,.T.);
#3338=ORIENTED_EDGE('',*,*,#4623,.T.);
#3339=ORIENTED_EDGE('',*,*,#4624,.F.);
#3340=ORIENTED_EDGE('',*,*,#4625,.F.);
#3341=ORIENTED_EDGE('',*,*,#4626,.T.);
#3342=ORIENTED_EDGE('',*,*,#4627,.T.);
#3343=ORIENTED_EDGE('',*,*,#4628,.F.);
#3344=ORIENTED_EDGE('',*,*,#4627,.F.);
#3345=ORIENTED_EDGE('',*,*,#4629,.T.);
#3346=ORIENTED_EDGE('',*,*,#4630,.T.);
#3347=ORIENTED_EDGE('',*,*,#4631,.F.);
#3348=ORIENTED_EDGE('',*,*,#4630,.F.);
#3349=ORIENTED_EDGE('',*,*,#4632,.T.);
#3350=ORIENTED_EDGE('',*,*,#4633,.T.);
#3351=ORIENTED_EDGE('',*,*,#4634,.F.);
#3352=ORIENTED_EDGE('',*,*,#4633,.F.);
#3353=ORIENTED_EDGE('',*,*,#4635,.T.);
#3354=ORIENTED_EDGE('',*,*,#4636,.T.);
#3355=ORIENTED_EDGE('',*,*,#4637,.T.);
#3356=ORIENTED_EDGE('',*,*,#4636,.F.);
#3357=ORIENTED_EDGE('',*,*,#4638,.F.);
#3358=ORIENTED_EDGE('',*,*,#4639,.T.);
#3359=ORIENTED_EDGE('',*,*,#4640,.F.);
#3360=ORIENTED_EDGE('',*,*,#4639,.F.);
#3361=ORIENTED_EDGE('',*,*,#4641,.T.);
#3362=ORIENTED_EDGE('',*,*,#4642,.T.);
#3363=ORIENTED_EDGE('',*,*,#4643,.F.);
#3364=ORIENTED_EDGE('',*,*,#4644,.F.);
#3365=ORIENTED_EDGE('',*,*,#4645,.T.);
#3366=ORIENTED_EDGE('',*,*,#4625,.T.);
#3367=ORIENTED_EDGE('',*,*,#4646,.F.);
#3368=ORIENTED_EDGE('',*,*,#4642,.F.);
#3369=ORIENTED_EDGE('',*,*,#4647,.T.);
#3370=ORIENTED_EDGE('',*,*,#3817,.T.);
#3371=ORIENTED_EDGE('',*,*,#4347,.T.);
#3372=ORIENTED_EDGE('',*,*,#3821,.F.);
#3373=ORIENTED_EDGE('',*,*,#4648,.T.);
#3374=ORIENTED_EDGE('',*,*,#4294,.T.);
#3375=ORIENTED_EDGE('',*,*,#4649,.F.);
#3376=ORIENTED_EDGE('',*,*,#4644,.T.);
#3377=ORIENTED_EDGE('',*,*,#4649,.T.);
#3378=ORIENTED_EDGE('',*,*,#4201,.T.);
#3379=ORIENTED_EDGE('',*,*,#4647,.F.);
#3380=ORIENTED_EDGE('',*,*,#4641,.F.);
#3381=ORIENTED_EDGE('',*,*,#4638,.T.);
#3382=ORIENTED_EDGE('',*,*,#4635,.F.);
#3383=ORIENTED_EDGE('',*,*,#4632,.F.);
#3384=ORIENTED_EDGE('',*,*,#4629,.F.);
#3385=ORIENTED_EDGE('',*,*,#4626,.F.);
#3386=ORIENTED_EDGE('',*,*,#4645,.F.);
#3387=ORIENTED_EDGE('',*,*,#4168,.F.);
#3388=ORIENTED_EDGE('',*,*,#4648,.F.);
#3389=ORIENTED_EDGE('',*,*,#4643,.T.);
#3390=ORIENTED_EDGE('',*,*,#4624,.T.);
#3391=ORIENTED_EDGE('',*,*,#4628,.T.);
#3392=ORIENTED_EDGE('',*,*,#4631,.T.);
#3393=ORIENTED_EDGE('',*,*,#4634,.T.);
#3394=ORIENTED_EDGE('',*,*,#4637,.F.);
#3395=ORIENTED_EDGE('',*,*,#4640,.T.);
#3396=ORIENTED_EDGE('',*,*,#4646,.T.);
#3397=ORIENTED_EDGE('',*,*,#4650,.F.);
#3398=ORIENTED_EDGE('',*,*,#4200,.T.);
#3399=ORIENTED_EDGE('',*,*,#4651,.T.);
#3400=ORIENTED_EDGE('',*,*,#4652,.F.);
#3401=ORIENTED_EDGE('',*,*,#4653,.F.);
#3402=ORIENTED_EDGE('',*,*,#4654,.F.);
#3403=ORIENTED_EDGE('',*,*,#4655,.F.);
#3404=ORIENTED_EDGE('',*,*,#4656,.F.);
#3405=ORIENTED_EDGE('',*,*,#4657,.T.);
#3406=ORIENTED_EDGE('',*,*,#4658,.F.);
#3407=ORIENTED_EDGE('',*,*,#4160,.F.);
#3408=ORIENTED_EDGE('',*,*,#4659,.T.);
#3409=ORIENTED_EDGE('',*,*,#4660,.T.);
#3410=ORIENTED_EDGE('',*,*,#4661,.F.);
#3411=ORIENTED_EDGE('',*,*,#4662,.T.);
#3412=ORIENTED_EDGE('',*,*,#4663,.T.);
#3413=ORIENTED_EDGE('',*,*,#4664,.T.);
#3414=ORIENTED_EDGE('',*,*,#4665,.T.);
#3415=ORIENTED_EDGE('',*,*,#4666,.T.);
#3416=ORIENTED_EDGE('',*,*,#4667,.F.);
#3417=ORIENTED_EDGE('',*,*,#4662,.F.);
#3418=ORIENTED_EDGE('',*,*,#4668,.F.);
#3419=ORIENTED_EDGE('',*,*,#4656,.T.);
#3420=ORIENTED_EDGE('',*,*,#4669,.T.);
#3421=ORIENTED_EDGE('',*,*,#4663,.F.);
#3422=ORIENTED_EDGE('',*,*,#4669,.F.);
#3423=ORIENTED_EDGE('',*,*,#4655,.T.);
#3424=ORIENTED_EDGE('',*,*,#4670,.T.);
#3425=ORIENTED_EDGE('',*,*,#4664,.F.);
#3426=ORIENTED_EDGE('',*,*,#4670,.F.);
#3427=ORIENTED_EDGE('',*,*,#4654,.T.);
#3428=ORIENTED_EDGE('',*,*,#4671,.T.);
#3429=ORIENTED_EDGE('',*,*,#4665,.F.);
#3430=ORIENTED_EDGE('',*,*,#4671,.F.);
#3431=ORIENTED_EDGE('',*,*,#4653,.T.);
#3432=ORIENTED_EDGE('',*,*,#4672,.T.);
#3433=ORIENTED_EDGE('',*,*,#4666,.F.);
#3434=ORIENTED_EDGE('',*,*,#4672,.F.);
#3435=ORIENTED_EDGE('',*,*,#4652,.T.);
#3436=ORIENTED_EDGE('',*,*,#4673,.T.);
#3437=ORIENTED_EDGE('',*,*,#4667,.T.);
#3438=ORIENTED_EDGE('',*,*,#4673,.F.);
#3439=ORIENTED_EDGE('',*,*,#4651,.F.);
#3440=ORIENTED_EDGE('',*,*,#4252,.T.);
#3441=ORIENTED_EDGE('',*,*,#4346,.F.);
#3442=ORIENTED_EDGE('',*,*,#3826,.F.);
#3443=ORIENTED_EDGE('',*,*,#4345,.T.);
#3444=ORIENTED_EDGE('',*,*,#4650,.T.);
#3445=ORIENTED_EDGE('',*,*,#4674,.T.);
#3446=ORIENTED_EDGE('',*,*,#4659,.F.);
#3447=ORIENTED_EDGE('',*,*,#4660,.F.);
#3448=ORIENTED_EDGE('',*,*,#4674,.F.);
#3449=ORIENTED_EDGE('',*,*,#4658,.T.);
#3450=ORIENTED_EDGE('',*,*,#4675,.T.);
#3451=ORIENTED_EDGE('',*,*,#4661,.T.);
#3452=ORIENTED_EDGE('',*,*,#4675,.F.);
#3453=ORIENTED_EDGE('',*,*,#4657,.F.);
#3454=ORIENTED_EDGE('',*,*,#4668,.T.);
#3455=ORIENTED_EDGE('',*,*,#4676,.T.);
#3456=ORIENTED_EDGE('',*,*,#4677,.F.);
#3457=ORIENTED_EDGE('',*,*,#4678,.F.);
#3458=ORIENTED_EDGE('',*,*,#4679,.T.);
#3459=ORIENTED_EDGE('',*,*,#4680,.F.);
#3460=ORIENTED_EDGE('',*,*,#4681,.F.);
#3461=ORIENTED_EDGE('',*,*,#4682,.T.);
#3462=ORIENTED_EDGE('',*,*,#4677,.T.);
#3463=ORIENTED_EDGE('',*,*,#4340,.F.);
#3464=ORIENTED_EDGE('',*,*,#3814,.F.);
#3465=ORIENTED_EDGE('',*,*,#4339,.T.);
#3466=ORIENTED_EDGE('',*,*,#4683,.T.);
#3467=ORIENTED_EDGE('',*,*,#4681,.T.);
#3468=ORIENTED_EDGE('',*,*,#4684,.F.);
#3469=ORIENTED_EDGE('',*,*,#4685,.T.);
#3470=ORIENTED_EDGE('',*,*,#4686,.F.);
#3471=ORIENTED_EDGE('',*,*,#4687,.F.);
#3472=ORIENTED_EDGE('',*,*,#4254,.T.);
#3473=ORIENTED_EDGE('',*,*,#4688,.F.);
#3474=ORIENTED_EDGE('',*,*,#4689,.F.);
#3475=ORIENTED_EDGE('',*,*,#4690,.T.);
#3476=ORIENTED_EDGE('',*,*,#4686,.T.);
#3477=ORIENTED_EDGE('',*,*,#4691,.F.);
#3478=ORIENTED_EDGE('',*,*,#4692,.F.);
#3479=ORIENTED_EDGE('',*,*,#4693,.T.);
#3480=ORIENTED_EDGE('',*,*,#4689,.T.);
#3481=ORIENTED_EDGE('',*,*,#4694,.F.);
#3482=ORIENTED_EDGE('',*,*,#4695,.F.);
#3483=ORIENTED_EDGE('',*,*,#4696,.T.);
#3484=ORIENTED_EDGE('',*,*,#4692,.T.);
#3485=ORIENTED_EDGE('',*,*,#4697,.F.);
#3486=ORIENTED_EDGE('',*,*,#4698,.F.);
#3487=ORIENTED_EDGE('',*,*,#4699,.T.);
#3488=ORIENTED_EDGE('',*,*,#4695,.T.);
#3489=ORIENTED_EDGE('',*,*,#4700,.F.);
#3490=ORIENTED_EDGE('',*,*,#4679,.F.);
#3491=ORIENTED_EDGE('',*,*,#4701,.T.);
#3492=ORIENTED_EDGE('',*,*,#4698,.T.);
#3493=ORIENTED_EDGE('',*,*,#4206,.F.);
#3494=ORIENTED_EDGE('',*,*,#4684,.T.);
#3495=ORIENTED_EDGE('',*,*,#4680,.T.);
#3496=ORIENTED_EDGE('',*,*,#4676,.F.);
#3497=ORIENTED_EDGE('',*,*,#4700,.T.);
#3498=ORIENTED_EDGE('',*,*,#4697,.T.);
#3499=ORIENTED_EDGE('',*,*,#4694,.T.);
#3500=ORIENTED_EDGE('',*,*,#4691,.T.);
#3501=ORIENTED_EDGE('',*,*,#4688,.T.);
#3502=ORIENTED_EDGE('',*,*,#4685,.F.);
#3503=ORIENTED_EDGE('',*,*,#4683,.F.);
#3504=ORIENTED_EDGE('',*,*,#4214,.T.);
#3505=ORIENTED_EDGE('',*,*,#4687,.T.);
#3506=ORIENTED_EDGE('',*,*,#4690,.F.);
#3507=ORIENTED_EDGE('',*,*,#4693,.F.);
#3508=ORIENTED_EDGE('',*,*,#4696,.F.);
#3509=ORIENTED_EDGE('',*,*,#4699,.F.);
#3510=ORIENTED_EDGE('',*,*,#4701,.F.);
#3511=ORIENTED_EDGE('',*,*,#4678,.T.);
#3512=ORIENTED_EDGE('',*,*,#4682,.F.);
#3513=ORIENTED_EDGE('',*,*,#4702,.T.);
#3514=ORIENTED_EDGE('',*,*,#4215,.T.);
#3515=ORIENTED_EDGE('',*,*,#4703,.F.);
#3516=ORIENTED_EDGE('',*,*,#4704,.F.);
#3517=ORIENTED_EDGE('',*,*,#4705,.T.);
#3518=ORIENTED_EDGE('',*,*,#4706,.F.);
#3519=ORIENTED_EDGE('',*,*,#4707,.F.);
#3520=ORIENTED_EDGE('',*,*,#4708,.F.);
#3521=ORIENTED_EDGE('',*,*,#4709,.F.);
#3522=ORIENTED_EDGE('',*,*,#4710,.F.);
#3523=ORIENTED_EDGE('',*,*,#4211,.F.);
#3524=ORIENTED_EDGE('',*,*,#4711,.F.);
#3525=ORIENTED_EDGE('',*,*,#4712,.T.);
#3526=ORIENTED_EDGE('',*,*,#4713,.T.);
#3527=ORIENTED_EDGE('',*,*,#4714,.T.);
#3528=ORIENTED_EDGE('',*,*,#4715,.T.);
#3529=ORIENTED_EDGE('',*,*,#4716,.T.);
#3530=ORIENTED_EDGE('',*,*,#4717,.F.);
#3531=ORIENTED_EDGE('',*,*,#4718,.T.);
#3532=ORIENTED_EDGE('',*,*,#4719,.T.);
#3533=ORIENTED_EDGE('',*,*,#4711,.T.);
#3534=ORIENTED_EDGE('',*,*,#4292,.T.);
#3535=ORIENTED_EDGE('',*,*,#4702,.F.);
#3536=ORIENTED_EDGE('',*,*,#4720,.T.);
#3537=ORIENTED_EDGE('',*,*,#4712,.F.);
#3538=ORIENTED_EDGE('',*,*,#4720,.F.);
#3539=ORIENTED_EDGE('',*,*,#4710,.T.);
#3540=ORIENTED_EDGE('',*,*,#4721,.T.);
#3541=ORIENTED_EDGE('',*,*,#4713,.F.);
#3542=ORIENTED_EDGE('',*,*,#4721,.F.);
#3543=ORIENTED_EDGE('',*,*,#4709,.T.);
#3544=ORIENTED_EDGE('',*,*,#4722,.T.);
#3545=ORIENTED_EDGE('',*,*,#4714,.F.);
#3546=ORIENTED_EDGE('',*,*,#4722,.F.);
#3547=ORIENTED_EDGE('',*,*,#4708,.T.);
#3548=ORIENTED_EDGE('',*,*,#4723,.T.);
#3549=ORIENTED_EDGE('',*,*,#4715,.F.);
#3550=ORIENTED_EDGE('',*,*,#4723,.F.);
#3551=ORIENTED_EDGE('',*,*,#4707,.T.);
#3552=ORIENTED_EDGE('',*,*,#4724,.T.);
#3553=ORIENTED_EDGE('',*,*,#4716,.F.);
#3554=ORIENTED_EDGE('',*,*,#4724,.F.);
#3555=ORIENTED_EDGE('',*,*,#4706,.T.);
#3556=ORIENTED_EDGE('',*,*,#4725,.T.);
#3557=ORIENTED_EDGE('',*,*,#4717,.T.);
#3558=ORIENTED_EDGE('',*,*,#4725,.F.);
#3559=ORIENTED_EDGE('',*,*,#4705,.F.);
#3560=ORIENTED_EDGE('',*,*,#4726,.T.);
#3561=ORIENTED_EDGE('',*,*,#4718,.F.);
#3562=ORIENTED_EDGE('',*,*,#4726,.F.);
#3563=ORIENTED_EDGE('',*,*,#4704,.T.);
#3564=ORIENTED_EDGE('',*,*,#4727,.T.);
#3565=ORIENTED_EDGE('',*,*,#4719,.F.);
#3566=ORIENTED_EDGE('',*,*,#4727,.F.);
#3567=ORIENTED_EDGE('',*,*,#4703,.T.);
#3568=ORIENTED_EDGE('',*,*,#3805,.T.);
#3569=ORIENTED_EDGE('',*,*,#4341,.T.);
#3570=ORIENTED_EDGE('',*,*,#3809,.F.);
#3571=ORIENTED_EDGE('',*,*,#4728,.F.);
#3572=ORIENTED_EDGE('',*,*,#4729,.F.);
#3573=ORIENTED_EDGE('',*,*,#4730,.F.);
#3574=ORIENTED_EDGE('',*,*,#4731,.F.);
#3575=ORIENTED_EDGE('',*,*,#4732,.F.);
#3576=ORIENTED_EDGE('',*,*,#4733,.F.);
#3577=ORIENTED_EDGE('',*,*,#4734,.F.);
#3578=ORIENTED_EDGE('',*,*,#4735,.F.);
#3579=ORIENTED_EDGE('',*,*,#4736,.F.);
#3580=ORIENTED_EDGE('',*,*,#4737,.T.);
#3581=ORIENTED_EDGE('',*,*,#4738,.T.);
#3582=ORIENTED_EDGE('',*,*,#4739,.T.);
#3583=ORIENTED_EDGE('',*,*,#4740,.T.);
#3584=ORIENTED_EDGE('',*,*,#4741,.T.);
#3585=ORIENTED_EDGE('',*,*,#4742,.F.);
#3586=ORIENTED_EDGE('',*,*,#4743,.T.);
#3587=ORIENTED_EDGE('',*,*,#4744,.T.);
#3588=ORIENTED_EDGE('',*,*,#4745,.T.);
#3589=ORIENTED_EDGE('',*,*,#4746,.F.);
#3590=ORIENTED_EDGE('',*,*,#4747,.F.);
#3591=ORIENTED_EDGE('',*,*,#4748,.F.);
#3592=ORIENTED_EDGE('',*,*,#4749,.T.);
#3593=ORIENTED_EDGE('',*,*,#4750,.T.);
#3594=ORIENTED_EDGE('',*,*,#4751,.T.);
#3595=ORIENTED_EDGE('',*,*,#4752,.F.);
#3596=ORIENTED_EDGE('',*,*,#4753,.T.);
#3597=ORIENTED_EDGE('',*,*,#4754,.T.);
#3598=ORIENTED_EDGE('',*,*,#4755,.T.);
#3599=ORIENTED_EDGE('',*,*,#4756,.T.);
#3600=ORIENTED_EDGE('',*,*,#4757,.T.);
#3601=ORIENTED_EDGE('',*,*,#4758,.F.);
#3602=ORIENTED_EDGE('',*,*,#4759,.F.);
#3603=ORIENTED_EDGE('',*,*,#4760,.F.);
#3604=ORIENTED_EDGE('',*,*,#4761,.F.);
#3605=ORIENTED_EDGE('',*,*,#4754,.F.);
#3606=ORIENTED_EDGE('',*,*,#4762,.F.);
#3607=ORIENTED_EDGE('',*,*,#4763,.T.);
#3608=ORIENTED_EDGE('',*,*,#4764,.T.);
#3609=ORIENTED_EDGE('',*,*,#4755,.F.);
#3610=ORIENTED_EDGE('',*,*,#4764,.F.);
#3611=ORIENTED_EDGE('',*,*,#4765,.T.);
#3612=ORIENTED_EDGE('',*,*,#4766,.T.);
#3613=ORIENTED_EDGE('',*,*,#4756,.F.);
#3614=ORIENTED_EDGE('',*,*,#4766,.F.);
#3615=ORIENTED_EDGE('',*,*,#4767,.T.);
#3616=ORIENTED_EDGE('',*,*,#4768,.T.);
#3617=ORIENTED_EDGE('',*,*,#4769,.F.);
#3618=ORIENTED_EDGE('',*,*,#4757,.F.);
#3619=ORIENTED_EDGE('',*,*,#4768,.F.);
#3620=ORIENTED_EDGE('',*,*,#4770,.T.);
#3621=ORIENTED_EDGE('',*,*,#4771,.T.);
#3622=ORIENTED_EDGE('',*,*,#4772,.T.);
#3623=ORIENTED_EDGE('',*,*,#4771,.F.);
#3624=ORIENTED_EDGE('',*,*,#4773,.T.);
#3625=ORIENTED_EDGE('',*,*,#4774,.T.);
#3626=ORIENTED_EDGE('',*,*,#4775,.F.);
#3627=ORIENTED_EDGE('',*,*,#4774,.F.);
#3628=ORIENTED_EDGE('',*,*,#4776,.T.);
#3629=ORIENTED_EDGE('',*,*,#4777,.T.);
#3630=ORIENTED_EDGE('',*,*,#4737,.F.);
#3631=ORIENTED_EDGE('',*,*,#4738,.F.);
#3632=ORIENTED_EDGE('',*,*,#4777,.F.);
#3633=ORIENTED_EDGE('',*,*,#4778,.T.);
#3634=ORIENTED_EDGE('',*,*,#4779,.T.);
#3635=ORIENTED_EDGE('',*,*,#4739,.F.);
#3636=ORIENTED_EDGE('',*,*,#4779,.F.);
#3637=ORIENTED_EDGE('',*,*,#4780,.T.);
#3638=ORIENTED_EDGE('',*,*,#4781,.T.);
#3639=ORIENTED_EDGE('',*,*,#4740,.F.);
#3640=ORIENTED_EDGE('',*,*,#4781,.F.);
#3641=ORIENTED_EDGE('',*,*,#4782,.T.);
#3642=ORIENTED_EDGE('',*,*,#4783,.T.);
#3643=ORIENTED_EDGE('',*,*,#4784,.F.);
#3644=ORIENTED_EDGE('',*,*,#4741,.F.);
#3645=ORIENTED_EDGE('',*,*,#4783,.F.);
#3646=ORIENTED_EDGE('',*,*,#4785,.T.);
#3647=ORIENTED_EDGE('',*,*,#4786,.T.);
#3648=ORIENTED_EDGE('',*,*,#4787,.F.);
#3649=ORIENTED_EDGE('',*,*,#4786,.F.);
#3650=ORIENTED_EDGE('',*,*,#4788,.T.);
#3651=ORIENTED_EDGE('',*,*,#4789,.T.);
#3652=ORIENTED_EDGE('',*,*,#4790,.F.);
#3653=ORIENTED_EDGE('',*,*,#4789,.F.);
#3654=ORIENTED_EDGE('',*,*,#4791,.T.);
#3655=ORIENTED_EDGE('',*,*,#4792,.T.);
#3656=ORIENTED_EDGE('',*,*,#4743,.F.);
#3657=ORIENTED_EDGE('',*,*,#4744,.F.);
#3658=ORIENTED_EDGE('',*,*,#4792,.F.);
#3659=ORIENTED_EDGE('',*,*,#4793,.T.);
#3660=ORIENTED_EDGE('',*,*,#4794,.T.);
#3661=ORIENTED_EDGE('',*,*,#4795,.F.);
#3662=ORIENTED_EDGE('',*,*,#4745,.F.);
#3663=ORIENTED_EDGE('',*,*,#4794,.F.);
#3664=ORIENTED_EDGE('',*,*,#4796,.T.);
#3665=ORIENTED_EDGE('',*,*,#4797,.T.);
#3666=ORIENTED_EDGE('',*,*,#4798,.F.);
#3667=ORIENTED_EDGE('',*,*,#4797,.F.);
#3668=ORIENTED_EDGE('',*,*,#4799,.T.);
#3669=ORIENTED_EDGE('',*,*,#4800,.T.);
#3670=ORIENTED_EDGE('',*,*,#4747,.T.);
#3671=ORIENTED_EDGE('',*,*,#4801,.T.);
#3672=ORIENTED_EDGE('',*,*,#4800,.F.);
#3673=ORIENTED_EDGE('',*,*,#4802,.F.);
#3674=ORIENTED_EDGE('',*,*,#4803,.T.);
#3675=ORIENTED_EDGE('',*,*,#4804,.T.);
#3676=ORIENTED_EDGE('',*,*,#4805,.F.);
#3677=ORIENTED_EDGE('',*,*,#4803,.F.);
#3678=ORIENTED_EDGE('',*,*,#4806,.T.);
#3679=ORIENTED_EDGE('',*,*,#4807,.T.);
#3680=ORIENTED_EDGE('',*,*,#4808,.F.);
#3681=ORIENTED_EDGE('',*,*,#4807,.F.);
#3682=ORIENTED_EDGE('',*,*,#4809,.T.);
#3683=ORIENTED_EDGE('',*,*,#4810,.T.);
#3684=ORIENTED_EDGE('',*,*,#4749,.F.);
#3685=ORIENTED_EDGE('',*,*,#4750,.F.);
#3686=ORIENTED_EDGE('',*,*,#4810,.F.);
#3687=ORIENTED_EDGE('',*,*,#4811,.T.);
#3688=ORIENTED_EDGE('',*,*,#4812,.T.);
#3689=ORIENTED_EDGE('',*,*,#4813,.F.);
#3690=ORIENTED_EDGE('',*,*,#4751,.F.);
#3691=ORIENTED_EDGE('',*,*,#4812,.F.);
#3692=ORIENTED_EDGE('',*,*,#4814,.T.);
#3693=ORIENTED_EDGE('',*,*,#4815,.T.);
#3694=ORIENTED_EDGE('',*,*,#4816,.F.);
#3695=ORIENTED_EDGE('',*,*,#4815,.F.);
#3696=ORIENTED_EDGE('',*,*,#4817,.T.);
#3697=ORIENTED_EDGE('',*,*,#4818,.T.);
#3698=ORIENTED_EDGE('',*,*,#4819,.F.);
#3699=ORIENTED_EDGE('',*,*,#4818,.F.);
#3700=ORIENTED_EDGE('',*,*,#4820,.T.);
#3701=ORIENTED_EDGE('',*,*,#4762,.T.);
#3702=ORIENTED_EDGE('',*,*,#4753,.F.);
#3703=ORIENTED_EDGE('',*,*,#4763,.F.);
#3704=ORIENTED_EDGE('',*,*,#4820,.F.);
#3705=ORIENTED_EDGE('',*,*,#4817,.F.);
#3706=ORIENTED_EDGE('',*,*,#4814,.F.);
#3707=ORIENTED_EDGE('',*,*,#4811,.F.);
#3708=ORIENTED_EDGE('',*,*,#4809,.F.);
#3709=ORIENTED_EDGE('',*,*,#4806,.F.);
#3710=ORIENTED_EDGE('',*,*,#4802,.T.);
#3711=ORIENTED_EDGE('',*,*,#4799,.F.);
#3712=ORIENTED_EDGE('',*,*,#4796,.F.);
#3713=ORIENTED_EDGE('',*,*,#4793,.F.);
#3714=ORIENTED_EDGE('',*,*,#4791,.F.);
#3715=ORIENTED_EDGE('',*,*,#4788,.F.);
#3716=ORIENTED_EDGE('',*,*,#4785,.F.);
#3717=ORIENTED_EDGE('',*,*,#4782,.F.);
#3718=ORIENTED_EDGE('',*,*,#4780,.F.);
#3719=ORIENTED_EDGE('',*,*,#4778,.F.);
#3720=ORIENTED_EDGE('',*,*,#4776,.F.);
#3721=ORIENTED_EDGE('',*,*,#4773,.F.);
#3722=ORIENTED_EDGE('',*,*,#4770,.F.);
#3723=ORIENTED_EDGE('',*,*,#4767,.F.);
#3724=ORIENTED_EDGE('',*,*,#4765,.F.);
#3725=ORIENTED_EDGE('',*,*,#4784,.T.);
#3726=ORIENTED_EDGE('',*,*,#4787,.T.);
#3727=ORIENTED_EDGE('',*,*,#4790,.T.);
#3728=ORIENTED_EDGE('',*,*,#4742,.T.);
#3729=ORIENTED_EDGE('',*,*,#4795,.T.);
#3730=ORIENTED_EDGE('',*,*,#4798,.T.);
#3731=ORIENTED_EDGE('',*,*,#4801,.F.);
#3732=ORIENTED_EDGE('',*,*,#4746,.T.);
#3733=ORIENTED_EDGE('',*,*,#4805,.T.);
#3734=ORIENTED_EDGE('',*,*,#4808,.T.);
#3735=ORIENTED_EDGE('',*,*,#4748,.T.);
#3736=ORIENTED_EDGE('',*,*,#4804,.F.);
#3737=ORIENTED_EDGE('',*,*,#4813,.T.);
#3738=ORIENTED_EDGE('',*,*,#4816,.T.);
#3739=ORIENTED_EDGE('',*,*,#4819,.T.);
#3740=ORIENTED_EDGE('',*,*,#4752,.T.);
#3741=ORIENTED_EDGE('',*,*,#4769,.T.);
#3742=ORIENTED_EDGE('',*,*,#4772,.F.);
#3743=ORIENTED_EDGE('',*,*,#4775,.T.);
#3744=ORIENTED_EDGE('',*,*,#4736,.T.);
#3745=ORIENTED_EDGE('',*,*,#4732,.T.);
#3746=ORIENTED_EDGE('',*,*,#4821,.F.);
#3747=ORIENTED_EDGE('',*,*,#4822,.F.);
#3748=ORIENTED_EDGE('',*,*,#4823,.T.);
#3749=ORIENTED_EDGE('',*,*,#4735,.T.);
#3750=ORIENTED_EDGE('',*,*,#4824,.F.);
#3751=ORIENTED_EDGE('',*,*,#4825,.F.);
#3752=ORIENTED_EDGE('',*,*,#4821,.T.);
#3753=ORIENTED_EDGE('',*,*,#4734,.T.);
#3754=ORIENTED_EDGE('',*,*,#4826,.F.);
#3755=ORIENTED_EDGE('',*,*,#4827,.F.);
#3756=ORIENTED_EDGE('',*,*,#4824,.T.);
#3757=ORIENTED_EDGE('',*,*,#4733,.T.);
#3758=ORIENTED_EDGE('',*,*,#4823,.F.);
#3759=ORIENTED_EDGE('',*,*,#4828,.F.);
#3760=ORIENTED_EDGE('',*,*,#4826,.T.);
#3761=ORIENTED_EDGE('',*,*,#4822,.T.);
#3762=ORIENTED_EDGE('',*,*,#4825,.T.);
#3763=ORIENTED_EDGE('',*,*,#4827,.T.);
#3764=ORIENTED_EDGE('',*,*,#4828,.T.);
#3765=ORIENTED_EDGE('',*,*,#4728,.T.);
#3766=ORIENTED_EDGE('',*,*,#4829,.F.);
#3767=ORIENTED_EDGE('',*,*,#4830,.F.);
#3768=ORIENTED_EDGE('',*,*,#4831,.T.);
#3769=ORIENTED_EDGE('',*,*,#4731,.T.);
#3770=ORIENTED_EDGE('',*,*,#4832,.F.);
#3771=ORIENTED_EDGE('',*,*,#4833,.F.);
#3772=ORIENTED_EDGE('',*,*,#4829,.T.);
#3773=ORIENTED_EDGE('',*,*,#4730,.T.);
#3774=ORIENTED_EDGE('',*,*,#4834,.F.);
#3775=ORIENTED_EDGE('',*,*,#4835,.F.);
#3776=ORIENTED_EDGE('',*,*,#4832,.T.);
#3777=ORIENTED_EDGE('',*,*,#4729,.T.);
#3778=ORIENTED_EDGE('',*,*,#4831,.F.);
#3779=ORIENTED_EDGE('',*,*,#4836,.F.);
#3780=ORIENTED_EDGE('',*,*,#4834,.T.);
#3781=ORIENTED_EDGE('',*,*,#4830,.T.);
#3782=ORIENTED_EDGE('',*,*,#4833,.T.);
#3783=ORIENTED_EDGE('',*,*,#4835,.T.);
#3784=ORIENTED_EDGE('',*,*,#4836,.T.);
#3785=ORIENTED_EDGE('',*,*,#4759,.T.);
#3786=ORIENTED_EDGE('',*,*,#4837,.F.);
#3787=ORIENTED_EDGE('',*,*,#4838,.F.);
#3788=ORIENTED_EDGE('',*,*,#4839,.T.);
#3789=ORIENTED_EDGE('',*,*,#4758,.T.);
#3790=ORIENTED_EDGE('',*,*,#4840,.F.);
#3791=ORIENTED_EDGE('',*,*,#4841,.F.);
#3792=ORIENTED_EDGE('',*,*,#4837,.T.);
#3793=ORIENTED_EDGE('',*,*,#4761,.T.);
#3794=ORIENTED_EDGE('',*,*,#4842,.F.);
#3795=ORIENTED_EDGE('',*,*,#4843,.F.);
#3796=ORIENTED_EDGE('',*,*,#4840,.T.);
#3797=ORIENTED_EDGE('',*,*,#4760,.T.);
#3798=ORIENTED_EDGE('',*,*,#4839,.F.);
#3799=ORIENTED_EDGE('',*,*,#4844,.F.);
#3800=ORIENTED_EDGE('',*,*,#4842,.T.);
#3801=ORIENTED_EDGE('',*,*,#4838,.T.);
#3802=ORIENTED_EDGE('',*,*,#4841,.T.);
#3803=ORIENTED_EDGE('',*,*,#4843,.T.);
#3804=ORIENTED_EDGE('',*,*,#4844,.T.);
#3805=EDGE_CURVE('',#4845,#4846,#5519,.T.);
#3806=EDGE_CURVE('',#4845,#4847,#141,.T.);
#3807=EDGE_CURVE('',#4847,#4848,#142,.T.);
#3808=EDGE_CURVE('',#4846,#4848,#143,.T.);
#3809=EDGE_CURVE('',#4849,#4850,#5520,.T.);
#3810=EDGE_CURVE('',#4850,#4851,#144,.T.);
#3811=EDGE_CURVE('',#4851,#4852,#145,.T.);
#3812=EDGE_CURVE('',#4849,#4852,#146,.T.);
#3813=EDGE_CURVE('',#4853,#4854,#147,.T.);
#3814=EDGE_CURVE('',#4854,#4855,#148,.T.);
#3815=EDGE_CURVE('',#4856,#4855,#149,.T.);
#3816=EDGE_CURVE('',#4856,#4853,#150,.T.);
#3817=EDGE_CURVE('',#4857,#4858,#5521,.T.);
#3818=EDGE_CURVE('',#4857,#4859,#151,.T.);
#3819=EDGE_CURVE('',#4859,#4860,#152,.T.);
#3820=EDGE_CURVE('',#4858,#4860,#153,.T.);
#3821=EDGE_CURVE('',#4861,#4862,#5522,.T.);
#3822=EDGE_CURVE('',#4862,#4863,#154,.T.);
#3823=EDGE_CURVE('',#4863,#4864,#155,.T.);
#3824=EDGE_CURVE('',#4861,#4864,#156,.T.);
#3825=EDGE_CURVE('',#4865,#4866,#157,.T.);
#3826=EDGE_CURVE('',#4866,#4867,#158,.T.);
#3827=EDGE_CURVE('',#4868,#4867,#159,.T.);
#3828=EDGE_CURVE('',#4868,#4865,#160,.T.);
#3829=EDGE_CURVE('',#4869,#4870,#161,.T.);
#3830=EDGE_CURVE('',#4871,#4869,#5523,.T.);
#3831=EDGE_CURVE('',#4871,#4872,#162,.T.);
#3832=EDGE_CURVE('',#4872,#4870,#163,.T.);
#3833=EDGE_CURVE('',#4873,#4874,#164,.T.);
#3834=EDGE_CURVE('',#4873,#4875,#5524,.T.);
#3835=EDGE_CURVE('',#4875,#4876,#165,.T.);
#3836=EDGE_CURVE('',#4876,#4874,#166,.T.);
#3837=EDGE_CURVE('',#4877,#4878,#167,.T.);
#3838=EDGE_CURVE('',#4879,#4878,#168,.T.);
#3839=EDGE_CURVE('',#4880,#4879,#169,.T.);
#3840=EDGE_CURVE('',#4880,#4877,#170,.T.);
#3841=EDGE_CURVE('',#4881,#4882,#5525,.T.);
#3842=EDGE_CURVE('',#4881,#4883,#171,.T.);
#3843=EDGE_CURVE('',#4883,#4884,#172,.T.);
#3844=EDGE_CURVE('',#4882,#4884,#173,.T.);
#3845=EDGE_CURVE('',#4885,#4886,#5526,.T.);
#3846=EDGE_CURVE('',#4886,#4887,#174,.T.);
#3847=EDGE_CURVE('',#4887,#4888,#175,.T.);
#3848=EDGE_CURVE('',#4885,#4888,#176,.T.);
#3849=EDGE_CURVE('',#4889,#4890,#177,.T.);
#3850=EDGE_CURVE('',#4890,#4891,#178,.T.);
#3851=EDGE_CURVE('',#4892,#4891,#179,.T.);
#3852=EDGE_CURVE('',#4892,#4889,#180,.T.);
#3853=EDGE_CURVE('',#4893,#4894,#5527,.F.);
#3854=EDGE_CURVE('',#4895,#4893,#181,.T.);
#3855=EDGE_CURVE('',#4896,#4895,#182,.T.);
#3856=EDGE_CURVE('',#4896,#4897,#183,.T.);
#3857=EDGE_CURVE('',#4897,#4898,#184,.T.);
#3858=EDGE_CURVE('',#4898,#4899,#185,.T.);
#3859=EDGE_CURVE('',#4894,#4899,#186,.T.);
#3860=EDGE_CURVE('',#4900,#4893,#187,.T.);
#3861=EDGE_CURVE('',#4901,#4900,#188,.T.);
#3862=EDGE_CURVE('',#4902,#4901,#5528,.T.);
#3863=EDGE_CURVE('',#4902,#4903,#189,.T.);
#3864=EDGE_CURVE('',#4904,#4903,#190,.T.);
#3865=EDGE_CURVE('',#4904,#4905,#191,.T.);
#3866=EDGE_CURVE('',#4905,#4895,#5529,.T.);
#3867=EDGE_CURVE('',#4906,#4900,#5530,.F.);
#3868=EDGE_CURVE('',#4907,#4906,#192,.T.);
#3869=EDGE_CURVE('',#4907,#4908,#193,.T.);
#3870=EDGE_CURVE('',#4908,#4901,#194,.T.);
#3871=EDGE_CURVE('',#4909,#4910,#5531,.F.);
#3872=EDGE_CURVE('',#4911,#4909,#195,.T.);
#3873=EDGE_CURVE('',#4912,#4911,#196,.T.);
#3874=EDGE_CURVE('',#4912,#4913,#197,.T.);
#3875=EDGE_CURVE('',#4913,#4910,#198,.T.);
#3876=EDGE_CURVE('',#4914,#4909,#199,.T.);
#3877=EDGE_CURVE('',#4915,#4914,#200,.T.);
#3878=EDGE_CURVE('',#4915,#4916,#5532,.T.);
#3879=EDGE_CURVE('',#4916,#4917,#201,.T.);
#3880=EDGE_CURVE('',#4917,#4918,#202,.T.);
#3881=EDGE_CURVE('',#4918,#4919,#203,.T.);
#3882=EDGE_CURVE('',#4911,#4919,#5533,.T.);
#3883=EDGE_CURVE('',#4920,#4914,#5534,.F.);
#3884=EDGE_CURVE('',#4921,#4920,#204,.T.);
#3885=EDGE_CURVE('',#4922,#4921,#205,.T.);
#3886=EDGE_CURVE('',#4922,#4923,#206,.T.);
#3887=EDGE_CURVE('',#4923,#4924,#207,.T.);
#3888=EDGE_CURVE('',#4924,#4915,#208,.T.);
#3889=EDGE_CURVE('',#4925,#4926,#209,.T.);
#3890=EDGE_CURVE('',#4926,#4927,#5535,.T.);
#3891=EDGE_CURVE('',#4927,#4928,#210,.T.);
#3892=EDGE_CURVE('',#4928,#4929,#5536,.T.);
#3893=EDGE_CURVE('',#4929,#4930,#211,.T.);
#3894=EDGE_CURVE('',#4930,#4931,#5537,.T.);
#3895=EDGE_CURVE('',#4931,#4932,#212,.T.);
#3896=EDGE_CURVE('',#4932,#4925,#5538,.T.);
#3897=EDGE_CURVE('',#4907,#4897,#213,.T.);
#3898=EDGE_CURVE('',#4907,#4933,#5539,.T.);
#3899=EDGE_CURVE('',#4934,#4933,#214,.T.);
#3900=EDGE_CURVE('',#4934,#4913,#5540,.T.);
#3901=EDGE_CURVE('',#4923,#4913,#215,.T.);
#3902=EDGE_CURVE('',#4922,#4935,#5541,.T.);
#3903=EDGE_CURVE('',#4936,#4935,#216,.T.);
#3904=EDGE_CURVE('',#4937,#4936,#217,.T.);
#3905=EDGE_CURVE('',#4938,#4937,#218,.T.);
#3906=EDGE_CURVE('',#4939,#4938,#219,.T.);
#3907=EDGE_CURVE('',#4939,#4940,#220,.T.);
#3908=EDGE_CURVE('',#4941,#4940,#221,.T.);
#3909=EDGE_CURVE('',#4942,#4941,#222,.T.);
#3910=EDGE_CURVE('',#4942,#4943,#5542,.T.);
#3911=EDGE_CURVE('',#4943,#4944,#223,.T.);
#3912=EDGE_CURVE('',#4944,#4945,#5543,.T.);
#3913=EDGE_CURVE('',#4946,#4945,#224,.T.);
#3914=EDGE_CURVE('',#4946,#4947,#5544,.T.);
#3915=EDGE_CURVE('',#4947,#4948,#225,.T.);
#3916=EDGE_CURVE('',#4948,#4949,#5545,.T.);
#3917=EDGE_CURVE('',#4950,#4949,#226,.T.);
#3918=EDGE_CURVE('',#4951,#4950,#227,.T.);
#3919=EDGE_CURVE('',#4951,#4952,#228,.T.);
#3920=EDGE_CURVE('',#4952,#4953,#229,.T.);
#3921=EDGE_CURVE('',#4954,#4953,#230,.T.);
#3922=EDGE_CURVE('',#4955,#4954,#231,.T.);
#3923=EDGE_CURVE('',#4956,#4955,#232,.T.);
#3924=EDGE_CURVE('',#4956,#4898,#5546,.T.);
#3925=EDGE_CURVE('',#4906,#4894,#233,.T.);
#3926=EDGE_CURVE('',#4957,#4899,#5547,.T.);
#3927=EDGE_CURVE('',#4957,#4958,#234,.T.);
#3928=EDGE_CURVE('',#4958,#4959,#5548,.T.);
#3929=EDGE_CURVE('',#4960,#4959,#235,.T.);
#3930=EDGE_CURVE('',#4960,#4961,#5549,.T.);
#3931=EDGE_CURVE('',#4961,#4962,#236,.T.);
#3932=EDGE_CURVE('',#4963,#4962,#5550,.T.);
#3933=EDGE_CURVE('',#4963,#4964,#237,.T.);
#3934=EDGE_CURVE('',#4964,#4965,#238,.T.);
#3935=EDGE_CURVE('',#4965,#4966,#239,.T.);
#3936=EDGE_CURVE('',#4967,#4966,#5551,.T.);
#3937=EDGE_CURVE('',#4968,#4967,#240,.T.);
#3938=EDGE_CURVE('',#4969,#4968,#5552,.T.);
#3939=EDGE_CURVE('',#4969,#4970,#241,.T.);
#3940=EDGE_CURVE('',#4970,#4971,#242,.T.);
#3941=EDGE_CURVE('',#4971,#4972,#243,.T.);
#3942=EDGE_CURVE('',#4973,#4972,#5553,.T.);
#3943=EDGE_CURVE('',#4973,#4974,#244,.T.);
#3944=EDGE_CURVE('',#4974,#4975,#5554,.T.);
#3945=EDGE_CURVE('',#4975,#4976,#245,.T.);
#3946=EDGE_CURVE('',#4976,#4977,#5555,.T.);
#3947=EDGE_CURVE('',#4977,#4978,#246,.T.);
#3948=EDGE_CURVE('',#4921,#4978,#5556,.T.);
#3949=EDGE_CURVE('',#4920,#4910,#247,.T.);
#3950=EDGE_CURVE('',#4979,#4910,#5557,.T.);
#3951=EDGE_CURVE('',#4979,#4980,#248,.T.);
#3952=EDGE_CURVE('',#4906,#4980,#5558,.T.);
#3953=EDGE_CURVE('',#4981,#4982,#249,.T.);
#3954=EDGE_CURVE('',#4983,#4981,#5559,.T.);
#3955=EDGE_CURVE('',#4984,#4983,#250,.T.);
#3956=EDGE_CURVE('',#4985,#4984,#5560,.T.);
#3957=EDGE_CURVE('',#4986,#4985,#251,.T.);
#3958=EDGE_CURVE('',#4987,#4986,#5561,.T.);
#3959=EDGE_CURVE('',#4988,#4987,#252,.T.);
#3960=EDGE_CURVE('',#4982,#4988,#5562,.T.);
#3961=EDGE_CURVE('',#4989,#4990,#5563,.F.);
#3962=EDGE_CURVE('',#4946,#4989,#253,.T.);
#3963=EDGE_CURVE('',#4946,#4991,#254,.T.);
#3964=EDGE_CURVE('',#4991,#4992,#255,.T.);
#3965=EDGE_CURVE('',#4990,#4992,#256,.T.);
#3966=EDGE_CURVE('',#4993,#4994,#5564,.F.);
#3967=EDGE_CURVE('',#4995,#4993,#257,.T.);
#3968=EDGE_CURVE('',#4996,#4995,#258,.T.);
#3969=EDGE_CURVE('',#4996,#4945,#259,.T.);
#3970=EDGE_CURVE('',#4945,#4994,#260,.T.);
#3971=EDGE_CURVE('',#4997,#4998,#261,.T.);
#3972=EDGE_CURVE('',#4999,#4998,#262,.T.);
#3973=EDGE_CURVE('',#4999,#5000,#263,.T.);
#3974=EDGE_CURVE('',#5000,#5001,#264,.T.);
#3975=EDGE_CURVE('',#5002,#5001,#5565,.T.);
#3976=EDGE_CURVE('',#5002,#5003,#265,.T.);
#3977=EDGE_CURVE('',#5003,#5004,#266,.T.);
#3978=EDGE_CURVE('',#5004,#5005,#5566,.T.);
#3979=EDGE_CURVE('',#5005,#5006,#267,.T.);
#3980=EDGE_CURVE('',#5006,#5007,#5567,.T.);
#3981=EDGE_CURVE('',#5007,#5008,#268,.T.);
#3982=EDGE_CURVE('',#5008,#5009,#269,.T.);
#3983=EDGE_CURVE('',#5010,#5009,#5568,.T.);
#3984=EDGE_CURVE('',#5010,#4997,#270,.T.);
#3985=EDGE_CURVE('',#5011,#5012,#271,.T.);
#3986=EDGE_CURVE('',#5012,#5013,#5569,.F.);
#3987=EDGE_CURVE('',#5013,#5014,#272,.T.);
#3988=EDGE_CURVE('',#5011,#5014,#273,.T.);
#3989=EDGE_CURVE('',#5015,#5016,#274,.T.);
#3990=EDGE_CURVE('',#5016,#5017,#5570,.F.);
#3991=EDGE_CURVE('',#5017,#5018,#275,.T.);
#3992=EDGE_CURVE('',#5015,#5018,#276,.T.);
#3993=EDGE_CURVE('',#5013,#5019,#5571,.T.);
#3994=EDGE_CURVE('',#5014,#5019,#277,.T.);
#3995=EDGE_CURVE('',#5020,#5016,#5572,.T.);
#3996=EDGE_CURVE('',#5020,#5015,#278,.T.);
#3997=EDGE_CURVE('',#5021,#5022,#279,.T.);
#3998=EDGE_CURVE('',#5022,#5023,#5573,.T.);
#3999=EDGE_CURVE('',#5023,#5024,#280,.T.);
#4000=EDGE_CURVE('',#5024,#5025,#5574,.T.);
#4001=EDGE_CURVE('',#5026,#5025,#281,.T.);
#4002=EDGE_CURVE('',#5026,#5027,#282,.T.);
#4003=EDGE_CURVE('',#5027,#5028,#283,.T.);
#4004=EDGE_CURVE('',#5028,#5029,#284,.T.);
#4005=EDGE_CURVE('',#5029,#5030,#285,.T.);
#4006=EDGE_CURVE('',#5030,#5031,#286,.T.);
#4007=EDGE_CURVE('',#5031,#5032,#287,.T.);
#4008=EDGE_CURVE('',#5032,#5021,#288,.T.);
#4009=EDGE_CURVE('',#5033,#5034,#289,.T.);
#4010=EDGE_CURVE('',#5033,#5035,#290,.T.);
#4011=EDGE_CURVE('',#5036,#5035,#5575,.T.);
#4012=EDGE_CURVE('',#5037,#5036,#291,.T.);
#4013=EDGE_CURVE('',#5038,#5037,#292,.T.);
#4014=EDGE_CURVE('',#5038,#5034,#293,.T.);
#4015=EDGE_CURVE('',#5039,#5040,#294,.T.);
#4016=EDGE_CURVE('',#5041,#5039,#295,.T.);
#4017=EDGE_CURVE('',#5042,#5041,#296,.T.);
#4018=EDGE_CURVE('',#5040,#5042,#297,.T.);
#4019=EDGE_CURVE('',#5043,#5044,#298,.T.);
#4020=EDGE_CURVE('',#5045,#5043,#299,.T.);
#4021=EDGE_CURVE('',#5046,#5045,#300,.T.);
#4022=EDGE_CURVE('',#5044,#5046,#301,.T.);
#4023=EDGE_CURVE('',#5039,#5047,#302,.T.);
#4024=EDGE_CURVE('',#5048,#5047,#303,.T.);
#4025=EDGE_CURVE('',#5048,#5041,#304,.T.);
#4026=EDGE_CURVE('',#5038,#5043,#305,.T.);
#4027=EDGE_CURVE('',#5034,#5044,#306,.T.);
#4028=EDGE_CURVE('',#5049,#4938,#307,.T.);
#4029=EDGE_CURVE('',#5050,#4937,#308,.T.);
#4030=EDGE_CURVE('',#5051,#5050,#309,.T.);
#4031=EDGE_CURVE('',#5052,#5051,#310,.T.);
#4032=EDGE_CURVE('',#5053,#5052,#311,.T.);
#4033=EDGE_CURVE('',#5054,#5053,#312,.T.);
#4034=EDGE_CURVE('',#4997,#5054,#313,.T.);
#4035=EDGE_CURVE('',#5049,#5010,#314,.T.);
#4036=EDGE_CURVE('',#4939,#5055,#315,.T.);
#4037=EDGE_CURVE('',#5055,#5001,#316,.T.);
#4038=EDGE_CURVE('',#5056,#5000,#317,.T.);
#4039=EDGE_CURVE('',#5057,#5056,#318,.T.);
#4040=EDGE_CURVE('',#5058,#5057,#319,.T.);
#4041=EDGE_CURVE('',#5059,#5058,#320,.T.);
#4042=EDGE_CURVE('',#5059,#5060,#321,.T.);
#4043=EDGE_CURVE('',#4940,#5060,#322,.T.);
#4044=EDGE_CURVE('',#5061,#5062,#5576,.T.);
#4045=EDGE_CURVE('',#5061,#5063,#323,.T.);
#4046=EDGE_CURVE('',#5063,#5064,#324,.T.);
#4047=EDGE_CURVE('',#5064,#5065,#325,.T.);
#4048=EDGE_CURVE('',#5065,#5066,#326,.T.);
#4049=EDGE_CURVE('',#5066,#5067,#327,.T.);
#4050=EDGE_CURVE('',#5067,#5068,#328,.T.);
#4051=EDGE_CURVE('',#5068,#5069,#329,.T.);
#4052=EDGE_CURVE('',#5069,#5070,#330,.T.);
#4053=EDGE_CURVE('',#5071,#5070,#331,.T.);
#4054=EDGE_CURVE('',#5072,#5071,#5577,.T.);
#4055=EDGE_CURVE('',#5062,#5072,#332,.T.);
#4056=EDGE_CURVE('',#5073,#5074,#333,.T.);
#4057=EDGE_CURVE('',#5073,#5075,#5578,.T.);
#4058=EDGE_CURVE('',#5075,#5059,#334,.T.);
#4059=EDGE_CURVE('',#5076,#5058,#335,.T.);
#4060=EDGE_CURVE('',#5076,#5074,#336,.T.);
#4061=EDGE_CURVE('',#5077,#5078,#5579,.T.);
#4062=EDGE_CURVE('',#5078,#5079,#337,.T.);
#4063=EDGE_CURVE('',#5077,#5079,#338,.T.);
#4064=EDGE_CURVE('',#5080,#5057,#339,.T.);
#4065=EDGE_CURVE('',#5056,#5081,#340,.T.);
#4066=EDGE_CURVE('',#5081,#5080,#341,.T.);
#4067=EDGE_CURVE('',#5053,#5082,#342,.T.);
#4068=EDGE_CURVE('',#5082,#5083,#343,.T.);
#4069=EDGE_CURVE('',#5083,#5054,#344,.T.);
#4070=EDGE_CURVE('',#5084,#5037,#345,.T.);
#4071=EDGE_CURVE('',#5036,#5085,#346,.T.);
#4072=EDGE_CURVE('',#5085,#5086,#347,.T.);
#4073=EDGE_CURVE('',#5087,#5086,#348,.T.);
#4074=EDGE_CURVE('',#5087,#5088,#349,.T.);
#4075=EDGE_CURVE('',#5088,#5089,#350,.T.);
#4076=EDGE_CURVE('',#5090,#5089,#351,.T.);
#4077=EDGE_CURVE('',#5090,#5091,#352,.T.);
#4078=EDGE_CURVE('',#5091,#5092,#353,.T.);
#4079=EDGE_CURVE('',#5092,#5093,#354,.T.);
#4080=EDGE_CURVE('',#5093,#5060,#355,.T.);
#4081=EDGE_CURVE('',#5094,#5075,#356,.T.);
#4082=EDGE_CURVE('',#5051,#5094,#357,.T.);
#4083=EDGE_CURVE('',#5050,#5095,#358,.T.);
#4084=EDGE_CURVE('',#5095,#5096,#359,.T.);
#4085=EDGE_CURVE('',#5097,#5096,#360,.T.);
#4086=EDGE_CURVE('',#5098,#5097,#361,.T.);
#4087=EDGE_CURVE('',#5098,#5099,#362,.T.);
#4088=EDGE_CURVE('',#5099,#5100,#363,.T.);
#4089=EDGE_CURVE('',#5100,#5084,#364,.T.);
#4090=EDGE_CURVE('',#5080,#5076,#365,.T.);
#4091=EDGE_CURVE('',#5052,#5101,#366,.T.);
#4092=EDGE_CURVE('',#5082,#5101,#367,.T.);
#4093=EDGE_CURVE('',#5019,#5102,#5580,.T.);
#4094=EDGE_CURVE('',#5103,#5102,#5581,.T.);
#4095=EDGE_CURVE('',#4955,#5103,#368,.T.);
#4096=EDGE_CURVE('',#5104,#4955,#369,.T.);
#4097=EDGE_CURVE('',#5104,#5105,#370,.T.);
#4098=EDGE_CURVE('',#5019,#5105,#371,.T.);
#4099=EDGE_CURVE('',#4947,#5106,#5582,.T.);
#4100=EDGE_CURVE('',#5107,#5106,#372,.T.);
#4101=EDGE_CURVE('',#5108,#5107,#373,.T.);
#4102=EDGE_CURVE('',#5109,#5108,#374,.T.);
#4103=EDGE_CURVE('',#5109,#4948,#5583,.T.);
#4104=EDGE_CURVE('',#5110,#4948,#375,.T.);
#4105=EDGE_CURVE('',#5111,#5110,#376,.T.);
#4106=EDGE_CURVE('',#5111,#5112,#377,.T.);
#4107=EDGE_CURVE('',#5112,#5113,#378,.T.);
#4108=EDGE_CURVE('',#4947,#5113,#379,.T.);
#4109=EDGE_CURVE('',#4943,#5114,#5584,.T.);
#4110=EDGE_CURVE('',#5115,#5114,#380,.T.);
#4111=EDGE_CURVE('',#5116,#5115,#381,.T.);
#4112=EDGE_CURVE('',#5117,#5116,#382,.T.);
#4113=EDGE_CURVE('',#5117,#4944,#5585,.T.);
#4114=EDGE_CURVE('',#5118,#4944,#383,.T.);
#4115=EDGE_CURVE('',#5119,#5118,#384,.T.);
#4116=EDGE_CURVE('',#5119,#5120,#385,.T.);
#4117=EDGE_CURVE('',#5120,#5121,#386,.T.);
#4118=EDGE_CURVE('',#4943,#5121,#387,.T.);
#4119=EDGE_CURVE('',#5122,#5123,#5586,.T.);
#4120=EDGE_CURVE('',#5124,#5123,#5587,.T.);
#4121=EDGE_CURVE('',#4941,#5124,#388,.T.);
#4122=EDGE_CURVE('',#5125,#4941,#389,.T.);
#4123=EDGE_CURVE('',#5126,#5125,#390,.T.);
#4124=EDGE_CURVE('',#5122,#5126,#391,.T.);
#4125=EDGE_CURVE('',#4889,#5127,#392,.T.);
#4126=EDGE_CURVE('',#5128,#4892,#393,.T.);
#4127=EDGE_CURVE('',#5063,#5128,#394,.T.);
#4128=EDGE_CURVE('',#5061,#5004,#395,.T.);
#4129=EDGE_CURVE('',#5074,#5003,#396,.T.);
#4130=EDGE_CURVE('',#5129,#5081,#397,.T.);
#4131=EDGE_CURVE('',#5129,#5130,#398,.T.);
#4132=EDGE_CURVE('',#5130,#5131,#5588,.F.);
#4133=EDGE_CURVE('',#5120,#5131,#399,.T.);
#4134=EDGE_CURVE('',#5119,#5132,#5589,.F.);
#4135=EDGE_CURVE('',#5133,#5132,#400,.T.);
#4136=EDGE_CURVE('',#5091,#5133,#5590,.F.);
#4137=EDGE_CURVE('',#5134,#5090,#5591,.F.);
#4138=EDGE_CURVE('',#5135,#5134,#401,.T.);
#4139=EDGE_CURVE('',#5135,#5112,#5592,.F.);
#4140=EDGE_CURVE('',#5136,#5111,#402,.T.);
#4141=EDGE_CURVE('',#5136,#5137,#5593,.F.);
#4142=EDGE_CURVE('',#5137,#5138,#403,.T.);
#4143=EDGE_CURVE('',#5042,#5138,#404,.T.);
#4144=EDGE_CURVE('',#5139,#5048,#405,.T.);
#4145=EDGE_CURVE('',#5139,#5140,#406,.T.);
#4146=EDGE_CURVE('',#5140,#5141,#407,.T.);
#4147=EDGE_CURVE('',#5022,#5141,#408,.T.);
#4148=EDGE_CURVE('',#5142,#5021,#409,.T.);
#4149=EDGE_CURVE('',#4853,#5142,#410,.T.);
#4150=EDGE_CURVE('',#5143,#4856,#411,.T.);
#4151=EDGE_CURVE('',#5144,#5143,#412,.T.);
#4152=EDGE_CURVE('',#4877,#5144,#413,.T.);
#4153=EDGE_CURVE('',#5145,#4880,#414,.T.);
#4154=EDGE_CURVE('',#5146,#5145,#415,.T.);
#4155=EDGE_CURVE('',#4865,#5146,#416,.T.);
#4156=EDGE_CURVE('',#5147,#4868,#417,.T.);
#4157=EDGE_CURVE('',#5127,#5147,#418,.T.);
#4158=EDGE_CURVE('',#5127,#5148,#419,.T.);
#4159=EDGE_CURVE('',#5147,#5149,#420,.T.);
#4160=EDGE_CURVE('',#5149,#5150,#421,.T.);
#4161=EDGE_CURVE('',#5151,#5150,#422,.T.);
#4162=EDGE_CURVE('',#5148,#5151,#423,.T.);
#4163=EDGE_CURVE('',#5128,#5152,#424,.T.);
#4164=EDGE_CURVE('',#5152,#5153,#425,.T.);
#4165=EDGE_CURVE('',#5064,#5153,#426,.T.);
#4166=EDGE_CURVE('',#5154,#4881,#427,.T.);
#4167=EDGE_CURVE('',#5154,#5155,#428,.T.);
#4168=EDGE_CURVE('',#5155,#4861,#429,.T.);
#4169=EDGE_CURVE('',#4883,#4864,#430,.T.);
#4170=EDGE_CURVE('',#5156,#4885,#431,.T.);
#4171=EDGE_CURVE('',#5070,#4888,#432,.T.);
#4172=EDGE_CURVE('',#5069,#5156,#433,.T.);
#4173=EDGE_CURVE('',#4860,#4863,#434,.T.);
#4174=EDGE_CURVE('',#4859,#4874,#435,.T.);
#4175=EDGE_CURVE('',#4870,#4876,#436,.T.);
#4176=EDGE_CURVE('',#4872,#4852,#437,.T.);
#4177=EDGE_CURVE('',#4848,#4851,#438,.T.);
#4178=EDGE_CURVE('',#4847,#5026,#439,.T.);
#4179=EDGE_CURVE('',#5025,#5157,#440,.T.);
#4180=EDGE_CURVE('',#5157,#5158,#441,.T.);
#4181=EDGE_CURVE('',#5033,#5158,#442,.T.);
#4182=EDGE_CURVE('',#5046,#5159,#443,.T.);
#4183=EDGE_CURVE('',#5160,#5159,#444,.T.);
#4184=EDGE_CURVE('',#5161,#5160,#5594,.T.);
#4185=EDGE_CURVE('',#5161,#5162,#445,.T.);
#4186=EDGE_CURVE('',#5162,#5098,#5595,.T.);
#4187=EDGE_CURVE('',#5097,#5163,#5596,.T.);
#4188=EDGE_CURVE('',#5163,#5164,#446,.T.);
#4189=EDGE_CURVE('',#5165,#5164,#5597,.T.);
#4190=EDGE_CURVE('',#5166,#5165,#447,.T.);
#4191=EDGE_CURVE('',#5166,#5083,#448,.T.);
#4192=EDGE_CURVE('',#5101,#5167,#449,.T.);
#4193=EDGE_CURVE('',#5167,#5008,#450,.T.);
#4194=EDGE_CURVE('',#5071,#5007,#451,.T.);
#4195=EDGE_CURVE('',#4884,#4887,#452,.T.);
#4196=EDGE_CURVE('',#5146,#5168,#453,.T.);
#4197=EDGE_CURVE('',#5145,#5169,#454,.T.);
#4198=EDGE_CURVE('',#5169,#5170,#455,.T.);
#4199=EDGE_CURVE('',#5171,#5170,#456,.T.);
#4200=EDGE_CURVE('',#5168,#5171,#457,.T.);
#4201=EDGE_CURVE('',#5172,#4857,#458,.T.);
#4202=EDGE_CURVE('',#5172,#5173,#459,.T.);
#4203=EDGE_CURVE('',#5173,#4873,#460,.T.);
#4204=EDGE_CURVE('',#5144,#5174,#461,.T.);
#4205=EDGE_CURVE('',#5143,#5175,#462,.T.);
#4206=EDGE_CURVE('',#5175,#5176,#463,.T.);
#4207=EDGE_CURVE('',#5177,#5176,#464,.T.);
#4208=EDGE_CURVE('',#5174,#5177,#465,.T.);
#4209=EDGE_CURVE('',#5178,#4871,#466,.T.);
#4210=EDGE_CURVE('',#5178,#5179,#467,.T.);
#4211=EDGE_CURVE('',#5179,#4849,#468,.T.);
#4212=EDGE_CURVE('',#5142,#5180,#469,.T.);
#4213=EDGE_CURVE('',#5181,#5032,#470,.T.);
#4214=EDGE_CURVE('',#5180,#5181,#471,.T.);
#4215=EDGE_CURVE('',#5182,#4845,#472,.T.);
#4216=EDGE_CURVE('',#5182,#5027,#473,.T.);
#4217=EDGE_CURVE('',#4936,#5183,#474,.T.);
#4218=EDGE_CURVE('',#5184,#4936,#475,.T.);
#4219=EDGE_CURVE('',#5185,#5184,#5598,.T.);
#4220=EDGE_CURVE('',#5185,#5077,#5599,.T.);
#4221=EDGE_CURVE('',#5186,#5077,#476,.T.);
#4222=EDGE_CURVE('',#5186,#5183,#477,.T.);
#4223=EDGE_CURVE('',#5187,#4953,#478,.T.);
#4224=EDGE_CURVE('',#5187,#5188,#479,.T.);
#4225=EDGE_CURVE('',#5188,#5011,#480,.T.);
#4226=EDGE_CURVE('',#5045,#5011,#481,.T.);
#4227=EDGE_CURVE('',#4954,#5084,#482,.T.);
#4228=EDGE_CURVE('',#5189,#5190,#483,.T.);
#4229=EDGE_CURVE('',#4952,#5189,#484,.T.);
#4230=EDGE_CURVE('',#5087,#4951,#485,.T.);
#4231=EDGE_CURVE('',#5086,#5047,#486,.T.);
#4232=EDGE_CURVE('',#5018,#5040,#487,.T.);
#4233=EDGE_CURVE('',#5018,#5190,#488,.T.);
#4234=EDGE_CURVE('',#4950,#5191,#489,.T.);
#4235=EDGE_CURVE('',#5192,#4950,#490,.T.);
#4236=EDGE_CURVE('',#5193,#5192,#5600,.T.);
#4237=EDGE_CURVE('',#5193,#5020,#5601,.T.);
#4238=EDGE_CURVE('',#5194,#5020,#491,.T.);
#4239=EDGE_CURVE('',#5191,#5194,#492,.T.);
#4240=EDGE_CURVE('',#5195,#5118,#5602,.T.);
#4241=EDGE_CURVE('',#5132,#5195,#493,.T.);
#4242=EDGE_CURVE('',#5195,#5196,#494,.T.);
#4243=EDGE_CURVE('',#5133,#5196,#495,.T.);
#4244=EDGE_CURVE('',#5196,#5092,#5603,.T.);
#4245=EDGE_CURVE('',#5089,#5197,#5604,.T.);
#4246=EDGE_CURVE('',#5134,#5197,#496,.T.);
#4247=EDGE_CURVE('',#5113,#5198,#5605,.T.);
#4248=EDGE_CURVE('',#5135,#5198,#497,.T.);
#4249=EDGE_CURVE('',#5197,#5198,#498,.T.);
#4250=EDGE_CURVE('',#5065,#5031,#499,.T.);
#4251=EDGE_CURVE('',#5151,#5153,#500,.T.);
#4252=EDGE_CURVE('',#5171,#5150,#501,.T.);
#4253=EDGE_CURVE('',#5177,#5170,#502,.T.);
#4254=EDGE_CURVE('',#5181,#5176,#503,.T.);
#4255=EDGE_CURVE('',#5066,#5030,#504,.T.);
#4256=EDGE_CURVE('',#5199,#5199,#5606,.T.);
#4257=EDGE_CURVE('',#5200,#5200,#5607,.T.);
#4258=EDGE_CURVE('',#5201,#5202,#505,.T.);
#4259=EDGE_CURVE('',#5202,#5203,#5608,.T.);
#4260=EDGE_CURVE('',#5203,#5204,#506,.T.);
#4261=EDGE_CURVE('',#5204,#5205,#5609,.T.);
#4262=EDGE_CURVE('',#5205,#5206,#507,.T.);
#4263=EDGE_CURVE('',#5206,#5207,#5610,.T.);
#4264=EDGE_CURVE('',#5207,#5208,#508,.T.);
#4265=EDGE_CURVE('',#5208,#5201,#5611,.T.);
#4266=EDGE_CURVE('',#5209,#5210,#509,.T.);
#4267=EDGE_CURVE('',#5210,#5211,#5612,.T.);
#4268=EDGE_CURVE('',#5211,#5212,#510,.T.);
#4269=EDGE_CURVE('',#5212,#5213,#5613,.T.);
#4270=EDGE_CURVE('',#5213,#5214,#511,.T.);
#4271=EDGE_CURVE('',#5214,#5215,#5614,.T.);
#4272=EDGE_CURVE('',#5215,#5216,#512,.T.);
#4273=EDGE_CURVE('',#5216,#5209,#5615,.T.);
#4274=EDGE_CURVE('',#5217,#5218,#513,.T.);
#4275=EDGE_CURVE('',#5218,#5219,#5616,.T.);
#4276=EDGE_CURVE('',#5219,#5220,#514,.T.);
#4277=EDGE_CURVE('',#5220,#5221,#5617,.T.);
#4278=EDGE_CURVE('',#5221,#5222,#515,.T.);
#4279=EDGE_CURVE('',#5222,#5223,#5618,.T.);
#4280=EDGE_CURVE('',#5223,#5224,#516,.T.);
#4281=EDGE_CURVE('',#5224,#5217,#5619,.T.);
#4282=EDGE_CURVE('',#5225,#5226,#517,.T.);
#4283=EDGE_CURVE('',#5226,#5227,#5620,.T.);
#4284=EDGE_CURVE('',#5227,#5228,#518,.T.);
#4285=EDGE_CURVE('',#5228,#5229,#5621,.T.);
#4286=EDGE_CURVE('',#5229,#5230,#519,.T.);
#4287=EDGE_CURVE('',#5230,#5231,#5622,.T.);
#4288=EDGE_CURVE('',#5231,#5232,#520,.T.);
#4289=EDGE_CURVE('',#5232,#5225,#5623,.T.);
#4290=EDGE_CURVE('',#5067,#5029,#521,.T.);
#4291=EDGE_CURVE('',#5068,#5028,#522,.T.);
#4292=EDGE_CURVE('',#5179,#5182,#523,.T.);
#4293=EDGE_CURVE('',#5173,#5178,#524,.T.);
#4294=EDGE_CURVE('',#5155,#5172,#525,.T.);
#4295=EDGE_CURVE('',#5156,#5154,#526,.T.);
#4296=EDGE_CURVE('',#5233,#5159,#527,.T.);
#4297=EDGE_CURVE('',#5234,#5233,#528,.T.);
#4298=EDGE_CURVE('',#5234,#5160,#529,.T.);
#4299=EDGE_CURVE('',#5235,#5165,#530,.T.);
#4300=EDGE_CURVE('',#5236,#5235,#531,.T.);
#4301=EDGE_CURVE('',#5236,#5166,#532,.T.);
#4302=EDGE_CURVE('',#5105,#5233,#533,.T.);
#4303=EDGE_CURVE('',#5104,#5100,#534,.T.);
#4304=EDGE_CURVE('',#5099,#5237,#5624,.T.);
#4305=EDGE_CURVE('',#5238,#5237,#535,.T.);
#4306=EDGE_CURVE('',#5238,#5234,#5625,.F.);
#4307=EDGE_CURVE('',#5235,#5239,#5626,.F.);
#4308=EDGE_CURVE('',#5240,#5239,#536,.T.);
#4309=EDGE_CURVE('',#5240,#5096,#5627,.T.);
#4310=EDGE_CURVE('',#5183,#5095,#537,.T.);
#4311=EDGE_CURVE('',#5236,#5186,#538,.T.);
#4312=EDGE_CURVE('',#5241,#5242,#5628,.F.);
#4313=EDGE_CURVE('',#5110,#5242,#539,.T.);
#4314=EDGE_CURVE('',#5191,#5088,#540,.T.);
#4315=EDGE_CURVE('',#5243,#5194,#541,.T.);
#4316=EDGE_CURVE('',#5241,#5243,#542,.T.);
#4317=EDGE_CURVE('',#5244,#5245,#543,.T.);
#4318=EDGE_CURVE('',#5126,#5244,#544,.T.);
#4319=EDGE_CURVE('',#5125,#5093,#545,.T.);
#4320=EDGE_CURVE('',#5246,#5121,#546,.T.);
#4321=EDGE_CURVE('',#5246,#5245,#5629,.F.);
#4322=EDGE_CURVE('',#5138,#5243,#547,.T.);
#4323=EDGE_CURVE('',#5241,#5137,#548,.F.);
#4324=EDGE_CURVE('',#5245,#5130,#549,.F.);
#4325=EDGE_CURVE('',#5129,#5244,#550,.T.);
#4326=EDGE_CURVE('',#5247,#5085,#5630,.T.);
#4327=EDGE_CURVE('',#5247,#5139,#551,.T.);
#4328=EDGE_CURVE('',#5167,#5248,#552,.T.);
#4329=EDGE_CURVE('',#5094,#5248,#5631,.T.);
#4330=EDGE_CURVE('',#5249,#5000,#553,.T.);
#4331=EDGE_CURVE('',#5249,#5122,#554,.T.);
#4332=EDGE_CURVE('',#5079,#4997,#555,.T.);
#4333=EDGE_CURVE('',#5131,#5246,#556,.T.);
#4334=EDGE_CURVE('',#5136,#5242,#557,.T.);
#4335=EDGE_CURVE('',#5238,#5161,#558,.T.);
#4336=EDGE_CURVE('',#5162,#5237,#559,.T.);
#4337=EDGE_CURVE('',#5239,#5164,#560,.T.);
#4338=EDGE_CURVE('',#5163,#5240,#561,.T.);
#4339=EDGE_CURVE('',#4854,#5180,#5632,.T.);
#4340=EDGE_CURVE('',#4855,#5175,#5633,.T.);
#4341=EDGE_CURVE('',#4846,#4850,#562,.T.);
#4342=EDGE_CURVE('',#4878,#5174,#5634,.T.);
#4343=EDGE_CURVE('',#4879,#5169,#5635,.T.);
#4344=EDGE_CURVE('',#4875,#4869,#563,.T.);
#4345=EDGE_CURVE('',#4866,#5168,#5636,.T.);
#4346=EDGE_CURVE('',#4867,#5149,#5637,.T.);
#4347=EDGE_CURVE('',#4858,#4862,#564,.T.);
#4348=EDGE_CURVE('',#4890,#5148,#5638,.T.);
#4349=EDGE_CURVE('',#4891,#5152,#5639,.T.);
#4350=EDGE_CURVE('',#4882,#4886,#565,.T.);
#4351=EDGE_CURVE('',#5250,#5226,#566,.T.);
#4352=EDGE_CURVE('',#5250,#5251,#5640,.T.);
#4353=EDGE_CURVE('',#5251,#5227,#567,.T.);
#4354=EDGE_CURVE('',#5251,#5252,#568,.T.);
#4355=EDGE_CURVE('',#5252,#5228,#569,.T.);
#4356=EDGE_CURVE('',#5252,#5253,#5641,.T.);
#4357=EDGE_CURVE('',#5253,#5229,#570,.T.);
#4358=EDGE_CURVE('',#5253,#5254,#571,.T.);
#4359=EDGE_CURVE('',#5254,#5230,#572,.T.);
#4360=EDGE_CURVE('',#5254,#5255,#5642,.T.);
#4361=EDGE_CURVE('',#5255,#5231,#573,.T.);
#4362=EDGE_CURVE('',#5255,#5256,#574,.T.);
#4363=EDGE_CURVE('',#5256,#5232,#575,.T.);
#4364=EDGE_CURVE('',#5256,#5257,#5643,.T.);
#4365=EDGE_CURVE('',#5257,#5225,#576,.T.);
#4366=EDGE_CURVE('',#5257,#5250,#577,.T.);
#4367=EDGE_CURVE('',#5258,#5218,#578,.T.);
#4368=EDGE_CURVE('',#5258,#5259,#5644,.T.);
#4369=EDGE_CURVE('',#5259,#5219,#579,.T.);
#4370=EDGE_CURVE('',#5259,#5260,#580,.T.);
#4371=EDGE_CURVE('',#5260,#5220,#581,.T.);
#4372=EDGE_CURVE('',#5260,#5261,#5645,.T.);
#4373=EDGE_CURVE('',#5261,#5221,#582,.T.);
#4374=EDGE_CURVE('',#5261,#5262,#583,.T.);
#4375=EDGE_CURVE('',#5262,#5222,#584,.T.);
#4376=EDGE_CURVE('',#5262,#5263,#5646,.T.);
#4377=EDGE_CURVE('',#5263,#5223,#585,.T.);
#4378=EDGE_CURVE('',#5263,#5264,#586,.T.);
#4379=EDGE_CURVE('',#5264,#5224,#587,.T.);
#4380=EDGE_CURVE('',#5264,#5265,#5647,.T.);
#4381=EDGE_CURVE('',#5265,#5217,#588,.T.);
#4382=EDGE_CURVE('',#5265,#5258,#589,.T.);
#4383=EDGE_CURVE('',#5266,#5210,#590,.T.);
#4384=EDGE_CURVE('',#5266,#5267,#5648,.T.);
#4385=EDGE_CURVE('',#5267,#5211,#591,.T.);
#4386=EDGE_CURVE('',#5267,#5268,#592,.T.);
#4387=EDGE_CURVE('',#5268,#5212,#593,.T.);
#4388=EDGE_CURVE('',#5268,#5269,#5649,.T.);
#4389=EDGE_CURVE('',#5269,#5213,#594,.T.);
#4390=EDGE_CURVE('',#5269,#5270,#595,.T.);
#4391=EDGE_CURVE('',#5270,#5214,#596,.T.);
#4392=EDGE_CURVE('',#5270,#5271,#5650,.T.);
#4393=EDGE_CURVE('',#5271,#5215,#597,.T.);
#4394=EDGE_CURVE('',#5271,#5272,#598,.T.);
#4395=EDGE_CURVE('',#5272,#5216,#599,.T.);
#4396=EDGE_CURVE('',#5272,#5273,#5651,.T.);
#4397=EDGE_CURVE('',#5273,#5209,#600,.T.);
#4398=EDGE_CURVE('',#5273,#5266,#601,.T.);
#4399=EDGE_CURVE('',#5274,#5202,#602,.T.);
#4400=EDGE_CURVE('',#5274,#5275,#5652,.T.);
#4401=EDGE_CURVE('',#5275,#5203,#603,.T.);
#4402=EDGE_CURVE('',#5275,#5276,#604,.T.);
#4403=EDGE_CURVE('',#5276,#5204,#605,.T.);
#4404=EDGE_CURVE('',#5276,#5277,#5653,.T.);
#4405=EDGE_CURVE('',#5277,#5205,#606,.T.);
#4406=EDGE_CURVE('',#5277,#5278,#607,.T.);
#4407=EDGE_CURVE('',#5278,#5206,#608,.T.);
#4408=EDGE_CURVE('',#5278,#5279,#5654,.T.);
#4409=EDGE_CURVE('',#5279,#5207,#609,.T.);
#4410=EDGE_CURVE('',#5279,#5280,#610,.T.);
#4411=EDGE_CURVE('',#5280,#5208,#611,.T.);
#4412=EDGE_CURVE('',#5280,#5281,#5655,.T.);
#4413=EDGE_CURVE('',#5281,#5201,#612,.T.);
#4414=EDGE_CURVE('',#5281,#5274,#613,.T.);
#4415=EDGE_CURVE('',#5282,#5282,#5656,.T.);
#4416=EDGE_CURVE('',#5283,#5283,#5657,.T.);
#4417=EDGE_CURVE('',#5249,#5284,#614,.T.);
#4418=EDGE_CURVE('',#5284,#5122,#5658,.T.);
#4419=EDGE_CURVE('',#4926,#4982,#615,.T.);
#4420=EDGE_CURVE('',#4925,#4981,#616,.T.);
#4421=EDGE_CURVE('',#4927,#4988,#617,.T.);
#4422=EDGE_CURVE('',#4928,#4987,#618,.T.);
#4423=EDGE_CURVE('',#4929,#4986,#619,.T.);
#4424=EDGE_CURVE('',#4930,#4985,#620,.T.);
#4425=EDGE_CURVE('',#4931,#4984,#621,.T.);
#4426=EDGE_CURVE('',#4932,#4983,#622,.T.);
#4427=EDGE_CURVE('',#5013,#5285,#25,.T.);
#4428=EDGE_CURVE('',#5102,#5285,#623,.T.);
#4429=EDGE_CURVE('',#4959,#5285,#26,.T.);
#4430=EDGE_CURVE('',#5103,#4958,#624,.T.);
#4431=EDGE_CURVE('',#4956,#4957,#625,.T.);
#4432=EDGE_CURVE('',#4933,#4980,#626,.T.);
#4433=EDGE_CURVE('',#4934,#4979,#627,.T.);
#4434=EDGE_CURVE('',#4935,#4978,#628,.T.);
#4435=EDGE_CURVE('',#5184,#4977,#629,.T.);
#4436=EDGE_CURVE('',#5286,#4976,#27,.T.);
#4437=EDGE_CURVE('',#5185,#5286,#630,.T.);
#4438=EDGE_CURVE('',#5286,#5078,#28,.T.);
#4439=EDGE_CURVE('',#5284,#5287,#29,.T.);
#4440=EDGE_CURVE('',#5123,#5287,#631,.T.);
#4441=EDGE_CURVE('',#4975,#5287,#30,.T.);
#4442=EDGE_CURVE('',#5124,#4974,#632,.T.);
#4443=EDGE_CURVE('',#4942,#4973,#633,.T.);
#4444=EDGE_CURVE('',#5114,#4972,#634,.T.);
#4445=EDGE_CURVE('',#5115,#4971,#635,.T.);
#4446=EDGE_CURVE('',#5116,#4970,#636,.T.);
#4447=EDGE_CURVE('',#5117,#4969,#637,.T.);
#4448=EDGE_CURVE('',#4968,#4994,#31,.T.);
#4449=EDGE_CURVE('',#4989,#4967,#32,.T.);
#4450=EDGE_CURVE('',#5106,#4966,#638,.T.);
#4451=EDGE_CURVE('',#5107,#4965,#639,.T.);
#4452=EDGE_CURVE('',#5108,#4964,#640,.T.);
#4453=EDGE_CURVE('',#5109,#4963,#641,.T.);
#4454=EDGE_CURVE('',#4949,#4962,#642,.T.);
#4455=EDGE_CURVE('',#5192,#4961,#643,.T.);
#4456=EDGE_CURVE('',#5288,#4960,#33,.T.);
#4457=EDGE_CURVE('',#5193,#5288,#644,.T.);
#4458=EDGE_CURVE('',#5288,#5016,#34,.T.);
#4459=EDGE_CURVE('',#5017,#5012,#645,.T.);
#4460=EDGE_CURVE('',#5188,#5289,#5659,.T.);
#4461=EDGE_CURVE('',#5158,#5289,#646,.T.);
#4462=EDGE_CURVE('',#5290,#5157,#5660,.T.);
#4463=EDGE_CURVE('',#5291,#5290,#647,.T.);
#4464=EDGE_CURVE('',#5141,#5291,#5661,.T.);
#4465=EDGE_CURVE('',#5292,#5140,#648,.T.);
#4466=EDGE_CURVE('',#5292,#5190,#5662,.T.);
#4467=EDGE_CURVE('',#4998,#5078,#5663,.F.);
#4468=EDGE_CURVE('',#5284,#4999,#5664,.F.);
#4469=EDGE_CURVE('',#5049,#5094,#5665,.T.);
#4470=EDGE_CURVE('',#5075,#5055,#5666,.T.);
#4471=EDGE_CURVE('',#5062,#5005,#649,.T.);
#4472=EDGE_CURVE('',#5072,#5006,#650,.T.);
#4473=EDGE_CURVE('',#5248,#5009,#651,.T.);
#4474=EDGE_CURVE('',#5073,#5002,#652,.T.);
#4475=EDGE_CURVE('',#5085,#5189,#5667,.T.);
#4476=EDGE_CURVE('',#5187,#5036,#5668,.T.);
#4477=EDGE_CURVE('',#5023,#5291,#653,.T.);
#4478=EDGE_CURVE('',#5024,#5290,#654,.T.);
#4479=EDGE_CURVE('',#5035,#5289,#655,.T.);
#4480=EDGE_CURVE('',#5247,#5292,#656,.T.);
#4481=EDGE_CURVE('',#5293,#4996,#5669,.T.);
#4482=EDGE_CURVE('',#5294,#5293,#657,.T.);
#4483=EDGE_CURVE('',#4991,#5294,#5670,.T.);
#4484=EDGE_CURVE('',#4992,#5295,#5671,.T.);
#4485=EDGE_CURVE('',#5294,#5295,#658,.T.);
#4486=EDGE_CURVE('',#5295,#5296,#659,.T.);
#4487=EDGE_CURVE('',#5293,#5296,#660,.T.);
#4488=EDGE_CURVE('',#5296,#4995,#5672,.T.);
#4489=EDGE_CURVE('',#4990,#4993,#661,.F.);
#4490=EDGE_CURVE('',#4912,#5297,#5673,.T.);
#4491=EDGE_CURVE('',#5298,#5297,#662,.T.);
#4492=EDGE_CURVE('',#5299,#5298,#663,.T.);
#4493=EDGE_CURVE('',#5300,#5299,#664,.T.);
#4494=EDGE_CURVE('',#4924,#5300,#5674,.T.);
#4495=EDGE_CURVE('',#5300,#4916,#665,.T.);
#4496=EDGE_CURVE('',#5299,#5301,#5675,.T.);
#4497=EDGE_CURVE('',#5302,#5301,#5676,.T.);
#4498=EDGE_CURVE('',#5302,#5303,#5677,.T.);
#4499=EDGE_CURVE('',#5303,#5304,#666,.T.);
#4500=EDGE_CURVE('',#5304,#4905,#667,.T.);
#4501=EDGE_CURVE('',#5305,#4904,#5678,.T.);
#4502=EDGE_CURVE('',#5305,#5306,#5679,.T.);
#4503=EDGE_CURVE('',#4917,#5306,#5680,.T.);
#4504=EDGE_CURVE('',#5297,#4919,#668,.T.);
#4505=EDGE_CURVE('',#4918,#5307,#5681,.T.);
#4506=EDGE_CURVE('',#5308,#5307,#5682,.T.);
#4507=EDGE_CURVE('',#5308,#4903,#5683,.T.);
#4508=EDGE_CURVE('',#5309,#4902,#669,.T.);
#4509=EDGE_CURVE('',#5309,#5310,#670,.T.);
#4510=EDGE_CURVE('',#5311,#5310,#5684,.T.);
#4511=EDGE_CURVE('',#5311,#5312,#5685,.T.);
#4512=EDGE_CURVE('',#5298,#5312,#5686,.T.);
#4513=EDGE_CURVE('',#5304,#4896,#5687,.T.);
#4514=EDGE_CURVE('',#5303,#5310,#671,.T.);
#4515=EDGE_CURVE('',#5309,#4908,#5688,.T.);
#4516=EDGE_CURVE('',#5302,#5311,#672,.T.);
#4517=EDGE_CURVE('',#5301,#5312,#673,.T.);
#4518=EDGE_CURVE('',#5306,#5307,#674,.T.);
#4519=EDGE_CURVE('',#5305,#5308,#675,.T.);
#4520=EDGE_CURVE('',#5313,#5314,#5689,.T.);
#4521=EDGE_CURVE('',#5315,#5314,#676,.T.);
#4522=EDGE_CURVE('',#5316,#5315,#5690,.T.);
#4523=EDGE_CURVE('',#5316,#5313,#677,.T.);
#4524=EDGE_CURVE('',#5317,#5314,#678,.T.);
#4525=EDGE_CURVE('',#5318,#5317,#679,.T.);
#4526=EDGE_CURVE('',#5318,#5315,#680,.T.);
#4527=EDGE_CURVE('',#5319,#5317,#681,.T.);
#4528=EDGE_CURVE('',#5320,#5319,#682,.T.);
#4529=EDGE_CURVE('',#5320,#5318,#683,.T.);
#4530=EDGE_CURVE('',#5321,#5319,#684,.T.);
#4531=EDGE_CURVE('',#5322,#5321,#685,.T.);
#4532=EDGE_CURVE('',#5322,#5320,#686,.T.);
#4533=EDGE_CURVE('',#5323,#5321,#5691,.T.);
#4534=EDGE_CURVE('',#5324,#5323,#687,.T.);
#4535=EDGE_CURVE('',#5324,#5322,#5692,.T.);
#4536=EDGE_CURVE('',#5313,#5325,#688,.T.);
#4537=EDGE_CURVE('',#5316,#5326,#689,.T.);
#4538=EDGE_CURVE('',#5326,#5325,#690,.T.);
#4539=EDGE_CURVE('',#5327,#5323,#691,.T.);
#4540=EDGE_CURVE('',#5328,#5327,#692,.T.);
#4541=EDGE_CURVE('',#5328,#5324,#693,.T.);
#4542=EDGE_CURVE('',#5325,#4885,#5693,.T.);
#4543=EDGE_CURVE('',#5326,#4881,#5694,.T.);
#4544=EDGE_CURVE('',#5327,#5156,#5695,.T.);
#4545=EDGE_CURVE('',#5328,#5154,#5696,.T.);
#4546=EDGE_CURVE('',#5148,#5329,#5697,.T.);
#4547=EDGE_CURVE('',#5151,#5330,#5698,.T.);
#4548=EDGE_CURVE('',#5331,#5330,#694,.T.);
#4549=EDGE_CURVE('',#5332,#5331,#5699,.T.);
#4550=EDGE_CURVE('',#5333,#5332,#695,.T.);
#4551=EDGE_CURVE('',#5334,#5333,#696,.T.);
#4552=EDGE_CURVE('',#5335,#5334,#697,.T.);
#4553=EDGE_CURVE('',#5335,#5336,#5700,.T.);
#4554=EDGE_CURVE('',#5329,#5336,#698,.T.);
#4555=EDGE_CURVE('',#5152,#5337,#5701,.T.);
#4556=EDGE_CURVE('',#5337,#5338,#699,.T.);
#4557=EDGE_CURVE('',#5339,#5338,#5702,.T.);
#4558=EDGE_CURVE('',#5339,#5340,#700,.T.);
#4559=EDGE_CURVE('',#5340,#5341,#701,.T.);
#4560=EDGE_CURVE('',#5341,#5342,#702,.T.);
#4561=EDGE_CURVE('',#5342,#5343,#5703,.T.);
#4562=EDGE_CURVE('',#5343,#5344,#703,.T.);
#4563=EDGE_CURVE('',#5153,#5344,#5704,.T.);
#4564=EDGE_CURVE('',#5335,#5339,#704,.T.);
#4565=EDGE_CURVE('',#5334,#5340,#705,.T.);
#4566=EDGE_CURVE('',#5333,#5341,#706,.T.);
#4567=EDGE_CURVE('',#5332,#5342,#707,.T.);
#4568=EDGE_CURVE('',#5331,#5343,#708,.T.);
#4569=EDGE_CURVE('',#5330,#5344,#709,.T.);
#4570=EDGE_CURVE('',#5329,#5337,#710,.T.);
#4571=EDGE_CURVE('',#5336,#5338,#711,.T.);
#4572=EDGE_CURVE('',#5345,#5346,#5705,.T.);
#4573=EDGE_CURVE('',#5347,#5346,#712,.T.);
#4574=EDGE_CURVE('',#5348,#5347,#5706,.T.);
#4575=EDGE_CURVE('',#5348,#5345,#713,.T.);
#4576=EDGE_CURVE('',#5346,#5349,#714,.T.);
#4577=EDGE_CURVE('',#5350,#5349,#715,.T.);
#4578=EDGE_CURVE('',#5347,#5350,#716,.T.);
#4579=EDGE_CURVE('',#5349,#5351,#717,.T.);
#4580=EDGE_CURVE('',#5352,#5351,#718,.T.);
#4581=EDGE_CURVE('',#5350,#5352,#719,.T.);
#4582=EDGE_CURVE('',#5351,#5353,#720,.T.);
#4583=EDGE_CURVE('',#5354,#5353,#721,.T.);
#4584=EDGE_CURVE('',#5352,#5354,#722,.T.);
#4585=EDGE_CURVE('',#5355,#5353,#5707,.T.);
#4586=EDGE_CURVE('',#5356,#5355,#723,.T.);
#4587=EDGE_CURVE('',#5356,#5354,#5708,.T.);
#4588=EDGE_CURVE('',#5355,#5357,#724,.T.);
#4589=EDGE_CURVE('',#5358,#5357,#725,.T.);
#4590=EDGE_CURVE('',#5356,#5358,#726,.T.);
#4591=EDGE_CURVE('',#5359,#5345,#727,.T.);
#4592=EDGE_CURVE('',#5360,#5348,#728,.T.);
#4593=EDGE_CURVE('',#5360,#5359,#729,.T.);
#4594=EDGE_CURVE('',#5357,#4871,#5709,.T.);
#4595=EDGE_CURVE('',#5358,#4873,#5710,.T.);
#4596=EDGE_CURVE('',#5359,#5178,#5711,.T.);
#4597=EDGE_CURVE('',#5360,#5173,#5712,.T.);
#4598=EDGE_CURVE('',#5169,#5361,#5713,.T.);
#4599=EDGE_CURVE('',#5361,#5362,#730,.T.);
#4600=EDGE_CURVE('',#5363,#5362,#5714,.T.);
#4601=EDGE_CURVE('',#5363,#5364,#731,.T.);
#4602=EDGE_CURVE('',#5364,#5365,#732,.T.);
#4603=EDGE_CURVE('',#5365,#5366,#733,.T.);
#4604=EDGE_CURVE('',#5366,#5367,#5715,.T.);
#4605=EDGE_CURVE('',#5367,#5368,#734,.T.);
#4606=EDGE_CURVE('',#5170,#5368,#5716,.T.);
#4607=EDGE_CURVE('',#5174,#5369,#5717,.T.);
#4608=EDGE_CURVE('',#5177,#5370,#5718,.T.);
#4609=EDGE_CURVE('',#5371,#5370,#735,.T.);
#4610=EDGE_CURVE('',#5372,#5371,#5719,.T.);
#4611=EDGE_CURVE('',#5373,#5372,#736,.T.);
#4612=EDGE_CURVE('',#5374,#5373,#737,.T.);
#4613=EDGE_CURVE('',#5375,#5374,#738,.T.);
#4614=EDGE_CURVE('',#5375,#5376,#5720,.T.);
#4615=EDGE_CURVE('',#5369,#5376,#739,.T.);
#4616=EDGE_CURVE('',#5364,#5374,#740,.T.);
#4617=EDGE_CURVE('',#5363,#5375,#741,.T.);
#4618=EDGE_CURVE('',#5365,#5373,#742,.T.);
#4619=EDGE_CURVE('',#5366,#5372,#743,.T.);
#4620=EDGE_CURVE('',#5367,#5371,#744,.T.);
#4621=EDGE_CURVE('',#5368,#5370,#745,.T.);
#4622=EDGE_CURVE('',#5361,#5369,#746,.T.);
#4623=EDGE_CURVE('',#5362,#5376,#747,.T.);
#4624=EDGE_CURVE('',#5377,#5378,#5721,.T.);
#4625=EDGE_CURVE('',#5379,#5377,#748,.T.);
#4626=EDGE_CURVE('',#5379,#5380,#5722,.T.);
#4627=EDGE_CURVE('',#5380,#5378,#749,.T.);
#4628=EDGE_CURVE('',#5378,#5381,#750,.T.);
#4629=EDGE_CURVE('',#5380,#5382,#751,.T.);
#4630=EDGE_CURVE('',#5382,#5381,#752,.T.);
#4631=EDGE_CURVE('',#5381,#5383,#753,.T.);
#4632=EDGE_CURVE('',#5382,#5384,#754,.T.);
#4633=EDGE_CURVE('',#5384,#5383,#755,.T.);
#4634=EDGE_CURVE('',#5383,#5385,#756,.T.);
#4635=EDGE_CURVE('',#5384,#5386,#757,.T.);
#4636=EDGE_CURVE('',#5386,#5385,#758,.T.);
#4637=EDGE_CURVE('',#5387,#5385,#5723,.T.);
#4638=EDGE_CURVE('',#5388,#5386,#5724,.T.);
#4639=EDGE_CURVE('',#5388,#5387,#759,.T.);
#4640=EDGE_CURVE('',#5387,#5389,#760,.T.);
#4641=EDGE_CURVE('',#5388,#5390,#761,.T.);
#4642=EDGE_CURVE('',#5390,#5389,#762,.T.);
#4643=EDGE_CURVE('',#5391,#5377,#763,.T.);
#4644=EDGE_CURVE('',#5392,#5391,#764,.T.);
#4645=EDGE_CURVE('',#5392,#5379,#765,.T.);
#4646=EDGE_CURVE('',#5389,#4861,#5725,.T.);
#4647=EDGE_CURVE('',#5390,#4857,#5726,.T.);
#4648=EDGE_CURVE('',#5391,#5155,#5727,.T.);
#4649=EDGE_CURVE('',#5392,#5172,#5728,.T.);
#4650=EDGE_CURVE('',#5168,#5393,#5729,.T.);
#4651=EDGE_CURVE('',#5171,#5394,#5730,.T.);
#4652=EDGE_CURVE('',#5395,#5394,#766,.T.);
#4653=EDGE_CURVE('',#5396,#5395,#5731,.T.);
#4654=EDGE_CURVE('',#5397,#5396,#767,.T.);
#4655=EDGE_CURVE('',#5398,#5397,#768,.T.);
#4656=EDGE_CURVE('',#5399,#5398,#769,.T.);
#4657=EDGE_CURVE('',#5399,#5400,#5732,.T.);
#4658=EDGE_CURVE('',#5393,#5400,#770,.T.);
#4659=EDGE_CURVE('',#5149,#5401,#5733,.T.);
#4660=EDGE_CURVE('',#5401,#5402,#771,.T.);
#4661=EDGE_CURVE('',#5403,#5402,#5734,.T.);
#4662=EDGE_CURVE('',#5403,#5404,#772,.T.);
#4663=EDGE_CURVE('',#5404,#5405,#773,.T.);
#4664=EDGE_CURVE('',#5405,#5406,#774,.T.);
#4665=EDGE_CURVE('',#5406,#5407,#5735,.T.);
#4666=EDGE_CURVE('',#5407,#5408,#775,.T.);
#4667=EDGE_CURVE('',#5150,#5408,#5736,.T.);
#4668=EDGE_CURVE('',#5399,#5403,#776,.T.);
#4669=EDGE_CURVE('',#5398,#5404,#777,.T.);
#4670=EDGE_CURVE('',#5397,#5405,#778,.T.);
#4671=EDGE_CURVE('',#5396,#5406,#779,.T.);
#4672=EDGE_CURVE('',#5395,#5407,#780,.T.);
#4673=EDGE_CURVE('',#5394,#5408,#781,.T.);
#4674=EDGE_CURVE('',#5393,#5401,#782,.T.);
#4675=EDGE_CURVE('',#5400,#5402,#783,.T.);
#4676=EDGE_CURVE('',#5409,#5410,#5737,.T.);
#4677=EDGE_CURVE('',#5411,#5410,#784,.T.);
#4678=EDGE_CURVE('',#5412,#5411,#5738,.T.);
#4679=EDGE_CURVE('',#5412,#5409,#785,.T.);
#4680=EDGE_CURVE('',#5413,#5410,#786,.T.);
#4681=EDGE_CURVE('',#5414,#5413,#787,.T.);
#4682=EDGE_CURVE('',#5414,#5411,#788,.T.);
#4683=EDGE_CURVE('',#5180,#5414,#5739,.T.);
#4684=EDGE_CURVE('',#5175,#5413,#5740,.T.);
#4685=EDGE_CURVE('',#5176,#5415,#5741,.T.);
#4686=EDGE_CURVE('',#5416,#5415,#789,.T.);
#4687=EDGE_CURVE('',#5181,#5416,#5742,.T.);
#4688=EDGE_CURVE('',#5417,#5415,#790,.T.);
#4689=EDGE_CURVE('',#5418,#5417,#791,.T.);
#4690=EDGE_CURVE('',#5418,#5416,#792,.T.);
#4691=EDGE_CURVE('',#5419,#5417,#5743,.T.);
#4692=EDGE_CURVE('',#5420,#5419,#793,.T.);
#4693=EDGE_CURVE('',#5420,#5418,#5744,.T.);
#4694=EDGE_CURVE('',#5421,#5419,#794,.T.);
#4695=EDGE_CURVE('',#5422,#5421,#795,.T.);
#4696=EDGE_CURVE('',#5422,#5420,#796,.T.);
#4697=EDGE_CURVE('',#5423,#5421,#797,.T.);
#4698=EDGE_CURVE('',#5424,#5423,#798,.T.);
#4699=EDGE_CURVE('',#5424,#5422,#799,.T.);
#4700=EDGE_CURVE('',#5409,#5423,#800,.T.);
#4701=EDGE_CURVE('',#5412,#5424,#801,.T.);
#4702=EDGE_CURVE('',#5425,#5182,#5745,.T.);
#4703=EDGE_CURVE('',#5426,#4845,#5746,.T.);
#4704=EDGE_CURVE('',#5427,#5426,#802,.T.);
#4705=EDGE_CURVE('',#5427,#5428,#5747,.T.);
#4706=EDGE_CURVE('',#5429,#5428,#803,.T.);
#4707=EDGE_CURVE('',#5430,#5429,#804,.T.);
#4708=EDGE_CURVE('',#5431,#5430,#805,.T.);
#4709=EDGE_CURVE('',#5432,#5431,#5748,.T.);
#4710=EDGE_CURVE('',#5425,#5432,#806,.T.);
#4711=EDGE_CURVE('',#5433,#5179,#5749,.T.);
#4712=EDGE_CURVE('',#5433,#5434,#807,.T.);
#4713=EDGE_CURVE('',#5434,#5435,#5750,.T.);
#4714=EDGE_CURVE('',#5435,#5436,#808,.T.);
#4715=EDGE_CURVE('',#5436,#5437,#809,.T.);
#4716=EDGE_CURVE('',#5437,#5438,#810,.T.);
#4717=EDGE_CURVE('',#5439,#5438,#5751,.T.);
#4718=EDGE_CURVE('',#5439,#5440,#811,.T.);
#4719=EDGE_CURVE('',#5440,#4849,#5752,.T.);
#4720=EDGE_CURVE('',#5425,#5433,#812,.T.);
#4721=EDGE_CURVE('',#5432,#5434,#813,.T.);
#4722=EDGE_CURVE('',#5431,#5435,#814,.T.);
#4723=EDGE_CURVE('',#5430,#5436,#815,.T.);
#4724=EDGE_CURVE('',#5429,#5437,#816,.T.);
#4725=EDGE_CURVE('',#5428,#5438,#817,.T.);
#4726=EDGE_CURVE('',#5427,#5439,#818,.T.);
#4727=EDGE_CURVE('',#5426,#5440,#819,.T.);
#4728=EDGE_CURVE('',#5441,#5442,#820,.T.);
#4729=EDGE_CURVE('',#5443,#5441,#821,.T.);
#4730=EDGE_CURVE('',#5444,#5443,#822,.T.);
#4731=EDGE_CURVE('',#5442,#5444,#823,.T.);
#4732=EDGE_CURVE('',#5445,#5446,#824,.T.);
#4733=EDGE_CURVE('',#5447,#5445,#825,.T.);
#4734=EDGE_CURVE('',#5448,#5447,#826,.T.);
#4735=EDGE_CURVE('',#5446,#5448,#827,.T.);
#4736=EDGE_CURVE('',#5449,#5450,#828,.T.);
#4737=EDGE_CURVE('',#5449,#5451,#829,.T.);
#4738=EDGE_CURVE('',#5451,#5452,#830,.T.);
#4739=EDGE_CURVE('',#5452,#5453,#831,.T.);
#4740=EDGE_CURVE('',#5453,#5454,#832,.T.);
#4741=EDGE_CURVE('',#5454,#5455,#833,.T.);
#4742=EDGE_CURVE('',#5456,#5455,#834,.T.);
#4743=EDGE_CURVE('',#5456,#5457,#835,.T.);
#4744=EDGE_CURVE('',#5457,#5458,#836,.T.);
#4745=EDGE_CURVE('',#5458,#5459,#837,.T.);
#4746=EDGE_CURVE('',#5460,#5459,#838,.T.);
#4747=EDGE_CURVE('',#5461,#5460,#5753,.T.);
#4748=EDGE_CURVE('',#5462,#5461,#839,.T.);
#4749=EDGE_CURVE('',#5462,#5463,#840,.T.);
#4750=EDGE_CURVE('',#5463,#5464,#841,.T.);
#4751=EDGE_CURVE('',#5464,#5465,#842,.T.);
#4752=EDGE_CURVE('',#5466,#5465,#843,.T.);
#4753=EDGE_CURVE('',#5466,#5467,#844,.T.);
#4754=EDGE_CURVE('',#5467,#5468,#845,.T.);
#4755=EDGE_CURVE('',#5468,#5469,#846,.T.);
#4756=EDGE_CURVE('',#5469,#5470,#847,.T.);
#4757=EDGE_CURVE('',#5470,#5450,#848,.T.);
#4758=EDGE_CURVE('',#5471,#5472,#849,.T.);
#4759=EDGE_CURVE('',#5473,#5471,#850,.T.);
#4760=EDGE_CURVE('',#5474,#5473,#851,.T.);
#4761=EDGE_CURVE('',#5472,#5474,#852,.T.);
#4762=EDGE_CURVE('',#5475,#5467,#853,.T.);
#4763=EDGE_CURVE('',#5475,#5476,#854,.T.);
#4764=EDGE_CURVE('',#5476,#5468,#855,.T.);
#4765=EDGE_CURVE('',#5476,#5477,#856,.T.);
#4766=EDGE_CURVE('',#5477,#5469,#857,.T.);
#4767=EDGE_CURVE('',#5477,#5478,#858,.T.);
#4768=EDGE_CURVE('',#5478,#5470,#859,.T.);
#4769=EDGE_CURVE('',#5450,#5479,#860,.T.);
#4770=EDGE_CURVE('',#5478,#5480,#861,.T.);
#4771=EDGE_CURVE('',#5480,#5479,#862,.T.);
#4772=EDGE_CURVE('',#5481,#5479,#863,.T.);
#4773=EDGE_CURVE('',#5480,#5482,#864,.T.);
#4774=EDGE_CURVE('',#5482,#5481,#865,.T.);
#4775=EDGE_CURVE('',#5481,#5449,#866,.T.);
#4776=EDGE_CURVE('',#5482,#5483,#867,.T.);
#4777=EDGE_CURVE('',#5483,#5451,#868,.T.);
#4778=EDGE_CURVE('',#5483,#5484,#869,.T.);
#4779=EDGE_CURVE('',#5484,#5452,#870,.T.);
#4780=EDGE_CURVE('',#5484,#5485,#871,.T.);
#4781=EDGE_CURVE('',#5485,#5453,#872,.T.);
#4782=EDGE_CURVE('',#5485,#5486,#873,.T.);
#4783=EDGE_CURVE('',#5486,#5454,#874,.T.);
#4784=EDGE_CURVE('',#5455,#5487,#875,.T.);
#4785=EDGE_CURVE('',#5486,#5488,#876,.T.);
#4786=EDGE_CURVE('',#5488,#5487,#877,.T.);
#4787=EDGE_CURVE('',#5487,#5489,#878,.T.);
#4788=EDGE_CURVE('',#5488,#5490,#879,.T.);
#4789=EDGE_CURVE('',#5490,#5489,#880,.T.);
#4790=EDGE_CURVE('',#5489,#5456,#881,.T.);
#4791=EDGE_CURVE('',#5490,#5491,#882,.T.);
#4792=EDGE_CURVE('',#5491,#5457,#883,.T.);
#4793=EDGE_CURVE('',#5491,#5492,#884,.T.);
#4794=EDGE_CURVE('',#5492,#5458,#885,.T.);
#4795=EDGE_CURVE('',#5459,#5493,#886,.T.);
#4796=EDGE_CURVE('',#5492,#5494,#887,.T.);
#4797=EDGE_CURVE('',#5494,#5493,#888,.T.);
#4798=EDGE_CURVE('',#5493,#5495,#889,.T.);
#4799=EDGE_CURVE('',#5494,#5496,#890,.T.);
#4800=EDGE_CURVE('',#5496,#5495,#891,.T.);
#4801=EDGE_CURVE('',#5460,#5495,#10,.F.);
#4802=EDGE_CURVE('',#5497,#5496,#5754,.T.);
#4803=EDGE_CURVE('',#5497,#5498,#892,.T.);
#4804=EDGE_CURVE('',#5498,#5461,#11,.F.);
#4805=EDGE_CURVE('',#5498,#5499,#893,.T.);
#4806=EDGE_CURVE('',#5497,#5500,#894,.T.);
#4807=EDGE_CURVE('',#5500,#5499,#895,.T.);
#4808=EDGE_CURVE('',#5499,#5462,#896,.T.);
#4809=EDGE_CURVE('',#5500,#5501,#897,.T.);
#4810=EDGE_CURVE('',#5501,#5463,#898,.T.);
#4811=EDGE_CURVE('',#5501,#5502,#899,.T.);
#4812=EDGE_CURVE('',#5502,#5464,#900,.T.);
#4813=EDGE_CURVE('',#5465,#5503,#901,.T.);
#4814=EDGE_CURVE('',#5502,#5504,#902,.T.);
#4815=EDGE_CURVE('',#5504,#5503,#903,.T.);
#4816=EDGE_CURVE('',#5503,#5505,#904,.T.);
#4817=EDGE_CURVE('',#5504,#5506,#905,.T.);
#4818=EDGE_CURVE('',#5506,#5505,#906,.T.);
#4819=EDGE_CURVE('',#5505,#5466,#907,.T.);
#4820=EDGE_CURVE('',#5506,#5475,#908,.T.);
#4821=EDGE_CURVE('',#5507,#5446,#909,.T.);
#4822=EDGE_CURVE('',#5508,#5507,#910,.T.);
#4823=EDGE_CURVE('',#5508,#5445,#911,.T.);
#4824=EDGE_CURVE('',#5509,#5448,#912,.T.);
#4825=EDGE_CURVE('',#5507,#5509,#913,.T.);
#4826=EDGE_CURVE('',#5510,#5447,#914,.T.);
#4827=EDGE_CURVE('',#5509,#5510,#915,.T.);
#4828=EDGE_CURVE('',#5510,#5508,#916,.T.);
#4829=EDGE_CURVE('',#5511,#5442,#917,.T.);
#4830=EDGE_CURVE('',#5512,#5511,#918,.T.);
#4831=EDGE_CURVE('',#5512,#5441,#919,.T.);
#4832=EDGE_CURVE('',#5513,#5444,#920,.T.);
#4833=EDGE_CURVE('',#5511,#5513,#921,.T.);
#4834=EDGE_CURVE('',#5514,#5443,#922,.T.);
#4835=EDGE_CURVE('',#5513,#5514,#923,.T.);
#4836=EDGE_CURVE('',#5514,#5512,#924,.T.);
#4837=EDGE_CURVE('',#5515,#5471,#925,.T.);
#4838=EDGE_CURVE('',#5516,#5515,#926,.T.);
#4839=EDGE_CURVE('',#5516,#5473,#927,.T.);
#4840=EDGE_CURVE('',#5517,#5472,#928,.T.);
#4841=EDGE_CURVE('',#5515,#5517,#929,.T.);
#4842=EDGE_CURVE('',#5518,#5474,#930,.T.);
#4843=EDGE_CURVE('',#5517,#5518,#931,.T.);
#4844=EDGE_CURVE('',#5518,#5516,#932,.T.);
#4845=VERTEX_POINT('',#12014);
#4846=VERTEX_POINT('',#12015);
#4847=VERTEX_POINT('',#12017);
#4848=VERTEX_POINT('',#12019);
#4849=VERTEX_POINT('',#12023);
#4850=VERTEX_POINT('',#12024);
#4851=VERTEX_POINT('',#12026);
#4852=VERTEX_POINT('',#12028);
#4853=VERTEX_POINT('',#12032);
#4854=VERTEX_POINT('',#12033);
#4855=VERTEX_POINT('',#12035);
#4856=VERTEX_POINT('',#12037);
#4857=VERTEX_POINT('',#12041);
#4858=VERTEX_POINT('',#12042);
#4859=VERTEX_POINT('',#12044);
#4860=VERTEX_POINT('',#12046);
#4861=VERTEX_POINT('',#12050);
#4862=VERTEX_POINT('',#12051);
#4863=VERTEX_POINT('',#12053);
#4864=VERTEX_POINT('',#12055);
#4865=VERTEX_POINT('',#12059);
#4866=VERTEX_POINT('',#12060);
#4867=VERTEX_POINT('',#12062);
#4868=VERTEX_POINT('',#12064);
#4869=VERTEX_POINT('',#12068);
#4870=VERTEX_POINT('',#12069);
#4871=VERTEX_POINT('',#12071);
#4872=VERTEX_POINT('',#12073);
#4873=VERTEX_POINT('',#12077);
#4874=VERTEX_POINT('',#12078);
#4875=VERTEX_POINT('',#12080);
#4876=VERTEX_POINT('',#12082);
#4877=VERTEX_POINT('',#12086);
#4878=VERTEX_POINT('',#12087);
#4879=VERTEX_POINT('',#12089);
#4880=VERTEX_POINT('',#12091);
#4881=VERTEX_POINT('',#12095);
#4882=VERTEX_POINT('',#12096);
#4883=VERTEX_POINT('',#12098);
#4884=VERTEX_POINT('',#12100);
#4885=VERTEX_POINT('',#12104);
#4886=VERTEX_POINT('',#12105);
#4887=VERTEX_POINT('',#12107);
#4888=VERTEX_POINT('',#12109);
#4889=VERTEX_POINT('',#12113);
#4890=VERTEX_POINT('',#12114);
#4891=VERTEX_POINT('',#12116);
#4892=VERTEX_POINT('',#12118);
#4893=VERTEX_POINT('',#12122);
#4894=VERTEX_POINT('',#12123);
#4895=VERTEX_POINT('',#12125);
#4896=VERTEX_POINT('',#12127);
#4897=VERTEX_POINT('',#12129);
#4898=VERTEX_POINT('',#12131);
#4899=VERTEX_POINT('',#12133);
#4900=VERTEX_POINT('',#12137);
#4901=VERTEX_POINT('',#12139);
#4902=VERTEX_POINT('',#12141);
#4903=VERTEX_POINT('',#12143);
#4904=VERTEX_POINT('',#12145);
#4905=VERTEX_POINT('',#12147);
#4906=VERTEX_POINT('',#12151);
#4907=VERTEX_POINT('',#12153);
#4908=VERTEX_POINT('',#12155);
#4909=VERTEX_POINT('',#12159);
#4910=VERTEX_POINT('',#12160);
#4911=VERTEX_POINT('',#12162);
#4912=VERTEX_POINT('',#12164);
#4913=VERTEX_POINT('',#12166);
#4914=VERTEX_POINT('',#12170);
#4915=VERTEX_POINT('',#12172);
#4916=VERTEX_POINT('',#12174);
#4917=VERTEX_POINT('',#12176);
#4918=VERTEX_POINT('',#12178);
#4919=VERTEX_POINT('',#12180);
#4920=VERTEX_POINT('',#12184);
#4921=VERTEX_POINT('',#12186);
#4922=VERTEX_POINT('',#12188);
#4923=VERTEX_POINT('',#12190);
#4924=VERTEX_POINT('',#12192);
#4925=VERTEX_POINT('',#12196);
#4926=VERTEX_POINT('',#12197);
#4927=VERTEX_POINT('',#12199);
#4928=VERTEX_POINT('',#12201);
#4929=VERTEX_POINT('',#12203);
#4930=VERTEX_POINT('',#12205);
#4931=VERTEX_POINT('',#12207);
#4932=VERTEX_POINT('',#12209);
#4933=VERTEX_POINT('',#12213);
#4934=VERTEX_POINT('',#12215);
#4935=VERTEX_POINT('',#12219);
#4936=VERTEX_POINT('',#12221);
#4937=VERTEX_POINT('',#12223);
#4938=VERTEX_POINT('',#12225);
#4939=VERTEX_POINT('',#12227);
#4940=VERTEX_POINT('',#12229);
#4941=VERTEX_POINT('',#12231);
#4942=VERTEX_POINT('',#12233);
#4943=VERTEX_POINT('',#12235);
#4944=VERTEX_POINT('',#12237);
#4945=VERTEX_POINT('',#12239);
#4946=VERTEX_POINT('',#12241);
#4947=VERTEX_POINT('',#12243);
#4948=VERTEX_POINT('',#12245);
#4949=VERTEX_POINT('',#12247);
#4950=VERTEX_POINT('',#12249);
#4951=VERTEX_POINT('',#12251);
#4952=VERTEX_POINT('',#12253);
#4953=VERTEX_POINT('',#12255);
#4954=VERTEX_POINT('',#12257);
#4955=VERTEX_POINT('',#12259);
#4956=VERTEX_POINT('',#12261);
#4957=VERTEX_POINT('',#12266);
#4958=VERTEX_POINT('',#12268);
#4959=VERTEX_POINT('',#12270);
#4960=VERTEX_POINT('',#12272);
#4961=VERTEX_POINT('',#12274);
#4962=VERTEX_POINT('',#12276);
#4963=VERTEX_POINT('',#12278);
#4964=VERTEX_POINT('',#12280);
#4965=VERTEX_POINT('',#12282);
#4966=VERTEX_POINT('',#12284);
#4967=VERTEX_POINT('',#12286);
#4968=VERTEX_POINT('',#12288);
#4969=VERTEX_POINT('',#12290);
#4970=VERTEX_POINT('',#12292);
#4971=VERTEX_POINT('',#12294);
#4972=VERTEX_POINT('',#12296);
#4973=VERTEX_POINT('',#12298);
#4974=VERTEX_POINT('',#12300);
#4975=VERTEX_POINT('',#12302);
#4976=VERTEX_POINT('',#12304);
#4977=VERTEX_POINT('',#12306);
#4978=VERTEX_POINT('',#12308);
#4979=VERTEX_POINT('',#12312);
#4980=VERTEX_POINT('',#12314);
#4981=VERTEX_POINT('',#12317);
#4982=VERTEX_POINT('',#12318);
#4983=VERTEX_POINT('',#12320);
#4984=VERTEX_POINT('',#12322);
#4985=VERTEX_POINT('',#12324);
#4986=VERTEX_POINT('',#12326);
#4987=VERTEX_POINT('',#12328);
#4988=VERTEX_POINT('',#12330);
#4989=VERTEX_POINT('',#12334);
#4990=VERTEX_POINT('',#12335);
#4991=VERTEX_POINT('',#12338);
#4992=VERTEX_POINT('',#12340);
#4993=VERTEX_POINT('',#12344);
#4994=VERTEX_POINT('',#12345);
#4995=VERTEX_POINT('',#12347);
#4996=VERTEX_POINT('',#12349);
#4997=VERTEX_POINT('',#12354);
#4998=VERTEX_POINT('',#12355);
#4999=VERTEX_POINT('',#12357);
#5000=VERTEX_POINT('',#12359);
#5001=VERTEX_POINT('',#12361);
#5002=VERTEX_POINT('',#12363);
#5003=VERTEX_POINT('',#12365);
#5004=VERTEX_POINT('',#12367);
#5005=VERTEX_POINT('',#12369);
#5006=VERTEX_POINT('',#12371);
#5007=VERTEX_POINT('',#12373);
#5008=VERTEX_POINT('',#12375);
#5009=VERTEX_POINT('',#12377);
#5010=VERTEX_POINT('',#12379);
#5011=VERTEX_POINT('',#12383);
#5012=VERTEX_POINT('',#12384);
#5013=VERTEX_POINT('',#12386);
#5014=VERTEX_POINT('',#12388);
#5015=VERTEX_POINT('',#12392);
#5016=VERTEX_POINT('',#12393);
#5017=VERTEX_POINT('',#12395);
#5018=VERTEX_POINT('',#12397);
#5019=VERTEX_POINT('',#12401);
#5020=VERTEX_POINT('',#12405);
#5021=VERTEX_POINT('',#12409);
#5022=VERTEX_POINT('',#12410);
#5023=VERTEX_POINT('',#12412);
#5024=VERTEX_POINT('',#12414);
#5025=VERTEX_POINT('',#12416);
#5026=VERTEX_POINT('',#12418);
#5027=VERTEX_POINT('',#12420);
#5028=VERTEX_POINT('',#12422);
#5029=VERTEX_POINT('',#12424);
#5030=VERTEX_POINT('',#12426);
#5031=VERTEX_POINT('',#12428);
#5032=VERTEX_POINT('',#12430);
#5033=VERTEX_POINT('',#12434);
#5034=VERTEX_POINT('',#12435);
#5035=VERTEX_POINT('',#12437);
#5036=VERTEX_POINT('',#12439);
#5037=VERTEX_POINT('',#12441);
#5038=VERTEX_POINT('',#12443);
#5039=VERTEX_POINT('',#12447);
#5040=VERTEX_POINT('',#12448);
#5041=VERTEX_POINT('',#12450);
#5042=VERTEX_POINT('',#12452);
#5043=VERTEX_POINT('',#12456);
#5044=VERTEX_POINT('',#12457);
#5045=VERTEX_POINT('',#12459);
#5046=VERTEX_POINT('',#12461);
#5047=VERTEX_POINT('',#12465);
#5048=VERTEX_POINT('',#12467);
#5049=VERTEX_POINT('',#12474);
#5050=VERTEX_POINT('',#12476);
#5051=VERTEX_POINT('',#12478);
#5052=VERTEX_POINT('',#12480);
#5053=VERTEX_POINT('',#12482);
#5054=VERTEX_POINT('',#12484);
#5055=VERTEX_POINT('',#12489);
#5056=VERTEX_POINT('',#12492);
#5057=VERTEX_POINT('',#12494);
#5058=VERTEX_POINT('',#12496);
#5059=VERTEX_POINT('',#12498);
#5060=VERTEX_POINT('',#12500);
#5061=VERTEX_POINT('',#12504);
#5062=VERTEX_POINT('',#12505);
#5063=VERTEX_POINT('',#12507);
#5064=VERTEX_POINT('',#12509);
#5065=VERTEX_POINT('',#12511);
#5066=VERTEX_POINT('',#12513);
#5067=VERTEX_POINT('',#12515);
#5068=VERTEX_POINT('',#12517);
#5069=VERTEX_POINT('',#12519);
#5070=VERTEX_POINT('',#12521);
#5071=VERTEX_POINT('',#12523);
#5072=VERTEX_POINT('',#12525);
#5073=VERTEX_POINT('',#12529);
#5074=VERTEX_POINT('',#12530);
#5075=VERTEX_POINT('',#12532);
#5076=VERTEX_POINT('',#12535);
#5077=VERTEX_POINT('',#12539);
#5078=VERTEX_POINT('',#12540);
#5079=VERTEX_POINT('',#12542);
#5080=VERTEX_POINT('',#12546);
#5081=VERTEX_POINT('',#12548);
#5082=VERTEX_POINT('',#12552);
#5083=VERTEX_POINT('',#12554);
#5084=VERTEX_POINT('',#12558);
#5085=VERTEX_POINT('',#12560);
#5086=VERTEX_POINT('',#12562);
#5087=VERTEX_POINT('',#12564);
#5088=VERTEX_POINT('',#12566);
#5089=VERTEX_POINT('',#12568);
#5090=VERTEX_POINT('',#12570);
#5091=VERTEX_POINT('',#12572);
#5092=VERTEX_POINT('',#12574);
#5093=VERTEX_POINT('',#12576);
#5094=VERTEX_POINT('',#12579);
#5095=VERTEX_POINT('',#12582);
#5096=VERTEX_POINT('',#12584);
#5097=VERTEX_POINT('',#12586);
#5098=VERTEX_POINT('',#12588);
#5099=VERTEX_POINT('',#12590);
#5100=VERTEX_POINT('',#12592);
#5101=VERTEX_POINT('',#12598);
#5102=VERTEX_POINT('',#12602);
#5103=VERTEX_POINT('',#12604);
#5104=VERTEX_POINT('',#12607);
#5105=VERTEX_POINT('',#12609);
#5106=VERTEX_POINT('',#12613);
#5107=VERTEX_POINT('',#12615);
#5108=VERTEX_POINT('',#12617);
#5109=VERTEX_POINT('',#12619);
#5110=VERTEX_POINT('',#12622);
#5111=VERTEX_POINT('',#12624);
#5112=VERTEX_POINT('',#12626);
#5113=VERTEX_POINT('',#12628);
#5114=VERTEX_POINT('',#12632);
#5115=VERTEX_POINT('',#12634);
#5116=VERTEX_POINT('',#12636);
#5117=VERTEX_POINT('',#12638);
#5118=VERTEX_POINT('',#12641);
#5119=VERTEX_POINT('',#12643);
#5120=VERTEX_POINT('',#12645);
#5121=VERTEX_POINT('',#12647);
#5122=VERTEX_POINT('',#12651);
#5123=VERTEX_POINT('',#12652);
#5124=VERTEX_POINT('',#12654);
#5125=VERTEX_POINT('',#12657);
#5126=VERTEX_POINT('',#12659);
#5127=VERTEX_POINT('',#12663);
#5128=VERTEX_POINT('',#12665);
#5129=VERTEX_POINT('',#12670);
#5130=VERTEX_POINT('',#12672);
#5131=VERTEX_POINT('',#12674);
#5132=VERTEX_POINT('',#12677);
#5133=VERTEX_POINT('',#12679);
#5134=VERTEX_POINT('',#12682);
#5135=VERTEX_POINT('',#12684);
#5136=VERTEX_POINT('',#12687);
#5137=VERTEX_POINT('',#12689);
#5138=VERTEX_POINT('',#12691);
#5139=VERTEX_POINT('',#12694);
#5140=VERTEX_POINT('',#12696);
#5141=VERTEX_POINT('',#12698);
#5142=VERTEX_POINT('',#12701);
#5143=VERTEX_POINT('',#12704);
#5144=VERTEX_POINT('',#12706);
#5145=VERTEX_POINT('',#12709);
#5146=VERTEX_POINT('',#12711);
#5147=VERTEX_POINT('',#12714);
#5148=VERTEX_POINT('',#12718);
#5149=VERTEX_POINT('',#12720);
#5150=VERTEX_POINT('',#12722);
#5151=VERTEX_POINT('',#12724);
#5152=VERTEX_POINT('',#12728);
#5153=VERTEX_POINT('',#12730);
#5154=VERTEX_POINT('',#12734);
#5155=VERTEX_POINT('',#12736);
#5156=VERTEX_POINT('',#12741);
#5157=VERTEX_POINT('',#12752);
#5158=VERTEX_POINT('',#12754);
#5159=VERTEX_POINT('',#12757);
#5160=VERTEX_POINT('',#12759);
#5161=VERTEX_POINT('',#12761);
#5162=VERTEX_POINT('',#12763);
#5163=VERTEX_POINT('',#12766);
#5164=VERTEX_POINT('',#12768);
#5165=VERTEX_POINT('',#12770);
#5166=VERTEX_POINT('',#12772);
#5167=VERTEX_POINT('',#12775);
#5168=VERTEX_POINT('',#12781);
#5169=VERTEX_POINT('',#12783);
#5170=VERTEX_POINT('',#12785);
#5171=VERTEX_POINT('',#12787);
#5172=VERTEX_POINT('',#12791);
#5173=VERTEX_POINT('',#12793);
#5174=VERTEX_POINT('',#12797);
#5175=VERTEX_POINT('',#12799);
#5176=VERTEX_POINT('',#12801);
#5177=VERTEX_POINT('',#12803);
#5178=VERTEX_POINT('',#12807);
#5179=VERTEX_POINT('',#12809);
#5180=VERTEX_POINT('',#12813);
#5181=VERTEX_POINT('',#12815);
#5182=VERTEX_POINT('',#12819);
#5183=VERTEX_POINT('',#12823);
#5184=VERTEX_POINT('',#12825);
#5185=VERTEX_POINT('',#12827);
#5186=VERTEX_POINT('',#12830);
#5187=VERTEX_POINT('',#12834);
#5188=VERTEX_POINT('',#12836);
#5189=VERTEX_POINT('',#12842);
#5190=VERTEX_POINT('',#12843);
#5191=VERTEX_POINT('',#12851);
#5192=VERTEX_POINT('',#12853);
#5193=VERTEX_POINT('',#12855);
#5194=VERTEX_POINT('',#12858);
#5195=VERTEX_POINT('',#12862);
#5196=VERTEX_POINT('',#12866);
#5197=VERTEX_POINT('',#12872);
#5198=VERTEX_POINT('',#12876);
#5199=VERTEX_POINT('',#12890);
#5200=VERTEX_POINT('',#12892);
#5201=VERTEX_POINT('',#12894);
#5202=VERTEX_POINT('',#12895);
#5203=VERTEX_POINT('',#12897);
#5204=VERTEX_POINT('',#12899);
#5205=VERTEX_POINT('',#12901);
#5206=VERTEX_POINT('',#12903);
#5207=VERTEX_POINT('',#12905);
#5208=VERTEX_POINT('',#12907);
#5209=VERTEX_POINT('',#12910);
#5210=VERTEX_POINT('',#12911);
#5211=VERTEX_POINT('',#12913);
#5212=VERTEX_POINT('',#12915);
#5213=VERTEX_POINT('',#12917);
#5214=VERTEX_POINT('',#12919);
#5215=VERTEX_POINT('',#12921);
#5216=VERTEX_POINT('',#12923);
#5217=VERTEX_POINT('',#12926);
#5218=VERTEX_POINT('',#12927);
#5219=VERTEX_POINT('',#12929);
#5220=VERTEX_POINT('',#12931);
#5221=VERTEX_POINT('',#12933);
#5222=VERTEX_POINT('',#12935);
#5223=VERTEX_POINT('',#12937);
#5224=VERTEX_POINT('',#12939);
#5225=VERTEX_POINT('',#12942);
#5226=VERTEX_POINT('',#12943);
#5227=VERTEX_POINT('',#12945);
#5228=VERTEX_POINT('',#12947);
#5229=VERTEX_POINT('',#12949);
#5230=VERTEX_POINT('',#12951);
#5231=VERTEX_POINT('',#12953);
#5232=VERTEX_POINT('',#12955);
#5233=VERTEX_POINT('',#12967);
#5234=VERTEX_POINT('',#12969);
#5235=VERTEX_POINT('',#12973);
#5236=VERTEX_POINT('',#12975);
#5237=VERTEX_POINT('',#12981);
#5238=VERTEX_POINT('',#12983);
#5239=VERTEX_POINT('',#12987);
#5240=VERTEX_POINT('',#12989);
#5241=VERTEX_POINT('',#12995);
#5242=VERTEX_POINT('',#12996);
#5243=VERTEX_POINT('',#13000);
#5244=VERTEX_POINT('',#13004);
#5245=VERTEX_POINT('',#13005);
#5246=VERTEX_POINT('',#13009);
#5247=VERTEX_POINT('',#13021);
#5248=VERTEX_POINT('',#13025);
#5249=VERTEX_POINT('',#13029);
#5250=VERTEX_POINT('',#13079);
#5251=VERTEX_POINT('',#13081);
#5252=VERTEX_POINT('',#13085);
#5253=VERTEX_POINT('',#13089);
#5254=VERTEX_POINT('',#13093);
#5255=VERTEX_POINT('',#13097);
#5256=VERTEX_POINT('',#13101);
#5257=VERTEX_POINT('',#13105);
#5258=VERTEX_POINT('',#13112);
#5259=VERTEX_POINT('',#13114);
#5260=VERTEX_POINT('',#13118);
#5261=VERTEX_POINT('',#13122);
#5262=VERTEX_POINT('',#13126);
#5263=VERTEX_POINT('',#13130);
#5264=VERTEX_POINT('',#13134);
#5265=VERTEX_POINT('',#13138);
#5266=VERTEX_POINT('',#13145);
#5267=VERTEX_POINT('',#13147);
#5268=VERTEX_POINT('',#13151);
#5269=VERTEX_POINT('',#13155);
#5270=VERTEX_POINT('',#13159);
#5271=VERTEX_POINT('',#13163);
#5272=VERTEX_POINT('',#13167);
#5273=VERTEX_POINT('',#13171);
#5274=VERTEX_POINT('',#13178);
#5275=VERTEX_POINT('',#13180);
#5276=VERTEX_POINT('',#13184);
#5277=VERTEX_POINT('',#13188);
#5278=VERTEX_POINT('',#13192);
#5279=VERTEX_POINT('',#13196);
#5280=VERTEX_POINT('',#13200);
#5281=VERTEX_POINT('',#13204);
#5282=VERTEX_POINT('',#13211);
#5283=VERTEX_POINT('',#13215);
#5284=VERTEX_POINT('',#13219);
#5285=VERTEX_POINT('',#13242);
#5286=VERTEX_POINT('',#13267);
#5287=VERTEX_POINT('',#13281);
#5288=VERTEX_POINT('',#13325);
#5289=VERTEX_POINT('',#13336);
#5290=VERTEX_POINT('',#13339);
#5291=VERTEX_POINT('',#13341);
#5292=VERTEX_POINT('',#13344);
#5293=VERTEX_POINT('',#13383);
#5294=VERTEX_POINT('',#13385);
#5295=VERTEX_POINT('',#13389);
#5296=VERTEX_POINT('',#13393);
#5297=VERTEX_POINT('',#13402);
#5298=VERTEX_POINT('',#13404);
#5299=VERTEX_POINT('',#13406);
#5300=VERTEX_POINT('',#13408);
#5301=VERTEX_POINT('',#13414);
#5302=VERTEX_POINT('',#13416);
#5303=VERTEX_POINT('',#13418);
#5304=VERTEX_POINT('',#13420);
#5305=VERTEX_POINT('',#13423);
#5306=VERTEX_POINT('',#13425);
#5307=VERTEX_POINT('',#13430);
#5308=VERTEX_POINT('',#13432);
#5309=VERTEX_POINT('',#13435);
#5310=VERTEX_POINT('',#13437);
#5311=VERTEX_POINT('',#13439);
#5312=VERTEX_POINT('',#13441);
#5313=VERTEX_POINT('',#13464);
#5314=VERTEX_POINT('',#13465);
#5315=VERTEX_POINT('',#13467);
#5316=VERTEX_POINT('',#13469);
#5317=VERTEX_POINT('',#13473);
#5318=VERTEX_POINT('',#13475);
#5319=VERTEX_POINT('',#13479);
#5320=VERTEX_POINT('',#13481);
#5321=VERTEX_POINT('',#13485);
#5322=VERTEX_POINT('',#13487);
#5323=VERTEX_POINT('',#13491);
#5324=VERTEX_POINT('',#13493);
#5325=VERTEX_POINT('',#13497);
#5326=VERTEX_POINT('',#13499);
#5327=VERTEX_POINT('',#13503);
#5328=VERTEX_POINT('',#13505);
#5329=VERTEX_POINT('',#13517);
#5330=VERTEX_POINT('',#13519);
#5331=VERTEX_POINT('',#13521);
#5332=VERTEX_POINT('',#13523);
#5333=VERTEX_POINT('',#13525);
#5334=VERTEX_POINT('',#13527);
#5335=VERTEX_POINT('',#13529);
#5336=VERTEX_POINT('',#13531);
#5337=VERTEX_POINT('',#13535);
#5338=VERTEX_POINT('',#13537);
#5339=VERTEX_POINT('',#13539);
#5340=VERTEX_POINT('',#13541);
#5341=VERTEX_POINT('',#13543);
#5342=VERTEX_POINT('',#13545);
#5343=VERTEX_POINT('',#13547);
#5344=VERTEX_POINT('',#13549);
#5345=VERTEX_POINT('',#13570);
#5346=VERTEX_POINT('',#13571);
#5347=VERTEX_POINT('',#13573);
#5348=VERTEX_POINT('',#13575);
#5349=VERTEX_POINT('',#13579);
#5350=VERTEX_POINT('',#13581);
#5351=VERTEX_POINT('',#13585);
#5352=VERTEX_POINT('',#13587);
#5353=VERTEX_POINT('',#13591);
#5354=VERTEX_POINT('',#13593);
#5355=VERTEX_POINT('',#13597);
#5356=VERTEX_POINT('',#13599);
#5357=VERTEX_POINT('',#13603);
#5358=VERTEX_POINT('',#13605);
#5359=VERTEX_POINT('',#13609);
#5360=VERTEX_POINT('',#13611);
#5361=VERTEX_POINT('',#13623);
#5362=VERTEX_POINT('',#13625);
#5363=VERTEX_POINT('',#13627);
#5364=VERTEX_POINT('',#13629);
#5365=VERTEX_POINT('',#13631);
#5366=VERTEX_POINT('',#13633);
#5367=VERTEX_POINT('',#13635);
#5368=VERTEX_POINT('',#13637);
#5369=VERTEX_POINT('',#13641);
#5370=VERTEX_POINT('',#13643);
#5371=VERTEX_POINT('',#13645);
#5372=VERTEX_POINT('',#13647);
#5373=VERTEX_POINT('',#13649);
#5374=VERTEX_POINT('',#13651);
#5375=VERTEX_POINT('',#13653);
#5376=VERTEX_POINT('',#13655);
#5377=VERTEX_POINT('',#13676);
#5378=VERTEX_POINT('',#13677);
#5379=VERTEX_POINT('',#13679);
#5380=VERTEX_POINT('',#13681);
#5381=VERTEX_POINT('',#13685);
#5382=VERTEX_POINT('',#13687);
#5383=VERTEX_POINT('',#13691);
#5384=VERTEX_POINT('',#13693);
#5385=VERTEX_POINT('',#13697);
#5386=VERTEX_POINT('',#13699);
#5387=VERTEX_POINT('',#13703);
#5388=VERTEX_POINT('',#13705);
#5389=VERTEX_POINT('',#13709);
#5390=VERTEX_POINT('',#13711);
#5391=VERTEX_POINT('',#13715);
#5392=VERTEX_POINT('',#13717);
#5393=VERTEX_POINT('',#13729);
#5394=VERTEX_POINT('',#13731);
#5395=VERTEX_POINT('',#13733);
#5396=VERTEX_POINT('',#13735);
#5397=VERTEX_POINT('',#13737);
#5398=VERTEX_POINT('',#13739);
#5399=VERTEX_POINT('',#13741);
#5400=VERTEX_POINT('',#13743);
#5401=VERTEX_POINT('',#13747);
#5402=VERTEX_POINT('',#13749);
#5403=VERTEX_POINT('',#13751);
#5404=VERTEX_POINT('',#13753);
#5405=VERTEX_POINT('',#13755);
#5406=VERTEX_POINT('',#13757);
#5407=VERTEX_POINT('',#13759);
#5408=VERTEX_POINT('',#13761);
#5409=VERTEX_POINT('',#13782);
#5410=VERTEX_POINT('',#13783);
#5411=VERTEX_POINT('',#13785);
#5412=VERTEX_POINT('',#13787);
#5413=VERTEX_POINT('',#13791);
#5414=VERTEX_POINT('',#13793);
#5415=VERTEX_POINT('',#13800);
#5416=VERTEX_POINT('',#13802);
#5417=VERTEX_POINT('',#13806);
#5418=VERTEX_POINT('',#13808);
#5419=VERTEX_POINT('',#13812);
#5420=VERTEX_POINT('',#13814);
#5421=VERTEX_POINT('',#13818);
#5422=VERTEX_POINT('',#13820);
#5423=VERTEX_POINT('',#13824);
#5424=VERTEX_POINT('',#13826);
#5425=VERTEX_POINT('',#13835);
#5426=VERTEX_POINT('',#13837);
#5427=VERTEX_POINT('',#13839);
#5428=VERTEX_POINT('',#13841);
#5429=VERTEX_POINT('',#13843);
#5430=VERTEX_POINT('',#13845);
#5431=VERTEX_POINT('',#13847);
#5432=VERTEX_POINT('',#13849);
#5433=VERTEX_POINT('',#13853);
#5434=VERTEX_POINT('',#13855);
#5435=VERTEX_POINT('',#13857);
#5436=VERTEX_POINT('',#13859);
#5437=VERTEX_POINT('',#13861);
#5438=VERTEX_POINT('',#13863);
#5439=VERTEX_POINT('',#13865);
#5440=VERTEX_POINT('',#13867);
#5441=VERTEX_POINT('',#13889);
#5442=VERTEX_POINT('',#13890);
#5443=VERTEX_POINT('',#13892);
#5444=VERTEX_POINT('',#13894);
#5445=VERTEX_POINT('',#13897);
#5446=VERTEX_POINT('',#13898);
#5447=VERTEX_POINT('',#13900);
#5448=VERTEX_POINT('',#13902);
#5449=VERTEX_POINT('',#13905);
#5450=VERTEX_POINT('',#13906);
#5451=VERTEX_POINT('',#13908);
#5452=VERTEX_POINT('',#13910);
#5453=VERTEX_POINT('',#13912);
#5454=VERTEX_POINT('',#13914);
#5455=VERTEX_POINT('',#13916);
#5456=VERTEX_POINT('',#13918);
#5457=VERTEX_POINT('',#13920);
#5458=VERTEX_POINT('',#13922);
#5459=VERTEX_POINT('',#13924);
#5460=VERTEX_POINT('',#13926);
#5461=VERTEX_POINT('',#13928);
#5462=VERTEX_POINT('',#13930);
#5463=VERTEX_POINT('',#13932);
#5464=VERTEX_POINT('',#13934);
#5465=VERTEX_POINT('',#13936);
#5466=VERTEX_POINT('',#13938);
#5467=VERTEX_POINT('',#13940);
#5468=VERTEX_POINT('',#13942);
#5469=VERTEX_POINT('',#13944);
#5470=VERTEX_POINT('',#13946);
#5471=VERTEX_POINT('',#13949);
#5472=VERTEX_POINT('',#13950);
#5473=VERTEX_POINT('',#13952);
#5474=VERTEX_POINT('',#13954);
#5475=VERTEX_POINT('',#13958);
#5476=VERTEX_POINT('',#13960);
#5477=VERTEX_POINT('',#13964);
#5478=VERTEX_POINT('',#13968);
#5479=VERTEX_POINT('',#13972);
#5480=VERTEX_POINT('',#13974);
#5481=VERTEX_POINT('',#13978);
#5482=VERTEX_POINT('',#13980);
#5483=VERTEX_POINT('',#13985);
#5484=VERTEX_POINT('',#13989);
#5485=VERTEX_POINT('',#13993);
#5486=VERTEX_POINT('',#13997);
#5487=VERTEX_POINT('',#14001);
#5488=VERTEX_POINT('',#14003);
#5489=VERTEX_POINT('',#14007);
#5490=VERTEX_POINT('',#14009);
#5491=VERTEX_POINT('',#14014);
#5492=VERTEX_POINT('',#14018);
#5493=VERTEX_POINT('',#14022);
#5494=VERTEX_POINT('',#14024);
#5495=VERTEX_POINT('',#14028);
#5496=VERTEX_POINT('',#14030);
#5497=VERTEX_POINT('',#14035);
#5498=VERTEX_POINT('',#14037);
#5499=VERTEX_POINT('',#14041);
#5500=VERTEX_POINT('',#14043);
#5501=VERTEX_POINT('',#14048);
#5502=VERTEX_POINT('',#14052);
#5503=VERTEX_POINT('',#14056);
#5504=VERTEX_POINT('',#14058);
#5505=VERTEX_POINT('',#14062);
#5506=VERTEX_POINT('',#14064);
#5507=VERTEX_POINT('',#14077);
#5508=VERTEX_POINT('',#14079);
#5509=VERTEX_POINT('',#14083);
#5510=VERTEX_POINT('',#14087);
#5511=VERTEX_POINT('',#14094);
#5512=VERTEX_POINT('',#14096);
#5513=VERTEX_POINT('',#14100);
#5514=VERTEX_POINT('',#14104);
#5515=VERTEX_POINT('',#14111);
#5516=VERTEX_POINT('',#14113);
#5517=VERTEX_POINT('',#14117);
#5518=VERTEX_POINT('',#14121);
#5519=CIRCLE('',#9403,0.4);
#5520=CIRCLE('',#9405,0.4);
#5521=CIRCLE('',#9408,0.4);
#5522=CIRCLE('',#9410,0.4);
#5523=CIRCLE('',#9413,0.4);
#5524=CIRCLE('',#9415,0.4);
#5525=CIRCLE('',#9418,0.4);
#5526=CIRCLE('',#9420,0.4);
#5527=CIRCLE('',#9423,0.2);
#5528=CIRCLE('',#9425,0.2);
#5529=CIRCLE('',#9426,0.200000000000001);
#5530=CIRCLE('',#9428,0.2);
#5531=CIRCLE('',#9430,0.2);
#5532=CIRCLE('',#9432,0.200000000000001);
#5533=CIRCLE('',#9433,0.2);
#5534=CIRCLE('',#9435,0.2);
#5535=CIRCLE('',#9437,0.0999999999999994);
#5536=CIRCLE('',#9438,0.099999999999999);
#5537=CIRCLE('',#9439,0.0999999999999994);
#5538=CIRCLE('',#9440,0.100000000000001);
#5539=CIRCLE('',#9441,0.125);
#5540=CIRCLE('',#9442,0.125);
#5541=CIRCLE('',#9443,0.125);
#5542=CIRCLE('',#9444,0.200000000000001);
#5543=CIRCLE('',#9445,0.125000000000001);
#5544=CIRCLE('',#9446,0.125000000000001);
#5545=CIRCLE('',#9447,0.2);
#5546=CIRCLE('',#9448,0.125);
#5547=CIRCLE('',#9450,0.125);
#5548=CIRCLE('',#9451,0.2);
#5549=CIRCLE('',#9452,0.2);
#5550=CIRCLE('',#9453,0.2);
#5551=CIRCLE('',#9454,0.125000000000001);
#5552=CIRCLE('',#9455,0.125000000000001);
#5553=CIRCLE('',#9456,0.200000000000001);
#5554=CIRCLE('',#9457,0.2);
#5555=CIRCLE('',#9458,0.2);
#5556=CIRCLE('',#9459,0.125);
#5557=CIRCLE('',#9460,0.125);
#5558=CIRCLE('',#9461,0.125);
#5559=CIRCLE('',#9462,0.100000000000001);
#5560=CIRCLE('',#9463,0.0999999999999994);
#5561=CIRCLE('',#9464,0.099999999999999);
#5562=CIRCLE('',#9465,0.0999999999999994);
#5563=CIRCLE('',#9467,0.3);
#5564=CIRCLE('',#9469,0.3);
#5565=CIRCLE('',#9471,0.125);
#5566=CIRCLE('',#9472,0.2);
#5567=CIRCLE('',#9473,0.200000000000001);
#5568=CIRCLE('',#9474,0.125);
#5569=CIRCLE('',#9476,0.250000000000001);
#5570=CIRCLE('',#9478,0.250000000000001);
#5571=CIRCLE('',#9480,0.200000000000001);
#5572=CIRCLE('',#9482,0.2);
#5573=CIRCLE('',#9484,0.2);
#5574=CIRCLE('',#9485,0.200000000000001);
#5575=CIRCLE('',#9487,0.125);
#5576=CIRCLE('',#9495,0.2);
#5577=CIRCLE('',#9496,0.200000000000001);
#5578=CIRCLE('',#9498,0.125);
#5579=CIRCLE('',#9500,0.2);
#5580=CIRCLE('',#9507,0.200000000000001);
#5581=CIRCLE('',#9508,0.2);
#5582=CIRCLE('',#9510,0.125000000000001);
#5583=CIRCLE('',#9511,0.2);
#5584=CIRCLE('',#9513,0.200000000000001);
#5585=CIRCLE('',#9514,0.125000000000001);
#5586=CIRCLE('',#9516,0.200000000000001);
#5587=CIRCLE('',#9517,0.2);
#5588=CIRCLE('',#9519,0.0999999999999994);
#5589=CIRCLE('',#9520,0.0999999999999994);
#5590=CIRCLE('',#9521,0.0999999999999994);
#5591=CIRCLE('',#9522,0.1);
#5592=CIRCLE('',#9523,0.0999999999999993);
#5593=CIRCLE('',#9524,0.0999999999999999);
#5594=CIRCLE('',#9530,0.0999999999999999);
#5595=CIRCLE('',#9531,0.0999999999999985);
#5596=CIRCLE('',#9532,0.099999999999999);
#5597=CIRCLE('',#9533,0.0999999999999994);
#5598=CIRCLE('',#9541,0.2);
#5599=CIRCLE('',#9542,0.2);
#5600=CIRCLE('',#9546,0.2);
#5601=CIRCLE('',#9547,0.2);
#5602=CIRCLE('',#9549,0.0999999999999994);
#5603=CIRCLE('',#9552,0.0999999999999994);
#5604=CIRCLE('',#9554,0.1);
#5605=CIRCLE('',#9556,0.0999999999999993);
#5606=CIRCLE('',#9561,0.4);
#5607=CIRCLE('',#9562,0.5);
#5608=CIRCLE('',#9563,0.1);
#5609=CIRCLE('',#9564,0.1);
#5610=CIRCLE('',#9565,0.1);
#5611=CIRCLE('',#9566,0.1);
#5612=CIRCLE('',#9567,0.1);
#5613=CIRCLE('',#9568,0.1);
#5614=CIRCLE('',#9569,0.1);
#5615=CIRCLE('',#9570,0.1);
#5616=CIRCLE('',#9571,0.1);
#5617=CIRCLE('',#9572,0.1);
#5618=CIRCLE('',#9573,0.1);
#5619=CIRCLE('',#9574,0.1);
#5620=CIRCLE('',#9575,0.1);
#5621=CIRCLE('',#9576,0.1);
#5622=CIRCLE('',#9577,0.1);
#5623=CIRCLE('',#9578,0.1);
#5624=CIRCLE('',#9584,0.0999999999999985);
#5625=CIRCLE('',#9585,0.0999999999999999);
#5626=CIRCLE('',#9587,0.0999999999999994);
#5627=CIRCLE('',#9588,0.099999999999999);
#5628=CIRCLE('',#9590,0.0999999999999999);
#5629=CIRCLE('',#9592,0.0999999999999994);
#5630=CIRCLE('',#9598,0.125);
#5631=CIRCLE('',#9600,0.125);
#5632=CIRCLE('',#9618,0.400000000000001);
#5633=CIRCLE('',#9620,0.400000000000001);
#5634=CIRCLE('',#9623,0.400000000000001);
#5635=CIRCLE('',#9625,0.400000000000001);
#5636=CIRCLE('',#9628,0.400000000000001);
#5637=CIRCLE('',#9630,0.400000000000001);
#5638=CIRCLE('',#9633,0.400000000000001);
#5639=CIRCLE('',#9635,0.400000000000001);
#5640=CIRCLE('',#9638,0.1);
#5641=CIRCLE('',#9641,0.1);
#5642=CIRCLE('',#9644,0.1);
#5643=CIRCLE('',#9647,0.1);
#5644=CIRCLE('',#9651,0.1);
#5645=CIRCLE('',#9654,0.1);
#5646=CIRCLE('',#9657,0.1);
#5647=CIRCLE('',#9660,0.1);
#5648=CIRCLE('',#9664,0.1);
#5649=CIRCLE('',#9667,0.1);
#5650=CIRCLE('',#9670,0.1);
#5651=CIRCLE('',#9673,0.1);
#5652=CIRCLE('',#9677,0.1);
#5653=CIRCLE('',#9680,0.1);
#5654=CIRCLE('',#9683,0.1);
#5655=CIRCLE('',#9686,0.1);
#5656=CIRCLE('',#9690,0.5);
#5657=CIRCLE('',#9693,0.4);
#5658=CIRCLE('',#9696,0.200000000000001);
#5659=CIRCLE('',#9732,0.125);
#5660=CIRCLE('',#9733,0.200000000000001);
#5661=CIRCLE('',#9734,0.2);
#5662=CIRCLE('',#9735,0.125);
#5663=CIRCLE('',#9738,0.250000000000001);
#5664=CIRCLE('',#9740,0.250000000000001);
#5665=CIRCLE('',#9742,0.125);
#5666=CIRCLE('',#9743,0.125);
#5667=CIRCLE('',#9752,0.125);
#5668=CIRCLE('',#9753,0.125);
#5669=CIRCLE('',#9764,0.2);
#5670=CIRCLE('',#9765,0.200000000000001);
#5671=CIRCLE('',#9767,0.200000000000001);
#5672=CIRCLE('',#9770,0.2);
#5673=CIRCLE('',#9774,0.2);
#5674=CIRCLE('',#9775,0.200000000000001);
#5675=CIRCLE('',#9778,0.399999999999997);
#5676=CIRCLE('',#9779,0.72);
#5677=CIRCLE('',#9780,0.4);
#5678=CIRCLE('',#9781,0.4);
#5679=CIRCLE('',#9782,0.52);
#5680=CIRCLE('',#9783,0.400000000000002);
#5681=CIRCLE('',#9785,0.400000000000002);
#5682=CIRCLE('',#9786,0.52);
#5683=CIRCLE('',#9787,0.4);
#5684=CIRCLE('',#9788,0.4);
#5685=CIRCLE('',#9789,0.72);
#5686=CIRCLE('',#9790,0.399999999999997);
#5687=CIRCLE('',#9793,0.200000000000001);
#5688=CIRCLE('',#9794,0.2);
#5689=CIRCLE('',#9806,0.35);
#5690=CIRCLE('',#9807,0.35);
#5691=CIRCLE('',#9812,0.600000000000001);
#5692=CIRCLE('',#9813,0.600000000000001);
#5693=CIRCLE('',#9817,0.4);
#5694=CIRCLE('',#9818,0.4);
#5695=CIRCLE('',#9820,0.100000000000001);
#5696=CIRCLE('',#9821,0.100000000000001);
#5697=CIRCLE('',#9825,0.400000000000001);
#5698=CIRCLE('',#9826,0.0999999999999994);
#5699=CIRCLE('',#9827,0.6);
#5700=CIRCLE('',#9828,0.35);
#5701=CIRCLE('',#9830,0.400000000000001);
#5702=CIRCLE('',#9831,0.35);
#5703=CIRCLE('',#9832,0.6);
#5704=CIRCLE('',#9833,0.0999999999999994);
#5705=CIRCLE('',#9844,0.600000000000001);
#5706=CIRCLE('',#9845,0.600000000000001);
#5707=CIRCLE('',#9850,0.35);
#5708=CIRCLE('',#9851,0.35);
#5709=CIRCLE('',#9855,0.4);
#5710=CIRCLE('',#9856,0.4);
#5711=CIRCLE('',#9858,0.100000000000001);
#5712=CIRCLE('',#9859,0.100000000000001);
#5713=CIRCLE('',#9863,0.400000000000001);
#5714=CIRCLE('',#9864,0.35);
#5715=CIRCLE('',#9865,0.6);
#5716=CIRCLE('',#9866,0.0999999999999994);
#5717=CIRCLE('',#9868,0.400000000000001);
#5718=CIRCLE('',#9869,0.0999999999999994);
#5719=CIRCLE('',#9870,0.6);
#5720=CIRCLE('',#9871,0.35);
#5721=CIRCLE('',#9882,0.600000000000001);
#5722=CIRCLE('',#9883,0.600000000000001);
#5723=CIRCLE('',#9888,0.35);
#5724=CIRCLE('',#9889,0.35);
#5725=CIRCLE('',#9893,0.4);
#5726=CIRCLE('',#9894,0.4);
#5727=CIRCLE('',#9896,0.100000000000001);
#5728=CIRCLE('',#9897,0.100000000000001);
#5729=CIRCLE('',#9901,0.400000000000001);
#5730=CIRCLE('',#9902,0.0999999999999994);
#5731=CIRCLE('',#9903,0.6);
#5732=CIRCLE('',#9904,0.35);
#5733=CIRCLE('',#9906,0.400000000000001);
#5734=CIRCLE('',#9907,0.35);
#5735=CIRCLE('',#9908,0.6);
#5736=CIRCLE('',#9909,0.0999999999999994);
#5737=CIRCLE('',#9920,0.35);
#5738=CIRCLE('',#9921,0.35);
#5739=CIRCLE('',#9924,0.400000000000001);
#5740=CIRCLE('',#9925,0.400000000000001);
#5741=CIRCLE('',#9927,0.0999999999999994);
#5742=CIRCLE('',#9928,0.0999999999999994);
#5743=CIRCLE('',#9931,0.6);
#5744=CIRCLE('',#9932,0.6);
#5745=CIRCLE('',#9939,0.100000000000001);
#5746=CIRCLE('',#9940,0.4);
#5747=CIRCLE('',#9941,0.35);
#5748=CIRCLE('',#9942,0.600000000000001);
#5749=CIRCLE('',#9944,0.100000000000001);
#5750=CIRCLE('',#9945,0.600000000000001);
#5751=CIRCLE('',#9946,0.35);
#5752=CIRCLE('',#9947,0.4);
#5753=CIRCLE('',#9959,0.7);
#5754=CIRCLE('',#9977,0.7);
#5755=EDGE_LOOP('',(#1725,#1726,#1727,#1728));
#5756=EDGE_LOOP('',(#1729,#1730,#1731,#1732));
#5757=EDGE_LOOP('',(#1733,#1734,#1735,#1736));
#5758=EDGE_LOOP('',(#1737,#1738,#1739,#1740));
#5759=EDGE_LOOP('',(#1741,#1742,#1743,#1744));
#5760=EDGE_LOOP('',(#1745,#1746,#1747,#1748));
#5761=EDGE_LOOP('',(#1749,#1750,#1751,#1752));
#5762=EDGE_LOOP('',(#1753,#1754,#1755,#1756));
#5763=EDGE_LOOP('',(#1757,#1758,#1759,#1760));
#5764=EDGE_LOOP('',(#1761,#1762,#1763,#1764));
#5765=EDGE_LOOP('',(#1765,#1766,#1767,#1768));
#5766=EDGE_LOOP('',(#1769,#1770,#1771,#1772));
#5767=EDGE_LOOP('',(#1773,#1774,#1775,#1776,#1777,#1778,#1779));
#5768=EDGE_LOOP('',(#1780,#1781,#1782,#1783,#1784,#1785,#1786,#1787));
#5769=EDGE_LOOP('',(#1788,#1789,#1790,#1791,#1792));
#5770=EDGE_LOOP('',(#1793,#1794,#1795,#1796,#1797));
#5771=EDGE_LOOP('',(#1798,#1799,#1800,#1801,#1802,#1803,#1804,#1805));
#5772=EDGE_LOOP('',(#1806,#1807,#1808,#1809,#1810,#1811,#1812));
#5773=EDGE_LOOP('',(#1813,#1814,#1815,#1816,#1817,#1818,#1819,#1820));
#5774=EDGE_LOOP('',(#1821,#1822,#1823,#1824,#1825,#1826,#1827,#1828,#1829,
#1830,#1831,#1832,#1833,#1834,#1835,#1836,#1837,#1838,#1839,#1840,#1841,
#1842,#1843,#1844,#1845,#1846,#1847,#1848,#1849,#1850));
#5775=EDGE_LOOP('',(#1851,#1852,#1853,#1854,#1855,#1856,#1857,#1858,#1859,
#1860,#1861,#1862,#1863,#1864,#1865,#1866,#1867,#1868,#1869,#1870,#1871,
#1872,#1873,#1874,#1875,#1876,#1877,#1878,#1879,#1880));
#5776=EDGE_LOOP('',(#1881,#1882,#1883,#1884,#1885,#1886,#1887,#1888));
#5777=EDGE_LOOP('',(#1889,#1890,#1891,#1892,#1893));
#5778=EDGE_LOOP('',(#1894,#1895,#1896,#1897,#1898));
#5779=EDGE_LOOP('',(#1899,#1900,#1901,#1902,#1903,#1904,#1905,#1906,#1907,
#1908,#1909,#1910,#1911,#1912));
#5780=EDGE_LOOP('',(#1913,#1914,#1915,#1916));
#5781=EDGE_LOOP('',(#1917,#1918,#1919,#1920));
#5782=EDGE_LOOP('',(#1921,#1922,#1923));
#5783=EDGE_LOOP('',(#1924,#1925,#1926));
#5784=EDGE_LOOP('',(#1927,#1928,#1929,#1930,#1931,#1932,#1933,#1934,#1935,
#1936,#1937,#1938));
#5785=EDGE_LOOP('',(#1939,#1940,#1941,#1942,#1943,#1944));
#5786=EDGE_LOOP('',(#1945,#1946,#1947,#1948));
#5787=EDGE_LOOP('',(#1949,#1950,#1951,#1952));
#5788=EDGE_LOOP('',(#1953,#1954,#1955,#1956));
#5789=EDGE_LOOP('',(#1957,#1958,#1959,#1960));
#5790=EDGE_LOOP('',(#1961,#1962,#1963,#1964,#1965,#1966,#1967,#1968,#1969,
#1970));
#5791=EDGE_LOOP('',(#1971,#1972,#1973,#1974,#1975,#1976,#1977,#1978,#1979,
#1980));
#5792=EDGE_LOOP('',(#1981,#1982,#1983,#1984,#1985,#1986,#1987,#1988,#1989,
#1990,#1991,#1992));
#5793=EDGE_LOOP('',(#1993,#1994,#1995,#1996,#1997,#1998));
#5794=EDGE_LOOP('',(#1999,#2000,#2001));
#5795=EDGE_LOOP('',(#2002,#2003,#2004,#2005));
#5796=EDGE_LOOP('',(#2006,#2007,#2008,#2009));
#5797=EDGE_LOOP('',(#2010,#2011,#2012,#2013,#2014,#2015,#2016,#2017,#2018,
#2019,#2020,#2021,#2022,#2023,#2024,#2025,#2026,#2027,#2028,#2029,#2030,
#2031,#2032,#2033));
#5798=EDGE_LOOP('',(#2034,#2035,#2036,#2037));
#5799=EDGE_LOOP('',(#2038,#2039,#2040,#2041));
#5800=EDGE_LOOP('',(#2042,#2043,#2044,#2045,#2046,#2047));
#5801=EDGE_LOOP('',(#2048,#2049,#2050,#2051,#2052,#2053,#2054,#2055,#2056,
#2057));
#5802=EDGE_LOOP('',(#2058,#2059,#2060,#2061,#2062,#2063,#2064,#2065,#2066,
#2067));
#5803=EDGE_LOOP('',(#2068,#2069,#2070,#2071,#2072,#2073));
#5804=EDGE_LOOP('',(#2074,#2075,#2076,#2077,#2078,#2079,#2080,#2081,#2082,
#2083,#2084,#2085,#2086,#2087,#2088,#2089,#2090,#2091,#2092,#2093,#2094,
#2095,#2096,#2097,#2098,#2099,#2100,#2101,#2102,#2103,#2104,#2105,#2106,
#2107,#2108,#2109,#2110,#2111,#2112,#2113,#2114,#2115,#2116,#2117,#2118,
#2119,#2120,#2121));
#5805=EDGE_LOOP('',(#2122,#2123,#2124,#2125,#2126,#2127));
#5806=EDGE_LOOP('',(#2128,#2129,#2130,#2131,#2132));
#5807=EDGE_LOOP('',(#2133,#2134,#2135,#2136,#2137,#2138));
#5808=EDGE_LOOP('',(#2139,#2140,#2141,#2142,#2143));
#5809=EDGE_LOOP('',(#2144,#2145,#2146,#2147,#2148,#2149,#2150,#2151,#2152,
#2153,#2154,#2155,#2156,#2157,#2158,#2159,#2160,#2161,#2162,#2163,#2164,
#2165,#2166,#2167,#2168,#2169,#2170,#2171,#2172,#2173,#2174,#2175,#2176,
#2177,#2178,#2179,#2180,#2181,#2182,#2183,#2184,#2185));
#5810=EDGE_LOOP('',(#2186,#2187,#2188,#2189,#2190,#2191));
#5811=EDGE_LOOP('',(#2192,#2193,#2194,#2195,#2196,#2197));
#5812=EDGE_LOOP('',(#2198,#2199,#2200,#2201,#2202,#2203));
#5813=EDGE_LOOP('',(#2204,#2205,#2206,#2207,#2208,#2209));
#5814=EDGE_LOOP('',(#2210,#2211,#2212,#2213,#2214));
#5815=EDGE_LOOP('',(#2215,#2216,#2217,#2218,#2219));
#5816=EDGE_LOOP('',(#2220,#2221,#2222,#2223,#2224,#2225));
#5817=EDGE_LOOP('',(#2226,#2227,#2228,#2229,#2230,#2231,#2232,#2233,#2234,
#2235));
#5818=EDGE_LOOP('',(#2236,#2237,#2238,#2239,#2240,#2241,#2242,#2243,#2244,
#2245));
#5819=EDGE_LOOP('',(#2246,#2247,#2248,#2249,#2250,#2251));
#5820=EDGE_LOOP('',(#2252,#2253,#2254,#2255));
#5821=EDGE_LOOP('',(#2256,#2257,#2258,#2259));
#5822=EDGE_LOOP('',(#2260,#2261,#2262,#2263));
#5823=EDGE_LOOP('',(#2264,#2265,#2266,#2267));
#5824=EDGE_LOOP('',(#2268,#2269,#2270,#2271));
#5825=EDGE_LOOP('',(#2272,#2273,#2274,#2275));
#5826=EDGE_LOOP('',(#2276,#2277,#2278,#2279,#2280,#2281,#2282,#2283,#2284,
#2285,#2286,#2287));
#5827=EDGE_LOOP('',(#2288,#2289,#2290,#2291));
#5828=EDGE_LOOP('',(#2292));
#5829=EDGE_LOOP('',(#2293));
#5830=EDGE_LOOP('',(#2294,#2295,#2296,#2297,#2298,#2299,#2300,#2301));
#5831=EDGE_LOOP('',(#2302,#2303,#2304,#2305,#2306,#2307,#2308,#2309));
#5832=EDGE_LOOP('',(#2310,#2311,#2312,#2313,#2314,#2315,#2316,#2317));
#5833=EDGE_LOOP('',(#2318,#2319,#2320,#2321,#2322,#2323,#2324,#2325));
#5834=EDGE_LOOP('',(#2326,#2327,#2328,#2329));
#5835=EDGE_LOOP('',(#2330,#2331,#2332,#2333));
#5836=EDGE_LOOP('',(#2334,#2335,#2336,#2337,#2338,#2339,#2340,#2341,#2342,
#2343,#2344,#2345));
#5837=EDGE_LOOP('',(#2346,#2347,#2348,#2349));
#5838=EDGE_LOOP('',(#2350,#2351,#2352,#2353));
#5839=EDGE_LOOP('',(#2354,#2355,#2356,#2357,#2358,#2359,#2360,#2361));
#5840=EDGE_LOOP('',(#2362,#2363,#2364,#2365,#2366,#2367,#2368,#2369));
#5841=EDGE_LOOP('',(#2370,#2371,#2372,#2373,#2374,#2375,#2376,#2377,#2378,
#2379,#2380,#2381,#2382));
#5842=EDGE_LOOP('',(#2383,#2384,#2385,#2386,#2387,#2388,#2389,#2390,#2391,
#2392,#2393,#2394,#2395));
#5843=EDGE_LOOP('',(#2396,#2397,#2398,#2399));
#5844=EDGE_LOOP('',(#2400,#2401,#2402,#2403));
#5845=EDGE_LOOP('',(#2404,#2405,#2406,#2407,#2408,#2409,#2410,#2411));
#5846=EDGE_LOOP('',(#2412,#2413,#2414,#2415,#2416,#2417,#2418,#2419));
#5847=EDGE_LOOP('',(#2420,#2421,#2422,#2423,#2424,#2425));
#5848=EDGE_LOOP('',(#2426,#2427,#2428,#2429,#2430,#2431));
#5849=EDGE_LOOP('',(#2432,#2433,#2434,#2435,#2436,#2437,#2438,#2439));
#5850=EDGE_LOOP('',(#2440,#2441,#2442,#2443,#2444,#2445,#2446,#2447));
#5851=EDGE_LOOP('',(#2448,#2449,#2450,#2451));
#5852=EDGE_LOOP('',(#2452,#2453,#2454,#2455));
#5853=EDGE_LOOP('',(#2456,#2457,#2458,#2459));
#5854=EDGE_LOOP('',(#2460,#2461,#2462,#2463));
#5855=EDGE_LOOP('',(#2464,#2465,#2466,#2467));
#5856=EDGE_LOOP('',(#2468,#2469,#2470,#2471));
#5857=EDGE_LOOP('',(#2472,#2473,#2474,#2475));
#5858=EDGE_LOOP('',(#2476,#2477,#2478,#2479));
#5859=EDGE_LOOP('',(#2480,#2481,#2482,#2483,#2484));
#5860=EDGE_LOOP('',(#2485,#2486,#2487,#2488,#2489));
#5861=EDGE_LOOP('',(#2490,#2491,#2492,#2493,#2494));
#5862=EDGE_LOOP('',(#2495,#2496,#2497,#2498,#2499));
#5863=EDGE_LOOP('',(#2500,#2501,#2502,#2503));
#5864=EDGE_LOOP('',(#2504,#2505,#2506,#2507));
#5865=EDGE_LOOP('',(#2508,#2509,#2510,#2511));
#5866=EDGE_LOOP('',(#2512,#2513,#2514,#2515));
#5867=EDGE_LOOP('',(#2516,#2517,#2518,#2519));
#5868=EDGE_LOOP('',(#2520,#2521,#2522,#2523));
#5869=EDGE_LOOP('',(#2524,#2525,#2526,#2527));
#5870=EDGE_LOOP('',(#2528,#2529,#2530,#2531));
#5871=EDGE_LOOP('',(#2532,#2533,#2534,#2535));
#5872=EDGE_LOOP('',(#2536,#2537,#2538,#2539));
#5873=EDGE_LOOP('',(#2540,#2541,#2542,#2543));
#5874=EDGE_LOOP('',(#2544,#2545,#2546,#2547));
#5875=EDGE_LOOP('',(#2548,#2549,#2550,#2551));
#5876=EDGE_LOOP('',(#2552,#2553,#2554,#2555));
#5877=EDGE_LOOP('',(#2556,#2557,#2558,#2559));
#5878=EDGE_LOOP('',(#2560,#2561,#2562,#2563));
#5879=EDGE_LOOP('',(#2564,#2565,#2566,#2567));
#5880=EDGE_LOOP('',(#2568,#2569,#2570,#2571));
#5881=EDGE_LOOP('',(#2572,#2573,#2574,#2575));
#5882=EDGE_LOOP('',(#2576,#2577,#2578,#2579));
#5883=EDGE_LOOP('',(#2580,#2581,#2582,#2583));
#5884=EDGE_LOOP('',(#2584,#2585,#2586,#2587));
#5885=EDGE_LOOP('',(#2588,#2589,#2590,#2591,#2592,#2593,#2594,#2595));
#5886=EDGE_LOOP('',(#2596,#2597,#2598,#2599));
#5887=EDGE_LOOP('',(#2600,#2601,#2602,#2603));
#5888=EDGE_LOOP('',(#2604,#2605,#2606,#2607));
#5889=EDGE_LOOP('',(#2608,#2609,#2610,#2611));
#5890=EDGE_LOOP('',(#2612,#2613,#2614,#2615));
#5891=EDGE_LOOP('',(#2616,#2617,#2618,#2619));
#5892=EDGE_LOOP('',(#2620,#2621,#2622,#2623));
#5893=EDGE_LOOP('',(#2624,#2625,#2626,#2627));
#5894=EDGE_LOOP('',(#2628,#2629,#2630,#2631,#2632,#2633,#2634,#2635));
#5895=EDGE_LOOP('',(#2636,#2637,#2638,#2639));
#5896=EDGE_LOOP('',(#2640,#2641,#2642,#2643));
#5897=EDGE_LOOP('',(#2644,#2645,#2646,#2647));
#5898=EDGE_LOOP('',(#2648,#2649,#2650,#2651));
#5899=EDGE_LOOP('',(#2652,#2653,#2654,#2655));
#5900=EDGE_LOOP('',(#2656,#2657,#2658,#2659));
#5901=EDGE_LOOP('',(#2660,#2661,#2662,#2663));
#5902=EDGE_LOOP('',(#2664,#2665,#2666,#2667));
#5903=EDGE_LOOP('',(#2668,#2669,#2670,#2671,#2672,#2673,#2674,#2675));
#5904=EDGE_LOOP('',(#2676,#2677,#2678,#2679));
#5905=EDGE_LOOP('',(#2680,#2681,#2682,#2683));
#5906=EDGE_LOOP('',(#2684,#2685,#2686,#2687));
#5907=EDGE_LOOP('',(#2688,#2689,#2690,#2691));
#5908=EDGE_LOOP('',(#2692,#2693,#2694,#2695));
#5909=EDGE_LOOP('',(#2696,#2697,#2698,#2699));
#5910=EDGE_LOOP('',(#2700,#2701,#2702,#2703));
#5911=EDGE_LOOP('',(#2704,#2705,#2706,#2707));
#5912=EDGE_LOOP('',(#2708,#2709,#2710,#2711,#2712,#2713,#2714,#2715));
#5913=EDGE_LOOP('',(#2716));
#5914=EDGE_LOOP('',(#2717));
#5915=EDGE_LOOP('',(#2718));
#5916=EDGE_LOOP('',(#2719));
#5917=EDGE_LOOP('',(#2720));
#5918=EDGE_LOOP('',(#2721));
#5919=EDGE_LOOP('',(#2722,#2723,#2724));
#5920=EDGE_LOOP('',(#2725,#2726,#2727,#2728));
#5921=EDGE_LOOP('',(#2729,#2730,#2731,#2732));
#5922=EDGE_LOOP('',(#2733,#2734,#2735,#2736));
#5923=EDGE_LOOP('',(#2737,#2738,#2739,#2740));
#5924=EDGE_LOOP('',(#2741,#2742,#2743,#2744));
#5925=EDGE_LOOP('',(#2745,#2746,#2747,#2748));
#5926=EDGE_LOOP('',(#2749,#2750,#2751,#2752));
#5927=EDGE_LOOP('',(#2753,#2754,#2755,#2756));
#5928=EDGE_LOOP('',(#2757,#2758,#2759,#2760,#2761));
#5929=EDGE_LOOP('',(#2762,#2763,#2764,#2765,#2766));
#5930=EDGE_LOOP('',(#2767,#2768,#2769,#2770));
#5931=EDGE_LOOP('',(#2771,#2772,#2773,#2774));
#5932=EDGE_LOOP('',(#2775,#2776,#2777,#2778));
#5933=EDGE_LOOP('',(#2779,#2780,#2781,#2782));
#5934=EDGE_LOOP('',(#2783,#2784,#2785,#2786));
#5935=EDGE_LOOP('',(#2787,#2788,#2789,#2790,#2791));
#5936=EDGE_LOOP('',(#2792,#2793,#2794,#2795,#2796));
#5937=EDGE_LOOP('',(#2797,#2798,#2799,#2800));
#5938=EDGE_LOOP('',(#2801,#2802,#2803,#2804));
#5939=EDGE_LOOP('',(#2805,#2806,#2807,#2808,#2809));
#5940=EDGE_LOOP('',(#2810,#2811,#2812,#2813,#2814));
#5941=EDGE_LOOP('',(#2815,#2816,#2817,#2818,#2819));
#5942=EDGE_LOOP('',(#2820,#2821,#2822,#2823));
#5943=EDGE_LOOP('',(#2824,#2825,#2826,#2827));
#5944=EDGE_LOOP('',(#2828,#2829,#2830,#2831));
#5945=EDGE_LOOP('',(#2832,#2833,#2834,#2835,#2836,#2837));
#5946=EDGE_LOOP('',(#2838,#2839,#2840,#2841,#2842,#2843));
#5947=EDGE_LOOP('',(#2844,#2845,#2846,#2847));
#5948=EDGE_LOOP('',(#2848,#2849,#2850,#2851));
#5949=EDGE_LOOP('',(#2852,#2853,#2854,#2855));
#5950=EDGE_LOOP('',(#2856,#2857,#2858,#2859,#2860));
#5951=EDGE_LOOP('',(#2861,#2862,#2863,#2864,#2865));
#5952=EDGE_LOOP('',(#2866,#2867,#2868,#2869,#2870));
#5953=EDGE_LOOP('',(#2871,#2872,#2873,#2874));
#5954=EDGE_LOOP('',(#2875,#2876,#2877,#2878,#2879,#2880,#2881,#2882,#2883,
#2884,#2885,#2886,#2887,#2888));
#5955=EDGE_LOOP('',(#2889,#2890,#2891,#2892));
#5956=EDGE_LOOP('',(#2893,#2894,#2895,#2896));
#5957=EDGE_LOOP('',(#2897,#2898,#2899,#2900));
#5958=EDGE_LOOP('',(#2901,#2902,#2903,#2904,#2905,#2906));
#5959=EDGE_LOOP('',(#2907,#2908,#2909,#2910));
#5960=EDGE_LOOP('',(#2911,#2912,#2913,#2914));
#5961=EDGE_LOOP('',(#2915,#2916,#2917,#2918));
#5962=EDGE_LOOP('',(#2919,#2920,#2921,#2922));
#5963=EDGE_LOOP('',(#2923,#2924,#2925,#2926,#2927));
#5964=EDGE_LOOP('',(#2928,#2929,#2930,#2931,#2932));
#5965=EDGE_LOOP('',(#2933,#2934,#2935,#2936));
#5966=EDGE_LOOP('',(#2937,#2938,#2939,#2940,#2941,#2942));
#5967=EDGE_LOOP('',(#2943,#2944,#2945,#2946));
#5968=EDGE_LOOP('',(#2947,#2948,#2949,#2950));
#5969=EDGE_LOOP('',(#2951,#2952,#2953,#2954));
#5970=EDGE_LOOP('',(#2955,#2956,#2957,#2958));
#5971=EDGE_LOOP('',(#2959,#2960,#2961,#2962,#2963));
#5972=EDGE_LOOP('',(#2964,#2965,#2966,#2967,#2968));
#5973=EDGE_LOOP('',(#2969,#2970,#2971,#2972));
#5974=EDGE_LOOP('',(#2973,#2974,#2975,#2976,#2977,#2978,#2979,#2980));
#5975=EDGE_LOOP('',(#2981,#2982,#2983,#2984,#2985,#2986,#2987,#2988));
#5976=EDGE_LOOP('',(#2989,#2990,#2991,#2992,#2993,#2994));
#5977=EDGE_LOOP('',(#2995,#2996,#2997,#2998));
#5978=EDGE_LOOP('',(#2999,#3000,#3001,#3002));
#5979=EDGE_LOOP('',(#3003,#3004,#3005,#3006));
#5980=EDGE_LOOP('',(#3007,#3008,#3009,#3010,#3011,#3012));
#5981=EDGE_LOOP('',(#3013,#3014,#3015,#3016,#3017,#3018));
#5982=EDGE_LOOP('',(#3019,#3020,#3021,#3022,#3023,#3024,#3025,#3026));
#5983=EDGE_LOOP('',(#3027,#3028,#3029,#3030));
#5984=EDGE_LOOP('',(#3031,#3032,#3033,#3034,#3035,#3036,#3037,#3038,#3039,
#3040,#3041,#3042));
#5985=EDGE_LOOP('',(#3043,#3044,#3045,#3046,#3047,#3048,#3049,#3050,#3051,
#3052,#3053,#3054));
#5986=EDGE_LOOP('',(#3055,#3056,#3057,#3058));
#5987=EDGE_LOOP('',(#3059,#3060,#3061,#3062,#3063,#3064,#3065,#3066));
#5988=EDGE_LOOP('',(#3067,#3068,#3069,#3070));
#5989=EDGE_LOOP('',(#3071,#3072,#3073,#3074));
#5990=EDGE_LOOP('',(#3075,#3076,#3077,#3078));
#5991=EDGE_LOOP('',(#3079,#3080,#3081,#3082));
#5992=EDGE_LOOP('',(#3083,#3084,#3085,#3086));
#5993=EDGE_LOOP('',(#3087,#3088,#3089,#3090));
#5994=EDGE_LOOP('',(#3091,#3092,#3093,#3094));
#5995=EDGE_LOOP('',(#3095,#3096,#3097,#3098));
#5996=EDGE_LOOP('',(#3099,#3100,#3101,#3102));
#5997=EDGE_LOOP('',(#3103,#3104,#3105,#3106));
#5998=EDGE_LOOP('',(#3107,#3108,#3109,#3110));
#5999=EDGE_LOOP('',(#3111,#3112,#3113,#3114));
#6000=EDGE_LOOP('',(#3115,#3116,#3117,#3118));
#6001=EDGE_LOOP('',(#3119,#3120,#3121,#3122));
#6002=EDGE_LOOP('',(#3123,#3124,#3125,#3126));
#6003=EDGE_LOOP('',(#3127,#3128,#3129,#3130));
#6004=EDGE_LOOP('',(#3131,#3132,#3133,#3134));
#6005=EDGE_LOOP('',(#3135,#3136,#3137,#3138,#3139,#3140));
#6006=EDGE_LOOP('',(#3141,#3142,#3143,#3144));
#6007=EDGE_LOOP('',(#3145,#3146,#3147,#3148,#3149,#3150,#3151,#3152,#3153,
#3154));
#6008=EDGE_LOOP('',(#3155,#3156,#3157,#3158,#3159,#3160,#3161,#3162,#3163,
#3164));
#6009=EDGE_LOOP('',(#3165,#3166,#3167,#3168,#3169,#3170,#3171,#3172,#3173,
#3174));
#6010=EDGE_LOOP('',(#3175,#3176,#3177,#3178,#3179,#3180,#3181,#3182,#3183,
#3184));
#6011=EDGE_LOOP('',(#3185,#3186,#3187,#3188));
#6012=EDGE_LOOP('',(#3189,#3190,#3191,#3192));
#6013=EDGE_LOOP('',(#3193,#3194,#3195,#3196));
#6014=EDGE_LOOP('',(#3197,#3198,#3199,#3200));
#6015=EDGE_LOOP('',(#3201,#3202,#3203,#3204));
#6016=EDGE_LOOP('',(#3205,#3206,#3207,#3208));
#6017=EDGE_LOOP('',(#3209,#3210,#3211,#3212,#3213,#3214));
#6018=EDGE_LOOP('',(#3215,#3216,#3217,#3218));
#6019=EDGE_LOOP('',(#3219,#3220,#3221,#3222));
#6020=EDGE_LOOP('',(#3223,#3224,#3225,#3226));
#6021=EDGE_LOOP('',(#3227,#3228,#3229,#3230));
#6022=EDGE_LOOP('',(#3231,#3232,#3233,#3234));
#6023=EDGE_LOOP('',(#3235,#3236,#3237,#3238));
#6024=EDGE_LOOP('',(#3239,#3240,#3241,#3242));
#6025=EDGE_LOOP('',(#3243,#3244,#3245,#3246));
#6026=EDGE_LOOP('',(#3247,#3248,#3249,#3250));
#6027=EDGE_LOOP('',(#3251,#3252,#3253,#3254,#3255,#3256));
#6028=EDGE_LOOP('',(#3257,#3258,#3259,#3260));
#6029=EDGE_LOOP('',(#3261,#3262,#3263,#3264,#3265,#3266,#3267,#3268,#3269,
#3270));
#6030=EDGE_LOOP('',(#3271,#3272,#3273,#3274,#3275,#3276,#3277,#3278,#3279,
#3280));
#6031=EDGE_LOOP('',(#3281,#3282,#3283,#3284,#3285,#3286,#3287,#3288,#3289,
#3290));
#6032=EDGE_LOOP('',(#3291,#3292,#3293,#3294,#3295,#3296,#3297,#3298,#3299,
#3300));
#6033=EDGE_LOOP('',(#3301,#3302,#3303,#3304));
#6034=EDGE_LOOP('',(#3305,#3306,#3307,#3308));
#6035=EDGE_LOOP('',(#3309,#3310,#3311,#3312));
#6036=EDGE_LOOP('',(#3313,#3314,#3315,#3316));
#6037=EDGE_LOOP('',(#3317,#3318,#3319,#3320));
#6038=EDGE_LOOP('',(#3321,#3322,#3323,#3324));
#6039=EDGE_LOOP('',(#3325,#3326,#3327,#3328,#3329,#3330));
#6040=EDGE_LOOP('',(#3331,#3332,#3333,#3334));
#6041=EDGE_LOOP('',(#3335,#3336,#3337,#3338));
#6042=EDGE_LOOP('',(#3339,#3340,#3341,#3342));
#6043=EDGE_LOOP('',(#3343,#3344,#3345,#3346));
#6044=EDGE_LOOP('',(#3347,#3348,#3349,#3350));
#6045=EDGE_LOOP('',(#3351,#3352,#3353,#3354));
#6046=EDGE_LOOP('',(#3355,#3356,#3357,#3358));
#6047=EDGE_LOOP('',(#3359,#3360,#3361,#3362));
#6048=EDGE_LOOP('',(#3363,#3364,#3365,#3366));
#6049=EDGE_LOOP('',(#3367,#3368,#3369,#3370,#3371,#3372));
#6050=EDGE_LOOP('',(#3373,#3374,#3375,#3376));
#6051=EDGE_LOOP('',(#3377,#3378,#3379,#3380,#3381,#3382,#3383,#3384,#3385,
#3386));
#6052=EDGE_LOOP('',(#3387,#3388,#3389,#3390,#3391,#3392,#3393,#3394,#3395,
#3396));
#6053=EDGE_LOOP('',(#3397,#3398,#3399,#3400,#3401,#3402,#3403,#3404,#3405,
#3406));
#6054=EDGE_LOOP('',(#3407,#3408,#3409,#3410,#3411,#3412,#3413,#3414,#3415,
#3416));
#6055=EDGE_LOOP('',(#3417,#3418,#3419,#3420));
#6056=EDGE_LOOP('',(#3421,#3422,#3423,#3424));
#6057=EDGE_LOOP('',(#3425,#3426,#3427,#3428));
#6058=EDGE_LOOP('',(#3429,#3430,#3431,#3432));
#6059=EDGE_LOOP('',(#3433,#3434,#3435,#3436));
#6060=EDGE_LOOP('',(#3437,#3438,#3439,#3440));
#6061=EDGE_LOOP('',(#3441,#3442,#3443,#3444,#3445,#3446));
#6062=EDGE_LOOP('',(#3447,#3448,#3449,#3450));
#6063=EDGE_LOOP('',(#3451,#3452,#3453,#3454));
#6064=EDGE_LOOP('',(#3455,#3456,#3457,#3458));
#6065=EDGE_LOOP('',(#3459,#3460,#3461,#3462));
#6066=EDGE_LOOP('',(#3463,#3464,#3465,#3466,#3467,#3468));
#6067=EDGE_LOOP('',(#3469,#3470,#3471,#3472));
#6068=EDGE_LOOP('',(#3473,#3474,#3475,#3476));
#6069=EDGE_LOOP('',(#3477,#3478,#3479,#3480));
#6070=EDGE_LOOP('',(#3481,#3482,#3483,#3484));
#6071=EDGE_LOOP('',(#3485,#3486,#3487,#3488));
#6072=EDGE_LOOP('',(#3489,#3490,#3491,#3492));
#6073=EDGE_LOOP('',(#3493,#3494,#3495,#3496,#3497,#3498,#3499,#3500,#3501,
#3502));
#6074=EDGE_LOOP('',(#3503,#3504,#3505,#3506,#3507,#3508,#3509,#3510,#3511,
#3512));
#6075=EDGE_LOOP('',(#3513,#3514,#3515,#3516,#3517,#3518,#3519,#3520,#3521,
#3522));
#6076=EDGE_LOOP('',(#3523,#3524,#3525,#3526,#3527,#3528,#3529,#3530,#3531,
#3532));
#6077=EDGE_LOOP('',(#3533,#3534,#3535,#3536));
#6078=EDGE_LOOP('',(#3537,#3538,#3539,#3540));
#6079=EDGE_LOOP('',(#3541,#3542,#3543,#3544));
#6080=EDGE_LOOP('',(#3545,#3546,#3547,#3548));
#6081=EDGE_LOOP('',(#3549,#3550,#3551,#3552));
#6082=EDGE_LOOP('',(#3553,#3554,#3555,#3556));
#6083=EDGE_LOOP('',(#3557,#3558,#3559,#3560));
#6084=EDGE_LOOP('',(#3561,#3562,#3563,#3564));
#6085=EDGE_LOOP('',(#3565,#3566,#3567,#3568,#3569,#3570));
#6086=EDGE_LOOP('',(#3571,#3572,#3573,#3574));
#6087=EDGE_LOOP('',(#3575,#3576,#3577,#3578));
#6088=EDGE_LOOP('',(#3579,#3580,#3581,#3582,#3583,#3584,#3585,#3586,#3587,
#3588,#3589,#3590,#3591,#3592,#3593,#3594,#3595,#3596,#3597,#3598,#3599,
#3600));
#6089=EDGE_LOOP('',(#3601,#3602,#3603,#3604));
#6090=EDGE_LOOP('',(#3605,#3606,#3607,#3608));
#6091=EDGE_LOOP('',(#3609,#3610,#3611,#3612));
#6092=EDGE_LOOP('',(#3613,#3614,#3615,#3616));
#6093=EDGE_LOOP('',(#3617,#3618,#3619,#3620,#3621));
#6094=EDGE_LOOP('',(#3622,#3623,#3624,#3625));
#6095=EDGE_LOOP('',(#3626,#3627,#3628,#3629,#3630));
#6096=EDGE_LOOP('',(#3631,#3632,#3633,#3634));
#6097=EDGE_LOOP('',(#3635,#3636,#3637,#3638));
#6098=EDGE_LOOP('',(#3639,#3640,#3641,#3642));
#6099=EDGE_LOOP('',(#3643,#3644,#3645,#3646,#3647));
#6100=EDGE_LOOP('',(#3648,#3649,#3650,#3651));
#6101=EDGE_LOOP('',(#3652,#3653,#3654,#3655,#3656));
#6102=EDGE_LOOP('',(#3657,#3658,#3659,#3660));
#6103=EDGE_LOOP('',(#3661,#3662,#3663,#3664,#3665));
#6104=EDGE_LOOP('',(#3666,#3667,#3668,#3669));
#6105=EDGE_LOOP('',(#3670,#3671,#3672,#3673,#3674,#3675));
#6106=EDGE_LOOP('',(#3676,#3677,#3678,#3679));
#6107=EDGE_LOOP('',(#3680,#3681,#3682,#3683,#3684));
#6108=EDGE_LOOP('',(#3685,#3686,#3687,#3688));
#6109=EDGE_LOOP('',(#3689,#3690,#3691,#3692,#3693));
#6110=EDGE_LOOP('',(#3694,#3695,#3696,#3697));
#6111=EDGE_LOOP('',(#3698,#3699,#3700,#3701,#3702));
#6112=EDGE_LOOP('',(#3703,#3704,#3705,#3706,#3707,#3708,#3709,#3710,#3711,
#3712,#3713,#3714,#3715,#3716,#3717,#3718,#3719,#3720,#3721,#3722,#3723,
#3724));
#6113=EDGE_LOOP('',(#3725,#3726,#3727,#3728));
#6114=EDGE_LOOP('',(#3729,#3730,#3731,#3732));
#6115=EDGE_LOOP('',(#3733,#3734,#3735,#3736));
#6116=EDGE_LOOP('',(#3737,#3738,#3739,#3740));
#6117=EDGE_LOOP('',(#3741,#3742,#3743,#3744));
#6118=EDGE_LOOP('',(#3745,#3746,#3747,#3748));
#6119=EDGE_LOOP('',(#3749,#3750,#3751,#3752));
#6120=EDGE_LOOP('',(#3753,#3754,#3755,#3756));
#6121=EDGE_LOOP('',(#3757,#3758,#3759,#3760));
#6122=EDGE_LOOP('',(#3761,#3762,#3763,#3764));
#6123=EDGE_LOOP('',(#3765,#3766,#3767,#3768));
#6124=EDGE_LOOP('',(#3769,#3770,#3771,#3772));
#6125=EDGE_LOOP('',(#3773,#3774,#3775,#3776));
#6126=EDGE_LOOP('',(#3777,#3778,#3779,#3780));
#6127=EDGE_LOOP('',(#3781,#3782,#3783,#3784));
#6128=EDGE_LOOP('',(#3785,#3786,#3787,#3788));
#6129=EDGE_LOOP('',(#3789,#3790,#3791,#3792));
#6130=EDGE_LOOP('',(#3793,#3794,#3795,#3796));
#6131=EDGE_LOOP('',(#3797,#3798,#3799,#3800));
#6132=EDGE_LOOP('',(#3801,#3802,#3803,#3804));
#6133=FACE_BOUND('',#5755,.T.);
#6134=FACE_BOUND('',#5756,.T.);
#6135=FACE_BOUND('',#5757,.T.);
#6136=FACE_BOUND('',#5758,.T.);
#6137=FACE_BOUND('',#5759,.T.);
#6138=FACE_BOUND('',#5760,.T.);
#6139=FACE_BOUND('',#5761,.T.);
#6140=FACE_BOUND('',#5762,.T.);
#6141=FACE_BOUND('',#5763,.T.);
#6142=FACE_BOUND('',#5764,.T.);
#6143=FACE_BOUND('',#5765,.T.);
#6144=FACE_BOUND('',#5766,.T.);
#6145=FACE_BOUND('',#5767,.T.);
#6146=FACE_BOUND('',#5768,.T.);
#6147=FACE_BOUND('',#5769,.T.);
#6148=FACE_BOUND('',#5770,.T.);
#6149=FACE_BOUND('',#5771,.T.);
#6150=FACE_BOUND('',#5772,.T.);
#6151=FACE_BOUND('',#5773,.T.);
#6152=FACE_BOUND('',#5774,.T.);
#6153=FACE_BOUND('',#5775,.T.);
#6154=FACE_BOUND('',#5776,.T.);
#6155=FACE_BOUND('',#5777,.T.);
#6156=FACE_BOUND('',#5778,.T.);
#6157=FACE_BOUND('',#5779,.T.);
#6158=FACE_BOUND('',#5780,.T.);
#6159=FACE_BOUND('',#5781,.T.);
#6160=FACE_BOUND('',#5782,.T.);
#6161=FACE_BOUND('',#5783,.T.);
#6162=FACE_BOUND('',#5784,.T.);
#6163=FACE_BOUND('',#5785,.T.);
#6164=FACE_BOUND('',#5786,.T.);
#6165=FACE_BOUND('',#5787,.T.);
#6166=FACE_BOUND('',#5788,.T.);
#6167=FACE_BOUND('',#5789,.T.);
#6168=FACE_BOUND('',#5790,.T.);
#6169=FACE_BOUND('',#5791,.T.);
#6170=FACE_BOUND('',#5792,.T.);
#6171=FACE_BOUND('',#5793,.T.);
#6172=FACE_BOUND('',#5794,.T.);
#6173=FACE_BOUND('',#5795,.T.);
#6174=FACE_BOUND('',#5796,.T.);
#6175=FACE_BOUND('',#5797,.T.);
#6176=FACE_BOUND('',#5798,.T.);
#6177=FACE_BOUND('',#5799,.T.);
#6178=FACE_BOUND('',#5800,.T.);
#6179=FACE_BOUND('',#5801,.T.);
#6180=FACE_BOUND('',#5802,.T.);
#6181=FACE_BOUND('',#5803,.T.);
#6182=FACE_BOUND('',#5804,.T.);
#6183=FACE_BOUND('',#5805,.T.);
#6184=FACE_BOUND('',#5806,.T.);
#6185=FACE_BOUND('',#5807,.T.);
#6186=FACE_BOUND('',#5808,.T.);
#6187=FACE_BOUND('',#5809,.T.);
#6188=FACE_BOUND('',#5810,.T.);
#6189=FACE_BOUND('',#5811,.T.);
#6190=FACE_BOUND('',#5812,.T.);
#6191=FACE_BOUND('',#5813,.T.);
#6192=FACE_BOUND('',#5814,.T.);
#6193=FACE_BOUND('',#5815,.T.);
#6194=FACE_BOUND('',#5816,.T.);
#6195=FACE_BOUND('',#5817,.T.);
#6196=FACE_BOUND('',#5818,.T.);
#6197=FACE_BOUND('',#5819,.T.);
#6198=FACE_BOUND('',#5820,.T.);
#6199=FACE_BOUND('',#5821,.T.);
#6200=FACE_BOUND('',#5822,.T.);
#6201=FACE_BOUND('',#5823,.T.);
#6202=FACE_BOUND('',#5824,.T.);
#6203=FACE_BOUND('',#5825,.T.);
#6204=FACE_BOUND('',#5826,.T.);
#6205=FACE_BOUND('',#5827,.T.);
#6206=FACE_BOUND('',#5828,.T.);
#6207=FACE_BOUND('',#5829,.T.);
#6208=FACE_BOUND('',#5830,.T.);
#6209=FACE_BOUND('',#5831,.T.);
#6210=FACE_BOUND('',#5832,.T.);
#6211=FACE_BOUND('',#5833,.T.);
#6212=FACE_BOUND('',#5834,.T.);
#6213=FACE_BOUND('',#5835,.T.);
#6214=FACE_BOUND('',#5836,.T.);
#6215=FACE_BOUND('',#5837,.T.);
#6216=FACE_BOUND('',#5838,.T.);
#6217=FACE_BOUND('',#5839,.T.);
#6218=FACE_BOUND('',#5840,.T.);
#6219=FACE_BOUND('',#5841,.T.);
#6220=FACE_BOUND('',#5842,.T.);
#6221=FACE_BOUND('',#5843,.T.);
#6222=FACE_BOUND('',#5844,.T.);
#6223=FACE_BOUND('',#5845,.T.);
#6224=FACE_BOUND('',#5846,.T.);
#6225=FACE_BOUND('',#5847,.T.);
#6226=FACE_BOUND('',#5848,.T.);
#6227=FACE_BOUND('',#5849,.T.);
#6228=FACE_BOUND('',#5850,.T.);
#6229=FACE_BOUND('',#5851,.T.);
#6230=FACE_BOUND('',#5852,.T.);
#6231=FACE_BOUND('',#5853,.T.);
#6232=FACE_BOUND('',#5854,.T.);
#6233=FACE_BOUND('',#5855,.T.);
#6234=FACE_BOUND('',#5856,.T.);
#6235=FACE_BOUND('',#5857,.T.);
#6236=FACE_BOUND('',#5858,.T.);
#6237=FACE_BOUND('',#5859,.T.);
#6238=FACE_BOUND('',#5860,.T.);
#6239=FACE_BOUND('',#5861,.T.);
#6240=FACE_BOUND('',#5862,.T.);
#6241=FACE_BOUND('',#5863,.T.);
#6242=FACE_BOUND('',#5864,.T.);
#6243=FACE_BOUND('',#5865,.T.);
#6244=FACE_BOUND('',#5866,.T.);
#6245=FACE_BOUND('',#5867,.T.);
#6246=FACE_BOUND('',#5868,.T.);
#6247=FACE_BOUND('',#5869,.T.);
#6248=FACE_BOUND('',#5870,.T.);
#6249=FACE_BOUND('',#5871,.T.);
#6250=FACE_BOUND('',#5872,.T.);
#6251=FACE_BOUND('',#5873,.T.);
#6252=FACE_BOUND('',#5874,.T.);
#6253=FACE_BOUND('',#5875,.T.);
#6254=FACE_BOUND('',#5876,.T.);
#6255=FACE_BOUND('',#5877,.T.);
#6256=FACE_BOUND('',#5878,.T.);
#6257=FACE_BOUND('',#5879,.T.);
#6258=FACE_BOUND('',#5880,.T.);
#6259=FACE_BOUND('',#5881,.T.);
#6260=FACE_BOUND('',#5882,.T.);
#6261=FACE_BOUND('',#5883,.T.);
#6262=FACE_BOUND('',#5884,.T.);
#6263=FACE_BOUND('',#5885,.T.);
#6264=FACE_BOUND('',#5886,.T.);
#6265=FACE_BOUND('',#5887,.T.);
#6266=FACE_BOUND('',#5888,.T.);
#6267=FACE_BOUND('',#5889,.T.);
#6268=FACE_BOUND('',#5890,.T.);
#6269=FACE_BOUND('',#5891,.T.);
#6270=FACE_BOUND('',#5892,.T.);
#6271=FACE_BOUND('',#5893,.T.);
#6272=FACE_BOUND('',#5894,.T.);
#6273=FACE_BOUND('',#5895,.T.);
#6274=FACE_BOUND('',#5896,.T.);
#6275=FACE_BOUND('',#5897,.T.);
#6276=FACE_BOUND('',#5898,.T.);
#6277=FACE_BOUND('',#5899,.T.);
#6278=FACE_BOUND('',#5900,.T.);
#6279=FACE_BOUND('',#5901,.T.);
#6280=FACE_BOUND('',#5902,.T.);
#6281=FACE_BOUND('',#5903,.T.);
#6282=FACE_BOUND('',#5904,.T.);
#6283=FACE_BOUND('',#5905,.T.);
#6284=FACE_BOUND('',#5906,.T.);
#6285=FACE_BOUND('',#5907,.T.);
#6286=FACE_BOUND('',#5908,.T.);
#6287=FACE_BOUND('',#5909,.T.);
#6288=FACE_BOUND('',#5910,.T.);
#6289=FACE_BOUND('',#5911,.T.);
#6290=FACE_BOUND('',#5912,.T.);
#6291=FACE_BOUND('',#5913,.T.);
#6292=FACE_BOUND('',#5914,.T.);
#6293=FACE_BOUND('',#5915,.T.);
#6294=FACE_BOUND('',#5916,.T.);
#6295=FACE_BOUND('',#5917,.T.);
#6296=FACE_BOUND('',#5918,.T.);
#6297=FACE_BOUND('',#5919,.T.);
#6298=FACE_BOUND('',#5920,.T.);
#6299=FACE_BOUND('',#5921,.T.);
#6300=FACE_BOUND('',#5922,.T.);
#6301=FACE_BOUND('',#5923,.T.);
#6302=FACE_BOUND('',#5924,.T.);
#6303=FACE_BOUND('',#5925,.T.);
#6304=FACE_BOUND('',#5926,.T.);
#6305=FACE_BOUND('',#5927,.T.);
#6306=FACE_BOUND('',#5928,.T.);
#6307=FACE_BOUND('',#5929,.T.);
#6308=FACE_BOUND('',#5930,.T.);
#6309=FACE_BOUND('',#5931,.T.);
#6310=FACE_BOUND('',#5932,.T.);
#6311=FACE_BOUND('',#5933,.T.);
#6312=FACE_BOUND('',#5934,.T.);
#6313=FACE_BOUND('',#5935,.T.);
#6314=FACE_BOUND('',#5936,.T.);
#6315=FACE_BOUND('',#5937,.T.);
#6316=FACE_BOUND('',#5938,.T.);
#6317=FACE_BOUND('',#5939,.T.);
#6318=FACE_BOUND('',#5940,.T.);
#6319=FACE_BOUND('',#5941,.T.);
#6320=FACE_BOUND('',#5942,.T.);
#6321=FACE_BOUND('',#5943,.T.);
#6322=FACE_BOUND('',#5944,.T.);
#6323=FACE_BOUND('',#5945,.T.);
#6324=FACE_BOUND('',#5946,.T.);
#6325=FACE_BOUND('',#5947,.T.);
#6326=FACE_BOUND('',#5948,.T.);
#6327=FACE_BOUND('',#5949,.T.);
#6328=FACE_BOUND('',#5950,.T.);
#6329=FACE_BOUND('',#5951,.T.);
#6330=FACE_BOUND('',#5952,.T.);
#6331=FACE_BOUND('',#5953,.T.);
#6332=FACE_BOUND('',#5954,.T.);
#6333=FACE_BOUND('',#5955,.T.);
#6334=FACE_BOUND('',#5956,.T.);
#6335=FACE_BOUND('',#5957,.T.);
#6336=FACE_BOUND('',#5958,.T.);
#6337=FACE_BOUND('',#5959,.T.);
#6338=FACE_BOUND('',#5960,.T.);
#6339=FACE_BOUND('',#5961,.T.);
#6340=FACE_BOUND('',#5962,.T.);
#6341=FACE_BOUND('',#5963,.T.);
#6342=FACE_BOUND('',#5964,.T.);
#6343=FACE_BOUND('',#5965,.T.);
#6344=FACE_BOUND('',#5966,.T.);
#6345=FACE_BOUND('',#5967,.T.);
#6346=FACE_BOUND('',#5968,.T.);
#6347=FACE_BOUND('',#5969,.T.);
#6348=FACE_BOUND('',#5970,.T.);
#6349=FACE_BOUND('',#5971,.T.);
#6350=FACE_BOUND('',#5972,.T.);
#6351=FACE_BOUND('',#5973,.T.);
#6352=FACE_BOUND('',#5974,.T.);
#6353=FACE_BOUND('',#5975,.T.);
#6354=FACE_BOUND('',#5976,.T.);
#6355=FACE_BOUND('',#5977,.T.);
#6356=FACE_BOUND('',#5978,.T.);
#6357=FACE_BOUND('',#5979,.T.);
#6358=FACE_BOUND('',#5980,.T.);
#6359=FACE_BOUND('',#5981,.T.);
#6360=FACE_BOUND('',#5982,.T.);
#6361=FACE_BOUND('',#5983,.T.);
#6362=FACE_BOUND('',#5984,.T.);
#6363=FACE_BOUND('',#5985,.T.);
#6364=FACE_BOUND('',#5986,.T.);
#6365=FACE_BOUND('',#5987,.T.);
#6366=FACE_BOUND('',#5988,.T.);
#6367=FACE_BOUND('',#5989,.T.);
#6368=FACE_BOUND('',#5990,.T.);
#6369=FACE_BOUND('',#5991,.T.);
#6370=FACE_BOUND('',#5992,.T.);
#6371=FACE_BOUND('',#5993,.T.);
#6372=FACE_BOUND('',#5994,.T.);
#6373=FACE_BOUND('',#5995,.T.);
#6374=FACE_BOUND('',#5996,.T.);
#6375=FACE_BOUND('',#5997,.T.);
#6376=FACE_BOUND('',#5998,.T.);
#6377=FACE_BOUND('',#5999,.T.);
#6378=FACE_BOUND('',#6000,.T.);
#6379=FACE_BOUND('',#6001,.T.);
#6380=FACE_BOUND('',#6002,.T.);
#6381=FACE_BOUND('',#6003,.T.);
#6382=FACE_BOUND('',#6004,.T.);
#6383=FACE_BOUND('',#6005,.T.);
#6384=FACE_BOUND('',#6006,.T.);
#6385=FACE_BOUND('',#6007,.T.);
#6386=FACE_BOUND('',#6008,.T.);
#6387=FACE_BOUND('',#6009,.T.);
#6388=FACE_BOUND('',#6010,.T.);
#6389=FACE_BOUND('',#6011,.T.);
#6390=FACE_BOUND('',#6012,.T.);
#6391=FACE_BOUND('',#6013,.T.);
#6392=FACE_BOUND('',#6014,.T.);
#6393=FACE_BOUND('',#6015,.T.);
#6394=FACE_BOUND('',#6016,.T.);
#6395=FACE_BOUND('',#6017,.T.);
#6396=FACE_BOUND('',#6018,.T.);
#6397=FACE_BOUND('',#6019,.T.);
#6398=FACE_BOUND('',#6020,.T.);
#6399=FACE_BOUND('',#6021,.T.);
#6400=FACE_BOUND('',#6022,.T.);
#6401=FACE_BOUND('',#6023,.T.);
#6402=FACE_BOUND('',#6024,.T.);
#6403=FACE_BOUND('',#6025,.T.);
#6404=FACE_BOUND('',#6026,.T.);
#6405=FACE_BOUND('',#6027,.T.);
#6406=FACE_BOUND('',#6028,.T.);
#6407=FACE_BOUND('',#6029,.T.);
#6408=FACE_BOUND('',#6030,.T.);
#6409=FACE_BOUND('',#6031,.T.);
#6410=FACE_BOUND('',#6032,.T.);
#6411=FACE_BOUND('',#6033,.T.);
#6412=FACE_BOUND('',#6034,.T.);
#6413=FACE_BOUND('',#6035,.T.);
#6414=FACE_BOUND('',#6036,.T.);
#6415=FACE_BOUND('',#6037,.T.);
#6416=FACE_BOUND('',#6038,.T.);
#6417=FACE_BOUND('',#6039,.T.);
#6418=FACE_BOUND('',#6040,.T.);
#6419=FACE_BOUND('',#6041,.T.);
#6420=FACE_BOUND('',#6042,.T.);
#6421=FACE_BOUND('',#6043,.T.);
#6422=FACE_BOUND('',#6044,.T.);
#6423=FACE_BOUND('',#6045,.T.);
#6424=FACE_BOUND('',#6046,.T.);
#6425=FACE_BOUND('',#6047,.T.);
#6426=FACE_BOUND('',#6048,.T.);
#6427=FACE_BOUND('',#6049,.T.);
#6428=FACE_BOUND('',#6050,.T.);
#6429=FACE_BOUND('',#6051,.T.);
#6430=FACE_BOUND('',#6052,.T.);
#6431=FACE_BOUND('',#6053,.T.);
#6432=FACE_BOUND('',#6054,.T.);
#6433=FACE_BOUND('',#6055,.T.);
#6434=FACE_BOUND('',#6056,.T.);
#6435=FACE_BOUND('',#6057,.T.);
#6436=FACE_BOUND('',#6058,.T.);
#6437=FACE_BOUND('',#6059,.T.);
#6438=FACE_BOUND('',#6060,.T.);
#6439=FACE_BOUND('',#6061,.T.);
#6440=FACE_BOUND('',#6062,.T.);
#6441=FACE_BOUND('',#6063,.T.);
#6442=FACE_BOUND('',#6064,.T.);
#6443=FACE_BOUND('',#6065,.T.);
#6444=FACE_BOUND('',#6066,.T.);
#6445=FACE_BOUND('',#6067,.T.);
#6446=FACE_BOUND('',#6068,.T.);
#6447=FACE_BOUND('',#6069,.T.);
#6448=FACE_BOUND('',#6070,.T.);
#6449=FACE_BOUND('',#6071,.T.);
#6450=FACE_BOUND('',#6072,.T.);
#6451=FACE_BOUND('',#6073,.T.);
#6452=FACE_BOUND('',#6074,.T.);
#6453=FACE_BOUND('',#6075,.T.);
#6454=FACE_BOUND('',#6076,.T.);
#6455=FACE_BOUND('',#6077,.T.);
#6456=FACE_BOUND('',#6078,.T.);
#6457=FACE_BOUND('',#6079,.T.);
#6458=FACE_BOUND('',#6080,.T.);
#6459=FACE_BOUND('',#6081,.T.);
#6460=FACE_BOUND('',#6082,.T.);
#6461=FACE_BOUND('',#6083,.T.);
#6462=FACE_BOUND('',#6084,.T.);
#6463=FACE_BOUND('',#6085,.T.);
#6464=FACE_BOUND('',#6086,.T.);
#6465=FACE_BOUND('',#6087,.T.);
#6466=FACE_BOUND('',#6088,.T.);
#6467=FACE_BOUND('',#6089,.T.);
#6468=FACE_BOUND('',#6090,.T.);
#6469=FACE_BOUND('',#6091,.T.);
#6470=FACE_BOUND('',#6092,.T.);
#6471=FACE_BOUND('',#6093,.T.);
#6472=FACE_BOUND('',#6094,.T.);
#6473=FACE_BOUND('',#6095,.T.);
#6474=FACE_BOUND('',#6096,.T.);
#6475=FACE_BOUND('',#6097,.T.);
#6476=FACE_BOUND('',#6098,.T.);
#6477=FACE_BOUND('',#6099,.T.);
#6478=FACE_BOUND('',#6100,.T.);
#6479=FACE_BOUND('',#6101,.T.);
#6480=FACE_BOUND('',#6102,.T.);
#6481=FACE_BOUND('',#6103,.T.);
#6482=FACE_BOUND('',#6104,.T.);
#6483=FACE_BOUND('',#6105,.T.);
#6484=FACE_BOUND('',#6106,.T.);
#6485=FACE_BOUND('',#6107,.T.);
#6486=FACE_BOUND('',#6108,.T.);
#6487=FACE_BOUND('',#6109,.T.);
#6488=FACE_BOUND('',#6110,.T.);
#6489=FACE_BOUND('',#6111,.T.);
#6490=FACE_BOUND('',#6112,.T.);
#6491=FACE_BOUND('',#6113,.T.);
#6492=FACE_BOUND('',#6114,.T.);
#6493=FACE_BOUND('',#6115,.T.);
#6494=FACE_BOUND('',#6116,.T.);
#6495=FACE_BOUND('',#6117,.T.);
#6496=FACE_BOUND('',#6118,.T.);
#6497=FACE_BOUND('',#6119,.T.);
#6498=FACE_BOUND('',#6120,.T.);
#6499=FACE_BOUND('',#6121,.T.);
#6500=FACE_BOUND('',#6122,.T.);
#6501=FACE_BOUND('',#6123,.T.);
#6502=FACE_BOUND('',#6124,.T.);
#6503=FACE_BOUND('',#6125,.T.);
#6504=FACE_BOUND('',#6126,.T.);
#6505=FACE_BOUND('',#6127,.T.);
#6506=FACE_BOUND('',#6128,.T.);
#6507=FACE_BOUND('',#6129,.T.);
#6508=FACE_BOUND('',#6130,.T.);
#6509=FACE_BOUND('',#6131,.T.);
#6510=FACE_BOUND('',#6132,.T.);
#6511=PLANE('',#9402);
#6512=PLANE('',#9404);
#6513=PLANE('',#9406);
#6514=PLANE('',#9407);
#6515=PLANE('',#9409);
#6516=PLANE('',#9411);
#6517=PLANE('',#9412);
#6518=PLANE('',#9414);
#6519=PLANE('',#9416);
#6520=PLANE('',#9417);
#6521=PLANE('',#9419);
#6522=PLANE('',#9421);
#6523=PLANE('',#9422);
#6524=PLANE('',#9424);
#6525=PLANE('',#9427);
#6526=PLANE('',#9429);
#6527=PLANE('',#9431);
#6528=PLANE('',#9434);
#6529=PLANE('',#9436);
#6530=PLANE('',#9449);
#6531=PLANE('',#9466);
#6532=PLANE('',#9468);
#6533=PLANE('',#9470);
#6534=PLANE('',#9475);
#6535=PLANE('',#9477);
#6536=PLANE('',#9479);
#6537=PLANE('',#9481);
#6538=PLANE('',#9483);
#6539=PLANE('',#9486);
#6540=PLANE('',#9488);
#6541=PLANE('',#9489);
#6542=PLANE('',#9490);
#6543=PLANE('',#9491);
#6544=PLANE('',#9492);
#6545=PLANE('',#9493);
#6546=PLANE('',#9494);
#6547=PLANE('',#9497);
#6548=PLANE('',#9499);
#6549=PLANE('',#9501);
#6550=PLANE('',#9502);
#6551=PLANE('',#9503);
#6552=PLANE('',#9504);
#6553=PLANE('',#9505);
#6554=PLANE('',#9506);
#6555=PLANE('',#9509);
#6556=PLANE('',#9512);
#6557=PLANE('',#9515);
#6558=PLANE('',#9518);
#6559=PLANE('',#9525);
#6560=PLANE('',#9526);
#6561=PLANE('',#9527);
#6562=PLANE('',#9528);
#6563=PLANE('',#9529);
#6564=PLANE('',#9534);
#6565=PLANE('',#9535);
#6566=PLANE('',#9536);
#6567=PLANE('',#9537);
#6568=PLANE('',#9538);
#6569=PLANE('',#9539);
#6570=PLANE('',#9540);
#6571=PLANE('',#9543);
#6572=PLANE('',#9544);
#6573=PLANE('',#9545);
#6574=PLANE('',#9550);
#6575=PLANE('',#9557);
#6576=PLANE('',#9558);
#6577=PLANE('',#9559);
#6578=PLANE('',#9560);
#6579=PLANE('',#9579);
#6580=PLANE('',#9580);
#6581=PLANE('',#9581);
#6582=PLANE('',#9582);
#6583=PLANE('',#9583);
#6584=PLANE('',#9586);
#6585=PLANE('',#9589);
#6586=PLANE('',#9591);
#6587=PLANE('',#9593);
#6588=PLANE('',#9594);
#6589=PLANE('',#9595);
#6590=PLANE('',#9596);
#6591=PLANE('',#9597);
#6592=PLANE('',#9599);
#6593=PLANE('',#9601);
#6594=PLANE('',#9602);
#6595=PLANE('',#9604);
#6596=PLANE('',#9606);
#6597=PLANE('',#9607);
#6598=PLANE('',#9608);
#6599=PLANE('',#9611);
#6600=PLANE('',#9612);
#6601=PLANE('',#9613);
#6602=PLANE('',#9614);
#6603=PLANE('',#9617);
#6604=PLANE('',#9619);
#6605=PLANE('',#9621);
#6606=PLANE('',#9622);
#6607=PLANE('',#9624);
#6608=PLANE('',#9626);
#6609=PLANE('',#9627);
#6610=PLANE('',#9629);
#6611=PLANE('',#9631);
#6612=PLANE('',#9632);
#6613=PLANE('',#9634);
#6614=PLANE('',#9636);
#6615=PLANE('',#9639);
#6616=PLANE('',#9642);
#6617=PLANE('',#9645);
#6618=PLANE('',#9648);
#6619=PLANE('',#9649);
#6620=PLANE('',#9652);
#6621=PLANE('',#9655);
#6622=PLANE('',#9658);
#6623=PLANE('',#9661);
#6624=PLANE('',#9662);
#6625=PLANE('',#9665);
#6626=PLANE('',#9668);
#6627=PLANE('',#9671);
#6628=PLANE('',#9674);
#6629=PLANE('',#9675);
#6630=PLANE('',#9678);
#6631=PLANE('',#9681);
#6632=PLANE('',#9684);
#6633=PLANE('',#9687);
#6634=PLANE('',#9688);
#6635=PLANE('',#9689);
#6636=PLANE('',#9692);
#6637=PLANE('',#9695);
#6638=PLANE('',#9697);
#6639=PLANE('',#9699);
#6640=PLANE('',#9701);
#6641=PLANE('',#9703);
#6642=PLANE('',#9706);
#6643=PLANE('',#9709);
#6644=PLANE('',#9712);
#6645=PLANE('',#9717);
#6646=PLANE('',#9719);
#6647=PLANE('',#9720);
#6648=PLANE('',#9721);
#6649=PLANE('',#9724);
#6650=PLANE('',#9725);
#6651=PLANE('',#9726);
#6652=PLANE('',#9728);
#6653=PLANE('',#9731);
#6654=PLANE('',#9737);
#6655=PLANE('',#9739);
#6656=PLANE('',#9741);
#6657=PLANE('',#9745);
#6658=PLANE('',#9747);
#6659=PLANE('',#9750);
#6660=PLANE('',#9751);
#6661=PLANE('',#9755);
#6662=PLANE('',#9757);
#6663=PLANE('',#9760);
#6664=PLANE('',#9763);
#6665=PLANE('',#9768);
#6666=PLANE('',#9771);
#6667=PLANE('',#9773);
#6668=PLANE('',#9777);
#6669=PLANE('',#9784);
#6670=PLANE('',#9792);
#6671=PLANE('',#9808);
#6672=PLANE('',#9809);
#6673=PLANE('',#9810);
#6674=PLANE('',#9814);
#6675=PLANE('',#9815);
#6676=PLANE('',#9822);
#6677=PLANE('',#9823);
#6678=PLANE('',#9824);
#6679=PLANE('',#9829);
#6680=PLANE('',#9834);
#6681=PLANE('',#9835);
#6682=PLANE('',#9836);
#6683=PLANE('',#9838);
#6684=PLANE('',#9841);
#6685=PLANE('',#9846);
#6686=PLANE('',#9847);
#6687=PLANE('',#9848);
#6688=PLANE('',#9852);
#6689=PLANE('',#9853);
#6690=PLANE('',#9860);
#6691=PLANE('',#9861);
#6692=PLANE('',#9862);
#6693=PLANE('',#9867);
#6694=PLANE('',#9872);
#6695=PLANE('',#9873);
#6696=PLANE('',#9874);
#6697=PLANE('',#9876);
#6698=PLANE('',#9879);
#6699=PLANE('',#9884);
#6700=PLANE('',#9885);
#6701=PLANE('',#9886);
#6702=PLANE('',#9890);
#6703=PLANE('',#9891);
#6704=PLANE('',#9898);
#6705=PLANE('',#9899);
#6706=PLANE('',#9900);
#6707=PLANE('',#9905);
#6708=PLANE('',#9910);
#6709=PLANE('',#9911);
#6710=PLANE('',#9912);
#6711=PLANE('',#9914);
#6712=PLANE('',#9917);
#6713=PLANE('',#9922);
#6714=PLANE('',#9929);
#6715=PLANE('',#9933);
#6716=PLANE('',#9934);
#6717=PLANE('',#9935);
#6718=PLANE('',#9936);
#6719=PLANE('',#9937);
#6720=PLANE('',#9938);
#6721=PLANE('',#9943);
#6722=PLANE('',#9949);
#6723=PLANE('',#9951);
#6724=PLANE('',#9952);
#6725=PLANE('',#9953);
#6726=PLANE('',#9955);
#6727=PLANE('',#9958);
#6728=PLANE('',#9960);
#6729=PLANE('',#9961);
#6730=PLANE('',#9962);
#6731=PLANE('',#9963);
#6732=PLANE('',#9964);
#6733=PLANE('',#9965);
#6734=PLANE('',#9966);
#6735=PLANE('',#9967);
#6736=PLANE('',#9968);
#6737=PLANE('',#9969);
#6738=PLANE('',#9970);
#6739=PLANE('',#9971);
#6740=PLANE('',#9972);
#6741=PLANE('',#9973);
#6742=PLANE('',#9974);
#6743=PLANE('',#9979);
#6744=PLANE('',#9980);
#6745=PLANE('',#9981);
#6746=PLANE('',#9982);
#6747=PLANE('',#9983);
#6748=PLANE('',#9984);
#6749=PLANE('',#9985);
#6750=PLANE('',#9986);
#6751=PLANE('',#9987);
#6752=PLANE('',#9988);
#6753=PLANE('',#9989);
#6754=PLANE('',#9990);
#6755=PLANE('',#9991);
#6756=PLANE('',#9992);
#6757=PLANE('',#9993);
#6758=PLANE('',#9994);
#6759=PLANE('',#9995);
#6760=PLANE('',#9996);
#6761=PLANE('',#9997);
#6762=PLANE('',#9998);
#6763=PLANE('',#9999);
#6764=PLANE('',#10000);
#6765=PLANE('',#10001);
#6766=PLANE('',#10002);
#6767=PLANE('',#10003);
#6768=PLANE('',#10004);
#6769=PLANE('',#10005);
#6770=STYLED_ITEM('',(#7092),#9026);
#6771=STYLED_ITEM('',(#7093),#9027);
#6772=STYLED_ITEM('',(#7094),#9028);
#6773=STYLED_ITEM('',(#7095),#9029);
#6774=STYLED_ITEM('',(#7096),#9030);
#6775=STYLED_ITEM('',(#7097),#9031);
#6776=STYLED_ITEM('',(#7098),#9032);
#6777=STYLED_ITEM('',(#7099),#9033);
#6778=STYLED_ITEM('',(#7100),#9034);
#6779=STYLED_ITEM('',(#7101),#9035);
#6780=STYLED_ITEM('',(#7102),#9036);
#6781=STYLED_ITEM('',(#7103),#9037);
#6782=STYLED_ITEM('',(#7104),#9038);
#6783=STYLED_ITEM('',(#7105),#9039);
#6784=STYLED_ITEM('',(#7106),#9040);
#6785=STYLED_ITEM('',(#7107),#9041);
#6786=STYLED_ITEM('',(#7108),#9042);
#6787=STYLED_ITEM('',(#7109),#9043);
#6788=STYLED_ITEM('',(#7110),#9044);
#6789=STYLED_ITEM('',(#7111),#9045);
#6790=STYLED_ITEM('',(#7112),#9046);
#6791=STYLED_ITEM('',(#7113),#9047);
#6792=STYLED_ITEM('',(#7114),#9048);
#6793=STYLED_ITEM('',(#7115),#9049);
#6794=STYLED_ITEM('',(#7116),#9050);
#6795=STYLED_ITEM('',(#7117),#9051);
#6796=STYLED_ITEM('',(#7118),#9052);
#6797=STYLED_ITEM('',(#7119),#9053);
#6798=STYLED_ITEM('',(#7120),#9054);
#6799=STYLED_ITEM('',(#7121),#9055);
#6800=STYLED_ITEM('',(#7122),#9056);
#6801=STYLED_ITEM('',(#7123),#9057);
#6802=STYLED_ITEM('',(#7124),#9058);
#6803=STYLED_ITEM('',(#7125),#9059);
#6804=STYLED_ITEM('',(#7126),#9060);
#6805=STYLED_ITEM('',(#7127),#9061);
#6806=STYLED_ITEM('',(#7128),#9062);
#6807=STYLED_ITEM('',(#7129),#9063);
#6808=STYLED_ITEM('',(#7130),#9064);
#6809=STYLED_ITEM('',(#7131),#9065);
#6810=STYLED_ITEM('',(#7132),#9066);
#6811=STYLED_ITEM('',(#7133),#9067);
#6812=STYLED_ITEM('',(#7134),#9068);
#6813=STYLED_ITEM('',(#7135),#9069);
#6814=STYLED_ITEM('',(#7136),#9070);
#6815=STYLED_ITEM('',(#7137),#9071);
#6816=STYLED_ITEM('',(#7138),#9072);
#6817=STYLED_ITEM('',(#7139),#9073);
#6818=STYLED_ITEM('',(#7140),#9074);
#6819=STYLED_ITEM('',(#7141),#9075);
#6820=STYLED_ITEM('',(#7142),#9076);
#6821=STYLED_ITEM('',(#7143),#9077);
#6822=STYLED_ITEM('',(#7144),#9078);
#6823=STYLED_ITEM('',(#7145),#9079);
#6824=STYLED_ITEM('',(#7146),#9080);
#6825=STYLED_ITEM('',(#7147),#9081);
#6826=STYLED_ITEM('',(#7148),#9082);
#6827=STYLED_ITEM('',(#7149),#9083);
#6828=STYLED_ITEM('',(#7150),#9084);
#6829=STYLED_ITEM('',(#7151),#9085);
#6830=STYLED_ITEM('',(#7152),#9086);
#6831=STYLED_ITEM('',(#7153),#9087);
#6832=STYLED_ITEM('',(#7154),#9088);
#6833=STYLED_ITEM('',(#7155),#9089);
#6834=STYLED_ITEM('',(#7156),#9090);
#6835=STYLED_ITEM('',(#7157),#9091);
#6836=STYLED_ITEM('',(#7158),#9092);
#6837=STYLED_ITEM('',(#7159),#9093);
#6838=STYLED_ITEM('',(#7160),#9094);
#6839=STYLED_ITEM('',(#7161),#9095);
#6840=STYLED_ITEM('',(#7162),#9096);
#6841=STYLED_ITEM('',(#7163),#9097);
#6842=STYLED_ITEM('',(#7164),#9098);
#6843=STYLED_ITEM('',(#7165),#9099);
#6844=STYLED_ITEM('',(#7166),#9100);
#6845=STYLED_ITEM('',(#7167),#9101);
#6846=STYLED_ITEM('',(#7168),#9102);
#6847=STYLED_ITEM('',(#7169),#9103);
#6848=STYLED_ITEM('',(#7170),#9104);
#6849=STYLED_ITEM('',(#7171),#9105);
#6850=STYLED_ITEM('',(#7172),#9106);
#6851=STYLED_ITEM('',(#7173),#9107);
#6852=STYLED_ITEM('',(#7174),#9108);
#6853=STYLED_ITEM('',(#7175),#9109);
#6854=STYLED_ITEM('',(#7176),#9110);
#6855=STYLED_ITEM('',(#7177),#9111);
#6856=STYLED_ITEM('',(#7178),#9112);
#6857=STYLED_ITEM('',(#7179),#9113);
#6858=STYLED_ITEM('',(#7180),#9114);
#6859=STYLED_ITEM('',(#7181),#9115);
#6860=STYLED_ITEM('',(#7182),#9116);
#6861=STYLED_ITEM('',(#7183),#9117);
#6862=STYLED_ITEM('',(#7184),#9118);
#6863=STYLED_ITEM('',(#7185),#9119);
#6864=STYLED_ITEM('',(#7186),#9120);
#6865=STYLED_ITEM('',(#7187),#9121);
#6866=STYLED_ITEM('',(#7188),#9122);
#6867=STYLED_ITEM('',(#7189),#9123);
#6868=STYLED_ITEM('',(#7190),#9124);
#6869=STYLED_ITEM('',(#7191),#9125);
#6870=STYLED_ITEM('',(#7192),#9126);
#6871=STYLED_ITEM('',(#7193),#9127);
#6872=STYLED_ITEM('',(#7194),#9128);
#6873=STYLED_ITEM('',(#7195),#9129);
#6874=STYLED_ITEM('',(#7196),#9130);
#6875=STYLED_ITEM('',(#7197),#9131);
#6876=STYLED_ITEM('',(#7198),#9132);
#6877=STYLED_ITEM('',(#7199),#9133);
#6878=STYLED_ITEM('',(#7200),#9134);
#6879=STYLED_ITEM('',(#7201),#9135);
#6880=STYLED_ITEM('',(#7202),#9136);
#6881=STYLED_ITEM('',(#7203),#9137);
#6882=STYLED_ITEM('',(#7204),#9138);
#6883=STYLED_ITEM('',(#7205),#9139);
#6884=STYLED_ITEM('',(#7206),#9140);
#6885=STYLED_ITEM('',(#7207),#9141);
#6886=STYLED_ITEM('',(#7208),#9142);
#6887=STYLED_ITEM('',(#7209),#9143);
#6888=STYLED_ITEM('',(#7210),#9144);
#6889=STYLED_ITEM('',(#7211),#9145);
#6890=STYLED_ITEM('',(#7212),#9146);
#6891=STYLED_ITEM('',(#7213),#9147);
#6892=STYLED_ITEM('',(#7214),#9148);
#6893=STYLED_ITEM('',(#7215),#9149);
#6894=STYLED_ITEM('',(#7216),#9150);
#6895=STYLED_ITEM('',(#7217),#9151);
#6896=STYLED_ITEM('',(#7218),#9152);
#6897=STYLED_ITEM('',(#7219),#9153);
#6898=STYLED_ITEM('',(#7220),#9154);
#6899=STYLED_ITEM('',(#7221),#9155);
#6900=STYLED_ITEM('',(#7222),#9156);
#6901=STYLED_ITEM('',(#7223),#9157);
#6902=STYLED_ITEM('',(#7224),#9158);
#6903=STYLED_ITEM('',(#7225),#9159);
#6904=STYLED_ITEM('',(#7226),#9160);
#6905=STYLED_ITEM('',(#7227),#9161);
#6906=STYLED_ITEM('',(#7228),#9162);
#6907=STYLED_ITEM('',(#7229),#9163);
#6908=STYLED_ITEM('',(#7230),#9164);
#6909=STYLED_ITEM('',(#7231),#9165);
#6910=STYLED_ITEM('',(#7232),#9166);
#6911=STYLED_ITEM('',(#7233),#9167);
#6912=STYLED_ITEM('',(#7234),#9168);
#6913=STYLED_ITEM('',(#7235),#9169);
#6914=STYLED_ITEM('',(#7236),#9170);
#6915=STYLED_ITEM('',(#7237),#9171);
#6916=STYLED_ITEM('',(#7238),#9172);
#6917=STYLED_ITEM('',(#7239),#9173);
#6918=STYLED_ITEM('',(#7240),#9174);
#6919=STYLED_ITEM('',(#7241),#9175);
#6920=STYLED_ITEM('',(#7242),#9176);
#6921=STYLED_ITEM('',(#7243),#9177);
#6922=STYLED_ITEM('',(#7244),#9178);
#6923=STYLED_ITEM('',(#7245),#9179);
#6924=STYLED_ITEM('',(#7246),#9180);
#6925=STYLED_ITEM('',(#7247),#9181);
#6926=STYLED_ITEM('',(#7248),#9182);
#6927=STYLED_ITEM('',(#7249),#9183);
#6928=STYLED_ITEM('',(#7250),#9184);
#6929=STYLED_ITEM('',(#7251),#9185);
#6930=STYLED_ITEM('',(#7252),#9186);
#6931=STYLED_ITEM('',(#7253),#9187);
#6932=STYLED_ITEM('',(#7254),#9188);
#6933=STYLED_ITEM('',(#7255),#9189);
#6934=STYLED_ITEM('',(#7256),#9190);
#6935=STYLED_ITEM('',(#7257),#9191);
#6936=STYLED_ITEM('',(#7258),#9192);
#6937=STYLED_ITEM('',(#7259),#9193);
#6938=STYLED_ITEM('',(#7260),#9194);
#6939=STYLED_ITEM('',(#7261),#9195);
#6940=STYLED_ITEM('',(#7262),#9196);
#6941=STYLED_ITEM('',(#7263),#9197);
#6942=STYLED_ITEM('',(#7264),#9198);
#6943=STYLED_ITEM('',(#7265),#9199);
#6944=STYLED_ITEM('',(#7266),#9200);
#6945=STYLED_ITEM('',(#7267),#9201);
#6946=STYLED_ITEM('',(#7268),#9202);
#6947=STYLED_ITEM('',(#7269),#9203);
#6948=STYLED_ITEM('',(#7270),#9204);
#6949=STYLED_ITEM('',(#7271),#9205);
#6950=STYLED_ITEM('',(#7272),#9206);
#6951=STYLED_ITEM('',(#7273),#9207);
#6952=STYLED_ITEM('',(#7274),#9208);
#6953=STYLED_ITEM('',(#7275),#9209);
#6954=STYLED_ITEM('',(#7276),#9210);
#6955=STYLED_ITEM('',(#7277),#9211);
#6956=STYLED_ITEM('',(#7278),#9212);
#6957=STYLED_ITEM('',(#7279),#9213);
#6958=STYLED_ITEM('',(#7280),#9214);
#6959=STYLED_ITEM('',(#7281),#9215);
#6960=STYLED_ITEM('',(#7282),#9216);
#6961=STYLED_ITEM('',(#7283),#9217);
#6962=STYLED_ITEM('',(#7284),#9218);
#6963=STYLED_ITEM('',(#7285),#9219);
#6964=STYLED_ITEM('',(#7286),#9220);
#6965=STYLED_ITEM('',(#7287),#9221);
#6966=STYLED_ITEM('',(#7288),#9222);
#6967=STYLED_ITEM('',(#7289),#9223);
#6968=STYLED_ITEM('',(#7290),#9224);
#6969=STYLED_ITEM('',(#7291),#9225);
#6970=STYLED_ITEM('',(#7292),#9226);
#6971=STYLED_ITEM('',(#7293),#9227);
#6972=STYLED_ITEM('',(#7294),#9228);
#6973=STYLED_ITEM('',(#7295),#9229);
#6974=STYLED_ITEM('',(#7296),#9230);
#6975=STYLED_ITEM('',(#7297),#9231);
#6976=STYLED_ITEM('',(#7298),#9232);
#6977=STYLED_ITEM('',(#7299),#9233);
#6978=STYLED_ITEM('',(#7300),#9234);
#6979=STYLED_ITEM('',(#7301),#9235);
#6980=STYLED_ITEM('',(#7302),#9236);
#6981=STYLED_ITEM('',(#7303),#9237);
#6982=STYLED_ITEM('',(#7304),#9238);
#6983=STYLED_ITEM('',(#7305),#9239);
#6984=STYLED_ITEM('',(#7306),#9240);
#6985=STYLED_ITEM('',(#7307),#9241);
#6986=STYLED_ITEM('',(#7308),#9242);
#6987=STYLED_ITEM('',(#7309),#9243);
#6988=STYLED_ITEM('',(#7310),#9244);
#6989=STYLED_ITEM('',(#7311),#9245);
#6990=STYLED_ITEM('',(#7312),#9246);
#6991=STYLED_ITEM('',(#7313),#9247);
#6992=STYLED_ITEM('',(#7314),#9248);
#6993=STYLED_ITEM('',(#7315),#9249);
#6994=STYLED_ITEM('',(#7316),#9250);
#6995=STYLED_ITEM('',(#7317),#9251);
#6996=STYLED_ITEM('',(#7318),#9252);
#6997=STYLED_ITEM('',(#7319),#9253);
#6998=STYLED_ITEM('',(#7320),#9254);
#6999=STYLED_ITEM('',(#7321),#9255);
#7000=STYLED_ITEM('',(#7322),#9256);
#7001=STYLED_ITEM('',(#7323),#9257);
#7002=STYLED_ITEM('',(#7324),#9258);
#7003=STYLED_ITEM('',(#7325),#9259);
#7004=STYLED_ITEM('',(#7326),#9260);
#7005=STYLED_ITEM('',(#7327),#9261);
#7006=STYLED_ITEM('',(#7328),#9262);
#7007=STYLED_ITEM('',(#7329),#9263);
#7008=STYLED_ITEM('',(#7330),#9264);
#7009=STYLED_ITEM('',(#7331),#9265);
#7010=STYLED_ITEM('',(#7332),#9266);
#7011=STYLED_ITEM('',(#7333),#9267);
#7012=STYLED_ITEM('',(#7334),#9268);
#7013=STYLED_ITEM('',(#7335),#9269);
#7014=STYLED_ITEM('',(#7336),#9270);
#7015=STYLED_ITEM('',(#7337),#9271);
#7016=STYLED_ITEM('',(#7338),#9272);
#7017=STYLED_ITEM('',(#7339),#9273);
#7018=STYLED_ITEM('',(#7340),#9274);
#7019=STYLED_ITEM('',(#7341),#9275);
#7020=STYLED_ITEM('',(#7342),#9276);
#7021=STYLED_ITEM('',(#7343),#9277);
#7022=STYLED_ITEM('',(#7344),#9278);
#7023=STYLED_ITEM('',(#7345),#9279);
#7024=STYLED_ITEM('',(#7346),#9280);
#7025=STYLED_ITEM('',(#7347),#9281);
#7026=STYLED_ITEM('',(#7348),#9282);
#7027=STYLED_ITEM('',(#7349),#9283);
#7028=STYLED_ITEM('',(#7350),#9284);
#7029=STYLED_ITEM('',(#7351),#9285);
#7030=STYLED_ITEM('',(#7352),#9286);
#7031=STYLED_ITEM('',(#7353),#9287);
#7032=STYLED_ITEM('',(#7354),#9288);
#7033=STYLED_ITEM('',(#7355),#9289);
#7034=STYLED_ITEM('',(#7356),#9290);
#7035=STYLED_ITEM('',(#7357),#9291);
#7036=STYLED_ITEM('',(#7358),#9292);
#7037=STYLED_ITEM('',(#7359),#9293);
#7038=STYLED_ITEM('',(#7360),#9294);
#7039=STYLED_ITEM('',(#7361),#9295);
#7040=STYLED_ITEM('',(#7362),#9296);
#7041=STYLED_ITEM('',(#7363),#9297);
#7042=STYLED_ITEM('',(#7364),#9298);
#7043=STYLED_ITEM('',(#7365),#9299);
#7044=STYLED_ITEM('',(#7366),#9300);
#7045=STYLED_ITEM('',(#7367),#9301);
#7046=STYLED_ITEM('',(#7368),#9302);
#7047=STYLED_ITEM('',(#7369),#9303);
#7048=STYLED_ITEM('',(#7370),#9304);
#7049=STYLED_ITEM('',(#7371),#9305);
#7050=STYLED_ITEM('',(#7372),#9306);
#7051=STYLED_ITEM('',(#7373),#9307);
#7052=STYLED_ITEM('',(#7374),#9308);
#7053=STYLED_ITEM('',(#7375),#9309);
#7054=STYLED_ITEM('',(#7376),#9310);
#7055=STYLED_ITEM('',(#7377),#9311);
#7056=STYLED_ITEM('',(#7378),#9312);
#7057=STYLED_ITEM('',(#7379),#9313);
#7058=STYLED_ITEM('',(#7380),#9314);
#7059=STYLED_ITEM('',(#7381),#9315);
#7060=STYLED_ITEM('',(#7382),#9316);
#7061=STYLED_ITEM('',(#7383),#9317);
#7062=STYLED_ITEM('',(#7384),#9318);
#7063=STYLED_ITEM('',(#7385),#9319);
#7064=STYLED_ITEM('',(#7386),#9320);
#7065=STYLED_ITEM('',(#7387),#9321);
#7066=STYLED_ITEM('',(#7388),#9322);
#7067=STYLED_ITEM('',(#7389),#9323);
#7068=STYLED_ITEM('',(#7390),#9324);
#7069=STYLED_ITEM('',(#7391),#9325);
#7070=STYLED_ITEM('',(#7392),#9326);
#7071=STYLED_ITEM('',(#7393),#9327);
#7072=STYLED_ITEM('',(#7394),#9328);
#7073=STYLED_ITEM('',(#7395),#9329);
#7074=STYLED_ITEM('',(#7396),#9330);
#7075=STYLED_ITEM('',(#7397),#9331);
#7076=STYLED_ITEM('',(#7398),#9332);
#7077=STYLED_ITEM('',(#7399),#9333);
#7078=STYLED_ITEM('',(#7400),#9334);
#7079=STYLED_ITEM('',(#7401),#9335);
#7080=STYLED_ITEM('',(#7402),#9336);
#7081=STYLED_ITEM('',(#7403),#9337);
#7082=STYLED_ITEM('',(#7404),#9338);
#7083=STYLED_ITEM('',(#7405),#9339);
#7084=STYLED_ITEM('',(#7406),#9340);
#7085=STYLED_ITEM('',(#7407),#9341);
#7086=STYLED_ITEM('',(#7408),#9342);
#7087=STYLED_ITEM('',(#7409),#9343);
#7088=STYLED_ITEM('',(#7410),#9344);
#7089=STYLED_ITEM('',(#7411),#9345);
#7090=STYLED_ITEM('',(#7412),#9346);
#7091=STYLED_ITEM('',(#7413),#9394);
#7092=PRESENTATION_STYLE_ASSIGNMENT((#7414));
#7093=PRESENTATION_STYLE_ASSIGNMENT((#7415));
#7094=PRESENTATION_STYLE_ASSIGNMENT((#7416));
#7095=PRESENTATION_STYLE_ASSIGNMENT((#7417));
#7096=PRESENTATION_STYLE_ASSIGNMENT((#7418));
#7097=PRESENTATION_STYLE_ASSIGNMENT((#7419));
#7098=PRESENTATION_STYLE_ASSIGNMENT((#7420));
#7099=PRESENTATION_STYLE_ASSIGNMENT((#7421));
#7100=PRESENTATION_STYLE_ASSIGNMENT((#7422));
#7101=PRESENTATION_STYLE_ASSIGNMENT((#7423));
#7102=PRESENTATION_STYLE_ASSIGNMENT((#7424));
#7103=PRESENTATION_STYLE_ASSIGNMENT((#7425));
#7104=PRESENTATION_STYLE_ASSIGNMENT((#7426));
#7105=PRESENTATION_STYLE_ASSIGNMENT((#7427));
#7106=PRESENTATION_STYLE_ASSIGNMENT((#7428));
#7107=PRESENTATION_STYLE_ASSIGNMENT((#7429));
#7108=PRESENTATION_STYLE_ASSIGNMENT((#7430));
#7109=PRESENTATION_STYLE_ASSIGNMENT((#7431));
#7110=PRESENTATION_STYLE_ASSIGNMENT((#7432));
#7111=PRESENTATION_STYLE_ASSIGNMENT((#7433));
#7112=PRESENTATION_STYLE_ASSIGNMENT((#7434));
#7113=PRESENTATION_STYLE_ASSIGNMENT((#7435));
#7114=PRESENTATION_STYLE_ASSIGNMENT((#7436));
#7115=PRESENTATION_STYLE_ASSIGNMENT((#7437));
#7116=PRESENTATION_STYLE_ASSIGNMENT((#7438));
#7117=PRESENTATION_STYLE_ASSIGNMENT((#7439));
#7118=PRESENTATION_STYLE_ASSIGNMENT((#7440));
#7119=PRESENTATION_STYLE_ASSIGNMENT((#7441));
#7120=PRESENTATION_STYLE_ASSIGNMENT((#7442));
#7121=PRESENTATION_STYLE_ASSIGNMENT((#7443));
#7122=PRESENTATION_STYLE_ASSIGNMENT((#7444));
#7123=PRESENTATION_STYLE_ASSIGNMENT((#7445));
#7124=PRESENTATION_STYLE_ASSIGNMENT((#7446));
#7125=PRESENTATION_STYLE_ASSIGNMENT((#7447));
#7126=PRESENTATION_STYLE_ASSIGNMENT((#7448));
#7127=PRESENTATION_STYLE_ASSIGNMENT((#7449));
#7128=PRESENTATION_STYLE_ASSIGNMENT((#7450));
#7129=PRESENTATION_STYLE_ASSIGNMENT((#7451));
#7130=PRESENTATION_STYLE_ASSIGNMENT((#7452));
#7131=PRESENTATION_STYLE_ASSIGNMENT((#7453));
#7132=PRESENTATION_STYLE_ASSIGNMENT((#7454));
#7133=PRESENTATION_STYLE_ASSIGNMENT((#7455));
#7134=PRESENTATION_STYLE_ASSIGNMENT((#7456));
#7135=PRESENTATION_STYLE_ASSIGNMENT((#7457));
#7136=PRESENTATION_STYLE_ASSIGNMENT((#7458));
#7137=PRESENTATION_STYLE_ASSIGNMENT((#7459));
#7138=PRESENTATION_STYLE_ASSIGNMENT((#7460));
#7139=PRESENTATION_STYLE_ASSIGNMENT((#7461));
#7140=PRESENTATION_STYLE_ASSIGNMENT((#7462));
#7141=PRESENTATION_STYLE_ASSIGNMENT((#7463));
#7142=PRESENTATION_STYLE_ASSIGNMENT((#7464));
#7143=PRESENTATION_STYLE_ASSIGNMENT((#7465));
#7144=PRESENTATION_STYLE_ASSIGNMENT((#7466));
#7145=PRESENTATION_STYLE_ASSIGNMENT((#7467));
#7146=PRESENTATION_STYLE_ASSIGNMENT((#7468));
#7147=PRESENTATION_STYLE_ASSIGNMENT((#7469));
#7148=PRESENTATION_STYLE_ASSIGNMENT((#7470));
#7149=PRESENTATION_STYLE_ASSIGNMENT((#7471));
#7150=PRESENTATION_STYLE_ASSIGNMENT((#7472));
#7151=PRESENTATION_STYLE_ASSIGNMENT((#7473));
#7152=PRESENTATION_STYLE_ASSIGNMENT((#7474));
#7153=PRESENTATION_STYLE_ASSIGNMENT((#7475));
#7154=PRESENTATION_STYLE_ASSIGNMENT((#7476));
#7155=PRESENTATION_STYLE_ASSIGNMENT((#7477));
#7156=PRESENTATION_STYLE_ASSIGNMENT((#7478));
#7157=PRESENTATION_STYLE_ASSIGNMENT((#7479));
#7158=PRESENTATION_STYLE_ASSIGNMENT((#7480));
#7159=PRESENTATION_STYLE_ASSIGNMENT((#7481));
#7160=PRESENTATION_STYLE_ASSIGNMENT((#7482));
#7161=PRESENTATION_STYLE_ASSIGNMENT((#7483));
#7162=PRESENTATION_STYLE_ASSIGNMENT((#7484));
#7163=PRESENTATION_STYLE_ASSIGNMENT((#7485));
#7164=PRESENTATION_STYLE_ASSIGNMENT((#7486));
#7165=PRESENTATION_STYLE_ASSIGNMENT((#7487));
#7166=PRESENTATION_STYLE_ASSIGNMENT((#7488));
#7167=PRESENTATION_STYLE_ASSIGNMENT((#7489));
#7168=PRESENTATION_STYLE_ASSIGNMENT((#7490));
#7169=PRESENTATION_STYLE_ASSIGNMENT((#7491));
#7170=PRESENTATION_STYLE_ASSIGNMENT((#7492));
#7171=PRESENTATION_STYLE_ASSIGNMENT((#7493));
#7172=PRESENTATION_STYLE_ASSIGNMENT((#7494));
#7173=PRESENTATION_STYLE_ASSIGNMENT((#7495));
#7174=PRESENTATION_STYLE_ASSIGNMENT((#7496));
#7175=PRESENTATION_STYLE_ASSIGNMENT((#7497));
#7176=PRESENTATION_STYLE_ASSIGNMENT((#7498));
#7177=PRESENTATION_STYLE_ASSIGNMENT((#7499));
#7178=PRESENTATION_STYLE_ASSIGNMENT((#7500));
#7179=PRESENTATION_STYLE_ASSIGNMENT((#7501));
#7180=PRESENTATION_STYLE_ASSIGNMENT((#7502));
#7181=PRESENTATION_STYLE_ASSIGNMENT((#7503));
#7182=PRESENTATION_STYLE_ASSIGNMENT((#7504));
#7183=PRESENTATION_STYLE_ASSIGNMENT((#7505));
#7184=PRESENTATION_STYLE_ASSIGNMENT((#7506));
#7185=PRESENTATION_STYLE_ASSIGNMENT((#7507));
#7186=PRESENTATION_STYLE_ASSIGNMENT((#7508));
#7187=PRESENTATION_STYLE_ASSIGNMENT((#7509));
#7188=PRESENTATION_STYLE_ASSIGNMENT((#7510));
#7189=PRESENTATION_STYLE_ASSIGNMENT((#7511));
#7190=PRESENTATION_STYLE_ASSIGNMENT((#7512));
#7191=PRESENTATION_STYLE_ASSIGNMENT((#7513));
#7192=PRESENTATION_STYLE_ASSIGNMENT((#7514));
#7193=PRESENTATION_STYLE_ASSIGNMENT((#7515));
#7194=PRESENTATION_STYLE_ASSIGNMENT((#7516));
#7195=PRESENTATION_STYLE_ASSIGNMENT((#7517));
#7196=PRESENTATION_STYLE_ASSIGNMENT((#7518));
#7197=PRESENTATION_STYLE_ASSIGNMENT((#7519));
#7198=PRESENTATION_STYLE_ASSIGNMENT((#7520));
#7199=PRESENTATION_STYLE_ASSIGNMENT((#7521));
#7200=PRESENTATION_STYLE_ASSIGNMENT((#7522));
#7201=PRESENTATION_STYLE_ASSIGNMENT((#7523));
#7202=PRESENTATION_STYLE_ASSIGNMENT((#7524));
#7203=PRESENTATION_STYLE_ASSIGNMENT((#7525));
#7204=PRESENTATION_STYLE_ASSIGNMENT((#7526));
#7205=PRESENTATION_STYLE_ASSIGNMENT((#7527));
#7206=PRESENTATION_STYLE_ASSIGNMENT((#7528));
#7207=PRESENTATION_STYLE_ASSIGNMENT((#7529));
#7208=PRESENTATION_STYLE_ASSIGNMENT((#7530));
#7209=PRESENTATION_STYLE_ASSIGNMENT((#7531));
#7210=PRESENTATION_STYLE_ASSIGNMENT((#7532));
#7211=PRESENTATION_STYLE_ASSIGNMENT((#7533));
#7212=PRESENTATION_STYLE_ASSIGNMENT((#7534));
#7213=PRESENTATION_STYLE_ASSIGNMENT((#7535));
#7214=PRESENTATION_STYLE_ASSIGNMENT((#7536));
#7215=PRESENTATION_STYLE_ASSIGNMENT((#7537));
#7216=PRESENTATION_STYLE_ASSIGNMENT((#7538));
#7217=PRESENTATION_STYLE_ASSIGNMENT((#7539));
#7218=PRESENTATION_STYLE_ASSIGNMENT((#7540));
#7219=PRESENTATION_STYLE_ASSIGNMENT((#7541));
#7220=PRESENTATION_STYLE_ASSIGNMENT((#7542));
#7221=PRESENTATION_STYLE_ASSIGNMENT((#7543));
#7222=PRESENTATION_STYLE_ASSIGNMENT((#7544));
#7223=PRESENTATION_STYLE_ASSIGNMENT((#7545));
#7224=PRESENTATION_STYLE_ASSIGNMENT((#7546));
#7225=PRESENTATION_STYLE_ASSIGNMENT((#7547));
#7226=PRESENTATION_STYLE_ASSIGNMENT((#7548));
#7227=PRESENTATION_STYLE_ASSIGNMENT((#7549));
#7228=PRESENTATION_STYLE_ASSIGNMENT((#7550));
#7229=PRESENTATION_STYLE_ASSIGNMENT((#7551));
#7230=PRESENTATION_STYLE_ASSIGNMENT((#7552));
#7231=PRESENTATION_STYLE_ASSIGNMENT((#7553));
#7232=PRESENTATION_STYLE_ASSIGNMENT((#7554));
#7233=PRESENTATION_STYLE_ASSIGNMENT((#7555));
#7234=PRESENTATION_STYLE_ASSIGNMENT((#7556));
#7235=PRESENTATION_STYLE_ASSIGNMENT((#7557));
#7236=PRESENTATION_STYLE_ASSIGNMENT((#7558));
#7237=PRESENTATION_STYLE_ASSIGNMENT((#7559));
#7238=PRESENTATION_STYLE_ASSIGNMENT((#7560));
#7239=PRESENTATION_STYLE_ASSIGNMENT((#7561));
#7240=PRESENTATION_STYLE_ASSIGNMENT((#7562));
#7241=PRESENTATION_STYLE_ASSIGNMENT((#7563));
#7242=PRESENTATION_STYLE_ASSIGNMENT((#7564));
#7243=PRESENTATION_STYLE_ASSIGNMENT((#7565));
#7244=PRESENTATION_STYLE_ASSIGNMENT((#7566));
#7245=PRESENTATION_STYLE_ASSIGNMENT((#7567));
#7246=PRESENTATION_STYLE_ASSIGNMENT((#7568));
#7247=PRESENTATION_STYLE_ASSIGNMENT((#7569));
#7248=PRESENTATION_STYLE_ASSIGNMENT((#7570));
#7249=PRESENTATION_STYLE_ASSIGNMENT((#7571));
#7250=PRESENTATION_STYLE_ASSIGNMENT((#7572));
#7251=PRESENTATION_STYLE_ASSIGNMENT((#7573));
#7252=PRESENTATION_STYLE_ASSIGNMENT((#7574));
#7253=PRESENTATION_STYLE_ASSIGNMENT((#7575));
#7254=PRESENTATION_STYLE_ASSIGNMENT((#7576));
#7255=PRESENTATION_STYLE_ASSIGNMENT((#7577));
#7256=PRESENTATION_STYLE_ASSIGNMENT((#7578));
#7257=PRESENTATION_STYLE_ASSIGNMENT((#7579));
#7258=PRESENTATION_STYLE_ASSIGNMENT((#7580));
#7259=PRESENTATION_STYLE_ASSIGNMENT((#7581));
#7260=PRESENTATION_STYLE_ASSIGNMENT((#7582));
#7261=PRESENTATION_STYLE_ASSIGNMENT((#7583));
#7262=PRESENTATION_STYLE_ASSIGNMENT((#7584));
#7263=PRESENTATION_STYLE_ASSIGNMENT((#7585));
#7264=PRESENTATION_STYLE_ASSIGNMENT((#7586));
#7265=PRESENTATION_STYLE_ASSIGNMENT((#7587));
#7266=PRESENTATION_STYLE_ASSIGNMENT((#7588));
#7267=PRESENTATION_STYLE_ASSIGNMENT((#7589));
#7268=PRESENTATION_STYLE_ASSIGNMENT((#7590));
#7269=PRESENTATION_STYLE_ASSIGNMENT((#7591));
#7270=PRESENTATION_STYLE_ASSIGNMENT((#7592));
#7271=PRESENTATION_STYLE_ASSIGNMENT((#7593));
#7272=PRESENTATION_STYLE_ASSIGNMENT((#7594));
#7273=PRESENTATION_STYLE_ASSIGNMENT((#7595));
#7274=PRESENTATION_STYLE_ASSIGNMENT((#7596));
#7275=PRESENTATION_STYLE_ASSIGNMENT((#7597));
#7276=PRESENTATION_STYLE_ASSIGNMENT((#7598));
#7277=PRESENTATION_STYLE_ASSIGNMENT((#7599));
#7278=PRESENTATION_STYLE_ASSIGNMENT((#7600));
#7279=PRESENTATION_STYLE_ASSIGNMENT((#7601));
#7280=PRESENTATION_STYLE_ASSIGNMENT((#7602));
#7281=PRESENTATION_STYLE_ASSIGNMENT((#7603));
#7282=PRESENTATION_STYLE_ASSIGNMENT((#7604));
#7283=PRESENTATION_STYLE_ASSIGNMENT((#7605));
#7284=PRESENTATION_STYLE_ASSIGNMENT((#7606));
#7285=PRESENTATION_STYLE_ASSIGNMENT((#7607));
#7286=PRESENTATION_STYLE_ASSIGNMENT((#7608));
#7287=PRESENTATION_STYLE_ASSIGNMENT((#7609));
#7288=PRESENTATION_STYLE_ASSIGNMENT((#7610));
#7289=PRESENTATION_STYLE_ASSIGNMENT((#7611));
#7290=PRESENTATION_STYLE_ASSIGNMENT((#7612));
#7291=PRESENTATION_STYLE_ASSIGNMENT((#7613));
#7292=PRESENTATION_STYLE_ASSIGNMENT((#7614));
#7293=PRESENTATION_STYLE_ASSIGNMENT((#7615));
#7294=PRESENTATION_STYLE_ASSIGNMENT((#7616));
#7295=PRESENTATION_STYLE_ASSIGNMENT((#7617));
#7296=PRESENTATION_STYLE_ASSIGNMENT((#7618));
#7297=PRESENTATION_STYLE_ASSIGNMENT((#7619));
#7298=PRESENTATION_STYLE_ASSIGNMENT((#7620));
#7299=PRESENTATION_STYLE_ASSIGNMENT((#7621));
#7300=PRESENTATION_STYLE_ASSIGNMENT((#7622));
#7301=PRESENTATION_STYLE_ASSIGNMENT((#7623));
#7302=PRESENTATION_STYLE_ASSIGNMENT((#7624));
#7303=PRESENTATION_STYLE_ASSIGNMENT((#7625));
#7304=PRESENTATION_STYLE_ASSIGNMENT((#7626));
#7305=PRESENTATION_STYLE_ASSIGNMENT((#7627));
#7306=PRESENTATION_STYLE_ASSIGNMENT((#7628));
#7307=PRESENTATION_STYLE_ASSIGNMENT((#7629));
#7308=PRESENTATION_STYLE_ASSIGNMENT((#7630));
#7309=PRESENTATION_STYLE_ASSIGNMENT((#7631));
#7310=PRESENTATION_STYLE_ASSIGNMENT((#7632));
#7311=PRESENTATION_STYLE_ASSIGNMENT((#7633));
#7312=PRESENTATION_STYLE_ASSIGNMENT((#7634));
#7313=PRESENTATION_STYLE_ASSIGNMENT((#7635));
#7314=PRESENTATION_STYLE_ASSIGNMENT((#7636));
#7315=PRESENTATION_STYLE_ASSIGNMENT((#7637));
#7316=PRESENTATION_STYLE_ASSIGNMENT((#7638));
#7317=PRESENTATION_STYLE_ASSIGNMENT((#7639));
#7318=PRESENTATION_STYLE_ASSIGNMENT((#7640));
#7319=PRESENTATION_STYLE_ASSIGNMENT((#7641));
#7320=PRESENTATION_STYLE_ASSIGNMENT((#7642));
#7321=PRESENTATION_STYLE_ASSIGNMENT((#7643));
#7322=PRESENTATION_STYLE_ASSIGNMENT((#7644));
#7323=PRESENTATION_STYLE_ASSIGNMENT((#7645));
#7324=PRESENTATION_STYLE_ASSIGNMENT((#7646));
#7325=PRESENTATION_STYLE_ASSIGNMENT((#7647));
#7326=PRESENTATION_STYLE_ASSIGNMENT((#7648));
#7327=PRESENTATION_STYLE_ASSIGNMENT((#7649));
#7328=PRESENTATION_STYLE_ASSIGNMENT((#7650));
#7329=PRESENTATION_STYLE_ASSIGNMENT((#7651));
#7330=PRESENTATION_STYLE_ASSIGNMENT((#7652));
#7331=PRESENTATION_STYLE_ASSIGNMENT((#7653));
#7332=PRESENTATION_STYLE_ASSIGNMENT((#7654));
#7333=PRESENTATION_STYLE_ASSIGNMENT((#7655));
#7334=PRESENTATION_STYLE_ASSIGNMENT((#7656));
#7335=PRESENTATION_STYLE_ASSIGNMENT((#7657));
#7336=PRESENTATION_STYLE_ASSIGNMENT((#7658));
#7337=PRESENTATION_STYLE_ASSIGNMENT((#7659));
#7338=PRESENTATION_STYLE_ASSIGNMENT((#7660));
#7339=PRESENTATION_STYLE_ASSIGNMENT((#7661));
#7340=PRESENTATION_STYLE_ASSIGNMENT((#7662));
#7341=PRESENTATION_STYLE_ASSIGNMENT((#7663));
#7342=PRESENTATION_STYLE_ASSIGNMENT((#7664));
#7343=PRESENTATION_STYLE_ASSIGNMENT((#7665));
#7344=PRESENTATION_STYLE_ASSIGNMENT((#7666));
#7345=PRESENTATION_STYLE_ASSIGNMENT((#7667));
#7346=PRESENTATION_STYLE_ASSIGNMENT((#7668));
#7347=PRESENTATION_STYLE_ASSIGNMENT((#7669));
#7348=PRESENTATION_STYLE_ASSIGNMENT((#7670));
#7349=PRESENTATION_STYLE_ASSIGNMENT((#7671));
#7350=PRESENTATION_STYLE_ASSIGNMENT((#7672));
#7351=PRESENTATION_STYLE_ASSIGNMENT((#7673));
#7352=PRESENTATION_STYLE_ASSIGNMENT((#7674));
#7353=PRESENTATION_STYLE_ASSIGNMENT((#7675));
#7354=PRESENTATION_STYLE_ASSIGNMENT((#7676));
#7355=PRESENTATION_STYLE_ASSIGNMENT((#7677));
#7356=PRESENTATION_STYLE_ASSIGNMENT((#7678));
#7357=PRESENTATION_STYLE_ASSIGNMENT((#7679));
#7358=PRESENTATION_STYLE_ASSIGNMENT((#7680));
#7359=PRESENTATION_STYLE_ASSIGNMENT((#7681));
#7360=PRESENTATION_STYLE_ASSIGNMENT((#7682));
#7361=PRESENTATION_STYLE_ASSIGNMENT((#7683));
#7362=PRESENTATION_STYLE_ASSIGNMENT((#7684));
#7363=PRESENTATION_STYLE_ASSIGNMENT((#7685));
#7364=PRESENTATION_STYLE_ASSIGNMENT((#7686));
#7365=PRESENTATION_STYLE_ASSIGNMENT((#7687));
#7366=PRESENTATION_STYLE_ASSIGNMENT((#7688));
#7367=PRESENTATION_STYLE_ASSIGNMENT((#7689));
#7368=PRESENTATION_STYLE_ASSIGNMENT((#7690));
#7369=PRESENTATION_STYLE_ASSIGNMENT((#7691));
#7370=PRESENTATION_STYLE_ASSIGNMENT((#7692));
#7371=PRESENTATION_STYLE_ASSIGNMENT((#7693));
#7372=PRESENTATION_STYLE_ASSIGNMENT((#7694));
#7373=PRESENTATION_STYLE_ASSIGNMENT((#7695));
#7374=PRESENTATION_STYLE_ASSIGNMENT((#7696));
#7375=PRESENTATION_STYLE_ASSIGNMENT((#7697));
#7376=PRESENTATION_STYLE_ASSIGNMENT((#7698));
#7377=PRESENTATION_STYLE_ASSIGNMENT((#7699));
#7378=PRESENTATION_STYLE_ASSIGNMENT((#7700));
#7379=PRESENTATION_STYLE_ASSIGNMENT((#7701));
#7380=PRESENTATION_STYLE_ASSIGNMENT((#7702));
#7381=PRESENTATION_STYLE_ASSIGNMENT((#7703));
#7382=PRESENTATION_STYLE_ASSIGNMENT((#7704));
#7383=PRESENTATION_STYLE_ASSIGNMENT((#7705));
#7384=PRESENTATION_STYLE_ASSIGNMENT((#7706));
#7385=PRESENTATION_STYLE_ASSIGNMENT((#7707));
#7386=PRESENTATION_STYLE_ASSIGNMENT((#7708));
#7387=PRESENTATION_STYLE_ASSIGNMENT((#7709));
#7388=PRESENTATION_STYLE_ASSIGNMENT((#7710));
#7389=PRESENTATION_STYLE_ASSIGNMENT((#7711));
#7390=PRESENTATION_STYLE_ASSIGNMENT((#7712));
#7391=PRESENTATION_STYLE_ASSIGNMENT((#7713));
#7392=PRESENTATION_STYLE_ASSIGNMENT((#7714));
#7393=PRESENTATION_STYLE_ASSIGNMENT((#7715));
#7394=PRESENTATION_STYLE_ASSIGNMENT((#7716));
#7395=PRESENTATION_STYLE_ASSIGNMENT((#7717));
#7396=PRESENTATION_STYLE_ASSIGNMENT((#7718));
#7397=PRESENTATION_STYLE_ASSIGNMENT((#7719));
#7398=PRESENTATION_STYLE_ASSIGNMENT((#7720));
#7399=PRESENTATION_STYLE_ASSIGNMENT((#7721));
#7400=PRESENTATION_STYLE_ASSIGNMENT((#7722));
#7401=PRESENTATION_STYLE_ASSIGNMENT((#7723));
#7402=PRESENTATION_STYLE_ASSIGNMENT((#7724));
#7403=PRESENTATION_STYLE_ASSIGNMENT((#7725));
#7404=PRESENTATION_STYLE_ASSIGNMENT((#7726));
#7405=PRESENTATION_STYLE_ASSIGNMENT((#7727));
#7406=PRESENTATION_STYLE_ASSIGNMENT((#7728));
#7407=PRESENTATION_STYLE_ASSIGNMENT((#7729));
#7408=PRESENTATION_STYLE_ASSIGNMENT((#7730));
#7409=PRESENTATION_STYLE_ASSIGNMENT((#7731));
#7410=PRESENTATION_STYLE_ASSIGNMENT((#7732));
#7411=PRESENTATION_STYLE_ASSIGNMENT((#7733));
#7412=PRESENTATION_STYLE_ASSIGNMENT((#7734));
#7413=PRESENTATION_STYLE_ASSIGNMENT((#7735));
#7414=SURFACE_STYLE_USAGE(.BOTH.,#7736);
#7415=SURFACE_STYLE_USAGE(.BOTH.,#7737);
#7416=SURFACE_STYLE_USAGE(.BOTH.,#7738);
#7417=SURFACE_STYLE_USAGE(.BOTH.,#7739);
#7418=SURFACE_STYLE_USAGE(.BOTH.,#7740);
#7419=SURFACE_STYLE_USAGE(.BOTH.,#7741);
#7420=SURFACE_STYLE_USAGE(.BOTH.,#7742);
#7421=SURFACE_STYLE_USAGE(.BOTH.,#7743);
#7422=SURFACE_STYLE_USAGE(.BOTH.,#7744);
#7423=SURFACE_STYLE_USAGE(.BOTH.,#7745);
#7424=SURFACE_STYLE_USAGE(.BOTH.,#7746);
#7425=SURFACE_STYLE_USAGE(.BOTH.,#7747);
#7426=SURFACE_STYLE_USAGE(.BOTH.,#7748);
#7427=SURFACE_STYLE_USAGE(.BOTH.,#7749);
#7428=SURFACE_STYLE_USAGE(.BOTH.,#7750);
#7429=SURFACE_STYLE_USAGE(.BOTH.,#7751);
#7430=SURFACE_STYLE_USAGE(.BOTH.,#7752);
#7431=SURFACE_STYLE_USAGE(.BOTH.,#7753);
#7432=SURFACE_STYLE_USAGE(.BOTH.,#7754);
#7433=SURFACE_STYLE_USAGE(.BOTH.,#7755);
#7434=SURFACE_STYLE_USAGE(.BOTH.,#7756);
#7435=SURFACE_STYLE_USAGE(.BOTH.,#7757);
#7436=SURFACE_STYLE_USAGE(.BOTH.,#7758);
#7437=SURFACE_STYLE_USAGE(.BOTH.,#7759);
#7438=SURFACE_STYLE_USAGE(.BOTH.,#7760);
#7439=SURFACE_STYLE_USAGE(.BOTH.,#7761);
#7440=SURFACE_STYLE_USAGE(.BOTH.,#7762);
#7441=SURFACE_STYLE_USAGE(.BOTH.,#7763);
#7442=SURFACE_STYLE_USAGE(.BOTH.,#7764);
#7443=SURFACE_STYLE_USAGE(.BOTH.,#7765);
#7444=SURFACE_STYLE_USAGE(.BOTH.,#7766);
#7445=SURFACE_STYLE_USAGE(.BOTH.,#7767);
#7446=SURFACE_STYLE_USAGE(.BOTH.,#7768);
#7447=SURFACE_STYLE_USAGE(.BOTH.,#7769);
#7448=SURFACE_STYLE_USAGE(.BOTH.,#7770);
#7449=SURFACE_STYLE_USAGE(.BOTH.,#7771);
#7450=SURFACE_STYLE_USAGE(.BOTH.,#7772);
#7451=SURFACE_STYLE_USAGE(.BOTH.,#7773);
#7452=SURFACE_STYLE_USAGE(.BOTH.,#7774);
#7453=SURFACE_STYLE_USAGE(.BOTH.,#7775);
#7454=SURFACE_STYLE_USAGE(.BOTH.,#7776);
#7455=SURFACE_STYLE_USAGE(.BOTH.,#7777);
#7456=SURFACE_STYLE_USAGE(.BOTH.,#7778);
#7457=SURFACE_STYLE_USAGE(.BOTH.,#7779);
#7458=SURFACE_STYLE_USAGE(.BOTH.,#7780);
#7459=SURFACE_STYLE_USAGE(.BOTH.,#7781);
#7460=SURFACE_STYLE_USAGE(.BOTH.,#7782);
#7461=SURFACE_STYLE_USAGE(.BOTH.,#7783);
#7462=SURFACE_STYLE_USAGE(.BOTH.,#7784);
#7463=SURFACE_STYLE_USAGE(.BOTH.,#7785);
#7464=SURFACE_STYLE_USAGE(.BOTH.,#7786);
#7465=SURFACE_STYLE_USAGE(.BOTH.,#7787);
#7466=SURFACE_STYLE_USAGE(.BOTH.,#7788);
#7467=SURFACE_STYLE_USAGE(.BOTH.,#7789);
#7468=SURFACE_STYLE_USAGE(.BOTH.,#7790);
#7469=SURFACE_STYLE_USAGE(.BOTH.,#7791);
#7470=SURFACE_STYLE_USAGE(.BOTH.,#7792);
#7471=SURFACE_STYLE_USAGE(.BOTH.,#7793);
#7472=SURFACE_STYLE_USAGE(.BOTH.,#7794);
#7473=SURFACE_STYLE_USAGE(.BOTH.,#7795);
#7474=SURFACE_STYLE_USAGE(.BOTH.,#7796);
#7475=SURFACE_STYLE_USAGE(.BOTH.,#7797);
#7476=SURFACE_STYLE_USAGE(.BOTH.,#7798);
#7477=SURFACE_STYLE_USAGE(.BOTH.,#7799);
#7478=SURFACE_STYLE_USAGE(.BOTH.,#7800);
#7479=SURFACE_STYLE_USAGE(.BOTH.,#7801);
#7480=SURFACE_STYLE_USAGE(.BOTH.,#7802);
#7481=SURFACE_STYLE_USAGE(.BOTH.,#7803);
#7482=SURFACE_STYLE_USAGE(.BOTH.,#7804);
#7483=SURFACE_STYLE_USAGE(.BOTH.,#7805);
#7484=SURFACE_STYLE_USAGE(.BOTH.,#7806);
#7485=SURFACE_STYLE_USAGE(.BOTH.,#7807);
#7486=SURFACE_STYLE_USAGE(.BOTH.,#7808);
#7487=SURFACE_STYLE_USAGE(.BOTH.,#7809);
#7488=SURFACE_STYLE_USAGE(.BOTH.,#7810);
#7489=SURFACE_STYLE_USAGE(.BOTH.,#7811);
#7490=SURFACE_STYLE_USAGE(.BOTH.,#7812);
#7491=SURFACE_STYLE_USAGE(.BOTH.,#7813);
#7492=SURFACE_STYLE_USAGE(.BOTH.,#7814);
#7493=SURFACE_STYLE_USAGE(.BOTH.,#7815);
#7494=SURFACE_STYLE_USAGE(.BOTH.,#7816);
#7495=SURFACE_STYLE_USAGE(.BOTH.,#7817);
#7496=SURFACE_STYLE_USAGE(.BOTH.,#7818);
#7497=SURFACE_STYLE_USAGE(.BOTH.,#7819);
#7498=SURFACE_STYLE_USAGE(.BOTH.,#7820);
#7499=SURFACE_STYLE_USAGE(.BOTH.,#7821);
#7500=SURFACE_STYLE_USAGE(.BOTH.,#7822);
#7501=SURFACE_STYLE_USAGE(.BOTH.,#7823);
#7502=SURFACE_STYLE_USAGE(.BOTH.,#7824);
#7503=SURFACE_STYLE_USAGE(.BOTH.,#7825);
#7504=SURFACE_STYLE_USAGE(.BOTH.,#7826);
#7505=SURFACE_STYLE_USAGE(.BOTH.,#7827);
#7506=SURFACE_STYLE_USAGE(.BOTH.,#7828);
#7507=SURFACE_STYLE_USAGE(.BOTH.,#7829);
#7508=SURFACE_STYLE_USAGE(.BOTH.,#7830);
#7509=SURFACE_STYLE_USAGE(.BOTH.,#7831);
#7510=SURFACE_STYLE_USAGE(.BOTH.,#7832);
#7511=SURFACE_STYLE_USAGE(.BOTH.,#7833);
#7512=SURFACE_STYLE_USAGE(.BOTH.,#7834);
#7513=SURFACE_STYLE_USAGE(.BOTH.,#7835);
#7514=SURFACE_STYLE_USAGE(.BOTH.,#7836);
#7515=SURFACE_STYLE_USAGE(.BOTH.,#7837);
#7516=SURFACE_STYLE_USAGE(.BOTH.,#7838);
#7517=SURFACE_STYLE_USAGE(.BOTH.,#7839);
#7518=SURFACE_STYLE_USAGE(.BOTH.,#7840);
#7519=SURFACE_STYLE_USAGE(.BOTH.,#7841);
#7520=SURFACE_STYLE_USAGE(.BOTH.,#7842);
#7521=SURFACE_STYLE_USAGE(.BOTH.,#7843);
#7522=SURFACE_STYLE_USAGE(.BOTH.,#7844);
#7523=SURFACE_STYLE_USAGE(.BOTH.,#7845);
#7524=SURFACE_STYLE_USAGE(.BOTH.,#7846);
#7525=SURFACE_STYLE_USAGE(.BOTH.,#7847);
#7526=SURFACE_STYLE_USAGE(.BOTH.,#7848);
#7527=SURFACE_STYLE_USAGE(.BOTH.,#7849);
#7528=SURFACE_STYLE_USAGE(.BOTH.,#7850);
#7529=SURFACE_STYLE_USAGE(.BOTH.,#7851);
#7530=SURFACE_STYLE_USAGE(.BOTH.,#7852);
#7531=SURFACE_STYLE_USAGE(.BOTH.,#7853);
#7532=SURFACE_STYLE_USAGE(.BOTH.,#7854);
#7533=SURFACE_STYLE_USAGE(.BOTH.,#7855);
#7534=SURFACE_STYLE_USAGE(.BOTH.,#7856);
#7535=SURFACE_STYLE_USAGE(.BOTH.,#7857);
#7536=SURFACE_STYLE_USAGE(.BOTH.,#7858);
#7537=SURFACE_STYLE_USAGE(.BOTH.,#7859);
#7538=SURFACE_STYLE_USAGE(.BOTH.,#7860);
#7539=SURFACE_STYLE_USAGE(.BOTH.,#7861);
#7540=SURFACE_STYLE_USAGE(.BOTH.,#7862);
#7541=SURFACE_STYLE_USAGE(.BOTH.,#7863);
#7542=SURFACE_STYLE_USAGE(.BOTH.,#7864);
#7543=SURFACE_STYLE_USAGE(.BOTH.,#7865);
#7544=SURFACE_STYLE_USAGE(.BOTH.,#7866);
#7545=SURFACE_STYLE_USAGE(.BOTH.,#7867);
#7546=SURFACE_STYLE_USAGE(.BOTH.,#7868);
#7547=SURFACE_STYLE_USAGE(.BOTH.,#7869);
#7548=SURFACE_STYLE_USAGE(.BOTH.,#7870);
#7549=SURFACE_STYLE_USAGE(.BOTH.,#7871);
#7550=SURFACE_STYLE_USAGE(.BOTH.,#7872);
#7551=SURFACE_STYLE_USAGE(.BOTH.,#7873);
#7552=SURFACE_STYLE_USAGE(.BOTH.,#7874);
#7553=SURFACE_STYLE_USAGE(.BOTH.,#7875);
#7554=SURFACE_STYLE_USAGE(.BOTH.,#7876);
#7555=SURFACE_STYLE_USAGE(.BOTH.,#7877);
#7556=SURFACE_STYLE_USAGE(.BOTH.,#7878);
#7557=SURFACE_STYLE_USAGE(.BOTH.,#7879);
#7558=SURFACE_STYLE_USAGE(.BOTH.,#7880);
#7559=SURFACE_STYLE_USAGE(.BOTH.,#7881);
#7560=SURFACE_STYLE_USAGE(.BOTH.,#7882);
#7561=SURFACE_STYLE_USAGE(.BOTH.,#7883);
#7562=SURFACE_STYLE_USAGE(.BOTH.,#7884);
#7563=SURFACE_STYLE_USAGE(.BOTH.,#7885);
#7564=SURFACE_STYLE_USAGE(.BOTH.,#7886);
#7565=SURFACE_STYLE_USAGE(.BOTH.,#7887);
#7566=SURFACE_STYLE_USAGE(.BOTH.,#7888);
#7567=SURFACE_STYLE_USAGE(.BOTH.,#7889);
#7568=SURFACE_STYLE_USAGE(.BOTH.,#7890);
#7569=SURFACE_STYLE_USAGE(.BOTH.,#7891);
#7570=SURFACE_STYLE_USAGE(.BOTH.,#7892);
#7571=SURFACE_STYLE_USAGE(.BOTH.,#7893);
#7572=SURFACE_STYLE_USAGE(.BOTH.,#7894);
#7573=SURFACE_STYLE_USAGE(.BOTH.,#7895);
#7574=SURFACE_STYLE_USAGE(.BOTH.,#7896);
#7575=SURFACE_STYLE_USAGE(.BOTH.,#7897);
#7576=SURFACE_STYLE_USAGE(.BOTH.,#7898);
#7577=SURFACE_STYLE_USAGE(.BOTH.,#7899);
#7578=SURFACE_STYLE_USAGE(.BOTH.,#7900);
#7579=SURFACE_STYLE_USAGE(.BOTH.,#7901);
#7580=SURFACE_STYLE_USAGE(.BOTH.,#7902);
#7581=SURFACE_STYLE_USAGE(.BOTH.,#7903);
#7582=SURFACE_STYLE_USAGE(.BOTH.,#7904);
#7583=SURFACE_STYLE_USAGE(.BOTH.,#7905);
#7584=SURFACE_STYLE_USAGE(.BOTH.,#7906);
#7585=SURFACE_STYLE_USAGE(.BOTH.,#7907);
#7586=SURFACE_STYLE_USAGE(.BOTH.,#7908);
#7587=SURFACE_STYLE_USAGE(.BOTH.,#7909);
#7588=SURFACE_STYLE_USAGE(.BOTH.,#7910);
#7589=SURFACE_STYLE_USAGE(.BOTH.,#7911);
#7590=SURFACE_STYLE_USAGE(.BOTH.,#7912);
#7591=SURFACE_STYLE_USAGE(.BOTH.,#7913);
#7592=SURFACE_STYLE_USAGE(.BOTH.,#7914);
#7593=SURFACE_STYLE_USAGE(.BOTH.,#7915);
#7594=SURFACE_STYLE_USAGE(.BOTH.,#7916);
#7595=SURFACE_STYLE_USAGE(.BOTH.,#7917);
#7596=SURFACE_STYLE_USAGE(.BOTH.,#7918);
#7597=SURFACE_STYLE_USAGE(.BOTH.,#7919);
#7598=SURFACE_STYLE_USAGE(.BOTH.,#7920);
#7599=SURFACE_STYLE_USAGE(.BOTH.,#7921);
#7600=SURFACE_STYLE_USAGE(.BOTH.,#7922);
#7601=SURFACE_STYLE_USAGE(.BOTH.,#7923);
#7602=SURFACE_STYLE_USAGE(.BOTH.,#7924);
#7603=SURFACE_STYLE_USAGE(.BOTH.,#7925);
#7604=SURFACE_STYLE_USAGE(.BOTH.,#7926);
#7605=SURFACE_STYLE_USAGE(.BOTH.,#7927);
#7606=SURFACE_STYLE_USAGE(.BOTH.,#7928);
#7607=SURFACE_STYLE_USAGE(.BOTH.,#7929);
#7608=SURFACE_STYLE_USAGE(.BOTH.,#7930);
#7609=SURFACE_STYLE_USAGE(.BOTH.,#7931);
#7610=SURFACE_STYLE_USAGE(.BOTH.,#7932);
#7611=SURFACE_STYLE_USAGE(.BOTH.,#7933);
#7612=SURFACE_STYLE_USAGE(.BOTH.,#7934);
#7613=SURFACE_STYLE_USAGE(.BOTH.,#7935);
#7614=SURFACE_STYLE_USAGE(.BOTH.,#7936);
#7615=SURFACE_STYLE_USAGE(.BOTH.,#7937);
#7616=SURFACE_STYLE_USAGE(.BOTH.,#7938);
#7617=SURFACE_STYLE_USAGE(.BOTH.,#7939);
#7618=SURFACE_STYLE_USAGE(.BOTH.,#7940);
#7619=SURFACE_STYLE_USAGE(.BOTH.,#7941);
#7620=SURFACE_STYLE_USAGE(.BOTH.,#7942);
#7621=SURFACE_STYLE_USAGE(.BOTH.,#7943);
#7622=SURFACE_STYLE_USAGE(.BOTH.,#7944);
#7623=SURFACE_STYLE_USAGE(.BOTH.,#7945);
#7624=SURFACE_STYLE_USAGE(.BOTH.,#7946);
#7625=SURFACE_STYLE_USAGE(.BOTH.,#7947);
#7626=SURFACE_STYLE_USAGE(.BOTH.,#7948);
#7627=SURFACE_STYLE_USAGE(.BOTH.,#7949);
#7628=SURFACE_STYLE_USAGE(.BOTH.,#7950);
#7629=SURFACE_STYLE_USAGE(.BOTH.,#7951);
#7630=SURFACE_STYLE_USAGE(.BOTH.,#7952);
#7631=SURFACE_STYLE_USAGE(.BOTH.,#7953);
#7632=SURFACE_STYLE_USAGE(.BOTH.,#7954);
#7633=SURFACE_STYLE_USAGE(.BOTH.,#7955);
#7634=SURFACE_STYLE_USAGE(.BOTH.,#7956);
#7635=SURFACE_STYLE_USAGE(.BOTH.,#7957);
#7636=SURFACE_STYLE_USAGE(.BOTH.,#7958);
#7637=SURFACE_STYLE_USAGE(.BOTH.,#7959);
#7638=SURFACE_STYLE_USAGE(.BOTH.,#7960);
#7639=SURFACE_STYLE_USAGE(.BOTH.,#7961);
#7640=SURFACE_STYLE_USAGE(.BOTH.,#7962);
#7641=SURFACE_STYLE_USAGE(.BOTH.,#7963);
#7642=SURFACE_STYLE_USAGE(.BOTH.,#7964);
#7643=SURFACE_STYLE_USAGE(.BOTH.,#7965);
#7644=SURFACE_STYLE_USAGE(.BOTH.,#7966);
#7645=SURFACE_STYLE_USAGE(.BOTH.,#7967);
#7646=SURFACE_STYLE_USAGE(.BOTH.,#7968);
#7647=SURFACE_STYLE_USAGE(.BOTH.,#7969);
#7648=SURFACE_STYLE_USAGE(.BOTH.,#7970);
#7649=SURFACE_STYLE_USAGE(.BOTH.,#7971);
#7650=SURFACE_STYLE_USAGE(.BOTH.,#7972);
#7651=SURFACE_STYLE_USAGE(.BOTH.,#7973);
#7652=SURFACE_STYLE_USAGE(.BOTH.,#7974);
#7653=SURFACE_STYLE_USAGE(.BOTH.,#7975);
#7654=SURFACE_STYLE_USAGE(.BOTH.,#7976);
#7655=SURFACE_STYLE_USAGE(.BOTH.,#7977);
#7656=SURFACE_STYLE_USAGE(.BOTH.,#7978);
#7657=SURFACE_STYLE_USAGE(.BOTH.,#7979);
#7658=SURFACE_STYLE_USAGE(.BOTH.,#7980);
#7659=SURFACE_STYLE_USAGE(.BOTH.,#7981);
#7660=SURFACE_STYLE_USAGE(.BOTH.,#7982);
#7661=SURFACE_STYLE_USAGE(.BOTH.,#7983);
#7662=SURFACE_STYLE_USAGE(.BOTH.,#7984);
#7663=SURFACE_STYLE_USAGE(.BOTH.,#7985);
#7664=SURFACE_STYLE_USAGE(.BOTH.,#7986);
#7665=SURFACE_STYLE_USAGE(.BOTH.,#7987);
#7666=SURFACE_STYLE_USAGE(.BOTH.,#7988);
#7667=SURFACE_STYLE_USAGE(.BOTH.,#7989);
#7668=SURFACE_STYLE_USAGE(.BOTH.,#7990);
#7669=SURFACE_STYLE_USAGE(.BOTH.,#7991);
#7670=SURFACE_STYLE_USAGE(.BOTH.,#7992);
#7671=SURFACE_STYLE_USAGE(.BOTH.,#7993);
#7672=SURFACE_STYLE_USAGE(.BOTH.,#7994);
#7673=SURFACE_STYLE_USAGE(.BOTH.,#7995);
#7674=SURFACE_STYLE_USAGE(.BOTH.,#7996);
#7675=SURFACE_STYLE_USAGE(.BOTH.,#7997);
#7676=SURFACE_STYLE_USAGE(.BOTH.,#7998);
#7677=SURFACE_STYLE_USAGE(.BOTH.,#7999);
#7678=SURFACE_STYLE_USAGE(.BOTH.,#8000);
#7679=SURFACE_STYLE_USAGE(.BOTH.,#8001);
#7680=SURFACE_STYLE_USAGE(.BOTH.,#8002);
#7681=SURFACE_STYLE_USAGE(.BOTH.,#8003);
#7682=SURFACE_STYLE_USAGE(.BOTH.,#8004);
#7683=SURFACE_STYLE_USAGE(.BOTH.,#8005);
#7684=SURFACE_STYLE_USAGE(.BOTH.,#8006);
#7685=SURFACE_STYLE_USAGE(.BOTH.,#8007);
#7686=SURFACE_STYLE_USAGE(.BOTH.,#8008);
#7687=SURFACE_STYLE_USAGE(.BOTH.,#8009);
#7688=SURFACE_STYLE_USAGE(.BOTH.,#8010);
#7689=SURFACE_STYLE_USAGE(.BOTH.,#8011);
#7690=SURFACE_STYLE_USAGE(.BOTH.,#8012);
#7691=SURFACE_STYLE_USAGE(.BOTH.,#8013);
#7692=SURFACE_STYLE_USAGE(.BOTH.,#8014);
#7693=SURFACE_STYLE_USAGE(.BOTH.,#8015);
#7694=SURFACE_STYLE_USAGE(.BOTH.,#8016);
#7695=SURFACE_STYLE_USAGE(.BOTH.,#8017);
#7696=SURFACE_STYLE_USAGE(.BOTH.,#8018);
#7697=SURFACE_STYLE_USAGE(.BOTH.,#8019);
#7698=SURFACE_STYLE_USAGE(.BOTH.,#8020);
#7699=SURFACE_STYLE_USAGE(.BOTH.,#8021);
#7700=SURFACE_STYLE_USAGE(.BOTH.,#8022);
#7701=SURFACE_STYLE_USAGE(.BOTH.,#8023);
#7702=SURFACE_STYLE_USAGE(.BOTH.,#8024);
#7703=SURFACE_STYLE_USAGE(.BOTH.,#8025);
#7704=SURFACE_STYLE_USAGE(.BOTH.,#8026);
#7705=SURFACE_STYLE_USAGE(.BOTH.,#8027);
#7706=SURFACE_STYLE_USAGE(.BOTH.,#8028);
#7707=SURFACE_STYLE_USAGE(.BOTH.,#8029);
#7708=SURFACE_STYLE_USAGE(.BOTH.,#8030);
#7709=SURFACE_STYLE_USAGE(.BOTH.,#8031);
#7710=SURFACE_STYLE_USAGE(.BOTH.,#8032);
#7711=SURFACE_STYLE_USAGE(.BOTH.,#8033);
#7712=SURFACE_STYLE_USAGE(.BOTH.,#8034);
#7713=SURFACE_STYLE_USAGE(.BOTH.,#8035);
#7714=SURFACE_STYLE_USAGE(.BOTH.,#8036);
#7715=SURFACE_STYLE_USAGE(.BOTH.,#8037);
#7716=SURFACE_STYLE_USAGE(.BOTH.,#8038);
#7717=SURFACE_STYLE_USAGE(.BOTH.,#8039);
#7718=SURFACE_STYLE_USAGE(.BOTH.,#8040);
#7719=SURFACE_STYLE_USAGE(.BOTH.,#8041);
#7720=SURFACE_STYLE_USAGE(.BOTH.,#8042);
#7721=SURFACE_STYLE_USAGE(.BOTH.,#8043);
#7722=SURFACE_STYLE_USAGE(.BOTH.,#8044);
#7723=SURFACE_STYLE_USAGE(.BOTH.,#8045);
#7724=SURFACE_STYLE_USAGE(.BOTH.,#8046);
#7725=SURFACE_STYLE_USAGE(.BOTH.,#8047);
#7726=SURFACE_STYLE_USAGE(.BOTH.,#8048);
#7727=SURFACE_STYLE_USAGE(.BOTH.,#8049);
#7728=SURFACE_STYLE_USAGE(.BOTH.,#8050);
#7729=SURFACE_STYLE_USAGE(.BOTH.,#8051);
#7730=SURFACE_STYLE_USAGE(.BOTH.,#8052);
#7731=SURFACE_STYLE_USAGE(.BOTH.,#8053);
#7732=SURFACE_STYLE_USAGE(.BOTH.,#8054);
#7733=SURFACE_STYLE_USAGE(.BOTH.,#8055);
#7734=SURFACE_STYLE_USAGE(.BOTH.,#8056);
#7735=SURFACE_STYLE_USAGE(.BOTH.,#8057);
#7736=SURFACE_SIDE_STYLE('',(#8058));
#7737=SURFACE_SIDE_STYLE('',(#8059));
#7738=SURFACE_SIDE_STYLE('',(#8060));
#7739=SURFACE_SIDE_STYLE('',(#8061));
#7740=SURFACE_SIDE_STYLE('',(#8062));
#7741=SURFACE_SIDE_STYLE('',(#8063));
#7742=SURFACE_SIDE_STYLE('',(#8064));
#7743=SURFACE_SIDE_STYLE('',(#8065));
#7744=SURFACE_SIDE_STYLE('',(#8066));
#7745=SURFACE_SIDE_STYLE('',(#8067));
#7746=SURFACE_SIDE_STYLE('',(#8068));
#7747=SURFACE_SIDE_STYLE('',(#8069));
#7748=SURFACE_SIDE_STYLE('',(#8070));
#7749=SURFACE_SIDE_STYLE('',(#8071));
#7750=SURFACE_SIDE_STYLE('',(#8072));
#7751=SURFACE_SIDE_STYLE('',(#8073));
#7752=SURFACE_SIDE_STYLE('',(#8074));
#7753=SURFACE_SIDE_STYLE('',(#8075));
#7754=SURFACE_SIDE_STYLE('',(#8076));
#7755=SURFACE_SIDE_STYLE('',(#8077));
#7756=SURFACE_SIDE_STYLE('',(#8078));
#7757=SURFACE_SIDE_STYLE('',(#8079));
#7758=SURFACE_SIDE_STYLE('',(#8080));
#7759=SURFACE_SIDE_STYLE('',(#8081));
#7760=SURFACE_SIDE_STYLE('',(#8082));
#7761=SURFACE_SIDE_STYLE('',(#8083));
#7762=SURFACE_SIDE_STYLE('',(#8084));
#7763=SURFACE_SIDE_STYLE('',(#8085));
#7764=SURFACE_SIDE_STYLE('',(#8086));
#7765=SURFACE_SIDE_STYLE('',(#8087));
#7766=SURFACE_SIDE_STYLE('',(#8088));
#7767=SURFACE_SIDE_STYLE('',(#8089));
#7768=SURFACE_SIDE_STYLE('',(#8090));
#7769=SURFACE_SIDE_STYLE('',(#8091));
#7770=SURFACE_SIDE_STYLE('',(#8092));
#7771=SURFACE_SIDE_STYLE('',(#8093));
#7772=SURFACE_SIDE_STYLE('',(#8094));
#7773=SURFACE_SIDE_STYLE('',(#8095));
#7774=SURFACE_SIDE_STYLE('',(#8096));
#7775=SURFACE_SIDE_STYLE('',(#8097));
#7776=SURFACE_SIDE_STYLE('',(#8098));
#7777=SURFACE_SIDE_STYLE('',(#8099));
#7778=SURFACE_SIDE_STYLE('',(#8100));
#7779=SURFACE_SIDE_STYLE('',(#8101));
#7780=SURFACE_SIDE_STYLE('',(#8102));
#7781=SURFACE_SIDE_STYLE('',(#8103));
#7782=SURFACE_SIDE_STYLE('',(#8104));
#7783=SURFACE_SIDE_STYLE('',(#8105));
#7784=SURFACE_SIDE_STYLE('',(#8106));
#7785=SURFACE_SIDE_STYLE('',(#8107));
#7786=SURFACE_SIDE_STYLE('',(#8108));
#7787=SURFACE_SIDE_STYLE('',(#8109));
#7788=SURFACE_SIDE_STYLE('',(#8110));
#7789=SURFACE_SIDE_STYLE('',(#8111));
#7790=SURFACE_SIDE_STYLE('',(#8112));
#7791=SURFACE_SIDE_STYLE('',(#8113));
#7792=SURFACE_SIDE_STYLE('',(#8114));
#7793=SURFACE_SIDE_STYLE('',(#8115));
#7794=SURFACE_SIDE_STYLE('',(#8116));
#7795=SURFACE_SIDE_STYLE('',(#8117));
#7796=SURFACE_SIDE_STYLE('',(#8118));
#7797=SURFACE_SIDE_STYLE('',(#8119));
#7798=SURFACE_SIDE_STYLE('',(#8120));
#7799=SURFACE_SIDE_STYLE('',(#8121));
#7800=SURFACE_SIDE_STYLE('',(#8122));
#7801=SURFACE_SIDE_STYLE('',(#8123));
#7802=SURFACE_SIDE_STYLE('',(#8124));
#7803=SURFACE_SIDE_STYLE('',(#8125));
#7804=SURFACE_SIDE_STYLE('',(#8126));
#7805=SURFACE_SIDE_STYLE('',(#8127));
#7806=SURFACE_SIDE_STYLE('',(#8128));
#7807=SURFACE_SIDE_STYLE('',(#8129));
#7808=SURFACE_SIDE_STYLE('',(#8130));
#7809=SURFACE_SIDE_STYLE('',(#8131));
#7810=SURFACE_SIDE_STYLE('',(#8132));
#7811=SURFACE_SIDE_STYLE('',(#8133));
#7812=SURFACE_SIDE_STYLE('',(#8134));
#7813=SURFACE_SIDE_STYLE('',(#8135));
#7814=SURFACE_SIDE_STYLE('',(#8136));
#7815=SURFACE_SIDE_STYLE('',(#8137));
#7816=SURFACE_SIDE_STYLE('',(#8138));
#7817=SURFACE_SIDE_STYLE('',(#8139));
#7818=SURFACE_SIDE_STYLE('',(#8140));
#7819=SURFACE_SIDE_STYLE('',(#8141));
#7820=SURFACE_SIDE_STYLE('',(#8142));
#7821=SURFACE_SIDE_STYLE('',(#8143));
#7822=SURFACE_SIDE_STYLE('',(#8144));
#7823=SURFACE_SIDE_STYLE('',(#8145));
#7824=SURFACE_SIDE_STYLE('',(#8146));
#7825=SURFACE_SIDE_STYLE('',(#8147));
#7826=SURFACE_SIDE_STYLE('',(#8148));
#7827=SURFACE_SIDE_STYLE('',(#8149));
#7828=SURFACE_SIDE_STYLE('',(#8150));
#7829=SURFACE_SIDE_STYLE('',(#8151));
#7830=SURFACE_SIDE_STYLE('',(#8152));
#7831=SURFACE_SIDE_STYLE('',(#8153));
#7832=SURFACE_SIDE_STYLE('',(#8154));
#7833=SURFACE_SIDE_STYLE('',(#8155));
#7834=SURFACE_SIDE_STYLE('',(#8156));
#7835=SURFACE_SIDE_STYLE('',(#8157));
#7836=SURFACE_SIDE_STYLE('',(#8158));
#7837=SURFACE_SIDE_STYLE('',(#8159));
#7838=SURFACE_SIDE_STYLE('',(#8160));
#7839=SURFACE_SIDE_STYLE('',(#8161));
#7840=SURFACE_SIDE_STYLE('',(#8162));
#7841=SURFACE_SIDE_STYLE('',(#8163));
#7842=SURFACE_SIDE_STYLE('',(#8164));
#7843=SURFACE_SIDE_STYLE('',(#8165));
#7844=SURFACE_SIDE_STYLE('',(#8166));
#7845=SURFACE_SIDE_STYLE('',(#8167));
#7846=SURFACE_SIDE_STYLE('',(#8168));
#7847=SURFACE_SIDE_STYLE('',(#8169));
#7848=SURFACE_SIDE_STYLE('',(#8170));
#7849=SURFACE_SIDE_STYLE('',(#8171));
#7850=SURFACE_SIDE_STYLE('',(#8172));
#7851=SURFACE_SIDE_STYLE('',(#8173));
#7852=SURFACE_SIDE_STYLE('',(#8174));
#7853=SURFACE_SIDE_STYLE('',(#8175));
#7854=SURFACE_SIDE_STYLE('',(#8176));
#7855=SURFACE_SIDE_STYLE('',(#8177));
#7856=SURFACE_SIDE_STYLE('',(#8178));
#7857=SURFACE_SIDE_STYLE('',(#8179));
#7858=SURFACE_SIDE_STYLE('',(#8180));
#7859=SURFACE_SIDE_STYLE('',(#8181));
#7860=SURFACE_SIDE_STYLE('',(#8182));
#7861=SURFACE_SIDE_STYLE('',(#8183));
#7862=SURFACE_SIDE_STYLE('',(#8184));
#7863=SURFACE_SIDE_STYLE('',(#8185));
#7864=SURFACE_SIDE_STYLE('',(#8186));
#7865=SURFACE_SIDE_STYLE('',(#8187));
#7866=SURFACE_SIDE_STYLE('',(#8188));
#7867=SURFACE_SIDE_STYLE('',(#8189));
#7868=SURFACE_SIDE_STYLE('',(#8190));
#7869=SURFACE_SIDE_STYLE('',(#8191));
#7870=SURFACE_SIDE_STYLE('',(#8192));
#7871=SURFACE_SIDE_STYLE('',(#8193));
#7872=SURFACE_SIDE_STYLE('',(#8194));
#7873=SURFACE_SIDE_STYLE('',(#8195));
#7874=SURFACE_SIDE_STYLE('',(#8196));
#7875=SURFACE_SIDE_STYLE('',(#8197));
#7876=SURFACE_SIDE_STYLE('',(#8198));
#7877=SURFACE_SIDE_STYLE('',(#8199));
#7878=SURFACE_SIDE_STYLE('',(#8200));
#7879=SURFACE_SIDE_STYLE('',(#8201));
#7880=SURFACE_SIDE_STYLE('',(#8202));
#7881=SURFACE_SIDE_STYLE('',(#8203));
#7882=SURFACE_SIDE_STYLE('',(#8204));
#7883=SURFACE_SIDE_STYLE('',(#8205));
#7884=SURFACE_SIDE_STYLE('',(#8206));
#7885=SURFACE_SIDE_STYLE('',(#8207));
#7886=SURFACE_SIDE_STYLE('',(#8208));
#7887=SURFACE_SIDE_STYLE('',(#8209));
#7888=SURFACE_SIDE_STYLE('',(#8210));
#7889=SURFACE_SIDE_STYLE('',(#8211));
#7890=SURFACE_SIDE_STYLE('',(#8212));
#7891=SURFACE_SIDE_STYLE('',(#8213));
#7892=SURFACE_SIDE_STYLE('',(#8214));
#7893=SURFACE_SIDE_STYLE('',(#8215));
#7894=SURFACE_SIDE_STYLE('',(#8216));
#7895=SURFACE_SIDE_STYLE('',(#8217));
#7896=SURFACE_SIDE_STYLE('',(#8218));
#7897=SURFACE_SIDE_STYLE('',(#8219));
#7898=SURFACE_SIDE_STYLE('',(#8220));
#7899=SURFACE_SIDE_STYLE('',(#8221));
#7900=SURFACE_SIDE_STYLE('',(#8222));
#7901=SURFACE_SIDE_STYLE('',(#8223));
#7902=SURFACE_SIDE_STYLE('',(#8224));
#7903=SURFACE_SIDE_STYLE('',(#8225));
#7904=SURFACE_SIDE_STYLE('',(#8226));
#7905=SURFACE_SIDE_STYLE('',(#8227));
#7906=SURFACE_SIDE_STYLE('',(#8228));
#7907=SURFACE_SIDE_STYLE('',(#8229));
#7908=SURFACE_SIDE_STYLE('',(#8230));
#7909=SURFACE_SIDE_STYLE('',(#8231));
#7910=SURFACE_SIDE_STYLE('',(#8232));
#7911=SURFACE_SIDE_STYLE('',(#8233));
#7912=SURFACE_SIDE_STYLE('',(#8234));
#7913=SURFACE_SIDE_STYLE('',(#8235));
#7914=SURFACE_SIDE_STYLE('',(#8236));
#7915=SURFACE_SIDE_STYLE('',(#8237));
#7916=SURFACE_SIDE_STYLE('',(#8238));
#7917=SURFACE_SIDE_STYLE('',(#8239));
#7918=SURFACE_SIDE_STYLE('',(#8240));
#7919=SURFACE_SIDE_STYLE('',(#8241));
#7920=SURFACE_SIDE_STYLE('',(#8242));
#7921=SURFACE_SIDE_STYLE('',(#8243));
#7922=SURFACE_SIDE_STYLE('',(#8244));
#7923=SURFACE_SIDE_STYLE('',(#8245));
#7924=SURFACE_SIDE_STYLE('',(#8246));
#7925=SURFACE_SIDE_STYLE('',(#8247));
#7926=SURFACE_SIDE_STYLE('',(#8248));
#7927=SURFACE_SIDE_STYLE('',(#8249));
#7928=SURFACE_SIDE_STYLE('',(#8250));
#7929=SURFACE_SIDE_STYLE('',(#8251));
#7930=SURFACE_SIDE_STYLE('',(#8252));
#7931=SURFACE_SIDE_STYLE('',(#8253));
#7932=SURFACE_SIDE_STYLE('',(#8254));
#7933=SURFACE_SIDE_STYLE('',(#8255));
#7934=SURFACE_SIDE_STYLE('',(#8256));
#7935=SURFACE_SIDE_STYLE('',(#8257));
#7936=SURFACE_SIDE_STYLE('',(#8258));
#7937=SURFACE_SIDE_STYLE('',(#8259));
#7938=SURFACE_SIDE_STYLE('',(#8260));
#7939=SURFACE_SIDE_STYLE('',(#8261));
#7940=SURFACE_SIDE_STYLE('',(#8262));
#7941=SURFACE_SIDE_STYLE('',(#8263));
#7942=SURFACE_SIDE_STYLE('',(#8264));
#7943=SURFACE_SIDE_STYLE('',(#8265));
#7944=SURFACE_SIDE_STYLE('',(#8266));
#7945=SURFACE_SIDE_STYLE('',(#8267));
#7946=SURFACE_SIDE_STYLE('',(#8268));
#7947=SURFACE_SIDE_STYLE('',(#8269));
#7948=SURFACE_SIDE_STYLE('',(#8270));
#7949=SURFACE_SIDE_STYLE('',(#8271));
#7950=SURFACE_SIDE_STYLE('',(#8272));
#7951=SURFACE_SIDE_STYLE('',(#8273));
#7952=SURFACE_SIDE_STYLE('',(#8274));
#7953=SURFACE_SIDE_STYLE('',(#8275));
#7954=SURFACE_SIDE_STYLE('',(#8276));
#7955=SURFACE_SIDE_STYLE('',(#8277));
#7956=SURFACE_SIDE_STYLE('',(#8278));
#7957=SURFACE_SIDE_STYLE('',(#8279));
#7958=SURFACE_SIDE_STYLE('',(#8280));
#7959=SURFACE_SIDE_STYLE('',(#8281));
#7960=SURFACE_SIDE_STYLE('',(#8282));
#7961=SURFACE_SIDE_STYLE('',(#8283));
#7962=SURFACE_SIDE_STYLE('',(#8284));
#7963=SURFACE_SIDE_STYLE('',(#8285));
#7964=SURFACE_SIDE_STYLE('',(#8286));
#7965=SURFACE_SIDE_STYLE('',(#8287));
#7966=SURFACE_SIDE_STYLE('',(#8288));
#7967=SURFACE_SIDE_STYLE('',(#8289));
#7968=SURFACE_SIDE_STYLE('',(#8290));
#7969=SURFACE_SIDE_STYLE('',(#8291));
#7970=SURFACE_SIDE_STYLE('',(#8292));
#7971=SURFACE_SIDE_STYLE('',(#8293));
#7972=SURFACE_SIDE_STYLE('',(#8294));
#7973=SURFACE_SIDE_STYLE('',(#8295));
#7974=SURFACE_SIDE_STYLE('',(#8296));
#7975=SURFACE_SIDE_STYLE('',(#8297));
#7976=SURFACE_SIDE_STYLE('',(#8298));
#7977=SURFACE_SIDE_STYLE('',(#8299));
#7978=SURFACE_SIDE_STYLE('',(#8300));
#7979=SURFACE_SIDE_STYLE('',(#8301));
#7980=SURFACE_SIDE_STYLE('',(#8302));
#7981=SURFACE_SIDE_STYLE('',(#8303));
#7982=SURFACE_SIDE_STYLE('',(#8304));
#7983=SURFACE_SIDE_STYLE('',(#8305));
#7984=SURFACE_SIDE_STYLE('',(#8306));
#7985=SURFACE_SIDE_STYLE('',(#8307));
#7986=SURFACE_SIDE_STYLE('',(#8308));
#7987=SURFACE_SIDE_STYLE('',(#8309));
#7988=SURFACE_SIDE_STYLE('',(#8310));
#7989=SURFACE_SIDE_STYLE('',(#8311));
#7990=SURFACE_SIDE_STYLE('',(#8312));
#7991=SURFACE_SIDE_STYLE('',(#8313));
#7992=SURFACE_SIDE_STYLE('',(#8314));
#7993=SURFACE_SIDE_STYLE('',(#8315));
#7994=SURFACE_SIDE_STYLE('',(#8316));
#7995=SURFACE_SIDE_STYLE('',(#8317));
#7996=SURFACE_SIDE_STYLE('',(#8318));
#7997=SURFACE_SIDE_STYLE('',(#8319));
#7998=SURFACE_SIDE_STYLE('',(#8320));
#7999=SURFACE_SIDE_STYLE('',(#8321));
#8000=SURFACE_SIDE_STYLE('',(#8322));
#8001=SURFACE_SIDE_STYLE('',(#8323));
#8002=SURFACE_SIDE_STYLE('',(#8324));
#8003=SURFACE_SIDE_STYLE('',(#8325));
#8004=SURFACE_SIDE_STYLE('',(#8326));
#8005=SURFACE_SIDE_STYLE('',(#8327));
#8006=SURFACE_SIDE_STYLE('',(#8328));
#8007=SURFACE_SIDE_STYLE('',(#8329));
#8008=SURFACE_SIDE_STYLE('',(#8330));
#8009=SURFACE_SIDE_STYLE('',(#8331));
#8010=SURFACE_SIDE_STYLE('',(#8332));
#8011=SURFACE_SIDE_STYLE('',(#8333));
#8012=SURFACE_SIDE_STYLE('',(#8334));
#8013=SURFACE_SIDE_STYLE('',(#8335));
#8014=SURFACE_SIDE_STYLE('',(#8336));
#8015=SURFACE_SIDE_STYLE('',(#8337));
#8016=SURFACE_SIDE_STYLE('',(#8338));
#8017=SURFACE_SIDE_STYLE('',(#8339));
#8018=SURFACE_SIDE_STYLE('',(#8340));
#8019=SURFACE_SIDE_STYLE('',(#8341));
#8020=SURFACE_SIDE_STYLE('',(#8342));
#8021=SURFACE_SIDE_STYLE('',(#8343));
#8022=SURFACE_SIDE_STYLE('',(#8344));
#8023=SURFACE_SIDE_STYLE('',(#8345));
#8024=SURFACE_SIDE_STYLE('',(#8346));
#8025=SURFACE_SIDE_STYLE('',(#8347));
#8026=SURFACE_SIDE_STYLE('',(#8348));
#8027=SURFACE_SIDE_STYLE('',(#8349));
#8028=SURFACE_SIDE_STYLE('',(#8350));
#8029=SURFACE_SIDE_STYLE('',(#8351));
#8030=SURFACE_SIDE_STYLE('',(#8352));
#8031=SURFACE_SIDE_STYLE('',(#8353));
#8032=SURFACE_SIDE_STYLE('',(#8354));
#8033=SURFACE_SIDE_STYLE('',(#8355));
#8034=SURFACE_SIDE_STYLE('',(#8356));
#8035=SURFACE_SIDE_STYLE('',(#8357));
#8036=SURFACE_SIDE_STYLE('',(#8358));
#8037=SURFACE_SIDE_STYLE('',(#8359));
#8038=SURFACE_SIDE_STYLE('',(#8360));
#8039=SURFACE_SIDE_STYLE('',(#8361));
#8040=SURFACE_SIDE_STYLE('',(#8362));
#8041=SURFACE_SIDE_STYLE('',(#8363));
#8042=SURFACE_SIDE_STYLE('',(#8364));
#8043=SURFACE_SIDE_STYLE('',(#8365));
#8044=SURFACE_SIDE_STYLE('',(#8366));
#8045=SURFACE_SIDE_STYLE('',(#8367));
#8046=SURFACE_SIDE_STYLE('',(#8368));
#8047=SURFACE_SIDE_STYLE('',(#8369));
#8048=SURFACE_SIDE_STYLE('',(#8370));
#8049=SURFACE_SIDE_STYLE('',(#8371));
#8050=SURFACE_SIDE_STYLE('',(#8372));
#8051=SURFACE_SIDE_STYLE('',(#8373));
#8052=SURFACE_SIDE_STYLE('',(#8374));
#8053=SURFACE_SIDE_STYLE('',(#8375));
#8054=SURFACE_SIDE_STYLE('',(#8376));
#8055=SURFACE_SIDE_STYLE('',(#8377));
#8056=SURFACE_SIDE_STYLE('',(#8378));
#8057=SURFACE_SIDE_STYLE('',(#8379));
#8058=SURFACE_STYLE_FILL_AREA(#8380);
#8059=SURFACE_STYLE_FILL_AREA(#8381);
#8060=SURFACE_STYLE_FILL_AREA(#8382);
#8061=SURFACE_STYLE_FILL_AREA(#8383);
#8062=SURFACE_STYLE_FILL_AREA(#8384);
#8063=SURFACE_STYLE_FILL_AREA(#8385);
#8064=SURFACE_STYLE_FILL_AREA(#8386);
#8065=SURFACE_STYLE_FILL_AREA(#8387);
#8066=SURFACE_STYLE_FILL_AREA(#8388);
#8067=SURFACE_STYLE_FILL_AREA(#8389);
#8068=SURFACE_STYLE_FILL_AREA(#8390);
#8069=SURFACE_STYLE_FILL_AREA(#8391);
#8070=SURFACE_STYLE_FILL_AREA(#8392);
#8071=SURFACE_STYLE_FILL_AREA(#8393);
#8072=SURFACE_STYLE_FILL_AREA(#8394);
#8073=SURFACE_STYLE_FILL_AREA(#8395);
#8074=SURFACE_STYLE_FILL_AREA(#8396);
#8075=SURFACE_STYLE_FILL_AREA(#8397);
#8076=SURFACE_STYLE_FILL_AREA(#8398);
#8077=SURFACE_STYLE_FILL_AREA(#8399);
#8078=SURFACE_STYLE_FILL_AREA(#8400);
#8079=SURFACE_STYLE_FILL_AREA(#8401);
#8080=SURFACE_STYLE_FILL_AREA(#8402);
#8081=SURFACE_STYLE_FILL_AREA(#8403);
#8082=SURFACE_STYLE_FILL_AREA(#8404);
#8083=SURFACE_STYLE_FILL_AREA(#8405);
#8084=SURFACE_STYLE_FILL_AREA(#8406);
#8085=SURFACE_STYLE_FILL_AREA(#8407);
#8086=SURFACE_STYLE_FILL_AREA(#8408);
#8087=SURFACE_STYLE_FILL_AREA(#8409);
#8088=SURFACE_STYLE_FILL_AREA(#8410);
#8089=SURFACE_STYLE_FILL_AREA(#8411);
#8090=SURFACE_STYLE_FILL_AREA(#8412);
#8091=SURFACE_STYLE_FILL_AREA(#8413);
#8092=SURFACE_STYLE_FILL_AREA(#8414);
#8093=SURFACE_STYLE_FILL_AREA(#8415);
#8094=SURFACE_STYLE_FILL_AREA(#8416);
#8095=SURFACE_STYLE_FILL_AREA(#8417);
#8096=SURFACE_STYLE_FILL_AREA(#8418);
#8097=SURFACE_STYLE_FILL_AREA(#8419);
#8098=SURFACE_STYLE_FILL_AREA(#8420);
#8099=SURFACE_STYLE_FILL_AREA(#8421);
#8100=SURFACE_STYLE_FILL_AREA(#8422);
#8101=SURFACE_STYLE_FILL_AREA(#8423);
#8102=SURFACE_STYLE_FILL_AREA(#8424);
#8103=SURFACE_STYLE_FILL_AREA(#8425);
#8104=SURFACE_STYLE_FILL_AREA(#8426);
#8105=SURFACE_STYLE_FILL_AREA(#8427);
#8106=SURFACE_STYLE_FILL_AREA(#8428);
#8107=SURFACE_STYLE_FILL_AREA(#8429);
#8108=SURFACE_STYLE_FILL_AREA(#8430);
#8109=SURFACE_STYLE_FILL_AREA(#8431);
#8110=SURFACE_STYLE_FILL_AREA(#8432);
#8111=SURFACE_STYLE_FILL_AREA(#8433);
#8112=SURFACE_STYLE_FILL_AREA(#8434);
#8113=SURFACE_STYLE_FILL_AREA(#8435);
#8114=SURFACE_STYLE_FILL_AREA(#8436);
#8115=SURFACE_STYLE_FILL_AREA(#8437);
#8116=SURFACE_STYLE_FILL_AREA(#8438);
#8117=SURFACE_STYLE_FILL_AREA(#8439);
#8118=SURFACE_STYLE_FILL_AREA(#8440);
#8119=SURFACE_STYLE_FILL_AREA(#8441);
#8120=SURFACE_STYLE_FILL_AREA(#8442);
#8121=SURFACE_STYLE_FILL_AREA(#8443);
#8122=SURFACE_STYLE_FILL_AREA(#8444);
#8123=SURFACE_STYLE_FILL_AREA(#8445);
#8124=SURFACE_STYLE_FILL_AREA(#8446);
#8125=SURFACE_STYLE_FILL_AREA(#8447);
#8126=SURFACE_STYLE_FILL_AREA(#8448);
#8127=SURFACE_STYLE_FILL_AREA(#8449);
#8128=SURFACE_STYLE_FILL_AREA(#8450);
#8129=SURFACE_STYLE_FILL_AREA(#8451);
#8130=SURFACE_STYLE_FILL_AREA(#8452);
#8131=SURFACE_STYLE_FILL_AREA(#8453);
#8132=SURFACE_STYLE_FILL_AREA(#8454);
#8133=SURFACE_STYLE_FILL_AREA(#8455);
#8134=SURFACE_STYLE_FILL_AREA(#8456);
#8135=SURFACE_STYLE_FILL_AREA(#8457);
#8136=SURFACE_STYLE_FILL_AREA(#8458);
#8137=SURFACE_STYLE_FILL_AREA(#8459);
#8138=SURFACE_STYLE_FILL_AREA(#8460);
#8139=SURFACE_STYLE_FILL_AREA(#8461);
#8140=SURFACE_STYLE_FILL_AREA(#8462);
#8141=SURFACE_STYLE_FILL_AREA(#8463);
#8142=SURFACE_STYLE_FILL_AREA(#8464);
#8143=SURFACE_STYLE_FILL_AREA(#8465);
#8144=SURFACE_STYLE_FILL_AREA(#8466);
#8145=SURFACE_STYLE_FILL_AREA(#8467);
#8146=SURFACE_STYLE_FILL_AREA(#8468);
#8147=SURFACE_STYLE_FILL_AREA(#8469);
#8148=SURFACE_STYLE_FILL_AREA(#8470);
#8149=SURFACE_STYLE_FILL_AREA(#8471);
#8150=SURFACE_STYLE_FILL_AREA(#8472);
#8151=SURFACE_STYLE_FILL_AREA(#8473);
#8152=SURFACE_STYLE_FILL_AREA(#8474);
#8153=SURFACE_STYLE_FILL_AREA(#8475);
#8154=SURFACE_STYLE_FILL_AREA(#8476);
#8155=SURFACE_STYLE_FILL_AREA(#8477);
#8156=SURFACE_STYLE_FILL_AREA(#8478);
#8157=SURFACE_STYLE_FILL_AREA(#8479);
#8158=SURFACE_STYLE_FILL_AREA(#8480);
#8159=SURFACE_STYLE_FILL_AREA(#8481);
#8160=SURFACE_STYLE_FILL_AREA(#8482);
#8161=SURFACE_STYLE_FILL_AREA(#8483);
#8162=SURFACE_STYLE_FILL_AREA(#8484);
#8163=SURFACE_STYLE_FILL_AREA(#8485);
#8164=SURFACE_STYLE_FILL_AREA(#8486);
#8165=SURFACE_STYLE_FILL_AREA(#8487);
#8166=SURFACE_STYLE_FILL_AREA(#8488);
#8167=SURFACE_STYLE_FILL_AREA(#8489);
#8168=SURFACE_STYLE_FILL_AREA(#8490);
#8169=SURFACE_STYLE_FILL_AREA(#8491);
#8170=SURFACE_STYLE_FILL_AREA(#8492);
#8171=SURFACE_STYLE_FILL_AREA(#8493);
#8172=SURFACE_STYLE_FILL_AREA(#8494);
#8173=SURFACE_STYLE_FILL_AREA(#8495);
#8174=SURFACE_STYLE_FILL_AREA(#8496);
#8175=SURFACE_STYLE_FILL_AREA(#8497);
#8176=SURFACE_STYLE_FILL_AREA(#8498);
#8177=SURFACE_STYLE_FILL_AREA(#8499);
#8178=SURFACE_STYLE_FILL_AREA(#8500);
#8179=SURFACE_STYLE_FILL_AREA(#8501);
#8180=SURFACE_STYLE_FILL_AREA(#8502);
#8181=SURFACE_STYLE_FILL_AREA(#8503);
#8182=SURFACE_STYLE_FILL_AREA(#8504);
#8183=SURFACE_STYLE_FILL_AREA(#8505);
#8184=SURFACE_STYLE_FILL_AREA(#8506);
#8185=SURFACE_STYLE_FILL_AREA(#8507);
#8186=SURFACE_STYLE_FILL_AREA(#8508);
#8187=SURFACE_STYLE_FILL_AREA(#8509);
#8188=SURFACE_STYLE_FILL_AREA(#8510);
#8189=SURFACE_STYLE_FILL_AREA(#8511);
#8190=SURFACE_STYLE_FILL_AREA(#8512);
#8191=SURFACE_STYLE_FILL_AREA(#8513);
#8192=SURFACE_STYLE_FILL_AREA(#8514);
#8193=SURFACE_STYLE_FILL_AREA(#8515);
#8194=SURFACE_STYLE_FILL_AREA(#8516);
#8195=SURFACE_STYLE_FILL_AREA(#8517);
#8196=SURFACE_STYLE_FILL_AREA(#8518);
#8197=SURFACE_STYLE_FILL_AREA(#8519);
#8198=SURFACE_STYLE_FILL_AREA(#8520);
#8199=SURFACE_STYLE_FILL_AREA(#8521);
#8200=SURFACE_STYLE_FILL_AREA(#8522);
#8201=SURFACE_STYLE_FILL_AREA(#8523);
#8202=SURFACE_STYLE_FILL_AREA(#8524);
#8203=SURFACE_STYLE_FILL_AREA(#8525);
#8204=SURFACE_STYLE_FILL_AREA(#8526);
#8205=SURFACE_STYLE_FILL_AREA(#8527);
#8206=SURFACE_STYLE_FILL_AREA(#8528);
#8207=SURFACE_STYLE_FILL_AREA(#8529);
#8208=SURFACE_STYLE_FILL_AREA(#8530);
#8209=SURFACE_STYLE_FILL_AREA(#8531);
#8210=SURFACE_STYLE_FILL_AREA(#8532);
#8211=SURFACE_STYLE_FILL_AREA(#8533);
#8212=SURFACE_STYLE_FILL_AREA(#8534);
#8213=SURFACE_STYLE_FILL_AREA(#8535);
#8214=SURFACE_STYLE_FILL_AREA(#8536);
#8215=SURFACE_STYLE_FILL_AREA(#8537);
#8216=SURFACE_STYLE_FILL_AREA(#8538);
#8217=SURFACE_STYLE_FILL_AREA(#8539);
#8218=SURFACE_STYLE_FILL_AREA(#8540);
#8219=SURFACE_STYLE_FILL_AREA(#8541);
#8220=SURFACE_STYLE_FILL_AREA(#8542);
#8221=SURFACE_STYLE_FILL_AREA(#8543);
#8222=SURFACE_STYLE_FILL_AREA(#8544);
#8223=SURFACE_STYLE_FILL_AREA(#8545);
#8224=SURFACE_STYLE_FILL_AREA(#8546);
#8225=SURFACE_STYLE_FILL_AREA(#8547);
#8226=SURFACE_STYLE_FILL_AREA(#8548);
#8227=SURFACE_STYLE_FILL_AREA(#8549);
#8228=SURFACE_STYLE_FILL_AREA(#8550);
#8229=SURFACE_STYLE_FILL_AREA(#8551);
#8230=SURFACE_STYLE_FILL_AREA(#8552);
#8231=SURFACE_STYLE_FILL_AREA(#8553);
#8232=SURFACE_STYLE_FILL_AREA(#8554);
#8233=SURFACE_STYLE_FILL_AREA(#8555);
#8234=SURFACE_STYLE_FILL_AREA(#8556);
#8235=SURFACE_STYLE_FILL_AREA(#8557);
#8236=SURFACE_STYLE_FILL_AREA(#8558);
#8237=SURFACE_STYLE_FILL_AREA(#8559);
#8238=SURFACE_STYLE_FILL_AREA(#8560);
#8239=SURFACE_STYLE_FILL_AREA(#8561);
#8240=SURFACE_STYLE_FILL_AREA(#8562);
#8241=SURFACE_STYLE_FILL_AREA(#8563);
#8242=SURFACE_STYLE_FILL_AREA(#8564);
#8243=SURFACE_STYLE_FILL_AREA(#8565);
#8244=SURFACE_STYLE_FILL_AREA(#8566);
#8245=SURFACE_STYLE_FILL_AREA(#8567);
#8246=SURFACE_STYLE_FILL_AREA(#8568);
#8247=SURFACE_STYLE_FILL_AREA(#8569);
#8248=SURFACE_STYLE_FILL_AREA(#8570);
#8249=SURFACE_STYLE_FILL_AREA(#8571);
#8250=SURFACE_STYLE_FILL_AREA(#8572);
#8251=SURFACE_STYLE_FILL_AREA(#8573);
#8252=SURFACE_STYLE_FILL_AREA(#8574);
#8253=SURFACE_STYLE_FILL_AREA(#8575);
#8254=SURFACE_STYLE_FILL_AREA(#8576);
#8255=SURFACE_STYLE_FILL_AREA(#8577);
#8256=SURFACE_STYLE_FILL_AREA(#8578);
#8257=SURFACE_STYLE_FILL_AREA(#8579);
#8258=SURFACE_STYLE_FILL_AREA(#8580);
#8259=SURFACE_STYLE_FILL_AREA(#8581);
#8260=SURFACE_STYLE_FILL_AREA(#8582);
#8261=SURFACE_STYLE_FILL_AREA(#8583);
#8262=SURFACE_STYLE_FILL_AREA(#8584);
#8263=SURFACE_STYLE_FILL_AREA(#8585);
#8264=SURFACE_STYLE_FILL_AREA(#8586);
#8265=SURFACE_STYLE_FILL_AREA(#8587);
#8266=SURFACE_STYLE_FILL_AREA(#8588);
#8267=SURFACE_STYLE_FILL_AREA(#8589);
#8268=SURFACE_STYLE_FILL_AREA(#8590);
#8269=SURFACE_STYLE_FILL_AREA(#8591);
#8270=SURFACE_STYLE_FILL_AREA(#8592);
#8271=SURFACE_STYLE_FILL_AREA(#8593);
#8272=SURFACE_STYLE_FILL_AREA(#8594);
#8273=SURFACE_STYLE_FILL_AREA(#8595);
#8274=SURFACE_STYLE_FILL_AREA(#8596);
#8275=SURFACE_STYLE_FILL_AREA(#8597);
#8276=SURFACE_STYLE_FILL_AREA(#8598);
#8277=SURFACE_STYLE_FILL_AREA(#8599);
#8278=SURFACE_STYLE_FILL_AREA(#8600);
#8279=SURFACE_STYLE_FILL_AREA(#8601);
#8280=SURFACE_STYLE_FILL_AREA(#8602);
#8281=SURFACE_STYLE_FILL_AREA(#8603);
#8282=SURFACE_STYLE_FILL_AREA(#8604);
#8283=SURFACE_STYLE_FILL_AREA(#8605);
#8284=SURFACE_STYLE_FILL_AREA(#8606);
#8285=SURFACE_STYLE_FILL_AREA(#8607);
#8286=SURFACE_STYLE_FILL_AREA(#8608);
#8287=SURFACE_STYLE_FILL_AREA(#8609);
#8288=SURFACE_STYLE_FILL_AREA(#8610);
#8289=SURFACE_STYLE_FILL_AREA(#8611);
#8290=SURFACE_STYLE_FILL_AREA(#8612);
#8291=SURFACE_STYLE_FILL_AREA(#8613);
#8292=SURFACE_STYLE_FILL_AREA(#8614);
#8293=SURFACE_STYLE_FILL_AREA(#8615);
#8294=SURFACE_STYLE_FILL_AREA(#8616);
#8295=SURFACE_STYLE_FILL_AREA(#8617);
#8296=SURFACE_STYLE_FILL_AREA(#8618);
#8297=SURFACE_STYLE_FILL_AREA(#8619);
#8298=SURFACE_STYLE_FILL_AREA(#8620);
#8299=SURFACE_STYLE_FILL_AREA(#8621);
#8300=SURFACE_STYLE_FILL_AREA(#8622);
#8301=SURFACE_STYLE_FILL_AREA(#8623);
#8302=SURFACE_STYLE_FILL_AREA(#8624);
#8303=SURFACE_STYLE_FILL_AREA(#8625);
#8304=SURFACE_STYLE_FILL_AREA(#8626);
#8305=SURFACE_STYLE_FILL_AREA(#8627);
#8306=SURFACE_STYLE_FILL_AREA(#8628);
#8307=SURFACE_STYLE_FILL_AREA(#8629);
#8308=SURFACE_STYLE_FILL_AREA(#8630);
#8309=SURFACE_STYLE_FILL_AREA(#8631);
#8310=SURFACE_STYLE_FILL_AREA(#8632);
#8311=SURFACE_STYLE_FILL_AREA(#8633);
#8312=SURFACE_STYLE_FILL_AREA(#8634);
#8313=SURFACE_STYLE_FILL_AREA(#8635);
#8314=SURFACE_STYLE_FILL_AREA(#8636);
#8315=SURFACE_STYLE_FILL_AREA(#8637);
#8316=SURFACE_STYLE_FILL_AREA(#8638);
#8317=SURFACE_STYLE_FILL_AREA(#8639);
#8318=SURFACE_STYLE_FILL_AREA(#8640);
#8319=SURFACE_STYLE_FILL_AREA(#8641);
#8320=SURFACE_STYLE_FILL_AREA(#8642);
#8321=SURFACE_STYLE_FILL_AREA(#8643);
#8322=SURFACE_STYLE_FILL_AREA(#8644);
#8323=SURFACE_STYLE_FILL_AREA(#8645);
#8324=SURFACE_STYLE_FILL_AREA(#8646);
#8325=SURFACE_STYLE_FILL_AREA(#8647);
#8326=SURFACE_STYLE_FILL_AREA(#8648);
#8327=SURFACE_STYLE_FILL_AREA(#8649);
#8328=SURFACE_STYLE_FILL_AREA(#8650);
#8329=SURFACE_STYLE_FILL_AREA(#8651);
#8330=SURFACE_STYLE_FILL_AREA(#8652);
#8331=SURFACE_STYLE_FILL_AREA(#8653);
#8332=SURFACE_STYLE_FILL_AREA(#8654);
#8333=SURFACE_STYLE_FILL_AREA(#8655);
#8334=SURFACE_STYLE_FILL_AREA(#8656);
#8335=SURFACE_STYLE_FILL_AREA(#8657);
#8336=SURFACE_STYLE_FILL_AREA(#8658);
#8337=SURFACE_STYLE_FILL_AREA(#8659);
#8338=SURFACE_STYLE_FILL_AREA(#8660);
#8339=SURFACE_STYLE_FILL_AREA(#8661);
#8340=SURFACE_STYLE_FILL_AREA(#8662);
#8341=SURFACE_STYLE_FILL_AREA(#8663);
#8342=SURFACE_STYLE_FILL_AREA(#8664);
#8343=SURFACE_STYLE_FILL_AREA(#8665);
#8344=SURFACE_STYLE_FILL_AREA(#8666);
#8345=SURFACE_STYLE_FILL_AREA(#8667);
#8346=SURFACE_STYLE_FILL_AREA(#8668);
#8347=SURFACE_STYLE_FILL_AREA(#8669);
#8348=SURFACE_STYLE_FILL_AREA(#8670);
#8349=SURFACE_STYLE_FILL_AREA(#8671);
#8350=SURFACE_STYLE_FILL_AREA(#8672);
#8351=SURFACE_STYLE_FILL_AREA(#8673);
#8352=SURFACE_STYLE_FILL_AREA(#8674);
#8353=SURFACE_STYLE_FILL_AREA(#8675);
#8354=SURFACE_STYLE_FILL_AREA(#8676);
#8355=SURFACE_STYLE_FILL_AREA(#8677);
#8356=SURFACE_STYLE_FILL_AREA(#8678);
#8357=SURFACE_STYLE_FILL_AREA(#8679);
#8358=SURFACE_STYLE_FILL_AREA(#8680);
#8359=SURFACE_STYLE_FILL_AREA(#8681);
#8360=SURFACE_STYLE_FILL_AREA(#8682);
#8361=SURFACE_STYLE_FILL_AREA(#8683);
#8362=SURFACE_STYLE_FILL_AREA(#8684);
#8363=SURFACE_STYLE_FILL_AREA(#8685);
#8364=SURFACE_STYLE_FILL_AREA(#8686);
#8365=SURFACE_STYLE_FILL_AREA(#8687);
#8366=SURFACE_STYLE_FILL_AREA(#8688);
#8367=SURFACE_STYLE_FILL_AREA(#8689);
#8368=SURFACE_STYLE_FILL_AREA(#8690);
#8369=SURFACE_STYLE_FILL_AREA(#8691);
#8370=SURFACE_STYLE_FILL_AREA(#8692);
#8371=SURFACE_STYLE_FILL_AREA(#8693);
#8372=SURFACE_STYLE_FILL_AREA(#8694);
#8373=SURFACE_STYLE_FILL_AREA(#8695);
#8374=SURFACE_STYLE_FILL_AREA(#8696);
#8375=SURFACE_STYLE_FILL_AREA(#8697);
#8376=SURFACE_STYLE_FILL_AREA(#8698);
#8377=SURFACE_STYLE_FILL_AREA(#8699);
#8378=SURFACE_STYLE_FILL_AREA(#8700);
#8379=SURFACE_STYLE_FILL_AREA(#8701);
#8380=FILL_AREA_STYLE('',(#8702));
#8381=FILL_AREA_STYLE('',(#8703));
#8382=FILL_AREA_STYLE('',(#8704));
#8383=FILL_AREA_STYLE('',(#8705));
#8384=FILL_AREA_STYLE('',(#8706));
#8385=FILL_AREA_STYLE('',(#8707));
#8386=FILL_AREA_STYLE('',(#8708));
#8387=FILL_AREA_STYLE('',(#8709));
#8388=FILL_AREA_STYLE('',(#8710));
#8389=FILL_AREA_STYLE('',(#8711));
#8390=FILL_AREA_STYLE('',(#8712));
#8391=FILL_AREA_STYLE('',(#8713));
#8392=FILL_AREA_STYLE('',(#8714));
#8393=FILL_AREA_STYLE('',(#8715));
#8394=FILL_AREA_STYLE('',(#8716));
#8395=FILL_AREA_STYLE('',(#8717));
#8396=FILL_AREA_STYLE('',(#8718));
#8397=FILL_AREA_STYLE('',(#8719));
#8398=FILL_AREA_STYLE('',(#8720));
#8399=FILL_AREA_STYLE('',(#8721));
#8400=FILL_AREA_STYLE('',(#8722));
#8401=FILL_AREA_STYLE('',(#8723));
#8402=FILL_AREA_STYLE('',(#8724));
#8403=FILL_AREA_STYLE('',(#8725));
#8404=FILL_AREA_STYLE('',(#8726));
#8405=FILL_AREA_STYLE('',(#8727));
#8406=FILL_AREA_STYLE('',(#8728));
#8407=FILL_AREA_STYLE('',(#8729));
#8408=FILL_AREA_STYLE('',(#8730));
#8409=FILL_AREA_STYLE('',(#8731));
#8410=FILL_AREA_STYLE('',(#8732));
#8411=FILL_AREA_STYLE('',(#8733));
#8412=FILL_AREA_STYLE('',(#8734));
#8413=FILL_AREA_STYLE('',(#8735));
#8414=FILL_AREA_STYLE('',(#8736));
#8415=FILL_AREA_STYLE('',(#8737));
#8416=FILL_AREA_STYLE('',(#8738));
#8417=FILL_AREA_STYLE('',(#8739));
#8418=FILL_AREA_STYLE('',(#8740));
#8419=FILL_AREA_STYLE('',(#8741));
#8420=FILL_AREA_STYLE('',(#8742));
#8421=FILL_AREA_STYLE('',(#8743));
#8422=FILL_AREA_STYLE('',(#8744));
#8423=FILL_AREA_STYLE('',(#8745));
#8424=FILL_AREA_STYLE('',(#8746));
#8425=FILL_AREA_STYLE('',(#8747));
#8426=FILL_AREA_STYLE('',(#8748));
#8427=FILL_AREA_STYLE('',(#8749));
#8428=FILL_AREA_STYLE('',(#8750));
#8429=FILL_AREA_STYLE('',(#8751));
#8430=FILL_AREA_STYLE('',(#8752));
#8431=FILL_AREA_STYLE('',(#8753));
#8432=FILL_AREA_STYLE('',(#8754));
#8433=FILL_AREA_STYLE('',(#8755));
#8434=FILL_AREA_STYLE('',(#8756));
#8435=FILL_AREA_STYLE('',(#8757));
#8436=FILL_AREA_STYLE('',(#8758));
#8437=FILL_AREA_STYLE('',(#8759));
#8438=FILL_AREA_STYLE('',(#8760));
#8439=FILL_AREA_STYLE('',(#8761));
#8440=FILL_AREA_STYLE('',(#8762));
#8441=FILL_AREA_STYLE('',(#8763));
#8442=FILL_AREA_STYLE('',(#8764));
#8443=FILL_AREA_STYLE('',(#8765));
#8444=FILL_AREA_STYLE('',(#8766));
#8445=FILL_AREA_STYLE('',(#8767));
#8446=FILL_AREA_STYLE('',(#8768));
#8447=FILL_AREA_STYLE('',(#8769));
#8448=FILL_AREA_STYLE('',(#8770));
#8449=FILL_AREA_STYLE('',(#8771));
#8450=FILL_AREA_STYLE('',(#8772));
#8451=FILL_AREA_STYLE('',(#8773));
#8452=FILL_AREA_STYLE('',(#8774));
#8453=FILL_AREA_STYLE('',(#8775));
#8454=FILL_AREA_STYLE('',(#8776));
#8455=FILL_AREA_STYLE('',(#8777));
#8456=FILL_AREA_STYLE('',(#8778));
#8457=FILL_AREA_STYLE('',(#8779));
#8458=FILL_AREA_STYLE('',(#8780));
#8459=FILL_AREA_STYLE('',(#8781));
#8460=FILL_AREA_STYLE('',(#8782));
#8461=FILL_AREA_STYLE('',(#8783));
#8462=FILL_AREA_STYLE('',(#8784));
#8463=FILL_AREA_STYLE('',(#8785));
#8464=FILL_AREA_STYLE('',(#8786));
#8465=FILL_AREA_STYLE('',(#8787));
#8466=FILL_AREA_STYLE('',(#8788));
#8467=FILL_AREA_STYLE('',(#8789));
#8468=FILL_AREA_STYLE('',(#8790));
#8469=FILL_AREA_STYLE('',(#8791));
#8470=FILL_AREA_STYLE('',(#8792));
#8471=FILL_AREA_STYLE('',(#8793));
#8472=FILL_AREA_STYLE('',(#8794));
#8473=FILL_AREA_STYLE('',(#8795));
#8474=FILL_AREA_STYLE('',(#8796));
#8475=FILL_AREA_STYLE('',(#8797));
#8476=FILL_AREA_STYLE('',(#8798));
#8477=FILL_AREA_STYLE('',(#8799));
#8478=FILL_AREA_STYLE('',(#8800));
#8479=FILL_AREA_STYLE('',(#8801));
#8480=FILL_AREA_STYLE('',(#8802));
#8481=FILL_AREA_STYLE('',(#8803));
#8482=FILL_AREA_STYLE('',(#8804));
#8483=FILL_AREA_STYLE('',(#8805));
#8484=FILL_AREA_STYLE('',(#8806));
#8485=FILL_AREA_STYLE('',(#8807));
#8486=FILL_AREA_STYLE('',(#8808));
#8487=FILL_AREA_STYLE('',(#8809));
#8488=FILL_AREA_STYLE('',(#8810));
#8489=FILL_AREA_STYLE('',(#8811));
#8490=FILL_AREA_STYLE('',(#8812));
#8491=FILL_AREA_STYLE('',(#8813));
#8492=FILL_AREA_STYLE('',(#8814));
#8493=FILL_AREA_STYLE('',(#8815));
#8494=FILL_AREA_STYLE('',(#8816));
#8495=FILL_AREA_STYLE('',(#8817));
#8496=FILL_AREA_STYLE('',(#8818));
#8497=FILL_AREA_STYLE('',(#8819));
#8498=FILL_AREA_STYLE('',(#8820));
#8499=FILL_AREA_STYLE('',(#8821));
#8500=FILL_AREA_STYLE('',(#8822));
#8501=FILL_AREA_STYLE('',(#8823));
#8502=FILL_AREA_STYLE('',(#8824));
#8503=FILL_AREA_STYLE('',(#8825));
#8504=FILL_AREA_STYLE('',(#8826));
#8505=FILL_AREA_STYLE('',(#8827));
#8506=FILL_AREA_STYLE('',(#8828));
#8507=FILL_AREA_STYLE('',(#8829));
#8508=FILL_AREA_STYLE('',(#8830));
#8509=FILL_AREA_STYLE('',(#8831));
#8510=FILL_AREA_STYLE('',(#8832));
#8511=FILL_AREA_STYLE('',(#8833));
#8512=FILL_AREA_STYLE('',(#8834));
#8513=FILL_AREA_STYLE('',(#8835));
#8514=FILL_AREA_STYLE('',(#8836));
#8515=FILL_AREA_STYLE('',(#8837));
#8516=FILL_AREA_STYLE('',(#8838));
#8517=FILL_AREA_STYLE('',(#8839));
#8518=FILL_AREA_STYLE('',(#8840));
#8519=FILL_AREA_STYLE('',(#8841));
#8520=FILL_AREA_STYLE('',(#8842));
#8521=FILL_AREA_STYLE('',(#8843));
#8522=FILL_AREA_STYLE('',(#8844));
#8523=FILL_AREA_STYLE('',(#8845));
#8524=FILL_AREA_STYLE('',(#8846));
#8525=FILL_AREA_STYLE('',(#8847));
#8526=FILL_AREA_STYLE('',(#8848));
#8527=FILL_AREA_STYLE('',(#8849));
#8528=FILL_AREA_STYLE('',(#8850));
#8529=FILL_AREA_STYLE('',(#8851));
#8530=FILL_AREA_STYLE('',(#8852));
#8531=FILL_AREA_STYLE('',(#8853));
#8532=FILL_AREA_STYLE('',(#8854));
#8533=FILL_AREA_STYLE('',(#8855));
#8534=FILL_AREA_STYLE('',(#8856));
#8535=FILL_AREA_STYLE('',(#8857));
#8536=FILL_AREA_STYLE('',(#8858));
#8537=FILL_AREA_STYLE('',(#8859));
#8538=FILL_AREA_STYLE('',(#8860));
#8539=FILL_AREA_STYLE('',(#8861));
#8540=FILL_AREA_STYLE('',(#8862));
#8541=FILL_AREA_STYLE('',(#8863));
#8542=FILL_AREA_STYLE('',(#8864));
#8543=FILL_AREA_STYLE('',(#8865));
#8544=FILL_AREA_STYLE('',(#8866));
#8545=FILL_AREA_STYLE('',(#8867));
#8546=FILL_AREA_STYLE('',(#8868));
#8547=FILL_AREA_STYLE('',(#8869));
#8548=FILL_AREA_STYLE('',(#8870));
#8549=FILL_AREA_STYLE('',(#8871));
#8550=FILL_AREA_STYLE('',(#8872));
#8551=FILL_AREA_STYLE('',(#8873));
#8552=FILL_AREA_STYLE('',(#8874));
#8553=FILL_AREA_STYLE('',(#8875));
#8554=FILL_AREA_STYLE('',(#8876));
#8555=FILL_AREA_STYLE('',(#8877));
#8556=FILL_AREA_STYLE('',(#8878));
#8557=FILL_AREA_STYLE('',(#8879));
#8558=FILL_AREA_STYLE('',(#8880));
#8559=FILL_AREA_STYLE('',(#8881));
#8560=FILL_AREA_STYLE('',(#8882));
#8561=FILL_AREA_STYLE('',(#8883));
#8562=FILL_AREA_STYLE('',(#8884));
#8563=FILL_AREA_STYLE('',(#8885));
#8564=FILL_AREA_STYLE('',(#8886));
#8565=FILL_AREA_STYLE('',(#8887));
#8566=FILL_AREA_STYLE('',(#8888));
#8567=FILL_AREA_STYLE('',(#8889));
#8568=FILL_AREA_STYLE('',(#8890));
#8569=FILL_AREA_STYLE('',(#8891));
#8570=FILL_AREA_STYLE('',(#8892));
#8571=FILL_AREA_STYLE('',(#8893));
#8572=FILL_AREA_STYLE('',(#8894));
#8573=FILL_AREA_STYLE('',(#8895));
#8574=FILL_AREA_STYLE('',(#8896));
#8575=FILL_AREA_STYLE('',(#8897));
#8576=FILL_AREA_STYLE('',(#8898));
#8577=FILL_AREA_STYLE('',(#8899));
#8578=FILL_AREA_STYLE('',(#8900));
#8579=FILL_AREA_STYLE('',(#8901));
#8580=FILL_AREA_STYLE('',(#8902));
#8581=FILL_AREA_STYLE('',(#8903));
#8582=FILL_AREA_STYLE('',(#8904));
#8583=FILL_AREA_STYLE('',(#8905));
#8584=FILL_AREA_STYLE('',(#8906));
#8585=FILL_AREA_STYLE('',(#8907));
#8586=FILL_AREA_STYLE('',(#8908));
#8587=FILL_AREA_STYLE('',(#8909));
#8588=FILL_AREA_STYLE('',(#8910));
#8589=FILL_AREA_STYLE('',(#8911));
#8590=FILL_AREA_STYLE('',(#8912));
#8591=FILL_AREA_STYLE('',(#8913));
#8592=FILL_AREA_STYLE('',(#8914));
#8593=FILL_AREA_STYLE('',(#8915));
#8594=FILL_AREA_STYLE('',(#8916));
#8595=FILL_AREA_STYLE('',(#8917));
#8596=FILL_AREA_STYLE('',(#8918));
#8597=FILL_AREA_STYLE('',(#8919));
#8598=FILL_AREA_STYLE('',(#8920));
#8599=FILL_AREA_STYLE('',(#8921));
#8600=FILL_AREA_STYLE('',(#8922));
#8601=FILL_AREA_STYLE('',(#8923));
#8602=FILL_AREA_STYLE('',(#8924));
#8603=FILL_AREA_STYLE('',(#8925));
#8604=FILL_AREA_STYLE('',(#8926));
#8605=FILL_AREA_STYLE('',(#8927));
#8606=FILL_AREA_STYLE('',(#8928));
#8607=FILL_AREA_STYLE('',(#8929));
#8608=FILL_AREA_STYLE('',(#8930));
#8609=FILL_AREA_STYLE('',(#8931));
#8610=FILL_AREA_STYLE('',(#8932));
#8611=FILL_AREA_STYLE('',(#8933));
#8612=FILL_AREA_STYLE('',(#8934));
#8613=FILL_AREA_STYLE('',(#8935));
#8614=FILL_AREA_STYLE('',(#8936));
#8615=FILL_AREA_STYLE('',(#8937));
#8616=FILL_AREA_STYLE('',(#8938));
#8617=FILL_AREA_STYLE('',(#8939));
#8618=FILL_AREA_STYLE('',(#8940));
#8619=FILL_AREA_STYLE('',(#8941));
#8620=FILL_AREA_STYLE('',(#8942));
#8621=FILL_AREA_STYLE('',(#8943));
#8622=FILL_AREA_STYLE('',(#8944));
#8623=FILL_AREA_STYLE('',(#8945));
#8624=FILL_AREA_STYLE('',(#8946));
#8625=FILL_AREA_STYLE('',(#8947));
#8626=FILL_AREA_STYLE('',(#8948));
#8627=FILL_AREA_STYLE('',(#8949));
#8628=FILL_AREA_STYLE('',(#8950));
#8629=FILL_AREA_STYLE('',(#8951));
#8630=FILL_AREA_STYLE('',(#8952));
#8631=FILL_AREA_STYLE('',(#8953));
#8632=FILL_AREA_STYLE('',(#8954));
#8633=FILL_AREA_STYLE('',(#8955));
#8634=FILL_AREA_STYLE('',(#8956));
#8635=FILL_AREA_STYLE('',(#8957));
#8636=FILL_AREA_STYLE('',(#8958));
#8637=FILL_AREA_STYLE('',(#8959));
#8638=FILL_AREA_STYLE('',(#8960));
#8639=FILL_AREA_STYLE('',(#8961));
#8640=FILL_AREA_STYLE('',(#8962));
#8641=FILL_AREA_STYLE('',(#8963));
#8642=FILL_AREA_STYLE('',(#8964));
#8643=FILL_AREA_STYLE('',(#8965));
#8644=FILL_AREA_STYLE('',(#8966));
#8645=FILL_AREA_STYLE('',(#8967));
#8646=FILL_AREA_STYLE('',(#8968));
#8647=FILL_AREA_STYLE('',(#8969));
#8648=FILL_AREA_STYLE('',(#8970));
#8649=FILL_AREA_STYLE('',(#8971));
#8650=FILL_AREA_STYLE('',(#8972));
#8651=FILL_AREA_STYLE('',(#8973));
#8652=FILL_AREA_STYLE('',(#8974));
#8653=FILL_AREA_STYLE('',(#8975));
#8654=FILL_AREA_STYLE('',(#8976));
#8655=FILL_AREA_STYLE('',(#8977));
#8656=FILL_AREA_STYLE('',(#8978));
#8657=FILL_AREA_STYLE('',(#8979));
#8658=FILL_AREA_STYLE('',(#8980));
#8659=FILL_AREA_STYLE('',(#8981));
#8660=FILL_AREA_STYLE('',(#8982));
#8661=FILL_AREA_STYLE('',(#8983));
#8662=FILL_AREA_STYLE('',(#8984));
#8663=FILL_AREA_STYLE('',(#8985));
#8664=FILL_AREA_STYLE('',(#8986));
#8665=FILL_AREA_STYLE('',(#8987));
#8666=FILL_AREA_STYLE('',(#8988));
#8667=FILL_AREA_STYLE('',(#8989));
#8668=FILL_AREA_STYLE('',(#8990));
#8669=FILL_AREA_STYLE('',(#8991));
#8670=FILL_AREA_STYLE('',(#8992));
#8671=FILL_AREA_STYLE('',(#8993));
#8672=FILL_AREA_STYLE('',(#8994));
#8673=FILL_AREA_STYLE('',(#8995));
#8674=FILL_AREA_STYLE('',(#8996));
#8675=FILL_AREA_STYLE('',(#8997));
#8676=FILL_AREA_STYLE('',(#8998));
#8677=FILL_AREA_STYLE('',(#8999));
#8678=FILL_AREA_STYLE('',(#9000));
#8679=FILL_AREA_STYLE('',(#9001));
#8680=FILL_AREA_STYLE('',(#9002));
#8681=FILL_AREA_STYLE('',(#9003));
#8682=FILL_AREA_STYLE('',(#9004));
#8683=FILL_AREA_STYLE('',(#9005));
#8684=FILL_AREA_STYLE('',(#9006));
#8685=FILL_AREA_STYLE('',(#9007));
#8686=FILL_AREA_STYLE('',(#9008));
#8687=FILL_AREA_STYLE('',(#9009));
#8688=FILL_AREA_STYLE('',(#9010));
#8689=FILL_AREA_STYLE('',(#9011));
#8690=FILL_AREA_STYLE('',(#9012));
#8691=FILL_AREA_STYLE('',(#9013));
#8692=FILL_AREA_STYLE('',(#9014));
#8693=FILL_AREA_STYLE('',(#9015));
#8694=FILL_AREA_STYLE('',(#9016));
#8695=FILL_AREA_STYLE('',(#9017));
#8696=FILL_AREA_STYLE('',(#9018));
#8697=FILL_AREA_STYLE('',(#9019));
#8698=FILL_AREA_STYLE('',(#9020));
#8699=FILL_AREA_STYLE('',(#9021));
#8700=FILL_AREA_STYLE('',(#9022));
#8701=FILL_AREA_STYLE('',(#9023));
#8702=FILL_AREA_STYLE_COLOUR('',#9024);
#8703=FILL_AREA_STYLE_COLOUR('',#9024);
#8704=FILL_AREA_STYLE_COLOUR('',#9024);
#8705=FILL_AREA_STYLE_COLOUR('',#9024);
#8706=FILL_AREA_STYLE_COLOUR('',#9024);
#8707=FILL_AREA_STYLE_COLOUR('',#9024);
#8708=FILL_AREA_STYLE_COLOUR('',#9024);
#8709=FILL_AREA_STYLE_COLOUR('',#9024);
#8710=FILL_AREA_STYLE_COLOUR('',#9024);
#8711=FILL_AREA_STYLE_COLOUR('',#9024);
#8712=FILL_AREA_STYLE_COLOUR('',#9024);
#8713=FILL_AREA_STYLE_COLOUR('',#9024);
#8714=FILL_AREA_STYLE_COLOUR('',#9025);
#8715=FILL_AREA_STYLE_COLOUR('',#9025);
#8716=FILL_AREA_STYLE_COLOUR('',#9025);
#8717=FILL_AREA_STYLE_COLOUR('',#9025);
#8718=FILL_AREA_STYLE_COLOUR('',#9025);
#8719=FILL_AREA_STYLE_COLOUR('',#9025);
#8720=FILL_AREA_STYLE_COLOUR('',#9025);
#8721=FILL_AREA_STYLE_COLOUR('',#9025);
#8722=FILL_AREA_STYLE_COLOUR('',#9025);
#8723=FILL_AREA_STYLE_COLOUR('',#9025);
#8724=FILL_AREA_STYLE_COLOUR('',#9025);
#8725=FILL_AREA_STYLE_COLOUR('',#9025);
#8726=FILL_AREA_STYLE_COLOUR('',#9025);
#8727=FILL_AREA_STYLE_COLOUR('',#9025);
#8728=FILL_AREA_STYLE_COLOUR('',#9025);
#8729=FILL_AREA_STYLE_COLOUR('',#9024);
#8730=FILL_AREA_STYLE_COLOUR('',#9024);
#8731=FILL_AREA_STYLE_COLOUR('',#9024);
#8732=FILL_AREA_STYLE_COLOUR('',#9024);
#8733=FILL_AREA_STYLE_COLOUR('',#9024);
#8734=FILL_AREA_STYLE_COLOUR('',#9024);
#8735=FILL_AREA_STYLE_COLOUR('',#9024);
#8736=FILL_AREA_STYLE_COLOUR('',#9024);
#8737=FILL_AREA_STYLE_COLOUR('',#9024);
#8738=FILL_AREA_STYLE_COLOUR('',#9024);
#8739=FILL_AREA_STYLE_COLOUR('',#9025);
#8740=FILL_AREA_STYLE_COLOUR('',#9024);
#8741=FILL_AREA_STYLE_COLOUR('',#9024);
#8742=FILL_AREA_STYLE_COLOUR('',#9024);
#8743=FILL_AREA_STYLE_COLOUR('',#9024);
#8744=FILL_AREA_STYLE_COLOUR('',#9024);
#8745=FILL_AREA_STYLE_COLOUR('',#9024);
#8746=FILL_AREA_STYLE_COLOUR('',#9024);
#8747=FILL_AREA_STYLE_COLOUR('',#9024);
#8748=FILL_AREA_STYLE_COLOUR('',#9024);
#8749=FILL_AREA_STYLE_COLOUR('',#9025);
#8750=FILL_AREA_STYLE_COLOUR('',#9024);
#8751=FILL_AREA_STYLE_COLOUR('',#9024);
#8752=FILL_AREA_STYLE_COLOUR('',#9024);
#8753=FILL_AREA_STYLE_COLOUR('',#9024);
#8754=FILL_AREA_STYLE_COLOUR('',#9025);
#8755=FILL_AREA_STYLE_COLOUR('',#9024);
#8756=FILL_AREA_STYLE_COLOUR('',#9024);
#8757=FILL_AREA_STYLE_COLOUR('',#9024);
#8758=FILL_AREA_STYLE_COLOUR('',#9024);
#8759=FILL_AREA_STYLE_COLOUR('',#9024);
#8760=FILL_AREA_STYLE_COLOUR('',#9024);
#8761=FILL_AREA_STYLE_COLOUR('',#9024);
#8762=FILL_AREA_STYLE_COLOUR('',#9024);
#8763=FILL_AREA_STYLE_COLOUR('',#9024);
#8764=FILL_AREA_STYLE_COLOUR('',#9024);
#8765=FILL_AREA_STYLE_COLOUR('',#9024);
#8766=FILL_AREA_STYLE_COLOUR('',#9024);
#8767=FILL_AREA_STYLE_COLOUR('',#9024);
#8768=FILL_AREA_STYLE_COLOUR('',#9024);
#8769=FILL_AREA_STYLE_COLOUR('',#9024);
#8770=FILL_AREA_STYLE_COLOUR('',#9024);
#8771=FILL_AREA_STYLE_COLOUR('',#9024);
#8772=FILL_AREA_STYLE_COLOUR('',#9024);
#8773=FILL_AREA_STYLE_COLOUR('',#9024);
#8774=FILL_AREA_STYLE_COLOUR('',#9024);
#8775=FILL_AREA_STYLE_COLOUR('',#9024);
#8776=FILL_AREA_STYLE_COLOUR('',#9024);
#8777=FILL_AREA_STYLE_COLOUR('',#9024);
#8778=FILL_AREA_STYLE_COLOUR('',#9024);
#8779=FILL_AREA_STYLE_COLOUR('',#9024);
#8780=FILL_AREA_STYLE_COLOUR('',#9024);
#8781=FILL_AREA_STYLE_COLOUR('',#9024);
#8782=FILL_AREA_STYLE_COLOUR('',#9024);
#8783=FILL_AREA_STYLE_COLOUR('',#9024);
#8784=FILL_AREA_STYLE_COLOUR('',#9024);
#8785=FILL_AREA_STYLE_COLOUR('',#9024);
#8786=FILL_AREA_STYLE_COLOUR('',#9024);
#8787=FILL_AREA_STYLE_COLOUR('',#9024);
#8788=FILL_AREA_STYLE_COLOUR('',#9024);
#8789=FILL_AREA_STYLE_COLOUR('',#9024);
#8790=FILL_AREA_STYLE_COLOUR('',#9024);
#8791=FILL_AREA_STYLE_COLOUR('',#9024);
#8792=FILL_AREA_STYLE_COLOUR('',#9024);
#8793=FILL_AREA_STYLE_COLOUR('',#9024);
#8794=FILL_AREA_STYLE_COLOUR('',#9024);
#8795=FILL_AREA_STYLE_COLOUR('',#9024);
#8796=FILL_AREA_STYLE_COLOUR('',#9024);
#8797=FILL_AREA_STYLE_COLOUR('',#9024);
#8798=FILL_AREA_STYLE_COLOUR('',#9024);
#8799=FILL_AREA_STYLE_COLOUR('',#9024);
#8800=FILL_AREA_STYLE_COLOUR('',#9024);
#8801=FILL_AREA_STYLE_COLOUR('',#9024);
#8802=FILL_AREA_STYLE_COLOUR('',#9024);
#8803=FILL_AREA_STYLE_COLOUR('',#9024);
#8804=FILL_AREA_STYLE_COLOUR('',#9024);
#8805=FILL_AREA_STYLE_COLOUR('',#9024);
#8806=FILL_AREA_STYLE_COLOUR('',#9024);
#8807=FILL_AREA_STYLE_COLOUR('',#9024);
#8808=FILL_AREA_STYLE_COLOUR('',#9024);
#8809=FILL_AREA_STYLE_COLOUR('',#9024);
#8810=FILL_AREA_STYLE_COLOUR('',#9024);
#8811=FILL_AREA_STYLE_COLOUR('',#9024);
#8812=FILL_AREA_STYLE_COLOUR('',#9024);
#8813=FILL_AREA_STYLE_COLOUR('',#9024);
#8814=FILL_AREA_STYLE_COLOUR('',#9024);
#8815=FILL_AREA_STYLE_COLOUR('',#9024);
#8816=FILL_AREA_STYLE_COLOUR('',#9024);
#8817=FILL_AREA_STYLE_COLOUR('',#9024);
#8818=FILL_AREA_STYLE_COLOUR('',#9024);
#8819=FILL_AREA_STYLE_COLOUR('',#9024);
#8820=FILL_AREA_STYLE_COLOUR('',#9024);
#8821=FILL_AREA_STYLE_COLOUR('',#9024);
#8822=FILL_AREA_STYLE_COLOUR('',#9024);
#8823=FILL_AREA_STYLE_COLOUR('',#9024);
#8824=FILL_AREA_STYLE_COLOUR('',#9024);
#8825=FILL_AREA_STYLE_COLOUR('',#9024);
#8826=FILL_AREA_STYLE_COLOUR('',#9024);
#8827=FILL_AREA_STYLE_COLOUR('',#9024);
#8828=FILL_AREA_STYLE_COLOUR('',#9024);
#8829=FILL_AREA_STYLE_COLOUR('',#9024);
#8830=FILL_AREA_STYLE_COLOUR('',#9024);
#8831=FILL_AREA_STYLE_COLOUR('',#9024);
#8832=FILL_AREA_STYLE_COLOUR('',#9024);
#8833=FILL_AREA_STYLE_COLOUR('',#9024);
#8834=FILL_AREA_STYLE_COLOUR('',#9024);
#8835=FILL_AREA_STYLE_COLOUR('',#9024);
#8836=FILL_AREA_STYLE_COLOUR('',#9024);
#8837=FILL_AREA_STYLE_COLOUR('',#9024);
#8838=FILL_AREA_STYLE_COLOUR('',#9024);
#8839=FILL_AREA_STYLE_COLOUR('',#9024);
#8840=FILL_AREA_STYLE_COLOUR('',#9024);
#8841=FILL_AREA_STYLE_COLOUR('',#9024);
#8842=FILL_AREA_STYLE_COLOUR('',#9024);
#8843=FILL_AREA_STYLE_COLOUR('',#9024);
#8844=FILL_AREA_STYLE_COLOUR('',#9024);
#8845=FILL_AREA_STYLE_COLOUR('',#9024);
#8846=FILL_AREA_STYLE_COLOUR('',#9024);
#8847=FILL_AREA_STYLE_COLOUR('',#9024);
#8848=FILL_AREA_STYLE_COLOUR('',#9024);
#8849=FILL_AREA_STYLE_COLOUR('',#9024);
#8850=FILL_AREA_STYLE_COLOUR('',#9024);
#8851=FILL_AREA_STYLE_COLOUR('',#9024);
#8852=FILL_AREA_STYLE_COLOUR('',#9024);
#8853=FILL_AREA_STYLE_COLOUR('',#9024);
#8854=FILL_AREA_STYLE_COLOUR('',#9024);
#8855=FILL_AREA_STYLE_COLOUR('',#9024);
#8856=FILL_AREA_STYLE_COLOUR('',#9025);
#8857=FILL_AREA_STYLE_COLOUR('',#9025);
#8858=FILL_AREA_STYLE_COLOUR('',#9025);
#8859=FILL_AREA_STYLE_COLOUR('',#9025);
#8860=FILL_AREA_STYLE_COLOUR('',#9025);
#8861=FILL_AREA_STYLE_COLOUR('',#9025);
#8862=FILL_AREA_STYLE_COLOUR('',#9025);
#8863=FILL_AREA_STYLE_COLOUR('',#9025);
#8864=FILL_AREA_STYLE_COLOUR('',#9025);
#8865=FILL_AREA_STYLE_COLOUR('',#9025);
#8866=FILL_AREA_STYLE_COLOUR('',#9025);
#8867=FILL_AREA_STYLE_COLOUR('',#9025);
#8868=FILL_AREA_STYLE_COLOUR('',#9025);
#8869=FILL_AREA_STYLE_COLOUR('',#9025);
#8870=FILL_AREA_STYLE_COLOUR('',#9025);
#8871=FILL_AREA_STYLE_COLOUR('',#9025);
#8872=FILL_AREA_STYLE_COLOUR('',#9024);
#8873=FILL_AREA_STYLE_COLOUR('',#9024);
#8874=FILL_AREA_STYLE_COLOUR('',#9024);
#8875=FILL_AREA_STYLE_COLOUR('',#9025);
#8876=FILL_AREA_STYLE_COLOUR('',#9025);
#8877=FILL_AREA_STYLE_COLOUR('',#9025);
#8878=FILL_AREA_STYLE_COLOUR('',#9025);
#8879=FILL_AREA_STYLE_COLOUR('',#9025);
#8880=FILL_AREA_STYLE_COLOUR('',#9025);
#8881=FILL_AREA_STYLE_COLOUR('',#9025);
#8882=FILL_AREA_STYLE_COLOUR('',#9025);
#8883=FILL_AREA_STYLE_COLOUR('',#9025);
#8884=FILL_AREA_STYLE_COLOUR('',#9025);
#8885=FILL_AREA_STYLE_COLOUR('',#9025);
#8886=FILL_AREA_STYLE_COLOUR('',#9025);
#8887=FILL_AREA_STYLE_COLOUR('',#9025);
#8888=FILL_AREA_STYLE_COLOUR('',#9025);
#8889=FILL_AREA_STYLE_COLOUR('',#9025);
#8890=FILL_AREA_STYLE_COLOUR('',#9025);
#8891=FILL_AREA_STYLE_COLOUR('',#9025);
#8892=FILL_AREA_STYLE_COLOUR('',#9025);
#8893=FILL_AREA_STYLE_COLOUR('',#9025);
#8894=FILL_AREA_STYLE_COLOUR('',#9025);
#8895=FILL_AREA_STYLE_COLOUR('',#9024);
#8896=FILL_AREA_STYLE_COLOUR('',#9025);
#8897=FILL_AREA_STYLE_COLOUR('',#9025);
#8898=FILL_AREA_STYLE_COLOUR('',#9025);
#8899=FILL_AREA_STYLE_COLOUR('',#9025);
#8900=FILL_AREA_STYLE_COLOUR('',#9025);
#8901=FILL_AREA_STYLE_COLOUR('',#9025);
#8902=FILL_AREA_STYLE_COLOUR('',#9025);
#8903=FILL_AREA_STYLE_COLOUR('',#9024);
#8904=FILL_AREA_STYLE_COLOUR('',#9025);
#8905=FILL_AREA_STYLE_COLOUR('',#9025);
#8906=FILL_AREA_STYLE_COLOUR('',#9025);
#8907=FILL_AREA_STYLE_COLOUR('',#9025);
#8908=FILL_AREA_STYLE_COLOUR('',#9025);
#8909=FILL_AREA_STYLE_COLOUR('',#9025);
#8910=FILL_AREA_STYLE_COLOUR('',#9025);
#8911=FILL_AREA_STYLE_COLOUR('',#9025);
#8912=FILL_AREA_STYLE_COLOUR('',#9025);
#8913=FILL_AREA_STYLE_COLOUR('',#9025);
#8914=FILL_AREA_STYLE_COLOUR('',#9025);
#8915=FILL_AREA_STYLE_COLOUR('',#9025);
#8916=FILL_AREA_STYLE_COLOUR('',#9025);
#8917=FILL_AREA_STYLE_COLOUR('',#9025);
#8918=FILL_AREA_STYLE_COLOUR('',#9025);
#8919=FILL_AREA_STYLE_COLOUR('',#9025);
#8920=FILL_AREA_STYLE_COLOUR('',#9025);
#8921=FILL_AREA_STYLE_COLOUR('',#9025);
#8922=FILL_AREA_STYLE_COLOUR('',#9025);
#8923=FILL_AREA_STYLE_COLOUR('',#9025);
#8924=FILL_AREA_STYLE_COLOUR('',#9025);
#8925=FILL_AREA_STYLE_COLOUR('',#9025);
#8926=FILL_AREA_STYLE_COLOUR('',#9025);
#8927=FILL_AREA_STYLE_COLOUR('',#9025);
#8928=FILL_AREA_STYLE_COLOUR('',#9025);
#8929=FILL_AREA_STYLE_COLOUR('',#9025);
#8930=FILL_AREA_STYLE_COLOUR('',#9025);
#8931=FILL_AREA_STYLE_COLOUR('',#9025);
#8932=FILL_AREA_STYLE_COLOUR('',#9025);
#8933=FILL_AREA_STYLE_COLOUR('',#9025);
#8934=FILL_AREA_STYLE_COLOUR('',#9025);
#8935=FILL_AREA_STYLE_COLOUR('',#9025);
#8936=FILL_AREA_STYLE_COLOUR('',#9025);
#8937=FILL_AREA_STYLE_COLOUR('',#9025);
#8938=FILL_AREA_STYLE_COLOUR('',#9025);
#8939=FILL_AREA_STYLE_COLOUR('',#9025);
#8940=FILL_AREA_STYLE_COLOUR('',#9025);
#8941=FILL_AREA_STYLE_COLOUR('',#9025);
#8942=FILL_AREA_STYLE_COLOUR('',#9025);
#8943=FILL_AREA_STYLE_COLOUR('',#9025);
#8944=FILL_AREA_STYLE_COLOUR('',#9025);
#8945=FILL_AREA_STYLE_COLOUR('',#9025);
#8946=FILL_AREA_STYLE_COLOUR('',#9025);
#8947=FILL_AREA_STYLE_COLOUR('',#9025);
#8948=FILL_AREA_STYLE_COLOUR('',#9025);
#8949=FILL_AREA_STYLE_COLOUR('',#9025);
#8950=FILL_AREA_STYLE_COLOUR('',#9025);
#8951=FILL_AREA_STYLE_COLOUR('',#9025);
#8952=FILL_AREA_STYLE_COLOUR('',#9025);
#8953=FILL_AREA_STYLE_COLOUR('',#9025);
#8954=FILL_AREA_STYLE_COLOUR('',#9025);
#8955=FILL_AREA_STYLE_COLOUR('',#9025);
#8956=FILL_AREA_STYLE_COLOUR('',#9025);
#8957=FILL_AREA_STYLE_COLOUR('',#9025);
#8958=FILL_AREA_STYLE_COLOUR('',#9025);
#8959=FILL_AREA_STYLE_COLOUR('',#9025);
#8960=FILL_AREA_STYLE_COLOUR('',#9025);
#8961=FILL_AREA_STYLE_COLOUR('',#9025);
#8962=FILL_AREA_STYLE_COLOUR('',#9025);
#8963=FILL_AREA_STYLE_COLOUR('',#9025);
#8964=FILL_AREA_STYLE_COLOUR('',#9025);
#8965=FILL_AREA_STYLE_COLOUR('',#9025);
#8966=FILL_AREA_STYLE_COLOUR('',#9025);
#8967=FILL_AREA_STYLE_COLOUR('',#9025);
#8968=FILL_AREA_STYLE_COLOUR('',#9025);
#8969=FILL_AREA_STYLE_COLOUR('',#9025);
#8970=FILL_AREA_STYLE_COLOUR('',#9025);
#8971=FILL_AREA_STYLE_COLOUR('',#9025);
#8972=FILL_AREA_STYLE_COLOUR('',#9025);
#8973=FILL_AREA_STYLE_COLOUR('',#9025);
#8974=FILL_AREA_STYLE_COLOUR('',#9025);
#8975=FILL_AREA_STYLE_COLOUR('',#9025);
#8976=FILL_AREA_STYLE_COLOUR('',#9025);
#8977=FILL_AREA_STYLE_COLOUR('',#9025);
#8978=FILL_AREA_STYLE_COLOUR('',#9025);
#8979=FILL_AREA_STYLE_COLOUR('',#9025);
#8980=FILL_AREA_STYLE_COLOUR('',#9025);
#8981=FILL_AREA_STYLE_COLOUR('',#9025);
#8982=FILL_AREA_STYLE_COLOUR('',#9025);
#8983=FILL_AREA_STYLE_COLOUR('',#9025);
#8984=FILL_AREA_STYLE_COLOUR('',#9025);
#8985=FILL_AREA_STYLE_COLOUR('',#9025);
#8986=FILL_AREA_STYLE_COLOUR('',#9025);
#8987=FILL_AREA_STYLE_COLOUR('',#9025);
#8988=FILL_AREA_STYLE_COLOUR('',#9025);
#8989=FILL_AREA_STYLE_COLOUR('',#9025);
#8990=FILL_AREA_STYLE_COLOUR('',#9025);
#8991=FILL_AREA_STYLE_COLOUR('',#9025);
#8992=FILL_AREA_STYLE_COLOUR('',#9025);
#8993=FILL_AREA_STYLE_COLOUR('',#9025);
#8994=FILL_AREA_STYLE_COLOUR('',#9025);
#8995=FILL_AREA_STYLE_COLOUR('',#9025);
#8996=FILL_AREA_STYLE_COLOUR('',#9025);
#8997=FILL_AREA_STYLE_COLOUR('',#9025);
#8998=FILL_AREA_STYLE_COLOUR('',#9025);
#8999=FILL_AREA_STYLE_COLOUR('',#9025);
#9000=FILL_AREA_STYLE_COLOUR('',#9025);
#9001=FILL_AREA_STYLE_COLOUR('',#9025);
#9002=FILL_AREA_STYLE_COLOUR('',#9025);
#9003=FILL_AREA_STYLE_COLOUR('',#9025);
#9004=FILL_AREA_STYLE_COLOUR('',#9025);
#9005=FILL_AREA_STYLE_COLOUR('',#9025);
#9006=FILL_AREA_STYLE_COLOUR('',#9025);
#9007=FILL_AREA_STYLE_COLOUR('',#9025);
#9008=FILL_AREA_STYLE_COLOUR('',#9025);
#9009=FILL_AREA_STYLE_COLOUR('',#9025);
#9010=FILL_AREA_STYLE_COLOUR('',#9025);
#9011=FILL_AREA_STYLE_COLOUR('',#9025);
#9012=FILL_AREA_STYLE_COLOUR('',#9025);
#9013=FILL_AREA_STYLE_COLOUR('',#9025);
#9014=FILL_AREA_STYLE_COLOUR('',#9025);
#9015=FILL_AREA_STYLE_COLOUR('',#9025);
#9016=FILL_AREA_STYLE_COLOUR('',#9025);
#9017=FILL_AREA_STYLE_COLOUR('',#9025);
#9018=FILL_AREA_STYLE_COLOUR('',#9025);
#9019=FILL_AREA_STYLE_COLOUR('',#9025);
#9020=FILL_AREA_STYLE_COLOUR('',#9025);
#9021=FILL_AREA_STYLE_COLOUR('',#9025);
#9022=FILL_AREA_STYLE_COLOUR('',#9025);
#9023=FILL_AREA_STYLE_COLOUR('',#12);
#9024=COLOUR_RGB('',0.200000002980232,0.200000002980232,0.200000002980232);
#9025=COLOUR_RGB('',0.75300002098083,0.75300002098083,0.75300002098083);
#9026=ADVANCED_FACE('',(#6133),#6511,.T.);
#9027=ADVANCED_FACE('',(#6134),#6512,.T.);
#9028=ADVANCED_FACE('',(#6135),#6513,.T.);
#9029=ADVANCED_FACE('',(#6136),#6514,.T.);
#9030=ADVANCED_FACE('',(#6137),#6515,.T.);
#9031=ADVANCED_FACE('',(#6138),#6516,.T.);
#9032=ADVANCED_FACE('',(#6139),#6517,.T.);
#9033=ADVANCED_FACE('',(#6140),#6518,.T.);
#9034=ADVANCED_FACE('',(#6141),#6519,.T.);
#9035=ADVANCED_FACE('',(#6142),#6520,.T.);
#9036=ADVANCED_FACE('',(#6143),#6521,.T.);
#9037=ADVANCED_FACE('',(#6144),#6522,.T.);
#9038=ADVANCED_FACE('',(#6145),#6523,.T.);
#9039=ADVANCED_FACE('',(#6146),#6524,.T.);
#9040=ADVANCED_FACE('',(#6147),#6525,.T.);
#9041=ADVANCED_FACE('',(#6148),#6526,.T.);
#9042=ADVANCED_FACE('',(#6149),#6527,.T.);
#9043=ADVANCED_FACE('',(#6150),#6528,.T.);
#9044=ADVANCED_FACE('',(#6151,#6152),#6529,.F.);
#9045=ADVANCED_FACE('',(#6153,#6154),#6530,.T.);
#9046=ADVANCED_FACE('',(#6155),#6531,.T.);
#9047=ADVANCED_FACE('',(#6156),#6532,.T.);
#9048=ADVANCED_FACE('',(#6157),#6533,.T.);
#9049=ADVANCED_FACE('',(#6158),#6534,.F.);
#9050=ADVANCED_FACE('',(#6159),#6535,.F.);
#9051=ADVANCED_FACE('',(#6160),#6536,.F.);
#9052=ADVANCED_FACE('',(#6161),#6537,.F.);
#9053=ADVANCED_FACE('',(#6162),#6538,.T.);
#9054=ADVANCED_FACE('',(#6163),#6539,.T.);
#9055=ADVANCED_FACE('',(#6164),#6540,.F.);
#9056=ADVANCED_FACE('',(#6165),#6541,.F.);
#9057=ADVANCED_FACE('',(#6166),#6542,.T.);
#9058=ADVANCED_FACE('',(#6167),#6543,.T.);
#9059=ADVANCED_FACE('',(#6168),#6544,.F.);
#9060=ADVANCED_FACE('',(#6169),#6545,.F.);
#9061=ADVANCED_FACE('',(#6170),#6546,.T.);
#9062=ADVANCED_FACE('',(#6171),#6547,.T.);
#9063=ADVANCED_FACE('',(#6172),#6548,.F.);
#9064=ADVANCED_FACE('',(#6173),#6549,.T.);
#9065=ADVANCED_FACE('',(#6174),#6550,.T.);
#9066=ADVANCED_FACE('',(#6175),#6551,.F.);
#9067=ADVANCED_FACE('',(#6176),#6552,.T.);
#9068=ADVANCED_FACE('',(#6177),#6553,.T.);
#9069=ADVANCED_FACE('',(#6178),#6554,.F.);
#9070=ADVANCED_FACE('',(#6179),#6555,.F.);
#9071=ADVANCED_FACE('',(#6180),#6556,.F.);
#9072=ADVANCED_FACE('',(#6181),#6557,.F.);
#9073=ADVANCED_FACE('',(#6182),#6558,.F.);
#9074=ADVANCED_FACE('',(#6183),#6559,.F.);
#9075=ADVANCED_FACE('',(#6184),#6560,.F.);
#9076=ADVANCED_FACE('',(#6185),#6561,.F.);
#9077=ADVANCED_FACE('',(#6186),#6562,.F.);
#9078=ADVANCED_FACE('',(#6187),#6563,.F.);
#9079=ADVANCED_FACE('',(#6188),#6564,.F.);
#9080=ADVANCED_FACE('',(#6189),#6565,.F.);
#9081=ADVANCED_FACE('',(#6190),#6566,.F.);
#9082=ADVANCED_FACE('',(#6191),#6567,.F.);
#9083=ADVANCED_FACE('',(#6192),#6568,.F.);
#9084=ADVANCED_FACE('',(#6193),#6569,.F.);
#9085=ADVANCED_FACE('',(#6194),#6570,.F.);
#9086=ADVANCED_FACE('',(#6195),#6571,.F.);
#9087=ADVANCED_FACE('',(#6196),#6572,.F.);
#9088=ADVANCED_FACE('',(#6197),#6573,.F.);
#9089=ADVANCED_FACE('',(#6198),#35,.T.);
#9090=ADVANCED_FACE('',(#6199),#6574,.T.);
#9091=ADVANCED_FACE('',(#6200),#36,.F.);
#9092=ADVANCED_FACE('',(#6201),#37,.F.);
#9093=ADVANCED_FACE('',(#6202),#38,.T.);
#9094=ADVANCED_FACE('',(#6203),#6575,.T.);
#9095=ADVANCED_FACE('',(#6204),#6576,.F.);
#9096=ADVANCED_FACE('',(#6205),#6577,.F.);
#9097=ADVANCED_FACE('',(#6206,#6207,#6208,#6209,#6210,#6211,#6212),#6578,
 .F.);
#9098=ADVANCED_FACE('',(#6213),#6579,.F.);
#9099=ADVANCED_FACE('',(#6214),#6580,.F.);
#9100=ADVANCED_FACE('',(#6215),#6581,.F.);
#9101=ADVANCED_FACE('',(#6216),#6582,.F.);
#9102=ADVANCED_FACE('',(#6217),#6583,.F.);
#9103=ADVANCED_FACE('',(#6218),#6584,.F.);
#9104=ADVANCED_FACE('',(#6219),#6585,.F.);
#9105=ADVANCED_FACE('',(#6220),#6586,.F.);
#9106=ADVANCED_FACE('',(#6221),#6587,.F.);
#9107=ADVANCED_FACE('',(#6222),#6588,.F.);
#9108=ADVANCED_FACE('',(#6223),#6589,.T.);
#9109=ADVANCED_FACE('',(#6224),#6590,.T.);
#9110=ADVANCED_FACE('',(#6225),#6591,.T.);
#9111=ADVANCED_FACE('',(#6226),#6592,.T.);
#9112=ADVANCED_FACE('',(#6227),#6593,.T.);
#9113=ADVANCED_FACE('',(#6228),#6594,.T.);
#9114=ADVANCED_FACE('',(#6229),#39,.T.);
#9115=ADVANCED_FACE('',(#6230),#6595,.T.);
#9116=ADVANCED_FACE('',(#6231),#40,.T.);
#9117=ADVANCED_FACE('',(#6232),#6596,.T.);
#9118=ADVANCED_FACE('',(#6233),#6597,.T.);
#9119=ADVANCED_FACE('',(#6234),#6598,.T.);
#9120=ADVANCED_FACE('',(#6235),#41,.T.);
#9121=ADVANCED_FACE('',(#6236),#42,.T.);
#9122=ADVANCED_FACE('',(#6237),#6599,.T.);
#9123=ADVANCED_FACE('',(#6238),#6600,.T.);
#9124=ADVANCED_FACE('',(#6239),#6601,.T.);
#9125=ADVANCED_FACE('',(#6240),#6602,.T.);
#9126=ADVANCED_FACE('',(#6241),#43,.F.);
#9127=ADVANCED_FACE('',(#6242),#44,.F.);
#9128=ADVANCED_FACE('',(#6243),#6603,.T.);
#9129=ADVANCED_FACE('',(#6244),#6604,.T.);
#9130=ADVANCED_FACE('',(#6245),#6605,.T.);
#9131=ADVANCED_FACE('',(#6246),#6606,.T.);
#9132=ADVANCED_FACE('',(#6247),#6607,.T.);
#9133=ADVANCED_FACE('',(#6248),#6608,.T.);
#9134=ADVANCED_FACE('',(#6249),#6609,.T.);
#9135=ADVANCED_FACE('',(#6250),#6610,.T.);
#9136=ADVANCED_FACE('',(#6251),#6611,.T.);
#9137=ADVANCED_FACE('',(#6252),#6612,.T.);
#9138=ADVANCED_FACE('',(#6253),#6613,.T.);
#9139=ADVANCED_FACE('',(#6254),#6614,.T.);
#9140=ADVANCED_FACE('',(#6255),#45,.T.);
#9141=ADVANCED_FACE('',(#6256),#6615,.T.);
#9142=ADVANCED_FACE('',(#6257),#46,.T.);
#9143=ADVANCED_FACE('',(#6258),#6616,.T.);
#9144=ADVANCED_FACE('',(#6259),#47,.T.);
#9145=ADVANCED_FACE('',(#6260),#6617,.T.);
#9146=ADVANCED_FACE('',(#6261),#48,.T.);
#9147=ADVANCED_FACE('',(#6262),#6618,.T.);
#9148=ADVANCED_FACE('',(#6263),#6619,.F.);
#9149=ADVANCED_FACE('',(#6264),#49,.T.);
#9150=ADVANCED_FACE('',(#6265),#6620,.T.);
#9151=ADVANCED_FACE('',(#6266),#50,.T.);
#9152=ADVANCED_FACE('',(#6267),#6621,.T.);
#9153=ADVANCED_FACE('',(#6268),#51,.T.);
#9154=ADVANCED_FACE('',(#6269),#6622,.T.);
#9155=ADVANCED_FACE('',(#6270),#52,.T.);
#9156=ADVANCED_FACE('',(#6271),#6623,.T.);
#9157=ADVANCED_FACE('',(#6272),#6624,.F.);
#9158=ADVANCED_FACE('',(#6273),#53,.T.);
#9159=ADVANCED_FACE('',(#6274),#6625,.T.);
#9160=ADVANCED_FACE('',(#6275),#54,.T.);
#9161=ADVANCED_FACE('',(#6276),#6626,.T.);
#9162=ADVANCED_FACE('',(#6277),#55,.T.);
#9163=ADVANCED_FACE('',(#6278),#6627,.T.);
#9164=ADVANCED_FACE('',(#6279),#56,.T.);
#9165=ADVANCED_FACE('',(#6280),#6628,.T.);
#9166=ADVANCED_FACE('',(#6281),#6629,.F.);
#9167=ADVANCED_FACE('',(#6282),#57,.T.);
#9168=ADVANCED_FACE('',(#6283),#6630,.T.);
#9169=ADVANCED_FACE('',(#6284),#58,.T.);
#9170=ADVANCED_FACE('',(#6285),#6631,.T.);
#9171=ADVANCED_FACE('',(#6286),#59,.T.);
#9172=ADVANCED_FACE('',(#6287),#6632,.T.);
#9173=ADVANCED_FACE('',(#6288),#60,.T.);
#9174=ADVANCED_FACE('',(#6289),#6633,.T.);
#9175=ADVANCED_FACE('',(#6290),#6634,.F.);
#9176=ADVANCED_FACE('',(#6291),#6635,.T.);
#9177=ADVANCED_FACE('',(#6292,#6293),#61,.F.);
#9178=ADVANCED_FACE('',(#6294),#6636,.T.);
#9179=ADVANCED_FACE('',(#6295,#6296),#62,.F.);
#9180=ADVANCED_FACE('',(#6297),#6637,.F.);
#9181=ADVANCED_FACE('',(#6298),#6638,.F.);
#9182=ADVANCED_FACE('',(#6299),#63,.F.);
#9183=ADVANCED_FACE('',(#6300),#6639,.F.);
#9184=ADVANCED_FACE('',(#6301),#64,.F.);
#9185=ADVANCED_FACE('',(#6302),#6640,.F.);
#9186=ADVANCED_FACE('',(#6303),#65,.F.);
#9187=ADVANCED_FACE('',(#6304),#6641,.F.);
#9188=ADVANCED_FACE('',(#6305),#66,.F.);
#9189=ADVANCED_FACE('',(#6306),#67,.T.);
#9190=ADVANCED_FACE('',(#6307),#6642,.T.);
#9191=ADVANCED_FACE('',(#6308),#68,.F.);
#9192=ADVANCED_FACE('',(#6309),#69,.F.);
#9193=ADVANCED_FACE('',(#6310),#6643,.T.);
#9194=ADVANCED_FACE('',(#6311),#70,.F.);
#9195=ADVANCED_FACE('',(#6312),#71,.F.);
#9196=ADVANCED_FACE('',(#6313),#6644,.T.);
#9197=ADVANCED_FACE('',(#6314),#72,.T.);
#9198=ADVANCED_FACE('',(#6315),#73,.F.);
#9199=ADVANCED_FACE('',(#6316),#74,.F.);
#9200=ADVANCED_FACE('',(#6317),#75,.T.);
#9201=ADVANCED_FACE('',(#6318),#6645,.T.);
#9202=ADVANCED_FACE('',(#6319),#76,.F.);
#9203=ADVANCED_FACE('',(#6320),#6646,.T.);
#9204=ADVANCED_FACE('',(#6321),#6647,.T.);
#9205=ADVANCED_FACE('',(#6322),#6648,.T.);
#9206=ADVANCED_FACE('',(#6323),#77,.F.);
#9207=ADVANCED_FACE('',(#6324),#78,.F.);
#9208=ADVANCED_FACE('',(#6325),#6649,.T.);
#9209=ADVANCED_FACE('',(#6326),#6650,.T.);
#9210=ADVANCED_FACE('',(#6327),#6651,.T.);
#9211=ADVANCED_FACE('',(#6328),#79,.F.);
#9212=ADVANCED_FACE('',(#6329),#6652,.T.);
#9213=ADVANCED_FACE('',(#6330),#80,.T.);
#9214=ADVANCED_FACE('',(#6331),#81,.F.);
#9215=ADVANCED_FACE('',(#6332),#6653,.T.);
#9216=ADVANCED_FACE('',(#6333),#82,.F.);
#9217=ADVANCED_FACE('',(#6334),#6654,.T.);
#9218=ADVANCED_FACE('',(#6335),#6655,.T.);
#9219=ADVANCED_FACE('',(#6336),#6656,.F.);
#9220=ADVANCED_FACE('',(#6337),#83,.T.);
#9221=ADVANCED_FACE('',(#6338),#6657,.T.);
#9222=ADVANCED_FACE('',(#6339),#84,.T.);
#9223=ADVANCED_FACE('',(#6340),#6658,.T.);
#9224=ADVANCED_FACE('',(#6341),#85,.F.);
#9225=ADVANCED_FACE('',(#6342),#86,.F.);
#9226=ADVANCED_FACE('',(#6343),#6659,.T.);
#9227=ADVANCED_FACE('',(#6344),#6660,.T.);
#9228=ADVANCED_FACE('',(#6345),#87,.T.);
#9229=ADVANCED_FACE('',(#6346),#6661,.F.);
#9230=ADVANCED_FACE('',(#6347),#88,.T.);
#9231=ADVANCED_FACE('',(#6348),#6662,.F.);
#9232=ADVANCED_FACE('',(#6349),#89,.F.);
#9233=ADVANCED_FACE('',(#6350),#90,.F.);
#9234=ADVANCED_FACE('',(#6351),#6663,.F.);
#9235=ADVANCED_FACE('',(#6352),#91,.T.);
#9236=ADVANCED_FACE('',(#6353),#92,.T.);
#9237=ADVANCED_FACE('',(#6354),#6664,.F.);
#9238=ADVANCED_FACE('',(#6355),#93,.T.);
#9239=ADVANCED_FACE('',(#6356),#6665,.T.);
#9240=ADVANCED_FACE('',(#6357),#94,.T.);
#9241=ADVANCED_FACE('',(#6358),#6666,.T.);
#9242=ADVANCED_FACE('',(#6359),#95,.T.);
#9243=ADVANCED_FACE('',(#6360),#6667,.F.);
#9244=ADVANCED_FACE('',(#6361),#96,.T.);
#9245=ADVANCED_FACE('',(#6362),#6668,.T.);
#9246=ADVANCED_FACE('',(#6363),#6669,.T.);
#9247=ADVANCED_FACE('',(#6364),#97,.F.);
#9248=ADVANCED_FACE('',(#6365),#6670,.F.);
#9249=ADVANCED_FACE('',(#6366),#98,.T.);
#9250=ADVANCED_FACE('',(#6367),#99,.F.);
#9251=ADVANCED_FACE('',(#6368),#100,.F.);
#9252=ADVANCED_FACE('',(#6369),#101,.T.);
#9253=ADVANCED_FACE('',(#6370),#102,.F.);
#9254=ADVANCED_FACE('',(#6371),#103,.T.);
#9255=ADVANCED_FACE('',(#6372),#104,.F.);
#9256=ADVANCED_FACE('',(#6373),#105,.T.);
#9257=ADVANCED_FACE('',(#6374),#106,.T.);
#9258=ADVANCED_FACE('',(#6375),#107,.T.);
#9259=ADVANCED_FACE('',(#6376),#108,.F.);
#9260=ADVANCED_FACE('',(#6377),#6671,.T.);
#9261=ADVANCED_FACE('',(#6378),#6672,.T.);
#9262=ADVANCED_FACE('',(#6379),#6673,.T.);
#9263=ADVANCED_FACE('',(#6380),#109,.T.);
#9264=ADVANCED_FACE('',(#6381),#6674,.T.);
#9265=ADVANCED_FACE('',(#6382),#6675,.T.);
#9266=ADVANCED_FACE('',(#6383),#110,.T.);
#9267=ADVANCED_FACE('',(#6384),#111,.F.);
#9268=ADVANCED_FACE('',(#6385),#6676,.T.);
#9269=ADVANCED_FACE('',(#6386),#6677,.F.);
#9270=ADVANCED_FACE('',(#6387),#6678,.F.);
#9271=ADVANCED_FACE('',(#6388),#6679,.T.);
#9272=ADVANCED_FACE('',(#6389),#6680,.T.);
#9273=ADVANCED_FACE('',(#6390),#6681,.T.);
#9274=ADVANCED_FACE('',(#6391),#6682,.T.);
#9275=ADVANCED_FACE('',(#6392),#112,.T.);
#9276=ADVANCED_FACE('',(#6393),#6683,.T.);
#9277=ADVANCED_FACE('',(#6394),#113,.F.);
#9278=ADVANCED_FACE('',(#6395),#114,.T.);
#9279=ADVANCED_FACE('',(#6396),#6684,.T.);
#9280=ADVANCED_FACE('',(#6397),#115,.F.);
#9281=ADVANCED_FACE('',(#6398),#116,.T.);
#9282=ADVANCED_FACE('',(#6399),#6685,.F.);
#9283=ADVANCED_FACE('',(#6400),#6686,.F.);
#9284=ADVANCED_FACE('',(#6401),#6687,.F.);
#9285=ADVANCED_FACE('',(#6402),#117,.F.);
#9286=ADVANCED_FACE('',(#6403),#6688,.F.);
#9287=ADVANCED_FACE('',(#6404),#6689,.F.);
#9288=ADVANCED_FACE('',(#6405),#118,.T.);
#9289=ADVANCED_FACE('',(#6406),#119,.F.);
#9290=ADVANCED_FACE('',(#6407),#6690,.F.);
#9291=ADVANCED_FACE('',(#6408),#6691,.T.);
#9292=ADVANCED_FACE('',(#6409),#6692,.T.);
#9293=ADVANCED_FACE('',(#6410),#6693,.F.);
#9294=ADVANCED_FACE('',(#6411),#6694,.F.);
#9295=ADVANCED_FACE('',(#6412),#6695,.F.);
#9296=ADVANCED_FACE('',(#6413),#6696,.F.);
#9297=ADVANCED_FACE('',(#6414),#120,.T.);
#9298=ADVANCED_FACE('',(#6415),#6697,.F.);
#9299=ADVANCED_FACE('',(#6416),#121,.F.);
#9300=ADVANCED_FACE('',(#6417),#122,.T.);
#9301=ADVANCED_FACE('',(#6418),#6698,.F.);
#9302=ADVANCED_FACE('',(#6419),#123,.F.);
#9303=ADVANCED_FACE('',(#6420),#124,.T.);
#9304=ADVANCED_FACE('',(#6421),#6699,.T.);
#9305=ADVANCED_FACE('',(#6422),#6700,.T.);
#9306=ADVANCED_FACE('',(#6423),#6701,.T.);
#9307=ADVANCED_FACE('',(#6424),#125,.F.);
#9308=ADVANCED_FACE('',(#6425),#6702,.T.);
#9309=ADVANCED_FACE('',(#6426),#6703,.T.);
#9310=ADVANCED_FACE('',(#6427),#126,.T.);
#9311=ADVANCED_FACE('',(#6428),#127,.F.);
#9312=ADVANCED_FACE('',(#6429),#6704,.F.);
#9313=ADVANCED_FACE('',(#6430),#6705,.T.);
#9314=ADVANCED_FACE('',(#6431),#6706,.F.);
#9315=ADVANCED_FACE('',(#6432),#6707,.T.);
#9316=ADVANCED_FACE('',(#6433),#6708,.T.);
#9317=ADVANCED_FACE('',(#6434),#6709,.T.);
#9318=ADVANCED_FACE('',(#6435),#6710,.T.);
#9319=ADVANCED_FACE('',(#6436),#128,.T.);
#9320=ADVANCED_FACE('',(#6437),#6711,.T.);
#9321=ADVANCED_FACE('',(#6438),#129,.F.);
#9322=ADVANCED_FACE('',(#6439),#130,.T.);
#9323=ADVANCED_FACE('',(#6440),#6712,.T.);
#9324=ADVANCED_FACE('',(#6441),#131,.F.);
#9325=ADVANCED_FACE('',(#6442),#132,.F.);
#9326=ADVANCED_FACE('',(#6443),#6713,.T.);
#9327=ADVANCED_FACE('',(#6444),#133,.T.);
#9328=ADVANCED_FACE('',(#6445),#134,.F.);
#9329=ADVANCED_FACE('',(#6446),#6714,.T.);
#9330=ADVANCED_FACE('',(#6447),#135,.T.);
#9331=ADVANCED_FACE('',(#6448),#6715,.T.);
#9332=ADVANCED_FACE('',(#6449),#6716,.T.);
#9333=ADVANCED_FACE('',(#6450),#6717,.T.);
#9334=ADVANCED_FACE('',(#6451),#6718,.T.);
#9335=ADVANCED_FACE('',(#6452),#6719,.F.);
#9336=ADVANCED_FACE('',(#6453),#6720,.F.);
#9337=ADVANCED_FACE('',(#6454),#6721,.T.);
#9338=ADVANCED_FACE('',(#6455),#136,.F.);
#9339=ADVANCED_FACE('',(#6456),#6722,.T.);
#9340=ADVANCED_FACE('',(#6457),#137,.T.);
#9341=ADVANCED_FACE('',(#6458),#6723,.T.);
#9342=ADVANCED_FACE('',(#6459),#6724,.T.);
#9343=ADVANCED_FACE('',(#6460),#6725,.T.);
#9344=ADVANCED_FACE('',(#6461),#138,.F.);
#9345=ADVANCED_FACE('',(#6462),#6726,.T.);
#9346=ADVANCED_FACE('',(#6463),#139,.T.);
#9347=ADVANCED_FACE('',(#6464,#6465,#6466,#6467),#6727,.T.);
#9348=ADVANCED_FACE('',(#6468),#6728,.T.);
#9349=ADVANCED_FACE('',(#6469),#6729,.T.);
#9350=ADVANCED_FACE('',(#6470),#6730,.T.);
#9351=ADVANCED_FACE('',(#6471),#6731,.T.);
#9352=ADVANCED_FACE('',(#6472),#6732,.T.);
#9353=ADVANCED_FACE('',(#6473),#6733,.T.);
#9354=ADVANCED_FACE('',(#6474),#6734,.T.);
#9355=ADVANCED_FACE('',(#6475),#6735,.T.);
#9356=ADVANCED_FACE('',(#6476),#6736,.T.);
#9357=ADVANCED_FACE('',(#6477),#6737,.T.);
#9358=ADVANCED_FACE('',(#6478),#6738,.T.);
#9359=ADVANCED_FACE('',(#6479),#6739,.T.);
#9360=ADVANCED_FACE('',(#6480),#6740,.T.);
#9361=ADVANCED_FACE('',(#6481),#6741,.T.);
#9362=ADVANCED_FACE('',(#6482),#6742,.T.);
#9363=ADVANCED_FACE('',(#6483),#140,.F.);
#9364=ADVANCED_FACE('',(#6484),#6743,.T.);
#9365=ADVANCED_FACE('',(#6485),#6744,.T.);
#9366=ADVANCED_FACE('',(#6486),#6745,.T.);
#9367=ADVANCED_FACE('',(#6487),#6746,.T.);
#9368=ADVANCED_FACE('',(#6488),#6747,.T.);
#9369=ADVANCED_FACE('',(#6489),#6748,.T.);
#9370=ADVANCED_FACE('',(#6490),#6749,.F.);
#9371=ADVANCED_FACE('',(#6491),#6750,.F.);
#9372=ADVANCED_FACE('',(#6492),#6751,.F.);
#9373=ADVANCED_FACE('',(#6493),#6752,.F.);
#9374=ADVANCED_FACE('',(#6494),#6753,.F.);
#9375=ADVANCED_FACE('',(#6495),#6754,.F.);
#9376=ADVANCED_FACE('',(#6496),#6755,.F.);
#9377=ADVANCED_FACE('',(#6497),#6756,.F.);
#9378=ADVANCED_FACE('',(#6498),#6757,.F.);
#9379=ADVANCED_FACE('',(#6499),#6758,.F.);
#9380=ADVANCED_FACE('',(#6500),#6759,.T.);
#9381=ADVANCED_FACE('',(#6501),#6760,.F.);
#9382=ADVANCED_FACE('',(#6502),#6761,.F.);
#9383=ADVANCED_FACE('',(#6503),#6762,.F.);
#9384=ADVANCED_FACE('',(#6504),#6763,.F.);
#9385=ADVANCED_FACE('',(#6505),#6764,.T.);
#9386=ADVANCED_FACE('',(#6506),#6765,.F.);
#9387=ADVANCED_FACE('',(#6507),#6766,.F.);
#9388=ADVANCED_FACE('',(#6508),#6767,.F.);
#9389=ADVANCED_FACE('',(#6509),#6768,.F.);
#9390=ADVANCED_FACE('',(#6510),#6769,.T.);
#9391=CLOSED_SHELL('',(#9026,#9027,#9028,#9029,#9030,#9031,#9032,#9033,
#9034,#9035,#9036,#9037,#9038,#9039,#9040,#9041,#9042,#9043,#9044,#9045,
#9046,#9047,#9048,#9049,#9050,#9051,#9052,#9053,#9054,#9055,#9056,#9057,
#9058,#9059,#9060,#9061,#9062,#9063,#9064,#9065,#9066,#9067,#9068,#9069,
#9070,#9071,#9072,#9073,#9074,#9075,#9076,#9077,#9078,#9079,#9080,#9081,
#9082,#9083,#9084,#9085,#9086,#9087,#9088,#9089,#9090,#9091,#9092,#9093,
#9094,#9095,#9096,#9097,#9098,#9099,#9100,#9101,#9102,#9103,#9104,#9105,
#9106,#9107,#9108,#9109,#9110,#9111,#9112,#9113,#9114,#9115,#9116,#9117,
#9118,#9119,#9120,#9121,#9122,#9123,#9124,#9125,#9126,#9127,#9128,#9129,
#9130,#9131,#9132,#9133,#9134,#9135,#9136,#9137,#9138,#9139,#9140,#9141,
#9142,#9143,#9144,#9145,#9146,#9147,#9148,#9149,#9150,#9151,#9152,#9153,
#9154,#9155,#9156,#9157,#9158,#9159,#9160,#9161,#9162,#9163,#9164,#9165,
#9166,#9167,#9168,#9169,#9170,#9171,#9172,#9173,#9174,#9175,#9176,#9177,
#9178,#9179,#9180,#9181,#9182,#9183,#9184,#9185,#9186,#9187,#9188,#9189,
#9190,#9191,#9192,#9193,#9194,#9195,#9196,#9197,#9198,#9199,#9200,#9201,
#9202,#9203,#9204,#9205,#9206,#9207,#9208,#9209,#9210,#9211,#9212,#9213,
#9214,#9215,#9216,#9217,#9218,#9219,#9220,#9221,#9222,#9223,#9224,#9225,
#9226,#9227,#9228,#9229,#9230,#9231,#9232,#9233,#9234,#9235,#9236,#9237,
#9238,#9239,#9240,#9241,#9242,#9243,#9244,#9245,#9246,#9247,#9248,#9249,
#9250,#9251,#9252,#9253,#9254,#9255,#9256,#9257,#9258,#9259,#9260,#9261,
#9262,#9263,#9264,#9265,#9266,#9267,#9268,#9269,#9270,#9271,#9272,#9273,
#9274,#9275,#9276,#9277,#9278,#9279,#9280,#9281,#9282,#9283,#9284,#9285,
#9286,#9287,#9288,#9289,#9290,#9291,#9292,#9293,#9294,#9295,#9296,#9297,
#9298,#9299,#9300,#9301,#9302,#9303,#9304,#9305,#9306,#9307,#9308,#9309,
#9310,#9311,#9312,#9313,#9314,#9315,#9316,#9317,#9318,#9319,#9320,#9321,
#9322,#9323,#9324,#9325,#9326,#9327,#9328,#9329,#9330,#9331,#9332,#9333,
#9334,#9335,#9336,#9337,#9338,#9339,#9340,#9341,#9342,#9343,#9344,#9345,
#9346));
#9392=CLOSED_SHELL('',(#9347,#9348,#9349,#9350,#9351,#9352,#9353,#9354,
#9355,#9356,#9357,#9358,#9359,#9360,#9361,#9362,#9363,#9364,#9365,#9366,
#9367,#9368,#9369,#9370,#9371,#9372,#9373,#9374,#9375,#9376,#9377,#9378,
#9379,#9380,#9381,#9382,#9383,#9384,#9385,#9386,#9387,#9388,#9389,#9390));
#9393=MANIFOLD_SOLID_BREP('23B-01_c',#9391);
#9394=MANIFOLD_SOLID_BREP('3Top setting_s',#9392);
#9395=SHAPE_DEFINITION_REPRESENTATION(#14137,#9398);
#9396=SHAPE_DEFINITION_REPRESENTATION(#14138,#9399);
#9397=SHAPE_DEFINITION_REPRESENTATION(#14140,#9400);
#9398=SHAPE_REPRESENTATION('CL-SB-23B-01T',(#9401,#9957,#10006),#14128);
#9399=SHAPE_REPRESENTATION('23B-01_c',(#9401),#14129);
#9400=SHAPE_REPRESENTATION('3Top setting_s',(#9401),#14130);
#9401=AXIS2_PLACEMENT_3D('',#12011,#10007,#10008);
#9402=AXIS2_PLACEMENT_3D('',#12012,#10009,#10010);
#9403=AXIS2_PLACEMENT_3D('',#12013,#10011,#10012);
#9404=AXIS2_PLACEMENT_3D('',#12021,#10016,#10017);
#9405=AXIS2_PLACEMENT_3D('',#12022,#10018,#10019);
#9406=AXIS2_PLACEMENT_3D('',#12030,#10023,#10024);
#9407=AXIS2_PLACEMENT_3D('',#12039,#10029,#10030);
#9408=AXIS2_PLACEMENT_3D('',#12040,#10031,#10032);
#9409=AXIS2_PLACEMENT_3D('',#12048,#10036,#10037);
#9410=AXIS2_PLACEMENT_3D('',#12049,#10038,#10039);
#9411=AXIS2_PLACEMENT_3D('',#12057,#10043,#10044);
#9412=AXIS2_PLACEMENT_3D('',#12066,#10049,#10050);
#9413=AXIS2_PLACEMENT_3D('',#12070,#10052,#10053);
#9414=AXIS2_PLACEMENT_3D('',#12075,#10056,#10057);
#9415=AXIS2_PLACEMENT_3D('',#12079,#10059,#10060);
#9416=AXIS2_PLACEMENT_3D('',#12084,#10063,#10064);
#9417=AXIS2_PLACEMENT_3D('',#12093,#10069,#10070);
#9418=AXIS2_PLACEMENT_3D('',#12094,#10071,#10072);
#9419=AXIS2_PLACEMENT_3D('',#12102,#10076,#10077);
#9420=AXIS2_PLACEMENT_3D('',#12103,#10078,#10079);
#9421=AXIS2_PLACEMENT_3D('',#12111,#10083,#10084);
#9422=AXIS2_PLACEMENT_3D('',#12120,#10089,#10090);
#9423=AXIS2_PLACEMENT_3D('',#12121,#10091,#10092);
#9424=AXIS2_PLACEMENT_3D('',#12135,#10099,#10100);
#9425=AXIS2_PLACEMENT_3D('',#12140,#10103,#10104);
#9426=AXIS2_PLACEMENT_3D('',#12148,#10108,#10109);
#9427=AXIS2_PLACEMENT_3D('',#12149,#10110,#10111);
#9428=AXIS2_PLACEMENT_3D('',#12150,#10112,#10113);
#9429=AXIS2_PLACEMENT_3D('',#12157,#10117,#10118);
#9430=AXIS2_PLACEMENT_3D('',#12158,#10119,#10120);
#9431=AXIS2_PLACEMENT_3D('',#12168,#10125,#10126);
#9432=AXIS2_PLACEMENT_3D('',#12173,#10129,#10130);
#9433=AXIS2_PLACEMENT_3D('',#12181,#10134,#10135);
#9434=AXIS2_PLACEMENT_3D('',#12182,#10136,#10137);
#9435=AXIS2_PLACEMENT_3D('',#12183,#10138,#10139);
#9436=AXIS2_PLACEMENT_3D('',#12194,#10145,#10146);
#9437=AXIS2_PLACEMENT_3D('',#12198,#10148,#10149);
#9438=AXIS2_PLACEMENT_3D('',#12202,#10151,#10152);
#9439=AXIS2_PLACEMENT_3D('',#12206,#10154,#10155);
#9440=AXIS2_PLACEMENT_3D('',#12210,#10157,#10158);
#9441=AXIS2_PLACEMENT_3D('',#12212,#10160,#10161);
#9442=AXIS2_PLACEMENT_3D('',#12216,#10163,#10164);
#9443=AXIS2_PLACEMENT_3D('',#12218,#10166,#10167);
#9444=AXIS2_PLACEMENT_3D('',#12234,#10175,#10176);
#9445=AXIS2_PLACEMENT_3D('',#12238,#10178,#10179);
#9446=AXIS2_PLACEMENT_3D('',#12242,#10181,#10182);
#9447=AXIS2_PLACEMENT_3D('',#12246,#10184,#10185);
#9448=AXIS2_PLACEMENT_3D('',#12262,#10193,#10194);
#9449=AXIS2_PLACEMENT_3D('',#12263,#10195,#10196);
#9450=AXIS2_PLACEMENT_3D('',#12265,#10198,#10199);
#9451=AXIS2_PLACEMENT_3D('',#12269,#10201,#10202);
#9452=AXIS2_PLACEMENT_3D('',#12273,#10204,#10205);
#9453=AXIS2_PLACEMENT_3D('',#12277,#10207,#10208);
#9454=AXIS2_PLACEMENT_3D('',#12285,#10212,#10213);
#9455=AXIS2_PLACEMENT_3D('',#12289,#10215,#10216);
#9456=AXIS2_PLACEMENT_3D('',#12297,#10220,#10221);
#9457=AXIS2_PLACEMENT_3D('',#12301,#10223,#10224);
#9458=AXIS2_PLACEMENT_3D('',#12305,#10226,#10227);
#9459=AXIS2_PLACEMENT_3D('',#12309,#10229,#10230);
#9460=AXIS2_PLACEMENT_3D('',#12311,#10232,#10233);
#9461=AXIS2_PLACEMENT_3D('',#12315,#10235,#10236);
#9462=AXIS2_PLACEMENT_3D('',#12319,#10238,#10239);
#9463=AXIS2_PLACEMENT_3D('',#12323,#10241,#10242);
#9464=AXIS2_PLACEMENT_3D('',#12327,#10244,#10245);
#9465=AXIS2_PLACEMENT_3D('',#12331,#10247,#10248);
#9466=AXIS2_PLACEMENT_3D('',#12332,#10249,#10250);
#9467=AXIS2_PLACEMENT_3D('',#12333,#10251,#10252);
#9468=AXIS2_PLACEMENT_3D('',#12342,#10257,#10258);
#9469=AXIS2_PLACEMENT_3D('',#12343,#10259,#10260);
#9470=AXIS2_PLACEMENT_3D('',#12352,#10265,#10266);
#9471=AXIS2_PLACEMENT_3D('',#12362,#10271,#10272);
#9472=AXIS2_PLACEMENT_3D('',#12368,#10275,#10276);
#9473=AXIS2_PLACEMENT_3D('',#12372,#10278,#10279);
#9474=AXIS2_PLACEMENT_3D('',#12378,#10282,#10283);
#9475=AXIS2_PLACEMENT_3D('',#12381,#10285,#10286);
#9476=AXIS2_PLACEMENT_3D('',#12385,#10288,#10289);
#9477=AXIS2_PLACEMENT_3D('',#12390,#10292,#10293);
#9478=AXIS2_PLACEMENT_3D('',#12394,#10295,#10296);
#9479=AXIS2_PLACEMENT_3D('',#12399,#10299,#10300);
#9480=AXIS2_PLACEMENT_3D('',#12400,#10301,#10302);
#9481=AXIS2_PLACEMENT_3D('',#12403,#10304,#10305);
#9482=AXIS2_PLACEMENT_3D('',#12404,#10306,#10307);
#9483=AXIS2_PLACEMENT_3D('',#12407,#10309,#10310);
#9484=AXIS2_PLACEMENT_3D('',#12411,#10312,#10313);
#9485=AXIS2_PLACEMENT_3D('',#12415,#10315,#10316);
#9486=AXIS2_PLACEMENT_3D('',#12432,#10325,#10326);
#9487=AXIS2_PLACEMENT_3D('',#12438,#10329,#10330);
#9488=AXIS2_PLACEMENT_3D('',#12445,#10334,#10335);
#9489=AXIS2_PLACEMENT_3D('',#12454,#10340,#10341);
#9490=AXIS2_PLACEMENT_3D('',#12463,#10346,#10347);
#9491=AXIS2_PLACEMENT_3D('',#12469,#10351,#10352);
#9492=AXIS2_PLACEMENT_3D('',#12472,#10355,#10356);
#9493=AXIS2_PLACEMENT_3D('',#12487,#10365,#10366);
#9494=AXIS2_PLACEMENT_3D('',#12502,#10375,#10376);
#9495=AXIS2_PLACEMENT_3D('',#12503,#10377,#10378);
#9496=AXIS2_PLACEMENT_3D('',#12524,#10388,#10389);
#9497=AXIS2_PLACEMENT_3D('',#12527,#10391,#10392);
#9498=AXIS2_PLACEMENT_3D('',#12531,#10394,#10395);
#9499=AXIS2_PLACEMENT_3D('',#12537,#10399,#10400);
#9500=AXIS2_PLACEMENT_3D('',#12538,#10401,#10402);
#9501=AXIS2_PLACEMENT_3D('',#12544,#10405,#10406);
#9502=AXIS2_PLACEMENT_3D('',#12550,#10410,#10411);
#9503=AXIS2_PLACEMENT_3D('',#12556,#10415,#10416);
#9504=AXIS2_PLACEMENT_3D('',#12594,#10437,#10438);
#9505=AXIS2_PLACEMENT_3D('',#12596,#10440,#10441);
#9506=AXIS2_PLACEMENT_3D('',#12600,#10444,#10445);
#9507=AXIS2_PLACEMENT_3D('',#12601,#10446,#10447);
#9508=AXIS2_PLACEMENT_3D('',#12603,#10448,#10449);
#9509=AXIS2_PLACEMENT_3D('',#12611,#10454,#10455);
#9510=AXIS2_PLACEMENT_3D('',#12612,#10456,#10457);
#9511=AXIS2_PLACEMENT_3D('',#12620,#10461,#10462);
#9512=AXIS2_PLACEMENT_3D('',#12630,#10468,#10469);
#9513=AXIS2_PLACEMENT_3D('',#12631,#10470,#10471);
#9514=AXIS2_PLACEMENT_3D('',#12639,#10475,#10476);
#9515=AXIS2_PLACEMENT_3D('',#12649,#10482,#10483);
#9516=AXIS2_PLACEMENT_3D('',#12650,#10484,#10485);
#9517=AXIS2_PLACEMENT_3D('',#12653,#10486,#10487);
#9518=AXIS2_PLACEMENT_3D('',#12661,#10492,#10493);
#9519=AXIS2_PLACEMENT_3D('',#12673,#10501,#10502);
#9520=AXIS2_PLACEMENT_3D('',#12676,#10504,#10505);
#9521=AXIS2_PLACEMENT_3D('',#12680,#10507,#10508);
#9522=AXIS2_PLACEMENT_3D('',#12681,#10509,#10510);
#9523=AXIS2_PLACEMENT_3D('',#12685,#10512,#10513);
#9524=AXIS2_PLACEMENT_3D('',#12688,#10515,#10516);
#9525=AXIS2_PLACEMENT_3D('',#12716,#10533,#10534);
#9526=AXIS2_PLACEMENT_3D('',#12726,#10540,#10541);
#9527=AXIS2_PLACEMENT_3D('',#12732,#10545,#10546);
#9528=AXIS2_PLACEMENT_3D('',#12739,#10551,#10552);
#9529=AXIS2_PLACEMENT_3D('',#12744,#10556,#10557);
#9530=AXIS2_PLACEMENT_3D('',#12760,#10569,#10570);
#9531=AXIS2_PLACEMENT_3D('',#12764,#10572,#10573);
#9532=AXIS2_PLACEMENT_3D('',#12765,#10574,#10575);
#9533=AXIS2_PLACEMENT_3D('',#12769,#10577,#10578);
#9534=AXIS2_PLACEMENT_3D('',#12779,#10585,#10586);
#9535=AXIS2_PLACEMENT_3D('',#12789,#10592,#10593);
#9536=AXIS2_PLACEMENT_3D('',#12795,#10597,#10598);
#9537=AXIS2_PLACEMENT_3D('',#12805,#10604,#10605);
#9538=AXIS2_PLACEMENT_3D('',#12811,#10609,#10610);
#9539=AXIS2_PLACEMENT_3D('',#12817,#10614,#10615);
#9540=AXIS2_PLACEMENT_3D('',#12821,#10618,#10619);
#9541=AXIS2_PLACEMENT_3D('',#12826,#10622,#10623);
#9542=AXIS2_PLACEMENT_3D('',#12828,#10624,#10625);
#9543=AXIS2_PLACEMENT_3D('',#12832,#10628,#10629);
#9544=AXIS2_PLACEMENT_3D('',#12840,#10635,#10636);
#9545=AXIS2_PLACEMENT_3D('',#12849,#10643,#10644);
#9546=AXIS2_PLACEMENT_3D('',#12854,#10647,#10648);
#9547=AXIS2_PLACEMENT_3D('',#12856,#10649,#10650);
#9548=AXIS2_PLACEMENT_3D('',#12860,#10653,#10654);
#9549=AXIS2_PLACEMENT_3D('',#12861,#10655,#10656);
#9550=AXIS2_PLACEMENT_3D('',#12864,#10658,#10659);
#9551=AXIS2_PLACEMENT_3D('',#12868,#10662,#10663);
#9552=AXIS2_PLACEMENT_3D('',#12869,#10664,#10665);
#9553=AXIS2_PLACEMENT_3D('',#12870,#10666,#10667);
#9554=AXIS2_PLACEMENT_3D('',#12871,#10668,#10669);
#9555=AXIS2_PLACEMENT_3D('',#12874,#10671,#10672);
#9556=AXIS2_PLACEMENT_3D('',#12875,#10673,#10674);
#9557=AXIS2_PLACEMENT_3D('',#12878,#10676,#10677);
#9558=AXIS2_PLACEMENT_3D('',#12880,#10679,#10680);
#9559=AXIS2_PLACEMENT_3D('',#12886,#10686,#10687);
#9560=AXIS2_PLACEMENT_3D('',#12888,#10689,#10690);
#9561=AXIS2_PLACEMENT_3D('',#12889,#10691,#10692);
#9562=AXIS2_PLACEMENT_3D('',#12891,#10693,#10694);
#9563=AXIS2_PLACEMENT_3D('',#12896,#10696,#10697);
#9564=AXIS2_PLACEMENT_3D('',#12900,#10699,#10700);
#9565=AXIS2_PLACEMENT_3D('',#12904,#10702,#10703);
#9566=AXIS2_PLACEMENT_3D('',#12908,#10705,#10706);
#9567=AXIS2_PLACEMENT_3D('',#12912,#10708,#10709);
#9568=AXIS2_PLACEMENT_3D('',#12916,#10711,#10712);
#9569=AXIS2_PLACEMENT_3D('',#12920,#10714,#10715);
#9570=AXIS2_PLACEMENT_3D('',#12924,#10717,#10718);
#9571=AXIS2_PLACEMENT_3D('',#12928,#10720,#10721);
#9572=AXIS2_PLACEMENT_3D('',#12932,#10723,#10724);
#9573=AXIS2_PLACEMENT_3D('',#12936,#10726,#10727);
#9574=AXIS2_PLACEMENT_3D('',#12940,#10729,#10730);
#9575=AXIS2_PLACEMENT_3D('',#12944,#10732,#10733);
#9576=AXIS2_PLACEMENT_3D('',#12948,#10735,#10736);
#9577=AXIS2_PLACEMENT_3D('',#12952,#10738,#10739);
#9578=AXIS2_PLACEMENT_3D('',#12956,#10741,#10742);
#9579=AXIS2_PLACEMENT_3D('',#12958,#10744,#10745);
#9580=AXIS2_PLACEMENT_3D('',#12960,#10747,#10748);
#9581=AXIS2_PLACEMENT_3D('',#12965,#10753,#10754);
#9582=AXIS2_PLACEMENT_3D('',#12971,#10758,#10759);
#9583=AXIS2_PLACEMENT_3D('',#12977,#10763,#10764);
#9584=AXIS2_PLACEMENT_3D('',#12980,#10767,#10768);
#9585=AXIS2_PLACEMENT_3D('',#12984,#10770,#10771);
#9586=AXIS2_PLACEMENT_3D('',#12985,#10772,#10773);
#9587=AXIS2_PLACEMENT_3D('',#12986,#10774,#10775);
#9588=AXIS2_PLACEMENT_3D('',#12990,#10777,#10778);
#9589=AXIS2_PLACEMENT_3D('',#12993,#10781,#10782);
#9590=AXIS2_PLACEMENT_3D('',#12994,#10783,#10784);
#9591=AXIS2_PLACEMENT_3D('',#13002,#10789,#10790);
#9592=AXIS2_PLACEMENT_3D('',#13010,#10795,#10796);
#9593=AXIS2_PLACEMENT_3D('',#13011,#10797,#10798);
#9594=AXIS2_PLACEMENT_3D('',#13014,#10801,#10802);
#9595=AXIS2_PLACEMENT_3D('',#13017,#10805,#10806);
#9596=AXIS2_PLACEMENT_3D('',#13018,#10807,#10808);
#9597=AXIS2_PLACEMENT_3D('',#13019,#10809,#10810);
#9598=AXIS2_PLACEMENT_3D('',#13020,#10811,#10812);
#9599=AXIS2_PLACEMENT_3D('',#13023,#10814,#10815);
#9600=AXIS2_PLACEMENT_3D('',#13026,#10817,#10818);
#9601=AXIS2_PLACEMENT_3D('',#13027,#10819,#10820);
#9602=AXIS2_PLACEMENT_3D('',#13031,#10823,#10824);
#9603=AXIS2_PLACEMENT_3D('',#13033,#10826,#10827);
#9604=AXIS2_PLACEMENT_3D('',#13035,#10829,#10830);
#9605=AXIS2_PLACEMENT_3D('',#13036,#10831,#10832);
#9606=AXIS2_PLACEMENT_3D('',#13038,#10834,#10835);
#9607=AXIS2_PLACEMENT_3D('',#13039,#10836,#10837);
#9608=AXIS2_PLACEMENT_3D('',#13042,#10840,#10841);
#9609=AXIS2_PLACEMENT_3D('',#13045,#10844,#10845);
#9610=AXIS2_PLACEMENT_3D('',#13046,#10846,#10847);
#9611=AXIS2_PLACEMENT_3D('',#13047,#10848,#10849);
#9612=AXIS2_PLACEMENT_3D('',#13048,#10850,#10851);
#9613=AXIS2_PLACEMENT_3D('',#13049,#10852,#10853);
#9614=AXIS2_PLACEMENT_3D('',#13050,#10854,#10855);
#9615=AXIS2_PLACEMENT_3D('',#13051,#10856,#10857);
#9616=AXIS2_PLACEMENT_3D('',#13052,#10858,#10859);
#9617=AXIS2_PLACEMENT_3D('',#13053,#10860,#10861);
#9618=AXIS2_PLACEMENT_3D('',#13054,#10862,#10863);
#9619=AXIS2_PLACEMENT_3D('',#13055,#10864,#10865);
#9620=AXIS2_PLACEMENT_3D('',#13056,#10866,#10867);
#9621=AXIS2_PLACEMENT_3D('',#13057,#10868,#10869);
#9622=AXIS2_PLACEMENT_3D('',#13059,#10871,#10872);
#9623=AXIS2_PLACEMENT_3D('',#13060,#10873,#10874);
#9624=AXIS2_PLACEMENT_3D('',#13061,#10875,#10876);
#9625=AXIS2_PLACEMENT_3D('',#13062,#10877,#10878);
#9626=AXIS2_PLACEMENT_3D('',#13063,#10879,#10880);
#9627=AXIS2_PLACEMENT_3D('',#13065,#10882,#10883);
#9628=AXIS2_PLACEMENT_3D('',#13066,#10884,#10885);
#9629=AXIS2_PLACEMENT_3D('',#13067,#10886,#10887);
#9630=AXIS2_PLACEMENT_3D('',#13068,#10888,#10889);
#9631=AXIS2_PLACEMENT_3D('',#13069,#10890,#10891);
#9632=AXIS2_PLACEMENT_3D('',#13071,#10893,#10894);
#9633=AXIS2_PLACEMENT_3D('',#13072,#10895,#10896);
#9634=AXIS2_PLACEMENT_3D('',#13073,#10897,#10898);
#9635=AXIS2_PLACEMENT_3D('',#13074,#10899,#10900);
#9636=AXIS2_PLACEMENT_3D('',#13075,#10901,#10902);
#9637=AXIS2_PLACEMENT_3D('',#13077,#10904,#10905);
#9638=AXIS2_PLACEMENT_3D('',#13080,#10907,#10908);
#9639=AXIS2_PLACEMENT_3D('',#13083,#10910,#10911);
#9640=AXIS2_PLACEMENT_3D('',#13087,#10914,#10915);
#9641=AXIS2_PLACEMENT_3D('',#13088,#10916,#10917);
#9642=AXIS2_PLACEMENT_3D('',#13091,#10919,#10920);
#9643=AXIS2_PLACEMENT_3D('',#13095,#10923,#10924);
#9644=AXIS2_PLACEMENT_3D('',#13096,#10925,#10926);
#9645=AXIS2_PLACEMENT_3D('',#13099,#10928,#10929);
#9646=AXIS2_PLACEMENT_3D('',#13103,#10932,#10933);
#9647=AXIS2_PLACEMENT_3D('',#13104,#10934,#10935);
#9648=AXIS2_PLACEMENT_3D('',#13107,#10937,#10938);
#9649=AXIS2_PLACEMENT_3D('',#13109,#10940,#10941);
#9650=AXIS2_PLACEMENT_3D('',#13110,#10942,#10943);
#9651=AXIS2_PLACEMENT_3D('',#13113,#10945,#10946);
#9652=AXIS2_PLACEMENT_3D('',#13116,#10948,#10949);
#9653=AXIS2_PLACEMENT_3D('',#13120,#10952,#10953);
#9654=AXIS2_PLACEMENT_3D('',#13121,#10954,#10955);
#9655=AXIS2_PLACEMENT_3D('',#13124,#10957,#10958);
#9656=AXIS2_PLACEMENT_3D('',#13128,#10961,#10962);
#9657=AXIS2_PLACEMENT_3D('',#13129,#10963,#10964);
#9658=AXIS2_PLACEMENT_3D('',#13132,#10966,#10967);
#9659=AXIS2_PLACEMENT_3D('',#13136,#10970,#10971);
#9660=AXIS2_PLACEMENT_3D('',#13137,#10972,#10973);
#9661=AXIS2_PLACEMENT_3D('',#13140,#10975,#10976);
#9662=AXIS2_PLACEMENT_3D('',#13142,#10978,#10979);
#9663=AXIS2_PLACEMENT_3D('',#13143,#10980,#10981);
#9664=AXIS2_PLACEMENT_3D('',#13146,#10983,#10984);
#9665=AXIS2_PLACEMENT_3D('',#13149,#10986,#10987);
#9666=AXIS2_PLACEMENT_3D('',#13153,#10990,#10991);
#9667=AXIS2_PLACEMENT_3D('',#13154,#10992,#10993);
#9668=AXIS2_PLACEMENT_3D('',#13157,#10995,#10996);
#9669=AXIS2_PLACEMENT_3D('',#13161,#10999,#11000);
#9670=AXIS2_PLACEMENT_3D('',#13162,#11001,#11002);
#9671=AXIS2_PLACEMENT_3D('',#13165,#11004,#11005);
#9672=AXIS2_PLACEMENT_3D('',#13169,#11008,#11009);
#9673=AXIS2_PLACEMENT_3D('',#13170,#11010,#11011);
#9674=AXIS2_PLACEMENT_3D('',#13173,#11013,#11014);
#9675=AXIS2_PLACEMENT_3D('',#13175,#11016,#11017);
#9676=AXIS2_PLACEMENT_3D('',#13176,#11018,#11019);
#9677=AXIS2_PLACEMENT_3D('',#13179,#11021,#11022);
#9678=AXIS2_PLACEMENT_3D('',#13182,#11024,#11025);
#9679=AXIS2_PLACEMENT_3D('',#13186,#11028,#11029);
#9680=AXIS2_PLACEMENT_3D('',#13187,#11030,#11031);
#9681=AXIS2_PLACEMENT_3D('',#13190,#11033,#11034);
#9682=AXIS2_PLACEMENT_3D('',#13194,#11037,#11038);
#9683=AXIS2_PLACEMENT_3D('',#13195,#11039,#11040);
#9684=AXIS2_PLACEMENT_3D('',#13198,#11042,#11043);
#9685=AXIS2_PLACEMENT_3D('',#13202,#11046,#11047);
#9686=AXIS2_PLACEMENT_3D('',#13203,#11048,#11049);
#9687=AXIS2_PLACEMENT_3D('',#13206,#11051,#11052);
#9688=AXIS2_PLACEMENT_3D('',#13208,#11054,#11055);
#9689=AXIS2_PLACEMENT_3D('',#13209,#11056,#11057);
#9690=AXIS2_PLACEMENT_3D('',#13210,#11058,#11059);
#9691=AXIS2_PLACEMENT_3D('',#13212,#11060,#11061);
#9692=AXIS2_PLACEMENT_3D('',#13213,#11062,#11063);
#9693=AXIS2_PLACEMENT_3D('',#13214,#11064,#11065);
#9694=AXIS2_PLACEMENT_3D('',#13216,#11066,#11067);
#9695=AXIS2_PLACEMENT_3D('',#13217,#11068,#11069);
#9696=AXIS2_PLACEMENT_3D('',#13220,#11071,#11072);
#9697=AXIS2_PLACEMENT_3D('',#13221,#11073,#11074);
#9698=AXIS2_PLACEMENT_3D('',#13224,#11077,#11078);
#9699=AXIS2_PLACEMENT_3D('',#13226,#11080,#11081);
#9700=AXIS2_PLACEMENT_3D('',#13228,#11083,#11084);
#9701=AXIS2_PLACEMENT_3D('',#13230,#11086,#11087);
#9702=AXIS2_PLACEMENT_3D('',#13232,#11089,#11090);
#9703=AXIS2_PLACEMENT_3D('',#13234,#11092,#11093);
#9704=AXIS2_PLACEMENT_3D('',#13236,#11095,#11096);
#9705=AXIS2_PLACEMENT_3D('',#13244,#11098,#11099);
#9706=AXIS2_PLACEMENT_3D('',#13250,#11101,#11102);
#9707=AXIS2_PLACEMENT_3D('',#13252,#11104,#11105);
#9708=AXIS2_PLACEMENT_3D('',#13253,#11106,#11107);
#9709=AXIS2_PLACEMENT_3D('',#13255,#11109,#11110);
#9710=AXIS2_PLACEMENT_3D('',#13257,#11112,#11113);
#9711=AXIS2_PLACEMENT_3D('',#13258,#11114,#11115);
#9712=AXIS2_PLACEMENT_3D('',#13260,#11117,#11118);
#9713=AXIS2_PLACEMENT_3D('',#13262,#11120,#11121);
#9714=AXIS2_PLACEMENT_3D('',#13269,#11123,#11124);
#9715=AXIS2_PLACEMENT_3D('',#13275,#11125,#11126);
#9716=AXIS2_PLACEMENT_3D('',#13283,#11128,#11129);
#9717=AXIS2_PLACEMENT_3D('',#13289,#11131,#11132);
#9718=AXIS2_PLACEMENT_3D('',#13291,#11134,#11135);
#9719=AXIS2_PLACEMENT_3D('',#13293,#11137,#11138);
#9720=AXIS2_PLACEMENT_3D('',#13295,#11140,#11141);
#9721=AXIS2_PLACEMENT_3D('',#13297,#11143,#11144);
#9722=AXIS2_PLACEMENT_3D('',#13299,#11146,#11147);
#9723=AXIS2_PLACEMENT_3D('',#13304,#11148,#11149);
#9724=AXIS2_PLACEMENT_3D('',#13310,#11151,#11152);
#9725=AXIS2_PLACEMENT_3D('',#13312,#11154,#11155);
#9726=AXIS2_PLACEMENT_3D('',#13314,#11157,#11158);
#9727=AXIS2_PLACEMENT_3D('',#13316,#11160,#11161);
#9728=AXIS2_PLACEMENT_3D('',#13318,#11163,#11164);
#9729=AXIS2_PLACEMENT_3D('',#13320,#11166,#11167);
#9730=AXIS2_PLACEMENT_3D('',#13327,#11169,#11170);
#9731=AXIS2_PLACEMENT_3D('',#13333,#11171,#11172);
#9732=AXIS2_PLACEMENT_3D('',#13335,#11174,#11175);
#9733=AXIS2_PLACEMENT_3D('',#13338,#11177,#11178);
#9734=AXIS2_PLACEMENT_3D('',#13342,#11180,#11181);
#9735=AXIS2_PLACEMENT_3D('',#13345,#11183,#11184);
#9736=AXIS2_PLACEMENT_3D('',#13346,#11185,#11186);
#9737=AXIS2_PLACEMENT_3D('',#13347,#11187,#11188);
#9738=AXIS2_PLACEMENT_3D('',#13348,#11189,#11190);
#9739=AXIS2_PLACEMENT_3D('',#13349,#11191,#11192);
#9740=AXIS2_PLACEMENT_3D('',#13350,#11193,#11194);
#9741=AXIS2_PLACEMENT_3D('',#13351,#11195,#11196);
#9742=AXIS2_PLACEMENT_3D('',#13352,#11197,#11198);
#9743=AXIS2_PLACEMENT_3D('',#13353,#11199,#11200);
#9744=AXIS2_PLACEMENT_3D('',#13354,#11201,#11202);
#9745=AXIS2_PLACEMENT_3D('',#13356,#11204,#11205);
#9746=AXIS2_PLACEMENT_3D('',#13358,#11207,#11208);
#9747=AXIS2_PLACEMENT_3D('',#13359,#11209,#11210);
#9748=AXIS2_PLACEMENT_3D('',#13361,#11212,#11213);
#9749=AXIS2_PLACEMENT_3D('',#13362,#11214,#11215);
#9750=AXIS2_PLACEMENT_3D('',#13364,#11217,#11218);
#9751=AXIS2_PLACEMENT_3D('',#13365,#11219,#11220);
#9752=AXIS2_PLACEMENT_3D('',#13366,#11221,#11222);
#9753=AXIS2_PLACEMENT_3D('',#13367,#11223,#11224);
#9754=AXIS2_PLACEMENT_3D('',#13368,#11225,#11226);
#9755=AXIS2_PLACEMENT_3D('',#13370,#11228,#11229);
#9756=AXIS2_PLACEMENT_3D('',#13372,#11231,#11232);
#9757=AXIS2_PLACEMENT_3D('',#13373,#11233,#11234);
#9758=AXIS2_PLACEMENT_3D('',#13375,#11236,#11237);
#9759=AXIS2_PLACEMENT_3D('',#13376,#11238,#11239);
#9760=AXIS2_PLACEMENT_3D('',#13378,#11241,#11242);
#9761=AXIS2_PLACEMENT_3D('',#13379,#11243,#11244);
#9762=AXIS2_PLACEMENT_3D('',#13380,#11245,#11246);
#9763=AXIS2_PLACEMENT_3D('',#13381,#11247,#11248);
#9764=AXIS2_PLACEMENT_3D('',#13382,#11249,#11250);
#9765=AXIS2_PLACEMENT_3D('',#13386,#11252,#11253);
#9766=AXIS2_PLACEMENT_3D('',#13387,#11254,#11255);
#9767=AXIS2_PLACEMENT_3D('',#13388,#11256,#11257);
#9768=AXIS2_PLACEMENT_3D('',#13391,#11259,#11260);
#9769=AXIS2_PLACEMENT_3D('',#13395,#11263,#11264);
#9770=AXIS2_PLACEMENT_3D('',#13396,#11265,#11266);
#9771=AXIS2_PLACEMENT_3D('',#13397,#11267,#11268);
#9772=AXIS2_PLACEMENT_3D('',#13399,#11270,#11271);
#9773=AXIS2_PLACEMENT_3D('',#13400,#11272,#11273);
#9774=AXIS2_PLACEMENT_3D('',#13401,#11274,#11275);
#9775=AXIS2_PLACEMENT_3D('',#13409,#11279,#11280);
#9776=AXIS2_PLACEMENT_3D('',#13410,#11281,#11282);
#9777=AXIS2_PLACEMENT_3D('',#13412,#11284,#11285);
#9778=AXIS2_PLACEMENT_3D('',#13413,#11286,#11287);
#9779=AXIS2_PLACEMENT_3D('',#13415,#11288,#11289);
#9780=AXIS2_PLACEMENT_3D('',#13417,#11290,#11291);
#9781=AXIS2_PLACEMENT_3D('',#13422,#11294,#11295);
#9782=AXIS2_PLACEMENT_3D('',#13424,#11296,#11297);
#9783=AXIS2_PLACEMENT_3D('',#13426,#11298,#11299);
#9784=AXIS2_PLACEMENT_3D('',#13427,#11300,#11301);
#9785=AXIS2_PLACEMENT_3D('',#13429,#11303,#11304);
#9786=AXIS2_PLACEMENT_3D('',#13431,#11305,#11306);
#9787=AXIS2_PLACEMENT_3D('',#13433,#11307,#11308);
#9788=AXIS2_PLACEMENT_3D('',#13438,#11311,#11312);
#9789=AXIS2_PLACEMENT_3D('',#13440,#11313,#11314);
#9790=AXIS2_PLACEMENT_3D('',#13442,#11315,#11316);
#9791=AXIS2_PLACEMENT_3D('',#13443,#11317,#11318);
#9792=AXIS2_PLACEMENT_3D('',#13444,#11319,#11320);
#9793=AXIS2_PLACEMENT_3D('',#13445,#11321,#11322);
#9794=AXIS2_PLACEMENT_3D('',#13447,#11324,#11325);
#9795=AXIS2_PLACEMENT_3D('',#13448,#11326,#11327);
#9796=AXIS2_PLACEMENT_3D('',#13449,#11328,#11329);
#9797=AXIS2_PLACEMENT_3D('',#13450,#11330,#11331);
#9798=AXIS2_PLACEMENT_3D('',#13452,#11333,#11334);
#9799=AXIS2_PLACEMENT_3D('',#13454,#11336,#11337);
#9800=AXIS2_PLACEMENT_3D('',#13455,#11338,#11339);
#9801=AXIS2_PLACEMENT_3D('',#13457,#11341,#11342);
#9802=AXIS2_PLACEMENT_3D('',#13459,#11344,#11345);
#9803=AXIS2_PLACEMENT_3D('',#13460,#11346,#11347);
#9804=AXIS2_PLACEMENT_3D('',#13461,#11348,#11349);
#9805=AXIS2_PLACEMENT_3D('',#13462,#11350,#11351);
#9806=AXIS2_PLACEMENT_3D('',#13463,#11352,#11353);
#9807=AXIS2_PLACEMENT_3D('',#13468,#11355,#11356);
#9808=AXIS2_PLACEMENT_3D('',#13471,#11358,#11359);
#9809=AXIS2_PLACEMENT_3D('',#13477,#11363,#11364);
#9810=AXIS2_PLACEMENT_3D('',#13483,#11368,#11369);
#9811=AXIS2_PLACEMENT_3D('',#13489,#11373,#11374);
#9812=AXIS2_PLACEMENT_3D('',#13490,#11375,#11376);
#9813=AXIS2_PLACEMENT_3D('',#13494,#11378,#11379);
#9814=AXIS2_PLACEMENT_3D('',#13495,#11380,#11381);
#9815=AXIS2_PLACEMENT_3D('',#13501,#11385,#11386);
#9816=AXIS2_PLACEMENT_3D('',#13507,#11390,#11391);
#9817=AXIS2_PLACEMENT_3D('',#13508,#11392,#11393);
#9818=AXIS2_PLACEMENT_3D('',#13509,#11394,#11395);
#9819=AXIS2_PLACEMENT_3D('',#13510,#11396,#11397);
#9820=AXIS2_PLACEMENT_3D('',#13511,#11398,#11399);
#9821=AXIS2_PLACEMENT_3D('',#13512,#11400,#11401);
#9822=AXIS2_PLACEMENT_3D('',#13513,#11402,#11403);
#9823=AXIS2_PLACEMENT_3D('',#13514,#11404,#11405);
#9824=AXIS2_PLACEMENT_3D('',#13515,#11406,#11407);
#9825=AXIS2_PLACEMENT_3D('',#13516,#11408,#11409);
#9826=AXIS2_PLACEMENT_3D('',#13518,#11410,#11411);
#9827=AXIS2_PLACEMENT_3D('',#13522,#11413,#11414);
#9828=AXIS2_PLACEMENT_3D('',#13530,#11418,#11419);
#9829=AXIS2_PLACEMENT_3D('',#13533,#11421,#11422);
#9830=AXIS2_PLACEMENT_3D('',#13534,#11423,#11424);
#9831=AXIS2_PLACEMENT_3D('',#13538,#11426,#11427);
#9832=AXIS2_PLACEMENT_3D('',#13546,#11431,#11432);
#9833=AXIS2_PLACEMENT_3D('',#13550,#11434,#11435);
#9834=AXIS2_PLACEMENT_3D('',#13551,#11436,#11437);
#9835=AXIS2_PLACEMENT_3D('',#13554,#11440,#11441);
#9836=AXIS2_PLACEMENT_3D('',#13556,#11443,#11444);
#9837=AXIS2_PLACEMENT_3D('',#13558,#11446,#11447);
#9838=AXIS2_PLACEMENT_3D('',#13560,#11449,#11450);
#9839=AXIS2_PLACEMENT_3D('',#13562,#11452,#11453);
#9840=AXIS2_PLACEMENT_3D('',#13563,#11454,#11455);
#9841=AXIS2_PLACEMENT_3D('',#13565,#11457,#11458);
#9842=AXIS2_PLACEMENT_3D('',#13567,#11460,#11461);
#9843=AXIS2_PLACEMENT_3D('',#13568,#11462,#11463);
#9844=AXIS2_PLACEMENT_3D('',#13569,#11464,#11465);
#9845=AXIS2_PLACEMENT_3D('',#13574,#11467,#11468);
#9846=AXIS2_PLACEMENT_3D('',#13577,#11470,#11471);
#9847=AXIS2_PLACEMENT_3D('',#13583,#11475,#11476);
#9848=AXIS2_PLACEMENT_3D('',#13589,#11480,#11481);
#9849=AXIS2_PLACEMENT_3D('',#13595,#11485,#11486);
#9850=AXIS2_PLACEMENT_3D('',#13596,#11487,#11488);
#9851=AXIS2_PLACEMENT_3D('',#13600,#11490,#11491);
#9852=AXIS2_PLACEMENT_3D('',#13601,#11492,#11493);
#9853=AXIS2_PLACEMENT_3D('',#13607,#11497,#11498);
#9854=AXIS2_PLACEMENT_3D('',#13613,#11502,#11503);
#9855=AXIS2_PLACEMENT_3D('',#13614,#11504,#11505);
#9856=AXIS2_PLACEMENT_3D('',#13615,#11506,#11507);
#9857=AXIS2_PLACEMENT_3D('',#13616,#11508,#11509);
#9858=AXIS2_PLACEMENT_3D('',#13617,#11510,#11511);
#9859=AXIS2_PLACEMENT_3D('',#13618,#11512,#11513);
#9860=AXIS2_PLACEMENT_3D('',#13619,#11514,#11515);
#9861=AXIS2_PLACEMENT_3D('',#13620,#11516,#11517);
#9862=AXIS2_PLACEMENT_3D('',#13621,#11518,#11519);
#9863=AXIS2_PLACEMENT_3D('',#13622,#11520,#11521);
#9864=AXIS2_PLACEMENT_3D('',#13626,#11523,#11524);
#9865=AXIS2_PLACEMENT_3D('',#13634,#11528,#11529);
#9866=AXIS2_PLACEMENT_3D('',#13638,#11531,#11532);
#9867=AXIS2_PLACEMENT_3D('',#13639,#11533,#11534);
#9868=AXIS2_PLACEMENT_3D('',#13640,#11535,#11536);
#9869=AXIS2_PLACEMENT_3D('',#13642,#11537,#11538);
#9870=AXIS2_PLACEMENT_3D('',#13646,#11540,#11541);
#9871=AXIS2_PLACEMENT_3D('',#13654,#11545,#11546);
#9872=AXIS2_PLACEMENT_3D('',#13657,#11548,#11549);
#9873=AXIS2_PLACEMENT_3D('',#13660,#11552,#11553);
#9874=AXIS2_PLACEMENT_3D('',#13662,#11555,#11556);
#9875=AXIS2_PLACEMENT_3D('',#13664,#11558,#11559);
#9876=AXIS2_PLACEMENT_3D('',#13666,#11561,#11562);
#9877=AXIS2_PLACEMENT_3D('',#13668,#11564,#11565);
#9878=AXIS2_PLACEMENT_3D('',#13669,#11566,#11567);
#9879=AXIS2_PLACEMENT_3D('',#13671,#11569,#11570);
#9880=AXIS2_PLACEMENT_3D('',#13673,#11572,#11573);
#9881=AXIS2_PLACEMENT_3D('',#13674,#11574,#11575);
#9882=AXIS2_PLACEMENT_3D('',#13675,#11576,#11577);
#9883=AXIS2_PLACEMENT_3D('',#13680,#11579,#11580);
#9884=AXIS2_PLACEMENT_3D('',#13683,#11582,#11583);
#9885=AXIS2_PLACEMENT_3D('',#13689,#11587,#11588);
#9886=AXIS2_PLACEMENT_3D('',#13695,#11592,#11593);
#9887=AXIS2_PLACEMENT_3D('',#13701,#11597,#11598);
#9888=AXIS2_PLACEMENT_3D('',#13702,#11599,#11600);
#9889=AXIS2_PLACEMENT_3D('',#13704,#11601,#11602);
#9890=AXIS2_PLACEMENT_3D('',#13707,#11604,#11605);
#9891=AXIS2_PLACEMENT_3D('',#13713,#11609,#11610);
#9892=AXIS2_PLACEMENT_3D('',#13719,#11614,#11615);
#9893=AXIS2_PLACEMENT_3D('',#13720,#11616,#11617);
#9894=AXIS2_PLACEMENT_3D('',#13721,#11618,#11619);
#9895=AXIS2_PLACEMENT_3D('',#13722,#11620,#11621);
#9896=AXIS2_PLACEMENT_3D('',#13723,#11622,#11623);
#9897=AXIS2_PLACEMENT_3D('',#13724,#11624,#11625);
#9898=AXIS2_PLACEMENT_3D('',#13725,#11626,#11627);
#9899=AXIS2_PLACEMENT_3D('',#13726,#11628,#11629);
#9900=AXIS2_PLACEMENT_3D('',#13727,#11630,#11631);
#9901=AXIS2_PLACEMENT_3D('',#13728,#11632,#11633);
#9902=AXIS2_PLACEMENT_3D('',#13730,#11634,#11635);
#9903=AXIS2_PLACEMENT_3D('',#13734,#11637,#11638);
#9904=AXIS2_PLACEMENT_3D('',#13742,#11642,#11643);
#9905=AXIS2_PLACEMENT_3D('',#13745,#11645,#11646);
#9906=AXIS2_PLACEMENT_3D('',#13746,#11647,#11648);
#9907=AXIS2_PLACEMENT_3D('',#13750,#11650,#11651);
#9908=AXIS2_PLACEMENT_3D('',#13758,#11655,#11656);
#9909=AXIS2_PLACEMENT_3D('',#13762,#11658,#11659);
#9910=AXIS2_PLACEMENT_3D('',#13763,#11660,#11661);
#9911=AXIS2_PLACEMENT_3D('',#13766,#11664,#11665);
#9912=AXIS2_PLACEMENT_3D('',#13768,#11667,#11668);
#9913=AXIS2_PLACEMENT_3D('',#13770,#11670,#11671);
#9914=AXIS2_PLACEMENT_3D('',#13772,#11673,#11674);
#9915=AXIS2_PLACEMENT_3D('',#13774,#11676,#11677);
#9916=AXIS2_PLACEMENT_3D('',#13775,#11678,#11679);
#9917=AXIS2_PLACEMENT_3D('',#13777,#11681,#11682);
#9918=AXIS2_PLACEMENT_3D('',#13779,#11684,#11685);
#9919=AXIS2_PLACEMENT_3D('',#13780,#11686,#11687);
#9920=AXIS2_PLACEMENT_3D('',#13781,#11688,#11689);
#9921=AXIS2_PLACEMENT_3D('',#13786,#11691,#11692);
#9922=AXIS2_PLACEMENT_3D('',#13789,#11694,#11695);
#9923=AXIS2_PLACEMENT_3D('',#13795,#11699,#11700);
#9924=AXIS2_PLACEMENT_3D('',#13796,#11701,#11702);
#9925=AXIS2_PLACEMENT_3D('',#13797,#11703,#11704);
#9926=AXIS2_PLACEMENT_3D('',#13798,#11705,#11706);
#9927=AXIS2_PLACEMENT_3D('',#13799,#11707,#11708);
#9928=AXIS2_PLACEMENT_3D('',#13803,#11710,#11711);
#9929=AXIS2_PLACEMENT_3D('',#13804,#11712,#11713);
#9930=AXIS2_PLACEMENT_3D('',#13810,#11717,#11718);
#9931=AXIS2_PLACEMENT_3D('',#13811,#11719,#11720);
#9932=AXIS2_PLACEMENT_3D('',#13815,#11722,#11723);
#9933=AXIS2_PLACEMENT_3D('',#13816,#11724,#11725);
#9934=AXIS2_PLACEMENT_3D('',#13822,#11729,#11730);
#9935=AXIS2_PLACEMENT_3D('',#13828,#11734,#11735);
#9936=AXIS2_PLACEMENT_3D('',#13831,#11738,#11739);
#9937=AXIS2_PLACEMENT_3D('',#13832,#11740,#11741);
#9938=AXIS2_PLACEMENT_3D('',#13833,#11742,#11743);
#9939=AXIS2_PLACEMENT_3D('',#13834,#11744,#11745);
#9940=AXIS2_PLACEMENT_3D('',#13836,#11746,#11747);
#9941=AXIS2_PLACEMENT_3D('',#13840,#11749,#11750);
#9942=AXIS2_PLACEMENT_3D('',#13848,#11754,#11755);
#9943=AXIS2_PLACEMENT_3D('',#13851,#11757,#11758);
#9944=AXIS2_PLACEMENT_3D('',#13852,#11759,#11760);
#9945=AXIS2_PLACEMENT_3D('',#13856,#11762,#11763);
#9946=AXIS2_PLACEMENT_3D('',#13864,#11767,#11768);
#9947=AXIS2_PLACEMENT_3D('',#13868,#11770,#11771);
#9948=AXIS2_PLACEMENT_3D('',#13869,#11772,#11773);
#9949=AXIS2_PLACEMENT_3D('',#13871,#11775,#11776);
#9950=AXIS2_PLACEMENT_3D('',#13873,#11778,#11779);
#9951=AXIS2_PLACEMENT_3D('',#13875,#11781,#11782);
#9952=AXIS2_PLACEMENT_3D('',#13877,#11784,#11785);
#9953=AXIS2_PLACEMENT_3D('',#13879,#11787,#11788);
#9954=AXIS2_PLACEMENT_3D('',#13881,#11790,#11791);
#9955=AXIS2_PLACEMENT_3D('',#13883,#11793,#11794);
#9956=AXIS2_PLACEMENT_3D('',#13885,#11796,#11797);
#9957=AXIS2_PLACEMENT_3D('',#13886,#11798,#11799);
#9958=AXIS2_PLACEMENT_3D('',#13887,#11800,#11801);
#9959=AXIS2_PLACEMENT_3D('',#13927,#11821,#11822);
#9960=AXIS2_PLACEMENT_3D('',#13956,#11837,#11838);
#9961=AXIS2_PLACEMENT_3D('',#13962,#11842,#11843);
#9962=AXIS2_PLACEMENT_3D('',#13966,#11846,#11847);
#9963=AXIS2_PLACEMENT_3D('',#13970,#11850,#11851);
#9964=AXIS2_PLACEMENT_3D('',#13976,#11855,#11856);
#9965=AXIS2_PLACEMENT_3D('',#13982,#11860,#11861);
#9966=AXIS2_PLACEMENT_3D('',#13987,#11865,#11866);
#9967=AXIS2_PLACEMENT_3D('',#13991,#11869,#11870);
#9968=AXIS2_PLACEMENT_3D('',#13995,#11873,#11874);
#9969=AXIS2_PLACEMENT_3D('',#13999,#11877,#11878);
#9970=AXIS2_PLACEMENT_3D('',#14005,#11882,#11883);
#9971=AXIS2_PLACEMENT_3D('',#14011,#11887,#11888);
#9972=AXIS2_PLACEMENT_3D('',#14016,#11892,#11893);
#9973=AXIS2_PLACEMENT_3D('',#14020,#11896,#11897);
#9974=AXIS2_PLACEMENT_3D('',#14026,#11901,#11902);
#9975=AXIS2_PLACEMENT_3D('',#14032,#11906,#11907);
#9976=AXIS2_PLACEMENT_3D('',#14033,#11908,#11909);
#9977=AXIS2_PLACEMENT_3D('',#14034,#11910,#11911);
#9978=AXIS2_PLACEMENT_3D('',#14038,#11913,#11914);
#9979=AXIS2_PLACEMENT_3D('',#14039,#11915,#11916);
#9980=AXIS2_PLACEMENT_3D('',#14045,#11920,#11921);
#9981=AXIS2_PLACEMENT_3D('',#14050,#11925,#11926);
#9982=AXIS2_PLACEMENT_3D('',#14054,#11929,#11930);
#9983=AXIS2_PLACEMENT_3D('',#14060,#11934,#11935);
#9984=AXIS2_PLACEMENT_3D('',#14066,#11939,#11940);
#9985=AXIS2_PLACEMENT_3D('',#14069,#11943,#11944);
#9986=AXIS2_PLACEMENT_3D('',#14070,#11945,#11946);
#9987=AXIS2_PLACEMENT_3D('',#14071,#11947,#11948);
#9988=AXIS2_PLACEMENT_3D('',#14072,#11949,#11950);
#9989=AXIS2_PLACEMENT_3D('',#14073,#11951,#11952);
#9990=AXIS2_PLACEMENT_3D('',#14074,#11953,#11954);
#9991=AXIS2_PLACEMENT_3D('',#14075,#11955,#11956);
#9992=AXIS2_PLACEMENT_3D('',#14081,#11960,#11961);
#9993=AXIS2_PLACEMENT_3D('',#14085,#11964,#11965);
#9994=AXIS2_PLACEMENT_3D('',#14089,#11968,#11969);
#9995=AXIS2_PLACEMENT_3D('',#14091,#11971,#11972);
#9996=AXIS2_PLACEMENT_3D('',#14092,#11973,#11974);
#9997=AXIS2_PLACEMENT_3D('',#14098,#11978,#11979);
#9998=AXIS2_PLACEMENT_3D('',#14102,#11982,#11983);
#9999=AXIS2_PLACEMENT_3D('',#14106,#11986,#11987);
#10000=AXIS2_PLACEMENT_3D('',#14108,#11989,#11990);
#10001=AXIS2_PLACEMENT_3D('',#14109,#11991,#11992);
#10002=AXIS2_PLACEMENT_3D('',#14115,#11996,#11997);
#10003=AXIS2_PLACEMENT_3D('',#14119,#12000,#12001);
#10004=AXIS2_PLACEMENT_3D('',#14123,#12004,#12005);
#10005=AXIS2_PLACEMENT_3D('',#14125,#12007,#12008);
#10006=AXIS2_PLACEMENT_3D('',#14126,#12009,#12010);
#10007=DIRECTION('',(0.,0.,1.));
#10008=DIRECTION('',(1.,0.,0.));
#10009=DIRECTION('',(1.,0.,0.));
#10010=DIRECTION('',(0.,0.,-1.));
#10011=DIRECTION('',(1.,0.,0.));
#10012=DIRECTION('',(0.,0.,-1.));
#10013=DIRECTION('',(0.,0.,-1.));
#10014=DIRECTION('',(0.,1.,0.));
#10015=DIRECTION('',(0.,0.,-1.));
#10016=DIRECTION('',(-1.,0.,0.));
#10017=DIRECTION('',(0.,0.,1.));
#10018=DIRECTION('',(1.,0.,0.));
#10019=DIRECTION('',(0.,0.,-1.));
#10020=DIRECTION('',(0.,0.,-1.));
#10021=DIRECTION('',(0.,-1.,0.));
#10022=DIRECTION('',(0.,0.,-1.));
#10023=DIRECTION('',(0.,-1.,0.));
#10024=DIRECTION('',(0.,0.,-1.));
#10025=DIRECTION('',(0.,0.,-1.));
#10026=DIRECTION('',(1.,0.,0.));
#10027=DIRECTION('',(0.,0.,-1.));
#10028=DIRECTION('',(-1.,0.,0.));
#10029=DIRECTION('',(1.,0.,0.));
#10030=DIRECTION('',(0.,0.,-1.));
#10031=DIRECTION('',(1.,0.,0.));
#10032=DIRECTION('',(0.,0.,-1.));
#10033=DIRECTION('',(0.,0.,-1.));
#10034=DIRECTION('',(0.,1.,0.));
#10035=DIRECTION('',(0.,0.,-1.));
#10036=DIRECTION('',(-1.,0.,0.));
#10037=DIRECTION('',(0.,0.,1.));
#10038=DIRECTION('',(1.,0.,0.));
#10039=DIRECTION('',(0.,0.,-1.));
#10040=DIRECTION('',(0.,0.,-1.));
#10041=DIRECTION('',(0.,-1.,0.));
#10042=DIRECTION('',(0.,0.,-1.));
#10043=DIRECTION('',(0.,-1.,0.));
#10044=DIRECTION('',(0.,0.,-1.));
#10045=DIRECTION('',(0.,0.,-1.));
#10046=DIRECTION('',(1.,0.,0.));
#10047=DIRECTION('',(0.,0.,-1.));
#10048=DIRECTION('',(-1.,0.,0.));
#10049=DIRECTION('',(1.,0.,0.));
#10050=DIRECTION('',(0.,0.,-1.));
#10051=DIRECTION('',(0.,0.,-1.));
#10052=DIRECTION('',(1.,0.,0.));
#10053=DIRECTION('',(0.,0.,-1.));
#10054=DIRECTION('',(0.,0.,-1.));
#10055=DIRECTION('',(0.,1.,0.));
#10056=DIRECTION('',(-1.,0.,0.));
#10057=DIRECTION('',(0.,0.,1.));
#10058=DIRECTION('',(0.,0.,-1.));
#10059=DIRECTION('',(1.,0.,0.));
#10060=DIRECTION('',(0.,0.,-1.));
#10061=DIRECTION('',(0.,0.,-1.));
#10062=DIRECTION('',(0.,-1.,0.));
#10063=DIRECTION('',(0.,-1.,0.));
#10064=DIRECTION('',(0.,0.,-1.));
#10065=DIRECTION('',(0.,0.,-1.));
#10066=DIRECTION('',(-1.,0.,0.));
#10067=DIRECTION('',(0.,0.,-1.));
#10068=DIRECTION('',(-1.,0.,0.));
#10069=DIRECTION('',(1.,0.,0.));
#10070=DIRECTION('',(0.,0.,-1.));
#10071=DIRECTION('',(1.,0.,0.));
#10072=DIRECTION('',(0.,0.,-1.));
#10073=DIRECTION('',(0.,0.,-1.));
#10074=DIRECTION('',(0.,1.,0.));
#10075=DIRECTION('',(0.,0.,-1.));
#10076=DIRECTION('',(-1.,0.,0.));
#10077=DIRECTION('',(0.,0.,1.));
#10078=DIRECTION('',(1.,0.,0.));
#10079=DIRECTION('',(0.,0.,-1.));
#10080=DIRECTION('',(0.,0.,-1.));
#10081=DIRECTION('',(0.,-1.,0.));
#10082=DIRECTION('',(0.,0.,-1.));
#10083=DIRECTION('',(0.,-1.,0.));
#10084=DIRECTION('',(0.,0.,-1.));
#10085=DIRECTION('',(0.,0.,-1.));
#10086=DIRECTION('',(1.,0.,0.));
#10087=DIRECTION('',(0.,0.,-1.));
#10088=DIRECTION('',(-1.,0.,0.));
#10089=DIRECTION('',(-1.,0.,0.));
#10090=DIRECTION('',(0.,0.,1.));
#10091=DIRECTION('',(-1.,0.,0.));
#10092=DIRECTION('',(0.,0.,1.));
#10093=DIRECTION('',(0.,1.,0.));
#10094=DIRECTION('',(1.22464679914735E-16,0.,-1.));
#10095=DIRECTION('',(0.,1.,0.));
#10096=DIRECTION('',(0.,0.,1.));
#10097=DIRECTION('',(0.,1.,0.));
#10098=DIRECTION('',(0.,0.,1.));
#10099=DIRECTION('',(0.,0.,-1.));
#10100=DIRECTION('',(-1.,0.,0.));
#10101=DIRECTION('',(-1.,0.,0.));
#10102=DIRECTION('',(0.,1.,0.));
#10103=DIRECTION('',(1.22464679914735E-16,0.,-1.));
#10104=DIRECTION('',(-1.,0.,-1.22464679914735E-16));
#10105=DIRECTION('',(1.,0.,2.16840434497101E-16));
#10106=DIRECTION('',(0.,1.,0.));
#10107=DIRECTION('',(-1.,0.,-1.44560289664734E-16));
#10108=DIRECTION('',(1.22464679914735E-16,0.,-1.));
#10109=DIRECTION('',(-1.,0.,-1.22464679914735E-16));
#10110=DIRECTION('',(1.,0.,0.));
#10111=DIRECTION('',(0.,0.,-1.));
#10112=DIRECTION('',(1.,0.,0.));
#10113=DIRECTION('',(0.,0.,-1.));
#10114=DIRECTION('',(0.,1.,0.));
#10115=DIRECTION('',(0.,-1.,0.));
#10116=DIRECTION('',(1.22464679914735E-16,0.,-1.));
#10117=DIRECTION('',(-1.,0.,0.));
#10118=DIRECTION('',(0.,0.,1.));
#10119=DIRECTION('',(-1.,0.,0.));
#10120=DIRECTION('',(0.,0.,1.));
#10121=DIRECTION('',(0.,1.,0.));
#10122=DIRECTION('',(1.22464679914735E-16,0.,-1.));
#10123=DIRECTION('',(0.,1.,0.));
#10124=DIRECTION('',(0.,1.,0.));
#10125=DIRECTION('',(0.,0.,-1.));
#10126=DIRECTION('',(-1.,0.,0.));
#10127=DIRECTION('',(-1.,0.,0.));
#10128=DIRECTION('',(0.,1.,0.));
#10129=DIRECTION('',(1.22464679914735E-16,0.,-1.));
#10130=DIRECTION('',(-1.,0.,-1.22464679914735E-16));
#10131=DIRECTION('',(-1.,0.,-1.44560289664734E-16));
#10132=DIRECTION('',(0.,1.,0.));
#10133=DIRECTION('',(1.,0.,2.16840434497101E-16));
#10134=DIRECTION('',(1.22464679914735E-16,0.,-1.));
#10135=DIRECTION('',(-1.,0.,-1.22464679914735E-16));
#10136=DIRECTION('',(1.,0.,0.));
#10137=DIRECTION('',(0.,0.,-1.));
#10138=DIRECTION('',(1.,0.,0.));
#10139=DIRECTION('',(0.,0.,-1.));
#10140=DIRECTION('',(0.,0.,-1.));
#10141=DIRECTION('',(0.,1.,0.));
#10142=DIRECTION('',(0.,0.,-1.));
#10143=DIRECTION('',(0.,-1.,0.));
#10144=DIRECTION('',(1.22464679914735E-16,0.,-1.));
#10145=DIRECTION('',(0.,1.,0.));
#10146=DIRECTION('',(0.,0.,1.));
#10147=DIRECTION('',(-1.,0.,0.));
#10148=DIRECTION('',(0.,1.,0.));
#10149=DIRECTION('',(1.,0.,0.));
#10150=DIRECTION('',(0.,0.,1.));
#10151=DIRECTION('',(0.,1.,0.));
#10152=DIRECTION('',(1.,0.,0.));
#10153=DIRECTION('',(1.,0.,0.));
#10154=DIRECTION('',(0.,1.,0.));
#10155=DIRECTION('',(1.,0.,0.));
#10156=DIRECTION('',(0.,0.,-1.));
#10157=DIRECTION('',(0.,1.,0.));
#10158=DIRECTION('',(1.,0.,0.));
#10159=DIRECTION('',(-1.,0.,-1.22464679914735E-16));
#10160=DIRECTION('',(0.,1.,0.));
#10161=DIRECTION('',(1.,0.,0.));
#10162=DIRECTION('',(-1.,0.,0.));
#10163=DIRECTION('',(0.,1.,0.));
#10164=DIRECTION('',(1.,0.,0.));
#10165=DIRECTION('',(-1.,0.,-1.22464679914735E-16));
#10166=DIRECTION('',(0.,1.,0.));
#10167=DIRECTION('',(1.,0.,0.));
#10168=DIRECTION('',(-1.,0.,0.));
#10169=DIRECTION('',(0.,0.,-1.));
#10170=DIRECTION('',(-1.,0.,0.));
#10171=DIRECTION('',(0.,0.,-1.));
#10172=DIRECTION('',(-1.,0.,0.));
#10173=DIRECTION('',(0.,0.,-1.));
#10174=DIRECTION('',(1.,0.,0.));
#10175=DIRECTION('',(0.,1.,0.));
#10176=DIRECTION('',(1.,0.,0.));
#10177=DIRECTION('',(-1.,0.,0.));
#10178=DIRECTION('',(0.,1.,0.));
#10179=DIRECTION('',(1.,0.,0.));
#10180=DIRECTION('',(1.,0.,0.));
#10181=DIRECTION('',(0.,1.,0.));
#10182=DIRECTION('',(1.,0.,0.));
#10183=DIRECTION('',(-1.,0.,0.));
#10184=DIRECTION('',(0.,1.,0.));
#10185=DIRECTION('',(1.,0.,0.));
#10186=DIRECTION('',(1.,0.,0.));
#10187=DIRECTION('',(0.,0.,1.));
#10188=DIRECTION('',(-1.,0.,0.));
#10189=DIRECTION('',(0.,0.,-1.));
#10190=DIRECTION('',(-1.,0.,0.));
#10191=DIRECTION('',(0.,0.,1.));
#10192=DIRECTION('',(-1.,0.,0.));
#10193=DIRECTION('',(0.,1.,0.));
#10194=DIRECTION('',(1.,0.,0.));
#10195=DIRECTION('',(0.,1.,0.));
#10196=DIRECTION('',(0.,0.,1.));
#10197=DIRECTION('',(-1.,0.,0.));
#10198=DIRECTION('',(0.,1.,0.));
#10199=DIRECTION('',(1.,0.,0.));
#10200=DIRECTION('',(-1.,0.,0.));
#10201=DIRECTION('',(0.,1.,0.));
#10202=DIRECTION('',(1.,0.,0.));
#10203=DIRECTION('',(0.,0.,-1.));
#10204=DIRECTION('',(0.,1.,0.));
#10205=DIRECTION('',(1.,0.,0.));
#10206=DIRECTION('',(1.,0.,0.));
#10207=DIRECTION('',(0.,1.,0.));
#10208=DIRECTION('',(1.,0.,0.));
#10209=DIRECTION('',(0.,0.,1.));
#10210=DIRECTION('',(1.,0.,0.));
#10211=DIRECTION('',(0.,0.,-1.));
#10212=DIRECTION('',(0.,1.,0.));
#10213=DIRECTION('',(1.,0.,0.));
#10214=DIRECTION('',(-1.,0.,0.));
#10215=DIRECTION('',(0.,1.,0.));
#10216=DIRECTION('',(1.,0.,0.));
#10217=DIRECTION('',(0.,0.,1.));
#10218=DIRECTION('',(1.,0.,0.));
#10219=DIRECTION('',(0.,0.,-1.));
#10220=DIRECTION('',(0.,1.,0.));
#10221=DIRECTION('',(1.,0.,0.));
#10222=DIRECTION('',(1.,0.,0.));
#10223=DIRECTION('',(0.,1.,0.));
#10224=DIRECTION('',(1.,0.,0.));
#10225=DIRECTION('',(0.,0.,-1.));
#10226=DIRECTION('',(0.,1.,0.));
#10227=DIRECTION('',(1.,0.,0.));
#10228=DIRECTION('',(-1.,0.,0.));
#10229=DIRECTION('',(0.,1.,0.));
#10230=DIRECTION('',(1.,0.,0.));
#10231=DIRECTION('',(-1.,0.,0.));
#10232=DIRECTION('',(0.,1.,0.));
#10233=DIRECTION('',(1.,0.,0.));
#10234=DIRECTION('',(-1.,0.,0.));
#10235=DIRECTION('',(0.,1.,0.));
#10236=DIRECTION('',(1.,0.,0.));
#10237=DIRECTION('',(-1.,0.,0.));
#10238=DIRECTION('',(0.,1.,0.));
#10239=DIRECTION('',(1.,0.,0.));
#10240=DIRECTION('',(0.,0.,-1.));
#10241=DIRECTION('',(0.,1.,0.));
#10242=DIRECTION('',(1.,0.,0.));
#10243=DIRECTION('',(1.,0.,0.));
#10244=DIRECTION('',(0.,1.,0.));
#10245=DIRECTION('',(1.,0.,0.));
#10246=DIRECTION('',(0.,0.,1.));
#10247=DIRECTION('',(0.,1.,0.));
#10248=DIRECTION('',(1.,0.,0.));
#10249=DIRECTION('',(-1.,0.,0.));
#10250=DIRECTION('',(0.,0.,1.));
#10251=DIRECTION('',(-1.,0.,0.));
#10252=DIRECTION('',(0.,0.,1.));
#10253=DIRECTION('',(0.,1.,0.));
#10254=DIRECTION('',(0.,-1.,0.));
#10255=DIRECTION('',(0.,0.,1.));
#10256=DIRECTION('',(0.,-1.,0.));
#10257=DIRECTION('',(1.,0.,0.));
#10258=DIRECTION('',(0.,0.,-1.));
#10259=DIRECTION('',(1.,0.,0.));
#10260=DIRECTION('',(0.,0.,-1.));
#10261=DIRECTION('',(0.,1.,0.));
#10262=DIRECTION('',(0.,0.,1.));
#10263=DIRECTION('',(0.,1.,0.));
#10264=DIRECTION('',(0.,1.,0.));
#10265=DIRECTION('',(1.,0.,0.));
#10266=DIRECTION('',(0.,0.,-1.));
#10267=DIRECTION('',(0.,1.,0.));
#10268=DIRECTION('',(0.,0.,-1.));
#10269=DIRECTION('',(0.,-1.,0.));
#10270=DIRECTION('',(0.,-1.,0.));
#10271=DIRECTION('',(1.,0.,0.));
#10272=DIRECTION('',(0.,0.,-1.));
#10273=DIRECTION('',(0.,0.,1.));
#10274=DIRECTION('',(0.,-1.,0.));
#10275=DIRECTION('',(1.,0.,0.));
#10276=DIRECTION('',(0.,0.,-1.));
#10277=DIRECTION('',(0.,0.,-1.));
#10278=DIRECTION('',(1.,0.,0.));
#10279=DIRECTION('',(0.,0.,-1.));
#10280=DIRECTION('',(0.,1.,0.));
#10281=DIRECTION('',(0.,0.,1.));
#10282=DIRECTION('',(1.,0.,0.));
#10283=DIRECTION('',(0.,0.,-1.));
#10284=DIRECTION('',(0.,1.,0.));
#10285=DIRECTION('',(0.,0.,1.));
#10286=DIRECTION('',(1.,0.,0.));
#10287=DIRECTION('',(0.,1.,0.));
#10288=DIRECTION('',(0.,0.,1.));
#10289=DIRECTION('',(1.,0.,0.));
#10290=DIRECTION('',(1.,0.,0.));
#10291=DIRECTION('',(0.345625773820188,0.938372433776268,0.));
#10292=DIRECTION('',(0.,0.,-1.));
#10293=DIRECTION('',(-1.,0.,0.));
#10294=DIRECTION('',(-1.,0.,0.));
#10295=DIRECTION('',(0.,0.,-1.));
#10296=DIRECTION('',(-1.,0.,0.));
#10297=DIRECTION('',(0.,-1.,0.));
#10298=DIRECTION('',(-0.345625773820188,-0.938372433776268,0.));
#10299=DIRECTION('',(0.,1.,0.));
#10300=DIRECTION('',(0.,0.,1.));
#10301=DIRECTION('',(0.,1.,0.));
#10302=DIRECTION('',(1.,0.,0.));
#10303=DIRECTION('',(0.,0.,-1.));
#10304=DIRECTION('',(0.,1.,0.));
#10305=DIRECTION('',(0.,0.,1.));
#10306=DIRECTION('',(0.,1.,0.));
#10307=DIRECTION('',(1.,0.,0.));
#10308=DIRECTION('',(0.,0.,-1.));
#10309=DIRECTION('',(-1.,0.,0.));
#10310=DIRECTION('',(0.,0.,1.));
#10311=DIRECTION('',(0.,1.,0.));
#10312=DIRECTION('',(1.,0.,0.));
#10313=DIRECTION('',(0.,0.,-1.));
#10314=DIRECTION('',(0.,0.,-1.));
#10315=DIRECTION('',(1.,0.,0.));
#10316=DIRECTION('',(0.,0.,-1.));
#10317=DIRECTION('',(0.,1.,0.));
#10318=DIRECTION('',(0.,0.,1.));
#10319=DIRECTION('',(0.,-1.,0.));
#10320=DIRECTION('',(0.,-0.976220395964215,0.216780392340893));
#10321=DIRECTION('',(0.,0.,1.));
#10322=DIRECTION('',(0.,0.976220395964215,0.216780392340893));
#10323=DIRECTION('',(0.,1.,0.));
#10324=DIRECTION('',(0.,0.,1.));
#10325=DIRECTION('',(-1.,0.,0.));
#10326=DIRECTION('',(0.,0.,1.));
#10327=DIRECTION('',(0.,1.,0.));
#10328=DIRECTION('',(0.,0.,1.));
#10329=DIRECTION('',(1.,0.,0.));
#10330=DIRECTION('',(0.,0.,-1.));
#10331=DIRECTION('',(0.,0.,1.));
#10332=DIRECTION('',(0.,1.,0.));
#10333=DIRECTION('',(0.,0.,-1.));
#10334=DIRECTION('',(1.,0.,0.));
#10335=DIRECTION('',(0.,0.,-1.));
#10336=DIRECTION('',(0.,1.,0.));
#10337=DIRECTION('',(0.,0.,-1.));
#10338=DIRECTION('',(0.,-1.,0.));
#10339=DIRECTION('',(0.,0.,1.));
#10340=DIRECTION('',(1.,0.,0.));
#10341=DIRECTION('',(0.,0.,-1.));
#10342=DIRECTION('',(0.,0.,-1.));
#10343=DIRECTION('',(0.,-1.,0.));
#10344=DIRECTION('',(0.,0.,1.));
#10345=DIRECTION('',(0.,1.,0.));
#10346=DIRECTION('',(2.86229373536177E-14,-1.,0.));
#10347=DIRECTION('',(1.,2.86229373536177E-14,0.));
#10348=DIRECTION('',(1.,2.86229373536177E-14,0.));
#10349=DIRECTION('',(0.,0.,-1.));
#10350=DIRECTION('',(-1.,-2.86229373536177E-14,0.));
#10351=DIRECTION('',(2.86229373536177E-14,-1.,0.));
#10352=DIRECTION('',(1.,2.86229373536177E-14,0.));
#10353=DIRECTION('',(-1.,-2.86229373536177E-14,0.));
#10354=DIRECTION('',(-1.,-2.86229373536177E-14,0.));
#10355=DIRECTION('',(0.,0.,-1.));
#10356=DIRECTION('',(-1.,0.,0.));
#10357=DIRECTION('',(0.,1.,0.));
#10358=DIRECTION('',(0.,1.,0.));
#10359=DIRECTION('',(-1.,0.,0.));
#10360=DIRECTION('',(0.,1.,0.));
#10361=DIRECTION('',(-1.,2.86229373536177E-14,0.));
#10362=DIRECTION('',(0.,-1.,0.));
#10363=DIRECTION('',(0.345625773820188,-0.938372433776268,0.));
#10364=DIRECTION('',(1.,0.,0.));
#10365=DIRECTION('',(0.,0.,1.));
#10366=DIRECTION('',(1.,0.,0.));
#10367=DIRECTION('',(0.,-1.,0.));
#10368=DIRECTION('',(1.,0.,0.));
#10369=DIRECTION('',(-0.345625773820188,0.938372433776268,0.));
#10370=DIRECTION('',(0.,1.,0.));
#10371=DIRECTION('',(1.,-2.86229373536177E-14,0.));
#10372=DIRECTION('',(0.,-1.,0.));
#10373=DIRECTION('',(-1.,0.,0.));
#10374=DIRECTION('',(0.,-1.,0.));
#10375=DIRECTION('',(1.,0.,0.));
#10376=DIRECTION('',(0.,0.,-1.));
#10377=DIRECTION('',(1.,0.,0.));
#10378=DIRECTION('',(0.,0.,-1.));
#10379=DIRECTION('',(0.,-1.,0.));
#10380=DIRECTION('',(0.,0.,-1.));
#10381=DIRECTION('',(0.,-1.,0.));
#10382=DIRECTION('',(0.,-0.976220395964215,-0.216780392340893));
#10383=DIRECTION('',(0.,0.,-1.));
#10384=DIRECTION('',(0.,0.976220395964215,-0.216780392340893));
#10385=DIRECTION('',(0.,1.,0.));
#10386=DIRECTION('',(0.,0.,-1.));
#10387=DIRECTION('',(0.,-1.,0.));
#10388=DIRECTION('',(1.,0.,0.));
#10389=DIRECTION('',(0.,0.,-1.));
#10390=DIRECTION('',(0.,0.,-1.));
#10391=DIRECTION('',(1.,0.,0.));
#10392=DIRECTION('',(0.,0.,-1.));
#10393=DIRECTION('',(0.,0.,1.));
#10394=DIRECTION('',(1.,0.,0.));
#10395=DIRECTION('',(0.,0.,-1.));
#10396=DIRECTION('',(0.,0.,1.));
#10397=DIRECTION('',(0.,0.,-1.));
#10398=DIRECTION('',(0.,-1.,0.));
#10399=DIRECTION('',(0.,1.,0.));
#10400=DIRECTION('',(0.,0.,1.));
#10401=DIRECTION('',(0.,1.,0.));
#10402=DIRECTION('',(1.,0.,0.));
#10403=DIRECTION('',(-1.,0.,0.));
#10404=DIRECTION('',(0.,0.,1.));
#10405=DIRECTION('',(1.,0.,0.));
#10406=DIRECTION('',(0.,0.,-1.));
#10407=DIRECTION('',(0.,0.,-1.));
#10408=DIRECTION('',(0.,0.,1.));
#10409=DIRECTION('',(0.,-1.,0.));
#10410=DIRECTION('',(1.,0.,0.));
#10411=DIRECTION('',(0.,0.,-1.));
#10412=DIRECTION('',(0.,0.,-1.));
#10413=DIRECTION('',(0.,1.,0.));
#10414=DIRECTION('',(0.,0.,1.));
#10415=DIRECTION('',(0.,-1.,0.));
#10416=DIRECTION('',(0.,0.,-1.));
#10417=DIRECTION('',(-1.,0.,0.));
#10418=DIRECTION('',(0.,0.,1.));
#10419=DIRECTION('',(0.,0.,1.));
#10420=DIRECTION('',(-1.,0.,0.));
#10421=DIRECTION('',(0.,0.,1.));
#10422=DIRECTION('',(1.,0.,0.));
#10423=DIRECTION('',(0.,0.,-1.));
#10424=DIRECTION('',(1.,0.,0.));
#10425=DIRECTION('',(0.,0.,-1.));
#10426=DIRECTION('',(1.,0.,0.));
#10427=DIRECTION('',(0.,0.,-1.));
#10428=DIRECTION('',(0.,0.,1.));
#10429=DIRECTION('',(0.,0.,1.));
#10430=DIRECTION('',(0.,0.,-1.));
#10431=DIRECTION('',(-1.,0.,0.));
#10432=DIRECTION('',(0.,0.,1.));
#10433=DIRECTION('',(1.,0.,0.));
#10434=DIRECTION('',(0.,0.,1.));
#10435=DIRECTION('',(-1.,0.,0.));
#10436=DIRECTION('',(0.,0.,1.));
#10437=DIRECTION('',(-2.86229373536177E-14,-1.,0.));
#10438=DIRECTION('',(1.,-2.86229373536177E-14,0.));
#10439=DIRECTION('',(-1.,2.86229373536177E-14,0.));
#10440=DIRECTION('',(-2.86229373536177E-14,-1.,0.));
#10441=DIRECTION('',(1.,-2.86229373536177E-14,0.));
#10442=DIRECTION('',(0.,0.,-1.));
#10443=DIRECTION('',(-1.,2.86229373536177E-14,0.));
#10444=DIRECTION('',(0.,-1.,0.));
#10445=DIRECTION('',(0.,0.,-1.));
#10446=DIRECTION('',(0.,1.,0.));
#10447=DIRECTION('',(1.,0.,0.));
#10448=DIRECTION('',(0.,1.,0.));
#10449=DIRECTION('',(1.,0.,0.));
#10450=DIRECTION('',(-1.,0.,0.));
#10451=DIRECTION('',(0.,0.,1.));
#10452=DIRECTION('',(-1.,0.,0.));
#10453=DIRECTION('',(0.,0.,-1.));
#10454=DIRECTION('',(0.,-1.,0.));
#10455=DIRECTION('',(0.,0.,-1.));
#10456=DIRECTION('',(0.,1.,0.));
#10457=DIRECTION('',(1.,0.,0.));
#10458=DIRECTION('',(0.,0.,-1.));
#10459=DIRECTION('',(1.,0.,0.));
#10460=DIRECTION('',(0.,0.,1.));
#10461=DIRECTION('',(0.,1.,0.));
#10462=DIRECTION('',(1.,0.,0.));
#10463=DIRECTION('',(1.,0.,0.));
#10464=DIRECTION('',(0.,0.,-1.));
#10465=DIRECTION('',(1.,0.,0.));
#10466=DIRECTION('',(0.,0.,-1.));
#10467=DIRECTION('',(1.,0.,0.));
#10468=DIRECTION('',(0.,-1.,0.));
#10469=DIRECTION('',(0.,0.,-1.));
#10470=DIRECTION('',(0.,1.,0.));
#10471=DIRECTION('',(1.,0.,0.));
#10472=DIRECTION('',(0.,0.,-1.));
#10473=DIRECTION('',(1.,0.,0.));
#10474=DIRECTION('',(0.,0.,1.));
#10475=DIRECTION('',(0.,1.,0.));
#10476=DIRECTION('',(1.,0.,0.));
#10477=DIRECTION('',(1.,0.,0.));
#10478=DIRECTION('',(0.,0.,-1.));
#10479=DIRECTION('',(1.,0.,0.));
#10480=DIRECTION('',(0.,0.,-1.));
#10481=DIRECTION('',(1.,0.,0.));
#10482=DIRECTION('',(0.,-1.,0.));
#10483=DIRECTION('',(0.,0.,-1.));
#10484=DIRECTION('',(0.,1.,0.));
#10485=DIRECTION('',(1.,0.,0.));
#10486=DIRECTION('',(0.,1.,0.));
#10487=DIRECTION('',(1.,0.,0.));
#10488=DIRECTION('',(1.,0.,0.));
#10489=DIRECTION('',(0.,0.,-1.));
#10490=DIRECTION('',(-1.,0.,0.));
#10491=DIRECTION('',(0.,0.,1.));
#10492=DIRECTION('',(0.,0.,-1.));
#10493=DIRECTION('',(-1.,0.,0.));
#10494=DIRECTION('',(0.,-1.,0.));
#10495=DIRECTION('',(0.,1.,0.));
#10496=DIRECTION('',(-1.,0.,0.));
#10497=DIRECTION('',(1.,0.,0.));
#10498=DIRECTION('',(1.,0.,0.));
#10499=DIRECTION('',(0.345625773820188,-0.938372433776268,0.));
#10500=DIRECTION('',(-1.,0.,0.));
#10501=DIRECTION('',(0.,0.,-1.));
#10502=DIRECTION('',(-1.,0.,0.));
#10503=DIRECTION('',(0.,1.,0.));
#10504=DIRECTION('',(0.,0.,-1.));
#10505=DIRECTION('',(-1.,0.,0.));
#10506=DIRECTION('',(0.,1.,0.));
#10507=DIRECTION('',(0.,0.,-1.));
#10508=DIRECTION('',(-1.,0.,0.));
#10509=DIRECTION('',(0.,0.,-1.));
#10510=DIRECTION('',(-1.,0.,0.));
#10511=DIRECTION('',(0.,-1.,0.));
#10512=DIRECTION('',(0.,0.,-1.));
#10513=DIRECTION('',(-1.,0.,0.));
#10514=DIRECTION('',(0.,-1.,0.));
#10515=DIRECTION('',(0.,0.,-1.));
#10516=DIRECTION('',(-1.,0.,0.));
#10517=DIRECTION('',(-1.,0.,0.));
#10518=DIRECTION('',(0.345625773820188,0.938372433776268,0.));
#10519=DIRECTION('',(0.,1.,0.));
#10520=DIRECTION('',(-1.,0.,0.));
#10521=DIRECTION('',(0.,-1.,0.));
#10522=DIRECTION('',(-1.,0.,0.));
#10523=DIRECTION('',(-1.,0.,0.));
#10524=DIRECTION('',(0.,-1.,0.));
#10525=DIRECTION('',(0.,1.,0.));
#10526=DIRECTION('',(-1.,0.,0.));
#10527=DIRECTION('',(0.,-1.,0.));
#10528=DIRECTION('',(0.,1.,0.));
#10529=DIRECTION('',(-1.,0.,0.));
#10530=DIRECTION('',(0.,-1.,0.));
#10531=DIRECTION('',(0.,1.,0.));
#10532=DIRECTION('',(-1.,0.,0.));
#10533=DIRECTION('',(0.,1.,0.));
#10534=DIRECTION('',(0.,0.,1.));
#10535=DIRECTION('',(0.,0.,-1.));
#10536=DIRECTION('',(0.,0.,-1.));
#10537=DIRECTION('',(0.,0.,-1.));
#10538=DIRECTION('',(-1.,0.,0.));
#10539=DIRECTION('',(0.,0.,-1.));
#10540=DIRECTION('',(0.,1.,0.));
#10541=DIRECTION('',(0.,0.,1.));
#10542=DIRECTION('',(0.,0.,-1.));
#10543=DIRECTION('',(0.,0.,-1.));
#10544=DIRECTION('',(-1.,0.,0.));
#10545=DIRECTION('',(0.,1.,0.));
#10546=DIRECTION('',(0.,0.,1.));
#10547=DIRECTION('',(0.,0.,-1.));
#10548=DIRECTION('',(-1.,0.,0.));
#10549=DIRECTION('',(0.,0.,-1.));
#10550=DIRECTION('',(-1.,0.,0.));
#10551=DIRECTION('',(0.,1.,0.));
#10552=DIRECTION('',(0.,0.,1.));
#10553=DIRECTION('',(0.,0.,-1.));
#10554=DIRECTION('',(-1.,0.,0.));
#10555=DIRECTION('',(-1.,0.,0.));
#10556=DIRECTION('',(0.,0.,1.));
#10557=DIRECTION('',(1.,0.,0.));
#10558=DIRECTION('',(1.,0.,0.));
#10559=DIRECTION('',(-1.,0.,0.));
#10560=DIRECTION('',(1.,0.,0.));
#10561=DIRECTION('',(-1.,0.,0.));
#10562=DIRECTION('',(1.,0.,0.));
#10563=DIRECTION('',(-1.,0.,0.));
#10564=DIRECTION('',(-1.,0.,0.));
#10565=DIRECTION('',(0.,1.,0.));
#10566=DIRECTION('',(-1.,0.,0.));
#10567=DIRECTION('',(0.345625773820188,0.938372433776268,0.));
#10568=DIRECTION('',(-1.,0.,0.));
#10569=DIRECTION('',(0.,0.,1.));
#10570=DIRECTION('',(1.,0.,0.));
#10571=DIRECTION('',(0.,-1.,0.));
#10572=DIRECTION('',(0.,0.,1.));
#10573=DIRECTION('',(1.,0.,0.));
#10574=DIRECTION('',(0.,0.,1.));
#10575=DIRECTION('',(1.,0.,0.));
#10576=DIRECTION('',(0.,1.,0.));
#10577=DIRECTION('',(0.,0.,1.));
#10578=DIRECTION('',(1.,0.,0.));
#10579=DIRECTION('',(-1.,0.,0.));
#10580=DIRECTION('',(0.345625773820188,-0.938372433776268,0.));
#10581=DIRECTION('',(0.,-1.,0.));
#10582=DIRECTION('',(1.,0.,0.));
#10583=DIRECTION('',(1.,0.,0.));
#10584=DIRECTION('',(1.,0.,0.));
#10585=DIRECTION('',(0.,1.,0.));
#10586=DIRECTION('',(0.,0.,1.));
#10587=DIRECTION('',(0.,0.,-1.));
#10588=DIRECTION('',(0.,0.,-1.));
#10589=DIRECTION('',(0.,0.,-1.));
#10590=DIRECTION('',(-1.,0.,0.));
#10591=DIRECTION('',(0.,0.,-1.));
#10592=DIRECTION('',(0.,1.,0.));
#10593=DIRECTION('',(0.,0.,1.));
#10594=DIRECTION('',(0.,0.,-1.));
#10595=DIRECTION('',(-1.,0.,0.));
#10596=DIRECTION('',(0.,0.,-1.));
#10597=DIRECTION('',(0.,1.,0.));
#10598=DIRECTION('',(0.,0.,1.));
#10599=DIRECTION('',(0.,0.,-1.));
#10600=DIRECTION('',(0.,0.,-1.));
#10601=DIRECTION('',(0.,0.,-1.));
#10602=DIRECTION('',(-1.,0.,0.));
#10603=DIRECTION('',(0.,0.,-1.));
#10604=DIRECTION('',(0.,1.,0.));
#10605=DIRECTION('',(0.,0.,1.));
#10606=DIRECTION('',(0.,0.,-1.));
#10607=DIRECTION('',(-1.,0.,0.));
#10608=DIRECTION('',(0.,0.,-1.));
#10609=DIRECTION('',(0.,1.,0.));
#10610=DIRECTION('',(0.,0.,1.));
#10611=DIRECTION('',(0.,0.,-1.));
#10612=DIRECTION('',(-1.,0.,0.));
#10613=DIRECTION('',(0.,0.,-1.));
#10614=DIRECTION('',(0.,1.,0.));
#10615=DIRECTION('',(0.,0.,1.));
#10616=DIRECTION('',(0.,0.,-1.));
#10617=DIRECTION('',(-1.,0.,0.));
#10618=DIRECTION('',(0.,-1.,0.));
#10619=DIRECTION('',(0.,0.,-1.));
#10620=DIRECTION('',(0.,0.,-1.));
#10621=DIRECTION('',(-1.,0.,0.));
#10622=DIRECTION('',(0.,1.,0.));
#10623=DIRECTION('',(1.,0.,0.));
#10624=DIRECTION('',(0.,1.,0.));
#10625=DIRECTION('',(1.,0.,0.));
#10626=DIRECTION('',(0.,0.,1.));
#10627=DIRECTION('',(-1.,0.,0.));
#10628=DIRECTION('',(0.,0.,-1.));
#10629=DIRECTION('',(-1.,0.,0.));
#10630=DIRECTION('',(0.,1.,0.));
#10631=DIRECTION('',(-1.,0.,0.));
#10632=DIRECTION('',(0.,1.,0.));
#10633=DIRECTION('',(0.345625773820188,0.938372433776268,0.));
#10634=DIRECTION('',(0.,-1.,0.));
#10635=DIRECTION('',(0.,0.,1.));
#10636=DIRECTION('',(1.,0.,0.));
#10637=DIRECTION('',(-1.,0.,0.));
#10638=DIRECTION('',(0.,-1.,0.));
#10639=DIRECTION('',(0.,1.,0.));
#10640=DIRECTION('',(0.,-1.,0.));
#10641=DIRECTION('',(-0.345625773820188,-0.938372433776268,0.));
#10642=DIRECTION('',(0.,-1.,0.));
#10643=DIRECTION('',(0.,-1.,0.));
#10644=DIRECTION('',(0.,0.,-1.));
#10645=DIRECTION('',(0.,0.,1.));
#10646=DIRECTION('',(1.,0.,0.));
#10647=DIRECTION('',(0.,1.,0.));
#10648=DIRECTION('',(1.,0.,0.));
#10649=DIRECTION('',(0.,1.,0.));
#10650=DIRECTION('',(1.,0.,0.));
#10651=DIRECTION('',(0.,0.,-1.));
#10652=DIRECTION('',(-1.,0.,0.));
#10653=DIRECTION('',(0.,0.,-1.));
#10654=DIRECTION('',(-1.,0.,0.));
#10655=DIRECTION('',(0.,0.,-1.));
#10656=DIRECTION('',(-1.,0.,0.));
#10657=DIRECTION('',(0.,0.,-1.));
#10658=DIRECTION('',(-1.,0.,0.));
#10659=DIRECTION('',(0.,0.,1.));
#10660=DIRECTION('',(0.,-1.,0.));
#10661=DIRECTION('',(0.,0.,-1.));
#10662=DIRECTION('',(0.,0.,-1.));
#10663=DIRECTION('',(-1.,0.,0.));
#10664=DIRECTION('',(0.,0.,-1.));
#10665=DIRECTION('',(-1.,0.,0.));
#10666=DIRECTION('',(0.,0.,-1.));
#10667=DIRECTION('',(-1.,0.,0.));
#10668=DIRECTION('',(0.,0.,-1.));
#10669=DIRECTION('',(-1.,0.,0.));
#10670=DIRECTION('',(0.,0.,-1.));
#10671=DIRECTION('',(0.,0.,-1.));
#10672=DIRECTION('',(-1.,0.,0.));
#10673=DIRECTION('',(0.,0.,-1.));
#10674=DIRECTION('',(-1.,0.,0.));
#10675=DIRECTION('',(0.,0.,-1.));
#10676=DIRECTION('',(1.,0.,0.));
#10677=DIRECTION('',(0.,0.,-1.));
#10678=DIRECTION('',(0.,1.,0.));
#10679=DIRECTION('',(0.,0.,-1.));
#10680=DIRECTION('',(-1.,0.,0.));
#10681=DIRECTION('',(-1.,0.,0.));
#10682=DIRECTION('',(1.,0.,0.));
#10683=DIRECTION('',(1.,0.,0.));
#10684=DIRECTION('',(1.,0.,0.));
#10685=DIRECTION('',(1.,0.,0.));
#10686=DIRECTION('',(0.,0.216780392340893,-0.976220395964215));
#10687=DIRECTION('',(0.,0.976220395964215,0.216780392340893));
#10688=DIRECTION('',(-1.,0.,0.));
#10689=DIRECTION('',(0.,1.,0.));
#10690=DIRECTION('',(0.,0.,1.));
#10691=DIRECTION('',(0.,-1.,0.));
#10692=DIRECTION('',(0.,0.,-1.));
#10693=DIRECTION('',(0.,-1.,0.));
#10694=DIRECTION('',(0.,0.,-1.));
#10695=DIRECTION('',(-1.,0.,0.));
#10696=DIRECTION('',(0.,1.,0.));
#10697=DIRECTION('',(1.,0.,0.));
#10698=DIRECTION('',(0.,0.,1.));
#10699=DIRECTION('',(0.,1.,0.));
#10700=DIRECTION('',(1.,0.,0.));
#10701=DIRECTION('',(1.,0.,0.));
#10702=DIRECTION('',(0.,1.,0.));
#10703=DIRECTION('',(1.,0.,0.));
#10704=DIRECTION('',(0.,0.,-1.));
#10705=DIRECTION('',(0.,1.,0.));
#10706=DIRECTION('',(1.,0.,0.));
#10707=DIRECTION('',(-1.,0.,0.));
#10708=DIRECTION('',(0.,1.,0.));
#10709=DIRECTION('',(1.,0.,0.));
#10710=DIRECTION('',(0.,0.,1.));
#10711=DIRECTION('',(0.,1.,0.));
#10712=DIRECTION('',(1.,0.,0.));
#10713=DIRECTION('',(1.,0.,0.));
#10714=DIRECTION('',(0.,1.,0.));
#10715=DIRECTION('',(1.,0.,0.));
#10716=DIRECTION('',(0.,0.,-1.));
#10717=DIRECTION('',(0.,1.,0.));
#10718=DIRECTION('',(1.,0.,0.));
#10719=DIRECTION('',(-1.,0.,0.));
#10720=DIRECTION('',(0.,1.,0.));
#10721=DIRECTION('',(1.,0.,0.));
#10722=DIRECTION('',(0.,0.,1.));
#10723=DIRECTION('',(0.,1.,0.));
#10724=DIRECTION('',(1.,0.,0.));
#10725=DIRECTION('',(1.,0.,0.));
#10726=DIRECTION('',(0.,1.,0.));
#10727=DIRECTION('',(1.,0.,0.));
#10728=DIRECTION('',(0.,0.,-1.));
#10729=DIRECTION('',(0.,1.,0.));
#10730=DIRECTION('',(1.,0.,0.));
#10731=DIRECTION('',(-1.,0.,0.));
#10732=DIRECTION('',(0.,1.,0.));
#10733=DIRECTION('',(1.,0.,0.));
#10734=DIRECTION('',(0.,0.,1.));
#10735=DIRECTION('',(0.,1.,0.));
#10736=DIRECTION('',(1.,0.,0.));
#10737=DIRECTION('',(1.,0.,0.));
#10738=DIRECTION('',(0.,1.,0.));
#10739=DIRECTION('',(1.,0.,0.));
#10740=DIRECTION('',(0.,0.,-1.));
#10741=DIRECTION('',(0.,1.,0.));
#10742=DIRECTION('',(1.,0.,0.));
#10743=DIRECTION('',(-1.,0.,0.));
#10744=DIRECTION('',(0.,0.216780392340893,0.976220395964215));
#10745=DIRECTION('',(0.,-0.976220395964215,0.216780392340893));
#10746=DIRECTION('',(-1.,0.,0.));
#10747=DIRECTION('',(0.,0.,1.));
#10748=DIRECTION('',(1.,0.,0.));
#10749=DIRECTION('',(-1.,0.,0.));
#10750=DIRECTION('',(-1.,0.,0.));
#10751=DIRECTION('',(-1.,0.,0.));
#10752=DIRECTION('',(-1.,0.,0.));
#10753=DIRECTION('',(0.,-1.,0.));
#10754=DIRECTION('',(0.,0.,-1.));
#10755=DIRECTION('',(0.,0.,-1.));
#10756=DIRECTION('',(-1.,0.,0.));
#10757=DIRECTION('',(0.,0.,-1.));
#10758=DIRECTION('',(0.,-1.,0.));
#10759=DIRECTION('',(0.,0.,-1.));
#10760=DIRECTION('',(0.,0.,-1.));
#10761=DIRECTION('',(-1.,0.,0.));
#10762=DIRECTION('',(0.,0.,-1.));
#10763=DIRECTION('',(0.,0.,-1.));
#10764=DIRECTION('',(-1.,0.,0.));
#10765=DIRECTION('',(0.345625773820188,0.938372433776268,0.));
#10766=DIRECTION('',(0.,-1.,0.));
#10767=DIRECTION('',(0.,0.,-1.));
#10768=DIRECTION('',(-1.,0.,0.));
#10769=DIRECTION('',(0.,-1.,0.));
#10770=DIRECTION('',(0.,0.,-1.));
#10771=DIRECTION('',(-1.,0.,0.));
#10772=DIRECTION('',(0.,0.,-1.));
#10773=DIRECTION('',(-1.,0.,0.));
#10774=DIRECTION('',(0.,0.,-1.));
#10775=DIRECTION('',(-1.,0.,0.));
#10776=DIRECTION('',(0.,1.,0.));
#10777=DIRECTION('',(0.,0.,-1.));
#10778=DIRECTION('',(-1.,0.,0.));
#10779=DIRECTION('',(0.,-1.,0.));
#10780=DIRECTION('',(0.345625773820188,-0.938372433776268,0.));
#10781=DIRECTION('',(0.,0.,1.));
#10782=DIRECTION('',(1.,0.,0.));
#10783=DIRECTION('',(0.,0.,1.));
#10784=DIRECTION('',(1.,0.,0.));
#10785=DIRECTION('',(0.,1.,0.));
#10786=DIRECTION('',(0.,-1.,0.));
#10787=DIRECTION('',(-0.345625773820188,-0.938372433776268,0.));
#10788=DIRECTION('',(-1.,0.,0.));
#10789=DIRECTION('',(0.,0.,1.));
#10790=DIRECTION('',(1.,0.,0.));
#10791=DIRECTION('',(-1.,0.,0.));
#10792=DIRECTION('',(-0.345625773820188,0.938372433776268,0.));
#10793=DIRECTION('',(0.,-1.,0.));
#10794=DIRECTION('',(0.,-1.,0.));
#10795=DIRECTION('',(0.,0.,1.));
#10796=DIRECTION('',(1.,0.,0.));
#10797=DIRECTION('',(0.,-1.,0.));
#10798=DIRECTION('',(0.,0.,-1.));
#10799=DIRECTION('',(0.,0.,-1.));
#10800=DIRECTION('',(0.,0.,-1.));
#10801=DIRECTION('',(0.,-1.,0.));
#10802=DIRECTION('',(0.,0.,-1.));
#10803=DIRECTION('',(0.,0.,-1.));
#10804=DIRECTION('',(0.,0.,-1.));
#10805=DIRECTION('',(-0.938372433776268,0.345625773820188,0.));
#10806=DIRECTION('',(-0.345625773820188,-0.938372433776268,0.));
#10807=DIRECTION('',(-0.938372433776268,0.345625773820188,0.));
#10808=DIRECTION('',(-0.345625773820188,-0.938372433776268,0.));
#10809=DIRECTION('',(-1.,0.,0.));
#10810=DIRECTION('',(0.,0.,1.));
#10811=DIRECTION('',(1.,0.,0.));
#10812=DIRECTION('',(0.,0.,-1.));
#10813=DIRECTION('',(0.,0.,1.));
#10814=DIRECTION('',(1.,0.,0.));
#10815=DIRECTION('',(0.,0.,-1.));
#10816=DIRECTION('',(0.,0.,1.));
#10817=DIRECTION('',(1.,0.,0.));
#10818=DIRECTION('',(0.,0.,-1.));
#10819=DIRECTION('',(0.938372433776268,0.345625773820188,0.));
#10820=DIRECTION('',(-0.345625773820188,0.938372433776268,0.));
#10821=DIRECTION('',(0.345625773820188,-0.938372433776268,0.));
#10822=DIRECTION('',(0.,0.,1.));
#10823=DIRECTION('',(0.938372433776268,0.345625773820188,0.));
#10824=DIRECTION('',(-0.345625773820188,0.938372433776268,0.));
#10825=DIRECTION('',(0.345625773820188,-0.938372433776268,0.));
#10826=DIRECTION('',(0.,0.,-1.));
#10827=DIRECTION('',(-1.,0.,0.));
#10828=DIRECTION('',(0.,0.,-1.));
#10829=DIRECTION('',(-1.,0.,0.));
#10830=DIRECTION('',(0.,0.,1.));
#10831=DIRECTION('',(0.,0.,-1.));
#10832=DIRECTION('',(-1.,0.,0.));
#10833=DIRECTION('',(0.,0.,-1.));
#10834=DIRECTION('',(1.,0.,0.));
#10835=DIRECTION('',(0.,0.,-1.));
#10836=DIRECTION('',(1.,0.,0.));
#10837=DIRECTION('',(0.,0.,-1.));
#10838=DIRECTION('',(0.,0.,-1.));
#10839=DIRECTION('',(0.,0.,1.));
#10840=DIRECTION('',(-1.,0.,0.));
#10841=DIRECTION('',(0.,0.,1.));
#10842=DIRECTION('',(0.,0.,-1.));
#10843=DIRECTION('',(0.,0.,1.));
#10844=DIRECTION('',(0.,0.,-1.));
#10845=DIRECTION('',(-1.,0.,0.));
#10846=DIRECTION('',(0.,0.,-1.));
#10847=DIRECTION('',(-1.,0.,0.));
#10848=DIRECTION('',(-1.,0.,0.));
#10849=DIRECTION('',(0.,0.,1.));
#10850=DIRECTION('',(1.,0.,0.));
#10851=DIRECTION('',(0.,0.,-1.));
#10852=DIRECTION('',(1.,0.,0.));
#10853=DIRECTION('',(0.,0.,-1.));
#10854=DIRECTION('',(-1.,0.,0.));
#10855=DIRECTION('',(0.,0.,1.));
#10856=DIRECTION('',(0.,0.,1.));
#10857=DIRECTION('',(1.,0.,0.));
#10858=DIRECTION('',(0.,0.,1.));
#10859=DIRECTION('',(1.,0.,0.));
#10860=DIRECTION('',(1.,0.,0.));
#10861=DIRECTION('',(0.,0.,-1.));
#10862=DIRECTION('',(1.,0.,0.));
#10863=DIRECTION('',(0.,0.,-1.));
#10864=DIRECTION('',(-1.,0.,0.));
#10865=DIRECTION('',(0.,0.,1.));
#10866=DIRECTION('',(1.,0.,0.));
#10867=DIRECTION('',(0.,0.,-1.));
#10868=DIRECTION('',(0.,-1.,0.));
#10869=DIRECTION('',(0.,0.,-1.));
#10870=DIRECTION('',(1.,0.,0.));
#10871=DIRECTION('',(1.,0.,0.));
#10872=DIRECTION('',(0.,0.,-1.));
#10873=DIRECTION('',(1.,0.,0.));
#10874=DIRECTION('',(0.,0.,-1.));
#10875=DIRECTION('',(-1.,0.,0.));
#10876=DIRECTION('',(0.,0.,1.));
#10877=DIRECTION('',(1.,0.,0.));
#10878=DIRECTION('',(0.,0.,-1.));
#10879=DIRECTION('',(0.,-1.,0.));
#10880=DIRECTION('',(0.,0.,-1.));
#10881=DIRECTION('',(-1.,0.,0.));
#10882=DIRECTION('',(1.,0.,0.));
#10883=DIRECTION('',(0.,0.,-1.));
#10884=DIRECTION('',(1.,0.,0.));
#10885=DIRECTION('',(0.,0.,-1.));
#10886=DIRECTION('',(-1.,0.,0.));
#10887=DIRECTION('',(0.,0.,1.));
#10888=DIRECTION('',(1.,0.,0.));
#10889=DIRECTION('',(0.,0.,-1.));
#10890=DIRECTION('',(0.,-1.,0.));
#10891=DIRECTION('',(0.,0.,-1.));
#10892=DIRECTION('',(1.,0.,0.));
#10893=DIRECTION('',(1.,0.,0.));
#10894=DIRECTION('',(0.,0.,-1.));
#10895=DIRECTION('',(1.,0.,0.));
#10896=DIRECTION('',(0.,0.,-1.));
#10897=DIRECTION('',(-1.,0.,0.));
#10898=DIRECTION('',(0.,0.,1.));
#10899=DIRECTION('',(1.,0.,0.));
#10900=DIRECTION('',(0.,0.,-1.));
#10901=DIRECTION('',(0.,-1.,0.));
#10902=DIRECTION('',(0.,0.,-1.));
#10903=DIRECTION('',(1.,0.,0.));
#10904=DIRECTION('',(0.,1.,0.));
#10905=DIRECTION('',(0.,0.,1.));
#10906=DIRECTION('',(0.,1.,0.));
#10907=DIRECTION('',(0.,1.,0.));
#10908=DIRECTION('',(1.,0.,0.));
#10909=DIRECTION('',(0.,1.,0.));
#10910=DIRECTION('',(-1.,0.,0.));
#10911=DIRECTION('',(0.,0.,1.));
#10912=DIRECTION('',(0.,0.,1.));
#10913=DIRECTION('',(0.,1.,0.));
#10914=DIRECTION('',(0.,1.,0.));
#10915=DIRECTION('',(0.,0.,1.));
#10916=DIRECTION('',(0.,1.,0.));
#10917=DIRECTION('',(1.,0.,0.));
#10918=DIRECTION('',(0.,1.,0.));
#10919=DIRECTION('',(0.,0.,1.));
#10920=DIRECTION('',(1.,0.,0.));
#10921=DIRECTION('',(1.,0.,0.));
#10922=DIRECTION('',(0.,1.,0.));
#10923=DIRECTION('',(0.,1.,0.));
#10924=DIRECTION('',(0.,0.,1.));
#10925=DIRECTION('',(0.,1.,0.));
#10926=DIRECTION('',(1.,0.,0.));
#10927=DIRECTION('',(0.,1.,0.));
#10928=DIRECTION('',(1.,0.,0.));
#10929=DIRECTION('',(0.,0.,-1.));
#10930=DIRECTION('',(0.,0.,-1.));
#10931=DIRECTION('',(0.,1.,0.));
#10932=DIRECTION('',(0.,1.,0.));
#10933=DIRECTION('',(0.,0.,1.));
#10934=DIRECTION('',(0.,1.,0.));
#10935=DIRECTION('',(1.,0.,0.));
#10936=DIRECTION('',(0.,1.,0.));
#10937=DIRECTION('',(0.,0.,-1.));
#10938=DIRECTION('',(-1.,0.,0.));
#10939=DIRECTION('',(-1.,0.,0.));
#10940=DIRECTION('',(0.,1.,0.));
#10941=DIRECTION('',(0.,0.,1.));
#10942=DIRECTION('',(0.,1.,0.));
#10943=DIRECTION('',(0.,0.,1.));
#10944=DIRECTION('',(0.,1.,0.));
#10945=DIRECTION('',(0.,1.,0.));
#10946=DIRECTION('',(1.,0.,0.));
#10947=DIRECTION('',(0.,1.,0.));
#10948=DIRECTION('',(-1.,0.,0.));
#10949=DIRECTION('',(0.,0.,1.));
#10950=DIRECTION('',(0.,0.,1.));
#10951=DIRECTION('',(0.,1.,0.));
#10952=DIRECTION('',(0.,1.,0.));
#10953=DIRECTION('',(0.,0.,1.));
#10954=DIRECTION('',(0.,1.,0.));
#10955=DIRECTION('',(1.,0.,0.));
#10956=DIRECTION('',(0.,1.,0.));
#10957=DIRECTION('',(0.,0.,1.));
#10958=DIRECTION('',(1.,0.,0.));
#10959=DIRECTION('',(1.,0.,0.));
#10960=DIRECTION('',(0.,1.,0.));
#10961=DIRECTION('',(0.,1.,0.));
#10962=DIRECTION('',(0.,0.,1.));
#10963=DIRECTION('',(0.,1.,0.));
#10964=DIRECTION('',(1.,0.,0.));
#10965=DIRECTION('',(0.,1.,0.));
#10966=DIRECTION('',(1.,0.,0.));
#10967=DIRECTION('',(0.,0.,-1.));
#10968=DIRECTION('',(0.,0.,-1.));
#10969=DIRECTION('',(0.,1.,0.));
#10970=DIRECTION('',(0.,1.,0.));
#10971=DIRECTION('',(0.,0.,1.));
#10972=DIRECTION('',(0.,1.,0.));
#10973=DIRECTION('',(1.,0.,0.));
#10974=DIRECTION('',(0.,1.,0.));
#10975=DIRECTION('',(0.,0.,-1.));
#10976=DIRECTION('',(-1.,0.,0.));
#10977=DIRECTION('',(-1.,0.,0.));
#10978=DIRECTION('',(0.,1.,0.));
#10979=DIRECTION('',(0.,0.,1.));
#10980=DIRECTION('',(0.,1.,0.));
#10981=DIRECTION('',(0.,0.,1.));
#10982=DIRECTION('',(0.,1.,0.));
#10983=DIRECTION('',(0.,1.,0.));
#10984=DIRECTION('',(1.,0.,0.));
#10985=DIRECTION('',(0.,1.,0.));
#10986=DIRECTION('',(-1.,0.,0.));
#10987=DIRECTION('',(0.,0.,1.));
#10988=DIRECTION('',(0.,0.,1.));
#10989=DIRECTION('',(0.,1.,0.));
#10990=DIRECTION('',(0.,1.,0.));
#10991=DIRECTION('',(0.,0.,1.));
#10992=DIRECTION('',(0.,1.,0.));
#10993=DIRECTION('',(1.,0.,0.));
#10994=DIRECTION('',(0.,1.,0.));
#10995=DIRECTION('',(0.,0.,1.));
#10996=DIRECTION('',(1.,0.,0.));
#10997=DIRECTION('',(1.,0.,0.));
#10998=DIRECTION('',(0.,1.,0.));
#10999=DIRECTION('',(0.,1.,0.));
#11000=DIRECTION('',(0.,0.,1.));
#11001=DIRECTION('',(0.,1.,0.));
#11002=DIRECTION('',(1.,0.,0.));
#11003=DIRECTION('',(0.,1.,0.));
#11004=DIRECTION('',(1.,0.,0.));
#11005=DIRECTION('',(0.,0.,-1.));
#11006=DIRECTION('',(0.,0.,-1.));
#11007=DIRECTION('',(0.,1.,0.));
#11008=DIRECTION('',(0.,1.,0.));
#11009=DIRECTION('',(0.,0.,1.));
#11010=DIRECTION('',(0.,1.,0.));
#11011=DIRECTION('',(1.,0.,0.));
#11012=DIRECTION('',(0.,1.,0.));
#11013=DIRECTION('',(0.,0.,-1.));
#11014=DIRECTION('',(-1.,0.,0.));
#11015=DIRECTION('',(-1.,0.,0.));
#11016=DIRECTION('',(0.,1.,0.));
#11017=DIRECTION('',(0.,0.,1.));
#11018=DIRECTION('',(0.,1.,0.));
#11019=DIRECTION('',(0.,0.,1.));
#11020=DIRECTION('',(0.,1.,0.));
#11021=DIRECTION('',(0.,1.,0.));
#11022=DIRECTION('',(1.,0.,0.));
#11023=DIRECTION('',(0.,1.,0.));
#11024=DIRECTION('',(-1.,0.,0.));
#11025=DIRECTION('',(0.,0.,1.));
#11026=DIRECTION('',(0.,0.,1.));
#11027=DIRECTION('',(0.,1.,0.));
#11028=DIRECTION('',(0.,1.,0.));
#11029=DIRECTION('',(0.,0.,1.));
#11030=DIRECTION('',(0.,1.,0.));
#11031=DIRECTION('',(1.,0.,0.));
#11032=DIRECTION('',(0.,1.,0.));
#11033=DIRECTION('',(0.,0.,1.));
#11034=DIRECTION('',(1.,0.,0.));
#11035=DIRECTION('',(1.,0.,0.));
#11036=DIRECTION('',(0.,1.,0.));
#11037=DIRECTION('',(0.,1.,0.));
#11038=DIRECTION('',(0.,0.,1.));
#11039=DIRECTION('',(0.,1.,0.));
#11040=DIRECTION('',(1.,0.,0.));
#11041=DIRECTION('',(0.,1.,0.));
#11042=DIRECTION('',(1.,0.,0.));
#11043=DIRECTION('',(0.,0.,-1.));
#11044=DIRECTION('',(0.,0.,-1.));
#11045=DIRECTION('',(0.,1.,0.));
#11046=DIRECTION('',(0.,1.,0.));
#11047=DIRECTION('',(0.,0.,1.));
#11048=DIRECTION('',(0.,1.,0.));
#11049=DIRECTION('',(1.,0.,0.));
#11050=DIRECTION('',(0.,1.,0.));
#11051=DIRECTION('',(0.,0.,-1.));
#11052=DIRECTION('',(-1.,0.,0.));
#11053=DIRECTION('',(-1.,0.,0.));
#11054=DIRECTION('',(0.,1.,0.));
#11055=DIRECTION('',(0.,0.,1.));
#11056=DIRECTION('',(0.,-1.,0.));
#11057=DIRECTION('',(0.,0.,-1.));
#11058=DIRECTION('',(0.,-1.,0.));
#11059=DIRECTION('',(0.,0.,-1.));
#11060=DIRECTION('',(0.,-1.,0.));
#11061=DIRECTION('',(0.,0.,-1.));
#11062=DIRECTION('',(0.,-1.,0.));
#11063=DIRECTION('',(0.,0.,-1.));
#11064=DIRECTION('',(0.,-1.,0.));
#11065=DIRECTION('',(0.,0.,-1.));
#11066=DIRECTION('',(0.,-1.,0.));
#11067=DIRECTION('',(0.,0.,-1.));
#11068=DIRECTION('',(0.,1.,0.));
#11069=DIRECTION('',(0.,0.,1.));
#11070=DIRECTION('',(1.,0.,0.));
#11071=DIRECTION('',(0.,1.,0.));
#11072=DIRECTION('',(1.,0.,0.));
#11073=DIRECTION('',(0.,0.,-1.));
#11074=DIRECTION('',(-1.,0.,0.));
#11075=DIRECTION('',(0.,1.,0.));
#11076=DIRECTION('',(0.,1.,0.));
#11077=DIRECTION('',(0.,1.,0.));
#11078=DIRECTION('',(0.,0.,1.));
#11079=DIRECTION('',(0.,1.,0.));
#11080=DIRECTION('',(-1.,0.,0.));
#11081=DIRECTION('',(0.,0.,1.));
#11082=DIRECTION('',(0.,1.,0.));
#11083=DIRECTION('',(0.,1.,0.));
#11084=DIRECTION('',(0.,0.,1.));
#11085=DIRECTION('',(0.,1.,0.));
#11086=DIRECTION('',(0.,0.,1.));
#11087=DIRECTION('',(1.,0.,0.));
#11088=DIRECTION('',(0.,1.,0.));
#11089=DIRECTION('',(0.,1.,0.));
#11090=DIRECTION('',(0.,0.,1.));
#11091=DIRECTION('',(0.,1.,0.));
#11092=DIRECTION('',(1.,0.,0.));
#11093=DIRECTION('',(0.,0.,-1.));
#11094=DIRECTION('',(0.,1.,0.));
#11095=DIRECTION('',(0.,1.,0.));
#11096=DIRECTION('',(0.,0.,1.));
#11097=DIRECTION('',(0.,1.,0.));
#11098=DIRECTION('',(0.,1.,0.));
#11099=DIRECTION('',(0.,0.,1.));
#11100=DIRECTION('',(0.,1.,0.));
#11101=DIRECTION('',(0.,0.,-1.));
#11102=DIRECTION('',(-1.,0.,0.));
#11103=DIRECTION('',(0.,1.,0.));
#11104=DIRECTION('',(0.,1.,0.));
#11105=DIRECTION('',(0.,0.,1.));
#11106=DIRECTION('',(0.,1.,0.));
#11107=DIRECTION('',(0.,0.,1.));
#11108=DIRECTION('',(0.,1.,0.));
#11109=DIRECTION('',(0.,0.,-1.));
#11110=DIRECTION('',(-1.,0.,0.));
#11111=DIRECTION('',(0.,1.,0.));
#11112=DIRECTION('',(0.,1.,0.));
#11113=DIRECTION('',(0.,0.,1.));
#11114=DIRECTION('',(0.,1.,0.));
#11115=DIRECTION('',(0.,0.,1.));
#11116=DIRECTION('',(0.,1.,0.));
#11117=DIRECTION('',(0.,0.,-1.));
#11118=DIRECTION('',(-1.,0.,0.));
#11119=DIRECTION('',(0.,1.,0.));
#11120=DIRECTION('',(0.,1.,0.));
#11121=DIRECTION('',(0.,0.,1.));
#11122=DIRECTION('',(0.,1.,0.));
#11123=DIRECTION('',(0.,1.,0.));
#11124=DIRECTION('',(0.,0.,1.));
#11125=DIRECTION('',(0.,1.,0.));
#11126=DIRECTION('',(0.,0.,1.));
#11127=DIRECTION('',(0.,1.,0.));
#11128=DIRECTION('',(0.,1.,0.));
#11129=DIRECTION('',(0.,0.,1.));
#11130=DIRECTION('',(0.,1.,0.));
#11131=DIRECTION('',(0.,0.,1.));
#11132=DIRECTION('',(1.,0.,0.));
#11133=DIRECTION('',(0.,1.,0.));
#11134=DIRECTION('',(0.,1.,0.));
#11135=DIRECTION('',(0.,0.,1.));
#11136=DIRECTION('',(0.,1.,0.));
#11137=DIRECTION('',(1.,0.,0.));
#11138=DIRECTION('',(0.,0.,-1.));
#11139=DIRECTION('',(0.,1.,0.));
#11140=DIRECTION('',(0.,0.,1.));
#11141=DIRECTION('',(1.,0.,0.));
#11142=DIRECTION('',(0.,1.,0.));
#11143=DIRECTION('',(-1.,0.,0.));
#11144=DIRECTION('',(0.,0.,1.));
#11145=DIRECTION('',(0.,1.,0.));
#11146=DIRECTION('',(0.,1.,0.));
#11147=DIRECTION('',(0.,0.,1.));
#11148=DIRECTION('',(0.,1.,0.));
#11149=DIRECTION('',(0.,0.,1.));
#11150=DIRECTION('',(0.,1.,0.));
#11151=DIRECTION('',(1.,0.,0.));
#11152=DIRECTION('',(0.,0.,-1.));
#11153=DIRECTION('',(0.,1.,0.));
#11154=DIRECTION('',(0.,0.,1.));
#11155=DIRECTION('',(1.,0.,0.));
#11156=DIRECTION('',(0.,1.,0.));
#11157=DIRECTION('',(-1.,0.,0.));
#11158=DIRECTION('',(0.,0.,1.));
#11159=DIRECTION('',(0.,1.,0.));
#11160=DIRECTION('',(0.,1.,0.));
#11161=DIRECTION('',(0.,0.,1.));
#11162=DIRECTION('',(0.,1.,0.));
#11163=DIRECTION('',(0.,0.,1.));
#11164=DIRECTION('',(1.,0.,0.));
#11165=DIRECTION('',(0.,1.,0.));
#11166=DIRECTION('',(0.,1.,0.));
#11167=DIRECTION('',(0.,0.,1.));
#11168=DIRECTION('',(0.,1.,0.));
#11169=DIRECTION('',(0.,1.,0.));
#11170=DIRECTION('',(0.,0.,1.));
#11171=DIRECTION('',(-1.,0.,0.));
#11172=DIRECTION('',(0.,0.,1.));
#11173=DIRECTION('',(0.,0.,-1.));
#11174=DIRECTION('',(1.,0.,0.));
#11175=DIRECTION('',(0.,0.,-1.));
#11176=DIRECTION('',(0.,0.,1.));
#11177=DIRECTION('',(1.,0.,0.));
#11178=DIRECTION('',(0.,0.,-1.));
#11179=DIRECTION('',(0.,0.,-1.));
#11180=DIRECTION('',(1.,0.,0.));
#11181=DIRECTION('',(0.,0.,-1.));
#11182=DIRECTION('',(0.,0.,1.));
#11183=DIRECTION('',(1.,0.,0.));
#11184=DIRECTION('',(0.,0.,-1.));
#11185=DIRECTION('',(0.,1.,0.));
#11186=DIRECTION('',(0.,0.,1.));
#11187=DIRECTION('',(0.,0.,-1.));
#11188=DIRECTION('',(-1.,0.,0.));
#11189=DIRECTION('',(0.,0.,-1.));
#11190=DIRECTION('',(-1.,0.,0.));
#11191=DIRECTION('',(0.,0.,1.));
#11192=DIRECTION('',(1.,0.,0.));
#11193=DIRECTION('',(0.,0.,1.));
#11194=DIRECTION('',(1.,0.,0.));
#11195=DIRECTION('',(1.,0.,0.));
#11196=DIRECTION('',(0.,0.,-1.));
#11197=DIRECTION('',(1.,0.,0.));
#11198=DIRECTION('',(0.,0.,-1.));
#11199=DIRECTION('',(1.,0.,0.));
#11200=DIRECTION('',(0.,0.,-1.));
#11201=DIRECTION('',(1.,0.,0.));
#11202=DIRECTION('',(0.,0.,-1.));
#11203=DIRECTION('',(1.,0.,0.));
#11204=DIRECTION('',(0.,-1.,0.));
#11205=DIRECTION('',(0.,0.,-1.));
#11206=DIRECTION('',(1.,0.,0.));
#11207=DIRECTION('',(1.,0.,0.));
#11208=DIRECTION('',(0.,0.,-1.));
#11209=DIRECTION('',(0.,1.,0.));
#11210=DIRECTION('',(0.,0.,1.));
#11211=DIRECTION('',(1.,0.,0.));
#11212=DIRECTION('',(1.,0.,0.));
#11213=DIRECTION('',(0.,0.,-1.));
#11214=DIRECTION('',(1.,0.,0.));
#11215=DIRECTION('',(0.,0.,-1.));
#11216=DIRECTION('',(1.,0.,0.));
#11217=DIRECTION('',(0.,1.,0.));
#11218=DIRECTION('',(0.,0.,1.));
#11219=DIRECTION('',(1.,0.,0.));
#11220=DIRECTION('',(0.,0.,-1.));
#11221=DIRECTION('',(1.,0.,0.));
#11222=DIRECTION('',(0.,0.,-1.));
#11223=DIRECTION('',(1.,0.,0.));
#11224=DIRECTION('',(0.,0.,-1.));
#11225=DIRECTION('',(-1.,0.,0.));
#11226=DIRECTION('',(0.,0.,1.));
#11227=DIRECTION('',(-1.,0.,0.));
#11228=DIRECTION('',(0.,1.,0.));
#11229=DIRECTION('',(0.,0.,1.));
#11230=DIRECTION('',(-1.,0.,0.));
#11231=DIRECTION('',(-1.,0.,0.));
#11232=DIRECTION('',(0.,0.,1.));
#11233=DIRECTION('',(0.,-1.,0.));
#11234=DIRECTION('',(0.,0.,-1.));
#11235=DIRECTION('',(-1.,0.,0.));
#11236=DIRECTION('',(-1.,0.,0.));
#11237=DIRECTION('',(0.,0.,1.));
#11238=DIRECTION('',(-1.,0.,0.));
#11239=DIRECTION('',(0.,0.,1.));
#11240=DIRECTION('',(-1.,0.,0.));
#11241=DIRECTION('',(0.,-1.,0.));
#11242=DIRECTION('',(0.,0.,-1.));
#11243=DIRECTION('',(0.,0.,-1.));
#11244=DIRECTION('',(-1.,0.,0.));
#11245=DIRECTION('',(0.,0.,-1.));
#11246=DIRECTION('',(-1.,0.,0.));
#11247=DIRECTION('',(0.,0.,1.));
#11248=DIRECTION('',(1.,0.,0.));
#11249=DIRECTION('',(0.,0.,1.));
#11250=DIRECTION('',(1.,0.,0.));
#11251=DIRECTION('',(1.,0.,0.));
#11252=DIRECTION('',(0.,0.,1.));
#11253=DIRECTION('',(1.,0.,0.));
#11254=DIRECTION('',(0.,0.,1.));
#11255=DIRECTION('',(1.,0.,0.));
#11256=DIRECTION('',(0.,0.,1.));
#11257=DIRECTION('',(1.,0.,0.));
#11258=DIRECTION('',(0.,0.,1.));
#11259=DIRECTION('',(0.,-1.,0.));
#11260=DIRECTION('',(0.,0.,-1.));
#11261=DIRECTION('',(1.,0.,0.));
#11262=DIRECTION('',(0.,0.,1.));
#11263=DIRECTION('',(0.,0.,1.));
#11264=DIRECTION('',(1.,0.,0.));
#11265=DIRECTION('',(0.,0.,1.));
#11266=DIRECTION('',(1.,0.,0.));
#11267=DIRECTION('',(0.,0.,1.));
#11268=DIRECTION('',(1.,0.,0.));
#11269=DIRECTION('',(-1.,0.,0.));
#11270=DIRECTION('',(-1.,0.,0.));
#11271=DIRECTION('',(0.,0.,1.));
#11272=DIRECTION('',(1.22464679914735E-16,0.,-1.));
#11273=DIRECTION('',(-1.,0.,-1.22464679914735E-16));
#11274=DIRECTION('',(1.22464679914735E-16,0.,-1.));
#11275=DIRECTION('',(-1.,0.,-1.22464679914735E-16));
#11276=DIRECTION('',(1.,0.,2.16840434497101E-16));
#11277=DIRECTION('',(0.,1.,0.));
#11278=DIRECTION('',(-1.,0.,-1.44560289664734E-16));
#11279=DIRECTION('',(1.22464679914735E-16,0.,-1.));
#11280=DIRECTION('',(-1.,0.,-1.22464679914735E-16));
#11281=DIRECTION('',(1.22464679914735E-16,0.,-1.));
#11282=DIRECTION('',(-1.,0.,-1.22464679914735E-16));
#11283=DIRECTION('',(1.22464679914735E-16,0.,-1.));
#11284=DIRECTION('',(0.,-1.,0.));
#11285=DIRECTION('',(0.,0.,-1.));
#11286=DIRECTION('',(0.,1.,0.));
#11287=DIRECTION('',(1.,0.,0.));
#11288=DIRECTION('',(0.,1.,0.));
#11289=DIRECTION('',(1.,0.,0.));
#11290=DIRECTION('',(0.,1.,0.));
#11291=DIRECTION('',(1.,0.,0.));
#11292=DIRECTION('',(-1.,0.,-1.44560289664734E-16));
#11293=DIRECTION('',(1.22464679914735E-16,0.,-1.));
#11294=DIRECTION('',(0.,1.,0.));
#11295=DIRECTION('',(1.,0.,0.));
#11296=DIRECTION('',(0.,1.,0.));
#11297=DIRECTION('',(1.,0.,0.));
#11298=DIRECTION('',(0.,1.,0.));
#11299=DIRECTION('',(1.,0.,0.));
#11300=DIRECTION('',(0.,1.,0.));
#11301=DIRECTION('',(0.,0.,1.));
#11302=DIRECTION('',(1.22464679914735E-16,0.,-1.));
#11303=DIRECTION('',(0.,1.,0.));
#11304=DIRECTION('',(1.,0.,0.));
#11305=DIRECTION('',(0.,1.,0.));
#11306=DIRECTION('',(1.,0.,0.));
#11307=DIRECTION('',(0.,1.,0.));
#11308=DIRECTION('',(1.,0.,0.));
#11309=DIRECTION('',(1.22464679914735E-16,0.,-1.));
#11310=DIRECTION('',(1.,0.,2.16840434497101E-16));
#11311=DIRECTION('',(0.,1.,0.));
#11312=DIRECTION('',(1.,0.,0.));
#11313=DIRECTION('',(0.,1.,0.));
#11314=DIRECTION('',(1.,0.,0.));
#11315=DIRECTION('',(0.,1.,0.));
#11316=DIRECTION('',(1.,0.,0.));
#11317=DIRECTION('',(1.22464679914735E-16,0.,-1.));
#11318=DIRECTION('',(-1.,0.,-1.22464679914735E-16));
#11319=DIRECTION('',(1.22464679914735E-16,0.,-1.));
#11320=DIRECTION('',(-1.,0.,-1.22464679914735E-16));
#11321=DIRECTION('',(1.22464679914735E-16,0.,-1.));
#11322=DIRECTION('',(-1.,0.,-1.22464679914735E-16));
#11323=DIRECTION('',(0.,1.,0.));
#11324=DIRECTION('',(1.22464679914735E-16,0.,-1.));
#11325=DIRECTION('',(-1.,0.,-1.22464679914735E-16));
#11326=DIRECTION('',(1.22464679914735E-16,0.,-1.));
#11327=DIRECTION('',(-1.,0.,-1.22464679914735E-16));
#11328=DIRECTION('',(1.22464679914735E-16,0.,-1.));
#11329=DIRECTION('',(-1.,0.,-1.22464679914735E-16));
#11330=DIRECTION('',(0.,1.,0.));
#11331=DIRECTION('',(0.,0.,1.));
#11332=DIRECTION('',(0.,1.,0.));
#11333=DIRECTION('',(0.,1.,0.));
#11334=DIRECTION('',(0.,0.,1.));
#11335=DIRECTION('',(0.,1.,0.));
#11336=DIRECTION('',(0.,1.,0.));
#11337=DIRECTION('',(0.,0.,1.));
#11338=DIRECTION('',(0.,1.,0.));
#11339=DIRECTION('',(0.,0.,1.));
#11340=DIRECTION('',(0.,1.,0.));
#11341=DIRECTION('',(0.,1.,0.));
#11342=DIRECTION('',(0.,0.,1.));
#11343=DIRECTION('',(0.,1.,0.));
#11344=DIRECTION('',(0.,1.,0.));
#11345=DIRECTION('',(0.,0.,1.));
#11346=DIRECTION('',(-1.,0.,0.));
#11347=DIRECTION('',(0.,0.,1.));
#11348=DIRECTION('',(-1.,0.,0.));
#11349=DIRECTION('',(0.,0.,1.));
#11350=DIRECTION('',(1.,0.,0.));
#11351=DIRECTION('',(0.,0.,-1.));
#11352=DIRECTION('',(1.,0.,0.));
#11353=DIRECTION('',(0.,0.,-1.));
#11354=DIRECTION('',(1.,0.,0.));
#11355=DIRECTION('',(1.,0.,0.));
#11356=DIRECTION('',(0.,0.,-1.));
#11357=DIRECTION('',(1.,0.,0.));
#11358=DIRECTION('',(0.,1.,0.));
#11359=DIRECTION('',(0.,0.,1.));
#11360=DIRECTION('',(0.,0.,1.));
#11361=DIRECTION('',(1.,0.,0.));
#11362=DIRECTION('',(0.,0.,1.));
#11363=DIRECTION('',(0.,0.,-1.));
#11364=DIRECTION('',(-1.,0.,0.));
#11365=DIRECTION('',(0.,1.,0.));
#11366=DIRECTION('',(1.,0.,0.));
#11367=DIRECTION('',(0.,1.,0.));
#11368=DIRECTION('',(0.,-1.,0.));
#11369=DIRECTION('',(0.,0.,-1.));
#11370=DIRECTION('',(0.,0.,-1.));
#11371=DIRECTION('',(1.,0.,0.));
#11372=DIRECTION('',(0.,0.,-1.));
#11373=DIRECTION('',(1.,0.,0.));
#11374=DIRECTION('',(0.,0.,-1.));
#11375=DIRECTION('',(1.,0.,0.));
#11376=DIRECTION('',(0.,0.,-1.));
#11377=DIRECTION('',(1.,0.,0.));
#11378=DIRECTION('',(1.,0.,0.));
#11379=DIRECTION('',(0.,0.,-1.));
#11380=DIRECTION('',(0.,0.,-1.));
#11381=DIRECTION('',(-1.,0.,0.));
#11382=DIRECTION('',(0.,1.,0.));
#11383=DIRECTION('',(0.,1.,0.));
#11384=DIRECTION('',(1.,0.,0.));
#11385=DIRECTION('',(0.,0.,1.));
#11386=DIRECTION('',(1.,0.,0.));
#11387=DIRECTION('',(0.,-1.,0.));
#11388=DIRECTION('',(1.,0.,0.));
#11389=DIRECTION('',(0.,-1.,0.));
#11390=DIRECTION('',(1.,0.,0.));
#11391=DIRECTION('',(0.,0.,-1.));
#11392=DIRECTION('',(1.,0.,0.));
#11393=DIRECTION('',(0.,0.,-1.));
#11394=DIRECTION('',(1.,0.,0.));
#11395=DIRECTION('',(0.,0.,-1.));
#11396=DIRECTION('',(1.,0.,0.));
#11397=DIRECTION('',(0.,0.,-1.));
#11398=DIRECTION('',(1.,0.,0.));
#11399=DIRECTION('',(0.,0.,-1.));
#11400=DIRECTION('',(1.,0.,0.));
#11401=DIRECTION('',(0.,0.,-1.));
#11402=DIRECTION('',(1.,0.,0.));
#11403=DIRECTION('',(0.,0.,-1.));
#11404=DIRECTION('',(1.,0.,0.));
#11405=DIRECTION('',(0.,0.,-1.));
#11406=DIRECTION('',(1.,0.,0.));
#11407=DIRECTION('',(0.,0.,-1.));
#11408=DIRECTION('',(1.,0.,0.));
#11409=DIRECTION('',(0.,0.,-1.));
#11410=DIRECTION('',(1.,0.,0.));
#11411=DIRECTION('',(0.,0.,-1.));
#11412=DIRECTION('',(0.,1.,0.));
#11413=DIRECTION('',(1.,0.,0.));
#11414=DIRECTION('',(0.,0.,-1.));
#11415=DIRECTION('',(0.,0.,-1.));
#11416=DIRECTION('',(0.,-1.,0.));
#11417=DIRECTION('',(0.,0.,1.));
#11418=DIRECTION('',(1.,0.,0.));
#11419=DIRECTION('',(0.,0.,-1.));
#11420=DIRECTION('',(0.,-1.,0.));
#11421=DIRECTION('',(1.,0.,0.));
#11422=DIRECTION('',(0.,0.,-1.));
#11423=DIRECTION('',(1.,0.,0.));
#11424=DIRECTION('',(0.,0.,-1.));
#11425=DIRECTION('',(0.,-1.,0.));
#11426=DIRECTION('',(1.,0.,0.));
#11427=DIRECTION('',(0.,0.,-1.));
#11428=DIRECTION('',(0.,0.,1.));
#11429=DIRECTION('',(0.,-1.,0.));
#11430=DIRECTION('',(0.,0.,-1.));
#11431=DIRECTION('',(1.,0.,0.));
#11432=DIRECTION('',(0.,0.,-1.));
#11433=DIRECTION('',(0.,1.,0.));
#11434=DIRECTION('',(1.,0.,0.));
#11435=DIRECTION('',(0.,0.,-1.));
#11436=DIRECTION('',(0.,1.,0.));
#11437=DIRECTION('',(0.,0.,1.));
#11438=DIRECTION('',(1.,0.,0.));
#11439=DIRECTION('',(1.,0.,0.));
#11440=DIRECTION('',(0.,0.,1.));
#11441=DIRECTION('',(1.,0.,0.));
#11442=DIRECTION('',(1.,0.,0.));
#11443=DIRECTION('',(0.,-1.,0.));
#11444=DIRECTION('',(0.,0.,-1.));
#11445=DIRECTION('',(1.,0.,0.));
#11446=DIRECTION('',(1.,0.,0.));
#11447=DIRECTION('',(0.,0.,-1.));
#11448=DIRECTION('',(1.,0.,0.));
#11449=DIRECTION('',(0.,0.,-1.));
#11450=DIRECTION('',(-1.,0.,0.));
#11451=DIRECTION('',(1.,0.,0.));
#11452=DIRECTION('',(1.,0.,0.));
#11453=DIRECTION('',(0.,0.,-1.));
#11454=DIRECTION('',(1.,0.,0.));
#11455=DIRECTION('',(0.,0.,-1.));
#11456=DIRECTION('',(1.,0.,0.));
#11457=DIRECTION('',(0.,0.,1.));
#11458=DIRECTION('',(1.,0.,0.));
#11459=DIRECTION('',(1.,0.,0.));
#11460=DIRECTION('',(1.,0.,0.));
#11461=DIRECTION('',(0.,0.,-1.));
#11462=DIRECTION('',(-1.,0.,0.));
#11463=DIRECTION('',(0.,0.,1.));
#11464=DIRECTION('',(1.,0.,0.));
#11465=DIRECTION('',(0.,0.,-1.));
#11466=DIRECTION('',(-1.,0.,0.));
#11467=DIRECTION('',(1.,0.,0.));
#11468=DIRECTION('',(0.,0.,-1.));
#11469=DIRECTION('',(-1.,0.,0.));
#11470=DIRECTION('',(0.,1.,0.));
#11471=DIRECTION('',(0.,0.,1.));
#11472=DIRECTION('',(0.,0.,-1.));
#11473=DIRECTION('',(-1.,0.,0.));
#11474=DIRECTION('',(0.,0.,-1.));
#11475=DIRECTION('',(0.,0.,1.));
#11476=DIRECTION('',(1.,0.,0.));
#11477=DIRECTION('',(0.,1.,0.));
#11478=DIRECTION('',(-1.,0.,0.));
#11479=DIRECTION('',(0.,1.,0.));
#11480=DIRECTION('',(0.,-1.,0.));
#11481=DIRECTION('',(0.,0.,-1.));
#11482=DIRECTION('',(0.,0.,1.));
#11483=DIRECTION('',(-1.,0.,0.));
#11484=DIRECTION('',(0.,0.,1.));
#11485=DIRECTION('',(-1.,0.,0.));
#11486=DIRECTION('',(0.,0.,1.));
#11487=DIRECTION('',(1.,0.,0.));
#11488=DIRECTION('',(0.,0.,-1.));
#11489=DIRECTION('',(-1.,0.,0.));
#11490=DIRECTION('',(1.,0.,0.));
#11491=DIRECTION('',(0.,0.,-1.));
#11492=DIRECTION('',(0.,0.,1.));
#11493=DIRECTION('',(1.,0.,0.));
#11494=DIRECTION('',(0.,1.,0.));
#11495=DIRECTION('',(-1.,0.,0.));
#11496=DIRECTION('',(0.,1.,0.));
#11497=DIRECTION('',(0.,0.,-1.));
#11498=DIRECTION('',(-1.,0.,0.));
#11499=DIRECTION('',(0.,-1.,0.));
#11500=DIRECTION('',(0.,-1.,0.));
#11501=DIRECTION('',(-1.,0.,0.));
#11502=DIRECTION('',(-1.,0.,0.));
#11503=DIRECTION('',(0.,0.,1.));
#11504=DIRECTION('',(1.,0.,0.));
#11505=DIRECTION('',(0.,0.,-1.));
#11506=DIRECTION('',(1.,0.,0.));
#11507=DIRECTION('',(0.,0.,-1.));
#11508=DIRECTION('',(-1.,0.,0.));
#11509=DIRECTION('',(0.,0.,1.));
#11510=DIRECTION('',(1.,0.,0.));
#11511=DIRECTION('',(0.,0.,-1.));
#11512=DIRECTION('',(1.,0.,0.));
#11513=DIRECTION('',(0.,0.,-1.));
#11514=DIRECTION('',(1.,0.,0.));
#11515=DIRECTION('',(0.,0.,-1.));
#11516=DIRECTION('',(1.,0.,0.));
#11517=DIRECTION('',(0.,0.,-1.));
#11518=DIRECTION('',(1.,0.,0.));
#11519=DIRECTION('',(0.,0.,-1.));
#11520=DIRECTION('',(1.,0.,0.));
#11521=DIRECTION('',(0.,0.,-1.));
#11522=DIRECTION('',(0.,-1.,0.));
#11523=DIRECTION('',(1.,0.,0.));
#11524=DIRECTION('',(0.,0.,-1.));
#11525=DIRECTION('',(0.,0.,1.));
#11526=DIRECTION('',(0.,-1.,0.));
#11527=DIRECTION('',(0.,0.,-1.));
#11528=DIRECTION('',(1.,0.,0.));
#11529=DIRECTION('',(0.,0.,-1.));
#11530=DIRECTION('',(0.,1.,0.));
#11531=DIRECTION('',(1.,0.,0.));
#11532=DIRECTION('',(0.,0.,-1.));
#11533=DIRECTION('',(1.,0.,0.));
#11534=DIRECTION('',(0.,0.,-1.));
#11535=DIRECTION('',(1.,0.,0.));
#11536=DIRECTION('',(0.,0.,-1.));
#11537=DIRECTION('',(1.,0.,0.));
#11538=DIRECTION('',(0.,0.,-1.));
#11539=DIRECTION('',(0.,1.,0.));
#11540=DIRECTION('',(1.,0.,0.));
#11541=DIRECTION('',(0.,0.,-1.));
#11542=DIRECTION('',(0.,0.,-1.));
#11543=DIRECTION('',(0.,-1.,0.));
#11544=DIRECTION('',(0.,0.,1.));
#11545=DIRECTION('',(1.,0.,0.));
#11546=DIRECTION('',(0.,0.,-1.));
#11547=DIRECTION('',(0.,-1.,0.));
#11548=DIRECTION('',(0.,-1.,0.));
#11549=DIRECTION('',(0.,0.,-1.));
#11550=DIRECTION('',(-1.,0.,0.));
#11551=DIRECTION('',(-1.,0.,0.));
#11552=DIRECTION('',(0.,0.,-1.));
#11553=DIRECTION('',(-1.,0.,0.));
#11554=DIRECTION('',(-1.,0.,0.));
#11555=DIRECTION('',(0.,1.,0.));
#11556=DIRECTION('',(0.,0.,1.));
#11557=DIRECTION('',(-1.,0.,0.));
#11558=DIRECTION('',(-1.,0.,0.));
#11559=DIRECTION('',(0.,0.,1.));
#11560=DIRECTION('',(-1.,0.,0.));
#11561=DIRECTION('',(0.,0.,1.));
#11562=DIRECTION('',(1.,0.,0.));
#11563=DIRECTION('',(-1.,0.,0.));
#11564=DIRECTION('',(-1.,0.,0.));
#11565=DIRECTION('',(0.,0.,1.));
#11566=DIRECTION('',(-1.,0.,0.));
#11567=DIRECTION('',(0.,0.,1.));
#11568=DIRECTION('',(-1.,0.,0.));
#11569=DIRECTION('',(0.,0.,-1.));
#11570=DIRECTION('',(-1.,0.,0.));
#11571=DIRECTION('',(-1.,0.,0.));
#11572=DIRECTION('',(-1.,0.,0.));
#11573=DIRECTION('',(0.,0.,1.));
#11574=DIRECTION('',(1.,0.,0.));
#11575=DIRECTION('',(0.,0.,-1.));
#11576=DIRECTION('',(1.,0.,0.));
#11577=DIRECTION('',(0.,0.,-1.));
#11578=DIRECTION('',(1.,0.,0.));
#11579=DIRECTION('',(1.,0.,0.));
#11580=DIRECTION('',(0.,0.,-1.));
#11581=DIRECTION('',(1.,0.,0.));
#11582=DIRECTION('',(0.,-1.,0.));
#11583=DIRECTION('',(0.,0.,-1.));
#11584=DIRECTION('',(0.,0.,-1.));
#11585=DIRECTION('',(0.,0.,-1.));
#11586=DIRECTION('',(1.,0.,0.));
#11587=DIRECTION('',(0.,0.,-1.));
#11588=DIRECTION('',(-1.,0.,0.));
#11589=DIRECTION('',(0.,1.,0.));
#11590=DIRECTION('',(0.,1.,0.));
#11591=DIRECTION('',(1.,0.,0.));
#11592=DIRECTION('',(0.,1.,0.));
#11593=DIRECTION('',(0.,0.,1.));
#11594=DIRECTION('',(0.,0.,1.));
#11595=DIRECTION('',(0.,0.,1.));
#11596=DIRECTION('',(1.,0.,0.));
#11597=DIRECTION('',(1.,0.,0.));
#11598=DIRECTION('',(0.,0.,-1.));
#11599=DIRECTION('',(1.,0.,0.));
#11600=DIRECTION('',(0.,0.,-1.));
#11601=DIRECTION('',(1.,0.,0.));
#11602=DIRECTION('',(0.,0.,-1.));
#11603=DIRECTION('',(1.,0.,0.));
#11604=DIRECTION('',(0.,0.,-1.));
#11605=DIRECTION('',(-1.,0.,0.));
#11606=DIRECTION('',(0.,1.,0.));
#11607=DIRECTION('',(0.,1.,0.));
#11608=DIRECTION('',(1.,0.,0.));
#11609=DIRECTION('',(0.,0.,1.));
#11610=DIRECTION('',(1.,0.,0.));
#11611=DIRECTION('',(0.,-1.,0.));
#11612=DIRECTION('',(1.,0.,0.));
#11613=DIRECTION('',(0.,-1.,0.));
#11614=DIRECTION('',(1.,0.,0.));
#11615=DIRECTION('',(0.,0.,-1.));
#11616=DIRECTION('',(1.,0.,0.));
#11617=DIRECTION('',(0.,0.,-1.));
#11618=DIRECTION('',(1.,0.,0.));
#11619=DIRECTION('',(0.,0.,-1.));
#11620=DIRECTION('',(1.,0.,0.));
#11621=DIRECTION('',(0.,0.,-1.));
#11622=DIRECTION('',(1.,0.,0.));
#11623=DIRECTION('',(0.,0.,-1.));
#11624=DIRECTION('',(1.,0.,0.));
#11625=DIRECTION('',(0.,0.,-1.));
#11626=DIRECTION('',(1.,0.,0.));
#11627=DIRECTION('',(0.,0.,-1.));
#11628=DIRECTION('',(1.,0.,0.));
#11629=DIRECTION('',(0.,0.,-1.));
#11630=DIRECTION('',(1.,0.,0.));
#11631=DIRECTION('',(0.,0.,-1.));
#11632=DIRECTION('',(1.,0.,0.));
#11633=DIRECTION('',(0.,0.,-1.));
#11634=DIRECTION('',(1.,0.,0.));
#11635=DIRECTION('',(0.,0.,-1.));
#11636=DIRECTION('',(0.,1.,0.));
#11637=DIRECTION('',(1.,0.,0.));
#11638=DIRECTION('',(0.,0.,-1.));
#11639=DIRECTION('',(0.,0.,-1.));
#11640=DIRECTION('',(0.,-1.,0.));
#11641=DIRECTION('',(0.,0.,1.));
#11642=DIRECTION('',(1.,0.,0.));
#11643=DIRECTION('',(0.,0.,-1.));
#11644=DIRECTION('',(0.,-1.,0.));
#11645=DIRECTION('',(1.,0.,0.));
#11646=DIRECTION('',(0.,0.,-1.));
#11647=DIRECTION('',(1.,0.,0.));
#11648=DIRECTION('',(0.,0.,-1.));
#11649=DIRECTION('',(0.,-1.,0.));
#11650=DIRECTION('',(1.,0.,0.));
#11651=DIRECTION('',(0.,0.,-1.));
#11652=DIRECTION('',(0.,0.,1.));
#11653=DIRECTION('',(0.,-1.,0.));
#11654=DIRECTION('',(0.,0.,-1.));
#11655=DIRECTION('',(1.,0.,0.));
#11656=DIRECTION('',(0.,0.,-1.));
#11657=DIRECTION('',(0.,1.,0.));
#11658=DIRECTION('',(1.,0.,0.));
#11659=DIRECTION('',(0.,0.,-1.));
#11660=DIRECTION('',(0.,1.,0.));
#11661=DIRECTION('',(0.,0.,1.));
#11662=DIRECTION('',(1.,0.,0.));
#11663=DIRECTION('',(1.,0.,0.));
#11664=DIRECTION('',(0.,0.,1.));
#11665=DIRECTION('',(1.,0.,0.));
#11666=DIRECTION('',(1.,0.,0.));
#11667=DIRECTION('',(0.,-1.,0.));
#11668=DIRECTION('',(0.,0.,-1.));
#11669=DIRECTION('',(1.,0.,0.));
#11670=DIRECTION('',(1.,0.,0.));
#11671=DIRECTION('',(0.,0.,-1.));
#11672=DIRECTION('',(1.,0.,0.));
#11673=DIRECTION('',(0.,0.,-1.));
#11674=DIRECTION('',(-1.,0.,0.));
#11675=DIRECTION('',(1.,0.,0.));
#11676=DIRECTION('',(1.,0.,0.));
#11677=DIRECTION('',(0.,0.,-1.));
#11678=DIRECTION('',(1.,0.,0.));
#11679=DIRECTION('',(0.,0.,-1.));
#11680=DIRECTION('',(1.,0.,0.));
#11681=DIRECTION('',(0.,0.,1.));
#11682=DIRECTION('',(1.,0.,0.));
#11683=DIRECTION('',(1.,0.,0.));
#11684=DIRECTION('',(1.,0.,0.));
#11685=DIRECTION('',(0.,0.,-1.));
#11686=DIRECTION('',(1.,0.,0.));
#11687=DIRECTION('',(0.,0.,-1.));
#11688=DIRECTION('',(1.,0.,0.));
#11689=DIRECTION('',(0.,0.,-1.));
#11690=DIRECTION('',(1.,0.,0.));
#11691=DIRECTION('',(1.,0.,0.));
#11692=DIRECTION('',(0.,0.,-1.));
#11693=DIRECTION('',(1.,0.,0.));
#11694=DIRECTION('',(0.,0.,1.));
#11695=DIRECTION('',(1.,0.,0.));
#11696=DIRECTION('',(0.,-1.,0.));
#11697=DIRECTION('',(1.,0.,0.));
#11698=DIRECTION('',(0.,-1.,0.));
#11699=DIRECTION('',(1.,0.,0.));
#11700=DIRECTION('',(0.,0.,-1.));
#11701=DIRECTION('',(1.,0.,0.));
#11702=DIRECTION('',(0.,0.,-1.));
#11703=DIRECTION('',(1.,0.,0.));
#11704=DIRECTION('',(0.,0.,-1.));
#11705=DIRECTION('',(1.,0.,0.));
#11706=DIRECTION('',(0.,0.,-1.));
#11707=DIRECTION('',(1.,0.,0.));
#11708=DIRECTION('',(0.,0.,-1.));
#11709=DIRECTION('',(1.,0.,0.));
#11710=DIRECTION('',(1.,0.,0.));
#11711=DIRECTION('',(0.,0.,-1.));
#11712=DIRECTION('',(0.,0.,-1.));
#11713=DIRECTION('',(-1.,0.,0.));
#11714=DIRECTION('',(0.,1.,0.));
#11715=DIRECTION('',(1.,0.,0.));
#11716=DIRECTION('',(0.,1.,0.));
#11717=DIRECTION('',(1.,0.,0.));
#11718=DIRECTION('',(0.,0.,-1.));
#11719=DIRECTION('',(1.,0.,0.));
#11720=DIRECTION('',(0.,0.,-1.));
#11721=DIRECTION('',(1.,0.,0.));
#11722=DIRECTION('',(1.,0.,0.));
#11723=DIRECTION('',(0.,0.,-1.));
#11724=DIRECTION('',(0.,-1.,0.));
#11725=DIRECTION('',(0.,0.,-1.));
#11726=DIRECTION('',(0.,0.,-1.));
#11727=DIRECTION('',(1.,0.,0.));
#11728=DIRECTION('',(0.,0.,-1.));
#11729=DIRECTION('',(0.,0.,1.));
#11730=DIRECTION('',(1.,0.,0.));
#11731=DIRECTION('',(0.,-1.,0.));
#11732=DIRECTION('',(1.,0.,0.));
#11733=DIRECTION('',(0.,-1.,0.));
#11734=DIRECTION('',(0.,1.,0.));
#11735=DIRECTION('',(0.,0.,1.));
#11736=DIRECTION('',(0.,0.,1.));
#11737=DIRECTION('',(0.,0.,1.));
#11738=DIRECTION('',(1.,0.,0.));
#11739=DIRECTION('',(0.,0.,-1.));
#11740=DIRECTION('',(1.,0.,0.));
#11741=DIRECTION('',(0.,0.,-1.));
#11742=DIRECTION('',(1.,0.,0.));
#11743=DIRECTION('',(0.,0.,-1.));
#11744=DIRECTION('',(1.,0.,0.));
#11745=DIRECTION('',(0.,0.,-1.));
#11746=DIRECTION('',(1.,0.,0.));
#11747=DIRECTION('',(0.,0.,-1.));
#11748=DIRECTION('',(0.,1.,0.));
#11749=DIRECTION('',(1.,0.,0.));
#11750=DIRECTION('',(0.,0.,-1.));
#11751=DIRECTION('',(0.,0.,1.));
#11752=DIRECTION('',(0.,1.,0.));
#11753=DIRECTION('',(0.,0.,-1.));
#11754=DIRECTION('',(1.,0.,0.));
#11755=DIRECTION('',(0.,0.,-1.));
#11756=DIRECTION('',(0.,-1.,0.));
#11757=DIRECTION('',(1.,0.,0.));
#11758=DIRECTION('',(0.,0.,-1.));
#11759=DIRECTION('',(1.,0.,0.));
#11760=DIRECTION('',(0.,0.,-1.));
#11761=DIRECTION('',(0.,-1.,0.));
#11762=DIRECTION('',(1.,0.,0.));
#11763=DIRECTION('',(0.,0.,-1.));
#11764=DIRECTION('',(0.,0.,-1.));
#11765=DIRECTION('',(0.,1.,0.));
#11766=DIRECTION('',(0.,0.,1.));
#11767=DIRECTION('',(1.,0.,0.));
#11768=DIRECTION('',(0.,0.,-1.));
#11769=DIRECTION('',(0.,1.,0.));
#11770=DIRECTION('',(1.,0.,0.));
#11771=DIRECTION('',(0.,0.,-1.));
#11772=DIRECTION('',(1.,0.,0.));
#11773=DIRECTION('',(0.,0.,-1.));
#11774=DIRECTION('',(1.,0.,0.));
#11775=DIRECTION('',(0.,0.,1.));
#11776=DIRECTION('',(1.,0.,0.));
#11777=DIRECTION('',(1.,0.,0.));
#11778=DIRECTION('',(1.,0.,0.));
#11779=DIRECTION('',(0.,0.,-1.));
#11780=DIRECTION('',(1.,0.,0.));
#11781=DIRECTION('',(0.,-1.,0.));
#11782=DIRECTION('',(0.,0.,-1.));
#11783=DIRECTION('',(1.,0.,0.));
#11784=DIRECTION('',(0.,0.,-1.));
#11785=DIRECTION('',(-1.,0.,0.));
#11786=DIRECTION('',(1.,0.,0.));
#11787=DIRECTION('',(0.,1.,0.));
#11788=DIRECTION('',(0.,0.,1.));
#11789=DIRECTION('',(1.,0.,0.));
#11790=DIRECTION('',(1.,0.,0.));
#11791=DIRECTION('',(0.,0.,-1.));
#11792=DIRECTION('',(1.,0.,0.));
#11793=DIRECTION('',(0.,0.,-1.));
#11794=DIRECTION('',(-1.,0.,0.));
#11795=DIRECTION('',(1.,0.,0.));
#11796=DIRECTION('',(1.,0.,0.));
#11797=DIRECTION('',(0.,0.,-1.));
#11798=DIRECTION('',(0.,0.,1.));
#11799=DIRECTION('',(1.,0.,0.));
#11800=DIRECTION('',(0.,1.,0.));
#11801=DIRECTION('',(0.,0.,1.));
#11802=DIRECTION('',(0.,0.,1.));
#11803=DIRECTION('',(-1.,0.,0.));
#11804=DIRECTION('',(0.,0.,-1.));
#11805=DIRECTION('',(1.,0.,0.));
#11806=DIRECTION('',(0.,0.,1.));
#11807=DIRECTION('',(-1.,0.,0.));
#11808=DIRECTION('',(0.,0.,-1.));
#11809=DIRECTION('',(1.,0.,0.));
#11810=DIRECTION('',(-1.,0.,0.));
#11811=DIRECTION('',(-1.73472347597681E-15,0.,-1.));
#11812=DIRECTION('',(0.707106781186547,0.,-0.707106781186548));
#11813=DIRECTION('',(0.,0.,-1.));
#11814=DIRECTION('',(-0.707106781186548,0.,-0.707106781186547));
#11815=DIRECTION('',(0.,0.,-1.));
#11816=DIRECTION('',(1.,0.,0.));
#11817=DIRECTION('',(-0.625235665501178,0.,0.780436008001488));
#11818=DIRECTION('',(-1.,0.,0.));
#11819=DIRECTION('',(-0.939566030856313,0.,-0.342367746233364));
#11820=DIRECTION('',(1.,0.,0.));
#11821=DIRECTION('',(0.,1.,0.));
#11822=DIRECTION('',(1.,0.,0.));
#11823=DIRECTION('',(1.,0.,0.));
#11824=DIRECTION('',(-0.939566030856316,0.,0.342367746233357));
#11825=DIRECTION('',(-1.,0.,0.));
#11826=DIRECTION('',(-0.625235665501187,0.,-0.780436008001481));
#11827=DIRECTION('',(1.,0.,0.));
#11828=DIRECTION('',(0.,0.,1.));
#11829=DIRECTION('',(-0.707106781186548,0.,0.707106781186547));
#11830=DIRECTION('',(0.,0.,1.));
#11831=DIRECTION('',(0.707106781186548,0.,0.707106781186547));
#11832=DIRECTION('',(0.,0.,1.));
#11833=DIRECTION('',(1.,0.,0.));
#11834=DIRECTION('',(0.,0.,1.));
#11835=DIRECTION('',(-1.,0.,0.));
#11836=DIRECTION('',(0.,0.,-1.));
#11837=DIRECTION('',(-0.707106781186547,0.,-0.707106781186548));
#11838=DIRECTION('',(-0.707106781186548,0.,0.707106781186547));
#11839=DIRECTION('',(0.,1.,0.));
#11840=DIRECTION('',(-0.707106781186548,0.,0.707106781186547));
#11841=DIRECTION('',(0.,1.,0.));
#11842=DIRECTION('',(-1.,0.,0.));
#11843=DIRECTION('',(0.,0.,1.));
#11844=DIRECTION('',(0.,0.,1.));
#11845=DIRECTION('',(0.,1.,0.));
#11846=DIRECTION('',(-0.707106781186547,0.,0.707106781186548));
#11847=DIRECTION('',(0.707106781186548,0.,0.707106781186547));
#11848=DIRECTION('',(0.707106781186548,0.,0.707106781186547));
#11849=DIRECTION('',(0.,1.,0.));
#11850=DIRECTION('',(-1.,0.,0.));
#11851=DIRECTION('',(0.,0.,1.));
#11852=DIRECTION('',(0.,-0.707106781186548,0.707106781186547));
#11853=DIRECTION('',(0.,0.,1.));
#11854=DIRECTION('',(0.,1.,0.));
#11855=DIRECTION('',(0.,0.,1.));
#11856=DIRECTION('',(1.,0.,0.));
#11857=DIRECTION('',(-1.,0.,0.));
#11858=DIRECTION('',(1.,0.,0.));
#11859=DIRECTION('',(0.,1.,0.));
#11860=DIRECTION('',(1.,0.,-1.73472347597681E-15));
#11861=DIRECTION('',(-1.73472347597681E-15,0.,-1.));
#11862=DIRECTION('',(-1.2266347333467E-15,0.707106781186548,-0.707106781186547));
#11863=DIRECTION('',(-1.73472347597681E-15,0.,-1.));
#11864=DIRECTION('',(0.,1.,0.));
#11865=DIRECTION('',(0.707106781186548,0.,0.707106781186547));
#11866=DIRECTION('',(0.707106781186547,0.,-0.707106781186548));
#11867=DIRECTION('',(0.707106781186547,0.,-0.707106781186548));
#11868=DIRECTION('',(0.,1.,0.));
#11869=DIRECTION('',(1.,0.,0.));
#11870=DIRECTION('',(0.,0.,-1.));
#11871=DIRECTION('',(0.,0.,-1.));
#11872=DIRECTION('',(0.,1.,0.));
#11873=DIRECTION('',(0.707106781186547,0.,-0.707106781186548));
#11874=DIRECTION('',(-0.707106781186548,0.,-0.707106781186547));
#11875=DIRECTION('',(-0.707106781186548,0.,-0.707106781186547));
#11876=DIRECTION('',(0.,1.,0.));
#11877=DIRECTION('',(1.,0.,0.));
#11878=DIRECTION('',(0.,0.,-1.));
#11879=DIRECTION('',(0.,-0.707106781186548,-0.707106781186547));
#11880=DIRECTION('',(0.,0.,-1.));
#11881=DIRECTION('',(0.,1.,0.));
#11882=DIRECTION('',(0.,0.,-1.));
#11883=DIRECTION('',(-1.,0.,0.));
#11884=DIRECTION('',(-1.,0.,0.));
#11885=DIRECTION('',(-1.,0.,0.));
#11886=DIRECTION('',(0.,1.,0.));
#11887=DIRECTION('',(-0.780436008001488,0.,-0.625235665501178));
#11888=DIRECTION('',(-0.625235665501178,0.,0.780436008001488));
#11889=DIRECTION('',(-0.492895526232519,0.615245479552661,0.615245479552661));
#11890=DIRECTION('',(-0.625235665501178,0.,0.780436008001488));
#11891=DIRECTION('',(0.,1.,0.));
#11892=DIRECTION('',(0.,0.,-1.));
#11893=DIRECTION('',(-1.,0.,0.));
#11894=DIRECTION('',(-1.,0.,0.));
#11895=DIRECTION('',(0.,1.,0.));
#11896=DIRECTION('',(0.342367746233364,0.,-0.939566030856313));
#11897=DIRECTION('',(-0.939566030856313,0.,-0.342367746233364));
#11898=DIRECTION('',(-0.888912057041803,-0.323909983518346,-0.323909983518346));
#11899=DIRECTION('',(-0.939566030856313,0.,-0.342367746233364));
#11900=DIRECTION('',(0.,1.,0.));
#11901=DIRECTION('',(0.,0.,-1.));
#11902=DIRECTION('',(-1.,0.,0.));
#11903=DIRECTION('',(-1.,0.,0.));
#11904=DIRECTION('',(-1.,0.,0.));
#11905=DIRECTION('',(0.,1.,0.));
#11906=DIRECTION('',(0.,1.,0.));
#11907=DIRECTION('',(0.,0.,1.));
#11908=DIRECTION('',(0.,-0.707106781186547,0.707106781186548));
#11909=DIRECTION('',(0.,0.707106781186548,0.707106781186547));
#11910=DIRECTION('',(0.,1.,0.));
#11911=DIRECTION('',(1.,0.,0.));
#11912=DIRECTION('',(0.,1.,0.));
#11913=DIRECTION('',(0.,-0.707106781186547,0.707106781186548));
#11914=DIRECTION('',(0.,0.707106781186548,0.707106781186547));
#11915=DIRECTION('',(0.,0.,-1.));
#11916=DIRECTION('',(-1.,0.,0.));
#11917=DIRECTION('',(-1.,0.,0.));
#11918=DIRECTION('',(-1.,0.,0.));
#11919=DIRECTION('',(0.,1.,0.));
#11920=DIRECTION('',(-0.342367746233357,0.,-0.939566030856316));
#11921=DIRECTION('',(-0.939566030856316,0.,0.342367746233357));
#11922=DIRECTION('',(-0.888912057041808,0.32390998351834,0.32390998351834));
#11923=DIRECTION('',(-0.939566030856316,0.,0.342367746233357));
#11924=DIRECTION('',(0.,1.,0.));
#11925=DIRECTION('',(0.,0.,-1.));
#11926=DIRECTION('',(-1.,0.,0.));
#11927=DIRECTION('',(-1.,0.,0.));
#11928=DIRECTION('',(0.,1.,0.));
#11929=DIRECTION('',(0.780436008001481,0.,-0.625235665501187));
#11930=DIRECTION('',(-0.625235665501187,0.,-0.780436008001481));
#11931=DIRECTION('',(-0.492895526232527,-0.615245479552658,-0.615245479552658));
#11932=DIRECTION('',(-0.625235665501187,0.,-0.780436008001481));
#11933=DIRECTION('',(0.,1.,0.));
#11934=DIRECTION('',(0.,0.,-1.));
#11935=DIRECTION('',(-1.,0.,0.));
#11936=DIRECTION('',(-1.,0.,0.));
#11937=DIRECTION('',(-1.,0.,0.));
#11938=DIRECTION('',(0.,1.,0.));
#11939=DIRECTION('',(-1.,0.,0.));
#11940=DIRECTION('',(0.,0.,1.));
#11941=DIRECTION('',(0.,0.707106781186548,0.707106781186547));
#11942=DIRECTION('',(0.,0.,1.));
#11943=DIRECTION('',(0.,1.,0.));
#11944=DIRECTION('',(0.,0.,1.));
#11945=DIRECTION('',(0.,-0.707106781186547,0.707106781186548));
#11946=DIRECTION('',(0.,-0.707106781186548,-0.707106781186547));
#11947=DIRECTION('',(0.,-0.707106781186547,0.707106781186548));
#11948=DIRECTION('',(0.,-0.707106781186548,-0.707106781186547));
#11949=DIRECTION('',(0.,-0.707106781186547,0.707106781186548));
#11950=DIRECTION('',(0.,-0.707106781186548,-0.707106781186547));
#11951=DIRECTION('',(0.,-0.707106781186547,0.707106781186548));
#11952=DIRECTION('',(0.,-0.707106781186548,-0.707106781186547));
#11953=DIRECTION('',(0.,-0.707106781186547,-0.707106781186548));
#11954=DIRECTION('',(0.,0.707106781186548,-0.707106781186547));
#11955=DIRECTION('',(-1.,0.,0.));
#11956=DIRECTION('',(0.,0.,1.));
#11957=DIRECTION('',(0.,1.,0.));
#11958=DIRECTION('',(0.,0.,1.));
#11959=DIRECTION('',(0.,1.,0.));
#11960=DIRECTION('',(0.,0.,1.));
#11961=DIRECTION('',(1.,0.,0.));
#11962=DIRECTION('',(0.,1.,0.));
#11963=DIRECTION('',(1.,0.,0.));
#11964=DIRECTION('',(1.,0.,0.));
#11965=DIRECTION('',(0.,0.,-1.));
#11966=DIRECTION('',(0.,1.,0.));
#11967=DIRECTION('',(0.,0.,-1.));
#11968=DIRECTION('',(0.,0.,-1.));
#11969=DIRECTION('',(-1.,0.,0.));
#11970=DIRECTION('',(-1.,0.,0.));
#11971=DIRECTION('',(0.,1.,0.));
#11972=DIRECTION('',(0.,0.,1.));
#11973=DIRECTION('',(-1.,0.,0.));
#11974=DIRECTION('',(0.,0.,1.));
#11975=DIRECTION('',(0.,1.,0.));
#11976=DIRECTION('',(0.,0.,1.));
#11977=DIRECTION('',(0.,1.,0.));
#11978=DIRECTION('',(0.,0.,1.));
#11979=DIRECTION('',(1.,0.,0.));
#11980=DIRECTION('',(0.,1.,0.));
#11981=DIRECTION('',(1.,0.,0.));
#11982=DIRECTION('',(1.,0.,0.));
#11983=DIRECTION('',(0.,0.,-1.));
#11984=DIRECTION('',(0.,1.,0.));
#11985=DIRECTION('',(0.,0.,-1.));
#11986=DIRECTION('',(0.,0.,-1.));
#11987=DIRECTION('',(-1.,0.,0.));
#11988=DIRECTION('',(-1.,0.,0.));
#11989=DIRECTION('',(0.,1.,0.));
#11990=DIRECTION('',(0.,0.,1.));
#11991=DIRECTION('',(1.,0.,0.));
#11992=DIRECTION('',(0.,0.,-1.));
#11993=DIRECTION('',(0.,-1.,0.));
#11994=DIRECTION('',(0.,0.,1.));
#11995=DIRECTION('',(0.,-1.,0.));
#11996=DIRECTION('',(0.,0.,-1.));
#11997=DIRECTION('',(-1.,0.,0.));
#11998=DIRECTION('',(0.,-1.,0.));
#11999=DIRECTION('',(1.,0.,0.));
#12000=DIRECTION('',(-1.,0.,0.));
#12001=DIRECTION('',(0.,0.,1.));
#12002=DIRECTION('',(0.,-1.,0.));
#12003=DIRECTION('',(0.,0.,-1.));
#12004=DIRECTION('',(0.,0.,1.));
#12005=DIRECTION('',(1.,0.,0.));
#12006=DIRECTION('',(-1.,0.,0.));
#12007=DIRECTION('',(0.,1.,0.));
#12008=DIRECTION('',(0.,0.,1.));
#12009=DIRECTION('',(0.,0.,1.));
#12010=DIRECTION('',(1.,0.,0.));
#12011=CARTESIAN_POINT('',(0.,0.,0.));
#12012=CARTESIAN_POINT('',(-4.3,-2.2,2.));
#12013=CARTESIAN_POINT('',(-4.3,-2.6,-1.35));
#12014=CARTESIAN_POINT('',(-4.3,-2.45,-1.72080992435478));
#12015=CARTESIAN_POINT('',(-4.3,-2.2,-1.35));
#12016=CARTESIAN_POINT('',(-4.3,-2.45,2.));
#12017=CARTESIAN_POINT('',(-4.3,-2.45,-1.75));
#12018=CARTESIAN_POINT('',(-4.3,-2.45,-1.75));
#12019=CARTESIAN_POINT('',(-4.3,-2.2,-1.75));
#12020=CARTESIAN_POINT('',(-4.3,-2.2,2.));
#12021=CARTESIAN_POINT('',(-3.7,-2.45,2.));
#12022=CARTESIAN_POINT('',(-3.7,-2.6,-1.35));
#12023=CARTESIAN_POINT('',(-3.7,-2.45,-1.72080992435478));
#12024=CARTESIAN_POINT('',(-3.7,-2.2,-1.35));
#12025=CARTESIAN_POINT('',(-3.7,-2.2,2.));
#12026=CARTESIAN_POINT('',(-3.7,-2.2,-1.75));
#12027=CARTESIAN_POINT('',(-3.7,-2.45,-1.75));
#12028=CARTESIAN_POINT('',(-3.7,-2.45,-1.75));
#12029=CARTESIAN_POINT('',(-3.7,-2.45,2.));
#12030=CARTESIAN_POINT('',(-3.7,-2.2,2.));
#12031=CARTESIAN_POINT('',(-4.3,-2.2,2.));
#12032=CARTESIAN_POINT('',(-4.3,-2.2,1.75));
#12033=CARTESIAN_POINT('',(-4.3,-2.2,1.35));
#12034=CARTESIAN_POINT('',(-4.3,-2.2,1.35));
#12035=CARTESIAN_POINT('',(-3.7,-2.2,1.35));
#12036=CARTESIAN_POINT('',(-3.7,-2.2,2.));
#12037=CARTESIAN_POINT('',(-3.7,-2.2,1.75));
#12038=CARTESIAN_POINT('',(6.,-2.2,1.75));
#12039=CARTESIAN_POINT('',(1.7,-2.2,2.));
#12040=CARTESIAN_POINT('',(1.7,-2.6,-1.35));
#12041=CARTESIAN_POINT('',(1.7,-2.45,-1.72080992435478));
#12042=CARTESIAN_POINT('',(1.7,-2.2,-1.35));
#12043=CARTESIAN_POINT('',(1.7,-2.45,2.));
#12044=CARTESIAN_POINT('',(1.7,-2.45,-1.75));
#12045=CARTESIAN_POINT('',(1.7,-2.45,-1.75));
#12046=CARTESIAN_POINT('',(1.7,-2.2,-1.75));
#12047=CARTESIAN_POINT('',(1.7,-2.2,2.));
#12048=CARTESIAN_POINT('',(2.3,-2.45,2.));
#12049=CARTESIAN_POINT('',(2.3,-2.6,-1.35));
#12050=CARTESIAN_POINT('',(2.3,-2.45,-1.72080992435478));
#12051=CARTESIAN_POINT('',(2.3,-2.2,-1.35));
#12052=CARTESIAN_POINT('',(2.3,-2.2,2.));
#12053=CARTESIAN_POINT('',(2.3,-2.2,-1.75));
#12054=CARTESIAN_POINT('',(2.3,-2.45,-1.75));
#12055=CARTESIAN_POINT('',(2.3,-2.45,-1.75));
#12056=CARTESIAN_POINT('',(2.3,-2.45,2.));
#12057=CARTESIAN_POINT('',(2.3,-2.2,2.));
#12058=CARTESIAN_POINT('',(1.7,-2.2,2.));
#12059=CARTESIAN_POINT('',(1.7,-2.2,1.75));
#12060=CARTESIAN_POINT('',(1.7,-2.2,1.35));
#12061=CARTESIAN_POINT('',(1.7,-2.2,1.35));
#12062=CARTESIAN_POINT('',(2.3,-2.2,1.35));
#12063=CARTESIAN_POINT('',(2.3,-2.2,2.));
#12064=CARTESIAN_POINT('',(2.3,-2.2,1.75));
#12065=CARTESIAN_POINT('',(6.,-2.2,1.75));
#12066=CARTESIAN_POINT('',(-2.3,-2.2,2.));
#12067=CARTESIAN_POINT('',(-2.3,-2.2,2.));
#12068=CARTESIAN_POINT('',(-2.3,-2.2,-1.35));
#12069=CARTESIAN_POINT('',(-2.3,-2.2,-1.75));
#12070=CARTESIAN_POINT('',(-2.3,-2.6,-1.35));
#12071=CARTESIAN_POINT('',(-2.3,-2.45,-1.72080992435478));
#12072=CARTESIAN_POINT('',(-2.3,-2.45,2.));
#12073=CARTESIAN_POINT('',(-2.3,-2.45,-1.75));
#12074=CARTESIAN_POINT('',(-2.3,-2.45,-1.75));
#12075=CARTESIAN_POINT('',(-1.7,-2.45,2.));
#12076=CARTESIAN_POINT('',(-1.7,-2.45,2.));
#12077=CARTESIAN_POINT('',(-1.7,-2.45,-1.72080992435478));
#12078=CARTESIAN_POINT('',(-1.7,-2.45,-1.75));
#12079=CARTESIAN_POINT('',(-1.7,-2.6,-1.35));
#12080=CARTESIAN_POINT('',(-1.7,-2.2,-1.35));
#12081=CARTESIAN_POINT('',(-1.7,-2.2,2.));
#12082=CARTESIAN_POINT('',(-1.7,-2.2,-1.75));
#12083=CARTESIAN_POINT('',(-1.7,-2.45,-1.75));
#12084=CARTESIAN_POINT('',(-1.7,-2.2,2.));
#12085=CARTESIAN_POINT('',(-2.3,-2.2,2.));
#12086=CARTESIAN_POINT('',(-2.3,-2.2,1.75));
#12087=CARTESIAN_POINT('',(-2.3,-2.2,1.35));
#12088=CARTESIAN_POINT('',(-1.7,-2.2,1.35));
#12089=CARTESIAN_POINT('',(-1.7,-2.2,1.35));
#12090=CARTESIAN_POINT('',(-1.7,-2.2,2.));
#12091=CARTESIAN_POINT('',(-1.7,-2.2,1.75));
#12092=CARTESIAN_POINT('',(6.,-2.2,1.75));
#12093=CARTESIAN_POINT('',(3.7,-2.2,2.));
#12094=CARTESIAN_POINT('',(3.7,-2.6,-1.35));
#12095=CARTESIAN_POINT('',(3.7,-2.45,-1.72080992435478));
#12096=CARTESIAN_POINT('',(3.7,-2.2,-1.35));
#12097=CARTESIAN_POINT('',(3.7,-2.45,2.));
#12098=CARTESIAN_POINT('',(3.7,-2.45,-1.75));
#12099=CARTESIAN_POINT('',(3.7,-2.45,-1.75));
#12100=CARTESIAN_POINT('',(3.7,-2.2,-1.75));
#12101=CARTESIAN_POINT('',(3.7,-2.2,2.));
#12102=CARTESIAN_POINT('',(4.3,-2.45,2.));
#12103=CARTESIAN_POINT('',(4.3,-2.6,-1.35));
#12104=CARTESIAN_POINT('',(4.3,-2.45,-1.72080992435478));
#12105=CARTESIAN_POINT('',(4.3,-2.2,-1.35));
#12106=CARTESIAN_POINT('',(4.3,-2.2,2.));
#12107=CARTESIAN_POINT('',(4.3,-2.2,-1.75));
#12108=CARTESIAN_POINT('',(4.3,-2.45,-1.75));
#12109=CARTESIAN_POINT('',(4.3,-2.45,-1.75));
#12110=CARTESIAN_POINT('',(4.3,-2.45,2.));
#12111=CARTESIAN_POINT('',(4.3,-2.2,2.));
#12112=CARTESIAN_POINT('',(3.7,-2.2,2.));
#12113=CARTESIAN_POINT('',(3.7,-2.2,1.75));
#12114=CARTESIAN_POINT('',(3.7,-2.2,1.35));
#12115=CARTESIAN_POINT('',(3.7,-2.2,1.35));
#12116=CARTESIAN_POINT('',(4.3,-2.2,1.35));
#12117=CARTESIAN_POINT('',(4.3,-2.2,2.));
#12118=CARTESIAN_POINT('',(4.3,-2.2,1.75));
#12119=CARTESIAN_POINT('',(6.,-2.2,1.75));
#12120=CARTESIAN_POINT('',(-4.,-0.25,-1.7));
#12121=CARTESIAN_POINT('',(-4.,-0.25,-1.5));
#12122=CARTESIAN_POINT('',(-4.,-0.25,-1.7));
#12123=CARTESIAN_POINT('',(-4.,-0.05,-1.5));
#12124=CARTESIAN_POINT('',(-4.,-0.25,-1.7));
#12125=CARTESIAN_POINT('',(-4.,-0.950000000000006,-1.7));
#12126=CARTESIAN_POINT('',(-4.,-0.950000000000006,-1.5));
#12127=CARTESIAN_POINT('',(-4.,-0.950000000000006,-1.5));
#12128=CARTESIAN_POINT('',(-4.,-0.950000000000006,-1.5));
#12129=CARTESIAN_POINT('',(-4.,-0.25,-1.5));
#12130=CARTESIAN_POINT('',(-4.,-0.25,-1.7));
#12131=CARTESIAN_POINT('',(-4.,-0.25,-1.4));
#12132=CARTESIAN_POINT('',(-4.,-0.25,-1.4));
#12133=CARTESIAN_POINT('',(-4.,-0.05,-1.4));
#12134=CARTESIAN_POINT('',(-4.,-0.05,-1.7));
#12135=CARTESIAN_POINT('',(-3.,-0.25,-1.7));
#12136=CARTESIAN_POINT('',(4.1,-0.25,-1.7));
#12137=CARTESIAN_POINT('',(-3.,-0.25,-1.7));
#12138=CARTESIAN_POINT('',(-3.,-0.25,-1.7));
#12139=CARTESIAN_POINT('',(-3.,-0.350000000000003,-1.7));
#12140=CARTESIAN_POINT('',(-2.8,-0.349999999999995,-1.7));
#12141=CARTESIAN_POINT('',(-2.8,-0.549999999999994,-1.7));
#12142=CARTESIAN_POINT('',(-2.8,-0.549999999999994,-1.7));
#12143=CARTESIAN_POINT('',(-0.710875516528738,-0.55,-1.7));
#12144=CARTESIAN_POINT('',(-0.710875516528738,-1.15,-1.7));
#12145=CARTESIAN_POINT('',(-0.710875516528738,-1.15,-1.7));
#12146=CARTESIAN_POINT('',(-0.8,-1.15,-1.7));
#12147=CARTESIAN_POINT('',(-3.8,-1.15,-1.7));
#12148=CARTESIAN_POINT('',(-3.8,-0.949999999999996,-1.7));
#12149=CARTESIAN_POINT('',(-3.,-0.25,-1.5));
#12150=CARTESIAN_POINT('',(-3.,-0.25,-1.5));
#12151=CARTESIAN_POINT('',(-3.,-0.05,-1.5));
#12152=CARTESIAN_POINT('',(-3.,-0.25,-1.5));
#12153=CARTESIAN_POINT('',(-3.,-0.25,-1.5));
#12154=CARTESIAN_POINT('',(-3.,-0.0499999999999943,-1.5));
#12155=CARTESIAN_POINT('',(-3.,-0.350000000000003,-1.5));
#12156=CARTESIAN_POINT('',(-3.,-0.350000000000003,-1.5));
#12157=CARTESIAN_POINT('',(3.,-0.25,-1.7));
#12158=CARTESIAN_POINT('',(3.,-0.25,-1.5));
#12159=CARTESIAN_POINT('',(3.,-0.25,-1.7));
#12160=CARTESIAN_POINT('',(3.,-0.05,-1.5));
#12161=CARTESIAN_POINT('',(3.,-0.25,-1.7));
#12162=CARTESIAN_POINT('',(3.,-0.35,-1.7));
#12163=CARTESIAN_POINT('',(3.,-0.35,-1.5));
#12164=CARTESIAN_POINT('',(3.,-0.35,-1.5));
#12165=CARTESIAN_POINT('',(3.,-0.35,-1.5));
#12166=CARTESIAN_POINT('',(3.,-0.25,-1.5));
#12167=CARTESIAN_POINT('',(3.,-0.25,-1.5));
#12168=CARTESIAN_POINT('',(4.,-0.25,-1.7));
#12169=CARTESIAN_POINT('',(4.1,-0.25,-1.7));
#12170=CARTESIAN_POINT('',(4.,-0.25,-1.7));
#12171=CARTESIAN_POINT('',(4.,-0.25,-1.7));
#12172=CARTESIAN_POINT('',(4.,-0.95,-1.7));
#12173=CARTESIAN_POINT('',(3.8,-0.949999999999999,-1.7));
#12174=CARTESIAN_POINT('',(3.8,-1.15,-1.7));
#12175=CARTESIAN_POINT('',(3.8,-1.15,-1.7));
#12176=CARTESIAN_POINT('',(0.710875516528738,-1.15,-1.7));
#12177=CARTESIAN_POINT('',(0.710875516528738,-1.15,-1.7));
#12178=CARTESIAN_POINT('',(0.710875516528738,-0.55,-1.7));
#12179=CARTESIAN_POINT('',(0.8,-0.55,-1.7));
#12180=CARTESIAN_POINT('',(2.8,-0.55,-1.7));
#12181=CARTESIAN_POINT('',(2.8,-0.35,-1.7));
#12182=CARTESIAN_POINT('',(4.,-0.25,-1.4));
#12183=CARTESIAN_POINT('',(4.,-0.25,-1.5));
#12184=CARTESIAN_POINT('',(4.,-0.05,-1.5));
#12185=CARTESIAN_POINT('',(4.,-0.05,-1.4));
#12186=CARTESIAN_POINT('',(4.,-0.05,-1.4));
#12187=CARTESIAN_POINT('',(4.,-0.25,-1.4));
#12188=CARTESIAN_POINT('',(4.,-0.25,-1.4));
#12189=CARTESIAN_POINT('',(4.,-0.25,-1.4));
#12190=CARTESIAN_POINT('',(4.,-0.25,-1.5));
#12191=CARTESIAN_POINT('',(4.,-0.05,-1.5));
#12192=CARTESIAN_POINT('',(4.,-0.95,-1.5));
#12193=CARTESIAN_POINT('',(4.,-0.95,-1.5));
#12194=CARTESIAN_POINT('',(-5.95,-0.25,-1.2));
#12195=CARTESIAN_POINT('',(2.7,-0.25,-0.8));
#12196=CARTESIAN_POINT('',(2.7,-0.25,-0.8));
#12197=CARTESIAN_POINT('',(-2.7,-0.25,-0.8));
#12198=CARTESIAN_POINT('',(-2.7,-0.25,-0.700000000000001));
#12199=CARTESIAN_POINT('',(-2.8,-0.25,-0.7));
#12200=CARTESIAN_POINT('',(-2.8,-0.25,-0.7));
#12201=CARTESIAN_POINT('',(-2.8,-0.25,0.7));
#12202=CARTESIAN_POINT('',(-2.7,-0.25,0.700000000000001));
#12203=CARTESIAN_POINT('',(-2.7,-0.25,0.8));
#12204=CARTESIAN_POINT('',(-2.7,-0.25,0.8));
#12205=CARTESIAN_POINT('',(2.7,-0.25,0.8));
#12206=CARTESIAN_POINT('',(2.7,-0.25,0.700000000000001));
#12207=CARTESIAN_POINT('',(2.8,-0.25,0.7));
#12208=CARTESIAN_POINT('',(2.8,-0.25,0.7));
#12209=CARTESIAN_POINT('',(2.8,-0.25,-0.7));
#12210=CARTESIAN_POINT('',(2.7,-0.25,-0.7));
#12211=CARTESIAN_POINT('',(-5.95,-0.25,-1.5));
#12212=CARTESIAN_POINT('',(-2.875,-0.25,-1.5));
#12213=CARTESIAN_POINT('',(-2.75,-0.25,-1.5));
#12214=CARTESIAN_POINT('',(2.75,-0.25,-1.5));
#12215=CARTESIAN_POINT('',(2.75,-0.25,-1.5));
#12216=CARTESIAN_POINT('',(2.875,-0.25,-1.5));
#12217=CARTESIAN_POINT('',(-5.95,-0.25,-1.5));
#12218=CARTESIAN_POINT('',(4.125,-0.25,-1.4));
#12219=CARTESIAN_POINT('',(4.25,-0.25,-1.4));
#12220=CARTESIAN_POINT('',(5.55,-0.25,-1.4));
#12221=CARTESIAN_POINT('',(5.45,-0.25,-1.4));
#12222=CARTESIAN_POINT('',(5.45,-0.25,-1.45));
#12223=CARTESIAN_POINT('',(5.45,-0.25,-1.));
#12224=CARTESIAN_POINT('',(6.,-0.25,-1.));
#12225=CARTESIAN_POINT('',(5.75,-0.25,-1.));
#12226=CARTESIAN_POINT('',(5.75,-0.25,-1.2));
#12227=CARTESIAN_POINT('',(5.75,-0.25,1.));
#12228=CARTESIAN_POINT('',(6.,-0.25,1.));
#12229=CARTESIAN_POINT('',(5.45,-0.25,1.));
#12230=CARTESIAN_POINT('',(5.45,-0.25,1.));
#12231=CARTESIAN_POINT('',(5.45,-0.25,1.4));
#12232=CARTESIAN_POINT('',(4.2,-0.25,1.4));
#12233=CARTESIAN_POINT('',(4.2,-0.25,1.4));
#12234=CARTESIAN_POINT('',(4.2,-0.25,1.6));
#12235=CARTESIAN_POINT('',(4.06771243444677,-0.25,1.45));
#12236=CARTESIAN_POINT('',(6.,-0.25,1.45));
#12237=CARTESIAN_POINT('',(2.9895643923739,-0.25,1.45));
#12238=CARTESIAN_POINT('',(2.875,-0.25,1.5));
#12239=CARTESIAN_POINT('',(2.75,-0.25,1.5));
#12240=CARTESIAN_POINT('',(-2.75,-0.25,1.5));
#12241=CARTESIAN_POINT('',(-2.75,-0.25,1.5));
#12242=CARTESIAN_POINT('',(-2.875,-0.25,1.5));
#12243=CARTESIAN_POINT('',(-2.9895643923739,-0.25,1.45));
#12244=CARTESIAN_POINT('',(6.,-0.25,1.45));
#12245=CARTESIAN_POINT('',(-4.06771243444677,-0.25,1.45));
#12246=CARTESIAN_POINT('',(-4.2,-0.25,1.6));
#12247=CARTESIAN_POINT('',(-4.2,-0.25,1.4));
#12248=CARTESIAN_POINT('',(-5.55,-0.25,1.4));
#12249=CARTESIAN_POINT('',(-5.45,-0.25,1.4));
#12250=CARTESIAN_POINT('',(-5.45,-0.25,1.));
#12251=CARTESIAN_POINT('',(-5.45,-0.25,1.));
#12252=CARTESIAN_POINT('',(6.,-0.25,1.));
#12253=CARTESIAN_POINT('',(-5.75,-0.25,1.));
#12254=CARTESIAN_POINT('',(-5.75,-0.25,-1.2));
#12255=CARTESIAN_POINT('',(-5.75,-0.25,-1.));
#12256=CARTESIAN_POINT('',(6.,-0.25,-1.));
#12257=CARTESIAN_POINT('',(-5.45,-0.25,-1.));
#12258=CARTESIAN_POINT('',(-5.45,-0.25,-1.45));
#12259=CARTESIAN_POINT('',(-5.45,-0.25,-1.4));
#12260=CARTESIAN_POINT('',(-4.25,-0.25,-1.4));
#12261=CARTESIAN_POINT('',(-4.25,-0.25,-1.4));
#12262=CARTESIAN_POINT('',(-4.125,-0.25,-1.4));
#12263=CARTESIAN_POINT('',(-5.95,-0.05,-1.2));
#12264=CARTESIAN_POINT('',(4.1,-0.05,-1.5));
#12265=CARTESIAN_POINT('',(-4.125,-0.05,-1.4));
#12266=CARTESIAN_POINT('',(-4.25,-0.05,-1.4));
#12267=CARTESIAN_POINT('',(-4.25,-0.05,-1.4));
#12268=CARTESIAN_POINT('',(-5.55,-0.05,-1.4));
#12269=CARTESIAN_POINT('',(-5.55,-0.05,-1.2));
#12270=CARTESIAN_POINT('',(-5.7,-0.0500000000000002,-1.33228756555323));
#12271=CARTESIAN_POINT('',(-5.7,-0.0500000000000002,1.45));
#12272=CARTESIAN_POINT('',(-5.7,-0.0500000000000002,1.33228756555323));
#12273=CARTESIAN_POINT('',(-5.55,-0.05,1.2));
#12274=CARTESIAN_POINT('',(-5.55,-0.05,1.4));
#12275=CARTESIAN_POINT('',(-5.55,-0.05,1.4));
#12276=CARTESIAN_POINT('',(-4.2,-0.05,1.4));
#12277=CARTESIAN_POINT('',(-4.2,-0.05,1.6));
#12278=CARTESIAN_POINT('',(-4.,-0.05,1.6));
#12279=CARTESIAN_POINT('',(-4.,-0.05,1.6));
#12280=CARTESIAN_POINT('',(-4.,-0.05,1.7));
#12281=CARTESIAN_POINT('',(-4.,-0.05,1.7));
#12282=CARTESIAN_POINT('',(-3.,-0.05,1.7));
#12283=CARTESIAN_POINT('',(-3.,-0.05,1.7));
#12284=CARTESIAN_POINT('',(-3.,-0.05,1.5));
#12285=CARTESIAN_POINT('',(-2.875,-0.05,1.5));
#12286=CARTESIAN_POINT('',(-2.8,-0.0499999999999998,1.4));
#12287=CARTESIAN_POINT('',(2.8,-0.0499999999999998,1.4));
#12288=CARTESIAN_POINT('',(2.8,-0.0499999999999998,1.4));
#12289=CARTESIAN_POINT('',(2.875,-0.05,1.5));
#12290=CARTESIAN_POINT('',(3.,-0.05,1.5));
#12291=CARTESIAN_POINT('',(3.,-0.05,1.5));
#12292=CARTESIAN_POINT('',(3.,-0.05,1.7));
#12293=CARTESIAN_POINT('',(3.,-0.05,1.7));
#12294=CARTESIAN_POINT('',(4.,-0.05,1.7));
#12295=CARTESIAN_POINT('',(4.,-0.05,1.7));
#12296=CARTESIAN_POINT('',(4.,-0.05,1.6));
#12297=CARTESIAN_POINT('',(4.2,-0.05,1.6));
#12298=CARTESIAN_POINT('',(4.2,-0.05,1.4));
#12299=CARTESIAN_POINT('',(4.2,-0.05,1.4));
#12300=CARTESIAN_POINT('',(5.55,-0.05,1.4));
#12301=CARTESIAN_POINT('',(5.55,-0.05,1.2));
#12302=CARTESIAN_POINT('',(5.7,-0.05,1.33228756555323));
#12303=CARTESIAN_POINT('',(5.7,-0.05,1.45));
#12304=CARTESIAN_POINT('',(5.7,-0.05,-1.33228756555323));
#12305=CARTESIAN_POINT('',(5.55,-0.05,-1.2));
#12306=CARTESIAN_POINT('',(5.55,-0.05,-1.4));
#12307=CARTESIAN_POINT('',(5.55,-0.05,-1.4));
#12308=CARTESIAN_POINT('',(4.25,-0.05,-1.4));
#12309=CARTESIAN_POINT('',(4.125,-0.05,-1.4));
#12310=CARTESIAN_POINT('',(4.1,-0.05,-1.5));
#12311=CARTESIAN_POINT('',(2.875,-0.05,-1.5));
#12312=CARTESIAN_POINT('',(2.75,-0.05,-1.5));
#12313=CARTESIAN_POINT('',(2.75,-0.05,-1.5));
#12314=CARTESIAN_POINT('',(-2.75,-0.05,-1.5));
#12315=CARTESIAN_POINT('',(-2.875,-0.05,-1.5));
#12316=CARTESIAN_POINT('',(2.7,-0.05,-0.8));
#12317=CARTESIAN_POINT('',(2.7,-0.05,-0.8));
#12318=CARTESIAN_POINT('',(-2.7,-0.05,-0.8));
#12319=CARTESIAN_POINT('',(2.7,-0.05,-0.7));
#12320=CARTESIAN_POINT('',(2.8,-0.05,-0.7));
#12321=CARTESIAN_POINT('',(2.8,-0.05,0.7));
#12322=CARTESIAN_POINT('',(2.8,-0.05,0.7));
#12323=CARTESIAN_POINT('',(2.7,-0.05,0.700000000000001));
#12324=CARTESIAN_POINT('',(2.7,-0.05,0.8));
#12325=CARTESIAN_POINT('',(-2.7,-0.05,0.8));
#12326=CARTESIAN_POINT('',(-2.7,-0.05,0.8));
#12327=CARTESIAN_POINT('',(-2.7,-0.05,0.700000000000001));
#12328=CARTESIAN_POINT('',(-2.8,-0.05,0.7));
#12329=CARTESIAN_POINT('',(-2.8,-0.05,-0.7));
#12330=CARTESIAN_POINT('',(-2.8,-0.05,-0.7));
#12331=CARTESIAN_POINT('',(-2.7,-0.05,-0.700000000000001));
#12332=CARTESIAN_POINT('',(-2.75,-0.05,1.5));
#12333=CARTESIAN_POINT('',(-2.75,-0.35,1.4));
#12334=CARTESIAN_POINT('',(-2.75,-0.0671572875253808,1.5));
#12335=CARTESIAN_POINT('',(-2.75,-0.35,1.7));
#12336=CARTESIAN_POINT('',(-2.75,-0.25,1.5));
#12337=CARTESIAN_POINT('',(-2.75,-0.05,1.5));
#12338=CARTESIAN_POINT('',(-2.75,-0.95,1.5));
#12339=CARTESIAN_POINT('',(-2.75,-0.95,1.5));
#12340=CARTESIAN_POINT('',(-2.75,-0.95,1.7));
#12341=CARTESIAN_POINT('',(-2.75,-0.05,1.7));
#12342=CARTESIAN_POINT('',(2.75,-0.95,1.5));
#12343=CARTESIAN_POINT('',(2.75,-0.35,1.4));
#12344=CARTESIAN_POINT('',(2.75,-0.35,1.7));
#12345=CARTESIAN_POINT('',(2.75,-0.0671572875253808,1.5));
#12346=CARTESIAN_POINT('',(2.75,-0.95,1.7));
#12347=CARTESIAN_POINT('',(2.75,-0.95,1.7));
#12348=CARTESIAN_POINT('',(2.75,-0.95,1.5));
#12349=CARTESIAN_POINT('',(2.75,-0.95,1.5));
#12350=CARTESIAN_POINT('',(2.75,-0.95,1.5));
#12351=CARTESIAN_POINT('',(2.75,-0.25,1.5));
#12352=CARTESIAN_POINT('',(5.95,-0.25,1.));
#12353=CARTESIAN_POINT('',(5.95,-1.12,-1.));
#12354=CARTESIAN_POINT('',(5.95,-0.764250223094707,-1.));
#12355=CARTESIAN_POINT('',(5.95,-0.3,-1.));
#12356=CARTESIAN_POINT('',(5.95,-0.3,1.45));
#12357=CARTESIAN_POINT('',(5.95,-0.3,1.));
#12358=CARTESIAN_POINT('',(5.95,-0.05,1.));
#12359=CARTESIAN_POINT('',(5.95,-0.764250223094706,1.));
#12360=CARTESIAN_POINT('',(5.95,-0.05,1.));
#12361=CARTESIAN_POINT('',(5.95,-1.12,1.));
#12362=CARTESIAN_POINT('',(5.95,-1.245,1.));
#12363=CARTESIAN_POINT('',(5.95,-1.37,1.));
#12364=CARTESIAN_POINT('',(5.95,-1.37,1.));
#12365=CARTESIAN_POINT('',(5.95,-1.37,1.75));
#12366=CARTESIAN_POINT('',(5.95,-1.37,1.75));
#12367=CARTESIAN_POINT('',(5.95,-2.,1.75));
#12368=CARTESIAN_POINT('',(5.95,-2.,1.55));
#12369=CARTESIAN_POINT('',(5.95,-2.2,1.55));
#12370=CARTESIAN_POINT('',(5.95,-2.2,1.55));
#12371=CARTESIAN_POINT('',(5.95,-2.2,-1.55));
#12372=CARTESIAN_POINT('',(5.95,-2.,-1.55));
#12373=CARTESIAN_POINT('',(5.95,-2.,-1.75));
#12374=CARTESIAN_POINT('',(5.95,-2.,-1.75));
#12375=CARTESIAN_POINT('',(5.95,-1.37,-1.75));
#12376=CARTESIAN_POINT('',(5.95,-1.37,-1.75));
#12377=CARTESIAN_POINT('',(5.95,-1.37,-1.));
#12378=CARTESIAN_POINT('',(5.95,-1.245,-1.));
#12379=CARTESIAN_POINT('',(5.95,-1.12,-1.));
#12380=CARTESIAN_POINT('',(5.95,-1.12,-1.));
#12381=CARTESIAN_POINT('',(-5.75,-1.12,-1.));
#12382=CARTESIAN_POINT('',(-5.95,-1.12,-1.));
#12383=CARTESIAN_POINT('',(-5.95,-0.764250223094707,-1.));
#12384=CARTESIAN_POINT('',(-5.95,-0.3,-1.));
#12385=CARTESIAN_POINT('',(-5.7,-0.300000000000001,-1.));
#12386=CARTESIAN_POINT('',(-5.94494897427832,-0.25,-1.00003189616288));
#12387=CARTESIAN_POINT('',(-5.95,-0.25,-1.));
#12388=CARTESIAN_POINT('',(-5.76058892514665,-0.25,-1.));
#12389=CARTESIAN_POINT('',(-6.,-0.9,-1.));
#12390=CARTESIAN_POINT('',(-5.75,-0.05,1.));
#12391=CARTESIAN_POINT('',(-5.95,-0.25,1.));
#12392=CARTESIAN_POINT('',(-5.76058892514666,-0.25,1.));
#12393=CARTESIAN_POINT('',(-5.94494897427832,-0.25,1.00003189616288));
#12394=CARTESIAN_POINT('',(-5.7,-0.300000000000001,1.));
#12395=CARTESIAN_POINT('',(-5.95,-0.300000000000001,1.));
#12396=CARTESIAN_POINT('',(-5.95,-0.05,1.));
#12397=CARTESIAN_POINT('',(-5.95,-0.764250223094706,1.));
#12398=CARTESIAN_POINT('',(-4.68002788814876,2.68371839410055,1.));
#12399=CARTESIAN_POINT('',(-5.95,-0.25,-1.2));
#12400=CARTESIAN_POINT('',(-5.95,-0.25,-1.2));
#12401=CARTESIAN_POINT('',(-5.76058892514666,-0.25,-1.13578594606396));
#12402=CARTESIAN_POINT('',(-5.76058892514665,-0.25,-1.45));
#12403=CARTESIAN_POINT('',(-5.95,-0.25,-1.2));
#12404=CARTESIAN_POINT('',(-5.95,-0.25,1.2));
#12405=CARTESIAN_POINT('',(-5.76058892514666,-0.25,1.13578594606396));
#12406=CARTESIAN_POINT('',(-5.76058892514666,-0.25,4.25));
#12407=CARTESIAN_POINT('',(-5.75,-3.5,4.25));
#12408=CARTESIAN_POINT('',(-5.75,0.,1.75));
#12409=CARTESIAN_POINT('',(-5.75,-2.45,1.75));
#12410=CARTESIAN_POINT('',(-5.75,-2.,1.75));
#12411=CARTESIAN_POINT('',(-5.75,-2.,1.55));
#12412=CARTESIAN_POINT('',(-5.75,-2.2,1.55));
#12413=CARTESIAN_POINT('',(-5.75,-2.2,1.55));
#12414=CARTESIAN_POINT('',(-5.75,-2.2,-1.55));
#12415=CARTESIAN_POINT('',(-5.75,-2.,-1.55));
#12416=CARTESIAN_POINT('',(-5.75,-2.,-1.75));
#12417=CARTESIAN_POINT('',(-5.75,-3.5,-1.75));
#12418=CARTESIAN_POINT('',(-5.75,-2.45,-1.75));
#12419=CARTESIAN_POINT('',(-5.75,-2.45,-1.4));
#12420=CARTESIAN_POINT('',(-5.75,-2.45,-1.4));
#12421=CARTESIAN_POINT('',(-5.75,-2.74967311138127,-1.4));
#12422=CARTESIAN_POINT('',(-5.75,-2.74967311138127,-1.4));
#12423=CARTESIAN_POINT('',(-5.75,-3.2,-1.3));
#12424=CARTESIAN_POINT('',(-5.75,-3.2,-1.3));
#12425=CARTESIAN_POINT('',(-5.75,-3.2,1.3));
#12426=CARTESIAN_POINT('',(-5.75,-3.2,1.3));
#12427=CARTESIAN_POINT('',(-5.75,-2.74967311138127,1.4));
#12428=CARTESIAN_POINT('',(-5.75,-2.74967311138127,1.4));
#12429=CARTESIAN_POINT('',(-5.75,-2.45,1.4));
#12430=CARTESIAN_POINT('',(-5.75,-2.45,1.4));
#12431=CARTESIAN_POINT('',(-5.75,-2.45,1.75));
#12432=CARTESIAN_POINT('',(-5.75,-3.5,4.25));
#12433=CARTESIAN_POINT('',(-5.75,-3.5,-1.75));
#12434=CARTESIAN_POINT('',(-5.75,-1.37,-1.75));
#12435=CARTESIAN_POINT('',(-5.75,-1.34999999999999,-1.75));
#12436=CARTESIAN_POINT('',(-5.75,-1.37,-1.75));
#12437=CARTESIAN_POINT('',(-5.75,-1.37,-1.));
#12438=CARTESIAN_POINT('',(-5.75,-1.245,-1.));
#12439=CARTESIAN_POINT('',(-5.75,-1.25,-0.875100040032032));
#12440=CARTESIAN_POINT('',(-5.75,-1.25,-1.));
#12441=CARTESIAN_POINT('',(-5.75,-1.25,-1.));
#12442=CARTESIAN_POINT('',(-5.75,-2.,-1.));
#12443=CARTESIAN_POINT('',(-5.75,-1.34999999999999,-1.));
#12444=CARTESIAN_POINT('',(-5.75,-1.34999999999999,4.25));
#12445=CARTESIAN_POINT('',(-6.,0.,0.));
#12446=CARTESIAN_POINT('',(-6.,-1.25,1.));
#12447=CARTESIAN_POINT('',(-6.,-1.34999999999999,1.));
#12448=CARTESIAN_POINT('',(-6.,-0.900000000000009,1.));
#12449=CARTESIAN_POINT('',(-6.,-1.34999999999999,0.));
#12450=CARTESIAN_POINT('',(-6.,-1.34999999999999,1.75));
#12451=CARTESIAN_POINT('',(-6.,0.,1.75));
#12452=CARTESIAN_POINT('',(-6.,-0.9,1.75));
#12453=CARTESIAN_POINT('',(-6.,-0.900000000000009,0.));
#12454=CARTESIAN_POINT('',(-6.,0.,0.));
#12455=CARTESIAN_POINT('',(-6.,-1.34999999999999,0.));
#12456=CARTESIAN_POINT('',(-6.,-1.34999999999999,-1.));
#12457=CARTESIAN_POINT('',(-6.,-1.34999999999999,-1.75));
#12458=CARTESIAN_POINT('',(-6.,-0.25,-1.));
#12459=CARTESIAN_POINT('',(-6.,-0.9,-1.));
#12460=CARTESIAN_POINT('',(-6.,-0.900000000000009,0.));
#12461=CARTESIAN_POINT('',(-6.,-0.900000000000009,-1.75));
#12462=CARTESIAN_POINT('',(-6.,-2.45,-1.75));
#12463=CARTESIAN_POINT('',(-5.75,-1.34999999999999,4.25));
#12464=CARTESIAN_POINT('',(-5.75,-1.34999999999999,1.));
#12465=CARTESIAN_POINT('',(-5.75,-1.34999999999999,1.));
#12466=CARTESIAN_POINT('',(-5.75,-1.34999999999999,4.25));
#12467=CARTESIAN_POINT('',(-5.75,-1.34999999999999,1.75));
#12468=CARTESIAN_POINT('',(6.00000000000004,-1.34999999999965,1.75));
#12469=CARTESIAN_POINT('',(-5.75,-1.34999999999999,4.25));
#12470=CARTESIAN_POINT('',(-5.75,-1.34999999999999,-1.));
#12471=CARTESIAN_POINT('',(-5.75,-1.34999999999999,-1.75));
#12472=CARTESIAN_POINT('',(6.,-0.25,-1.));
#12473=CARTESIAN_POINT('',(5.75,-1.12,-1.));
#12474=CARTESIAN_POINT('',(5.75,-1.12,-1.));
#12475=CARTESIAN_POINT('',(5.45,-0.25,-1.));
#12476=CARTESIAN_POINT('',(5.45,-1.25,-1.));
#12477=CARTESIAN_POINT('',(6.,-1.25,-1.));
#12478=CARTESIAN_POINT('',(5.75,-1.25,-1.));
#12479=CARTESIAN_POINT('',(5.75,-2.,-1.));
#12480=CARTESIAN_POINT('',(5.75,-1.34999999999999,-1.));
#12481=CARTESIAN_POINT('',(6.,-1.34999999999999,-1.));
#12482=CARTESIAN_POINT('',(6.,-1.34999999999999,-1.));
#12483=CARTESIAN_POINT('',(6.,-0.25,-1.));
#12484=CARTESIAN_POINT('',(6.,-0.900000000000009,-1.));
#12485=CARTESIAN_POINT('',(5.78918829593895,-0.327647164093724,-1.));
#12486=CARTESIAN_POINT('',(5.75,-1.12,-1.));
#12487=CARTESIAN_POINT('',(6.,-1.25,1.));
#12488=CARTESIAN_POINT('',(5.75,-0.05,1.));
#12489=CARTESIAN_POINT('',(5.75,-1.12,1.));
#12490=CARTESIAN_POINT('',(5.75,-1.12,1.));
#12491=CARTESIAN_POINT('',(6.11351399449441,-1.20818998856492,1.));
#12492=CARTESIAN_POINT('',(6.,-0.9,1.));
#12493=CARTESIAN_POINT('',(6.,-1.25,1.));
#12494=CARTESIAN_POINT('',(6.,-1.34999999999999,1.));
#12495=CARTESIAN_POINT('',(6.,-1.34999999999999,1.));
#12496=CARTESIAN_POINT('',(5.75,-1.34999999999999,1.));
#12497=CARTESIAN_POINT('',(5.75,-1.,1.));
#12498=CARTESIAN_POINT('',(5.75,-1.25,1.));
#12499=CARTESIAN_POINT('',(6.,-1.25,1.));
#12500=CARTESIAN_POINT('',(5.45,-1.25,1.));
#12501=CARTESIAN_POINT('',(5.45,-1.25,1.));
#12502=CARTESIAN_POINT('',(5.75,-1.34999999999999,4.25));
#12503=CARTESIAN_POINT('',(5.75,-2.,1.55));
#12504=CARTESIAN_POINT('',(5.75,-2.,1.75));
#12505=CARTESIAN_POINT('',(5.75,-2.2,1.55));
#12506=CARTESIAN_POINT('',(5.75,0.,1.75));
#12507=CARTESIAN_POINT('',(5.75,-2.45,1.75));
#12508=CARTESIAN_POINT('',(5.75,-2.45,1.75));
#12509=CARTESIAN_POINT('',(5.75,-2.45,1.4));
#12510=CARTESIAN_POINT('',(5.75,-2.45,1.4));
#12511=CARTESIAN_POINT('',(5.75,-2.74967311138127,1.4));
#12512=CARTESIAN_POINT('',(5.75,-2.74967311138127,1.4));
#12513=CARTESIAN_POINT('',(5.75,-3.2,1.3));
#12514=CARTESIAN_POINT('',(5.75,-3.2,1.3));
#12515=CARTESIAN_POINT('',(5.75,-3.2,-1.3));
#12516=CARTESIAN_POINT('',(5.75,-3.2,-1.3));
#12517=CARTESIAN_POINT('',(5.75,-2.74967311138127,-1.4));
#12518=CARTESIAN_POINT('',(5.75,-2.74967311138127,-1.4));
#12519=CARTESIAN_POINT('',(5.75,-2.45,-1.4));
#12520=CARTESIAN_POINT('',(5.75,-2.45,-1.4));
#12521=CARTESIAN_POINT('',(5.75,-2.45,-1.75));
#12522=CARTESIAN_POINT('',(5.75,-1.34999999999999,-1.75));
#12523=CARTESIAN_POINT('',(5.75,-2.,-1.75));
#12524=CARTESIAN_POINT('',(5.75,-2.,-1.55));
#12525=CARTESIAN_POINT('',(5.75,-2.2,-1.55));
#12526=CARTESIAN_POINT('',(5.75,-2.2,1.55));
#12527=CARTESIAN_POINT('',(5.75,-1.34999999999999,4.25));
#12528=CARTESIAN_POINT('',(5.75,-1.37,1.));
#12529=CARTESIAN_POINT('',(5.75,-1.37,1.));
#12530=CARTESIAN_POINT('',(5.75,-1.37,1.75));
#12531=CARTESIAN_POINT('',(5.75,-1.245,1.));
#12532=CARTESIAN_POINT('',(5.75,-1.25,0.875100040032032));
#12533=CARTESIAN_POINT('',(5.75,-1.25,-1.));
#12534=CARTESIAN_POINT('',(5.75,-1.34999999999999,4.25));
#12535=CARTESIAN_POINT('',(5.75,-1.34999999999999,1.75));
#12536=CARTESIAN_POINT('',(5.75,0.,1.75));
#12537=CARTESIAN_POINT('',(-5.95,-0.25,-1.2));
#12538=CARTESIAN_POINT('',(5.95,-0.25,-1.2));
#12539=CARTESIAN_POINT('',(5.76058892514666,-0.25,-1.13578594606396));
#12540=CARTESIAN_POINT('',(5.94494897427832,-0.25,-1.00003189616288));
#12541=CARTESIAN_POINT('',(-5.95,-0.25,-1.));
#12542=CARTESIAN_POINT('',(5.76058892514665,-0.25,-1.));
#12543=CARTESIAN_POINT('',(5.76058892514666,-0.25,4.25));
#12544=CARTESIAN_POINT('',(6.,0.,0.));
#12545=CARTESIAN_POINT('',(6.,-1.34999999999999,0.));
#12546=CARTESIAN_POINT('',(6.,-1.34999999999999,1.75));
#12547=CARTESIAN_POINT('',(6.,-0.900000000000009,0.));
#12548=CARTESIAN_POINT('',(6.,-0.900000000000009,1.75));
#12549=CARTESIAN_POINT('',(6.,0.,1.75));
#12550=CARTESIAN_POINT('',(6.,0.,0.));
#12551=CARTESIAN_POINT('',(6.,-1.34999999999999,0.));
#12552=CARTESIAN_POINT('',(6.,-1.34999999999999,-1.75));
#12553=CARTESIAN_POINT('',(6.,-2.45,-1.75));
#12554=CARTESIAN_POINT('',(6.,-0.9,-1.75));
#12555=CARTESIAN_POINT('',(6.,-0.900000000000009,0.));
#12556=CARTESIAN_POINT('',(6.,-1.25,-1.));
#12557=CARTESIAN_POINT('',(6.,-1.25,-1.));
#12558=CARTESIAN_POINT('',(-5.45,-1.25,-1.));
#12559=CARTESIAN_POINT('',(-5.75,-1.25,-1.));
#12560=CARTESIAN_POINT('',(-5.75,-1.25,0.875100040032032));
#12561=CARTESIAN_POINT('',(-5.75,-1.25,-1.));
#12562=CARTESIAN_POINT('',(-5.75,-1.25,1.));
#12563=CARTESIAN_POINT('',(6.,-1.25,1.));
#12564=CARTESIAN_POINT('',(-5.45,-1.25,1.));
#12565=CARTESIAN_POINT('',(-5.45,-1.25,-1.45));
#12566=CARTESIAN_POINT('',(-5.45,-1.25,1.45));
#12567=CARTESIAN_POINT('',(-5.45,-1.25,1.45));
#12568=CARTESIAN_POINT('',(-2.7,-1.25,1.45));
#12569=CARTESIAN_POINT('',(-2.7,-1.25,4.25));
#12570=CARTESIAN_POINT('',(-2.7,-1.25,1.75));
#12571=CARTESIAN_POINT('',(6.,-1.25,1.75));
#12572=CARTESIAN_POINT('',(2.7,-1.25,1.75));
#12573=CARTESIAN_POINT('',(2.7,-1.25,4.25));
#12574=CARTESIAN_POINT('',(2.7,-1.25,1.45));
#12575=CARTESIAN_POINT('',(-5.45,-1.25,1.45));
#12576=CARTESIAN_POINT('',(5.45,-1.25,1.45));
#12577=CARTESIAN_POINT('',(5.45,-1.25,1.45));
#12578=CARTESIAN_POINT('',(5.75,-1.25,-1.));
#12579=CARTESIAN_POINT('',(5.75,-1.25,-0.875100040032032));
#12580=CARTESIAN_POINT('',(5.75,-1.25,-1.));
#12581=CARTESIAN_POINT('',(5.45,-1.25,1.45));
#12582=CARTESIAN_POINT('',(5.45,-1.25,-1.45));
#12583=CARTESIAN_POINT('',(5.45,-1.25,-1.45));
#12584=CARTESIAN_POINT('',(4.,-1.25,-1.45));
#12585=CARTESIAN_POINT('',(4.,-1.25,-2.));
#12586=CARTESIAN_POINT('',(4.,-1.25,-1.75));
#12587=CARTESIAN_POINT('',(-2.7,-1.25,-1.75));
#12588=CARTESIAN_POINT('',(-4.,-1.25,-1.75));
#12589=CARTESIAN_POINT('',(-4.,-1.25,-2.));
#12590=CARTESIAN_POINT('',(-4.,-1.25,-1.45));
#12591=CARTESIAN_POINT('',(5.45,-1.25,-1.45));
#12592=CARTESIAN_POINT('',(-5.45,-1.25,-1.45));
#12593=CARTESIAN_POINT('',(-5.45,-1.25,-1.45));
#12594=CARTESIAN_POINT('',(6.,-1.34999999999999,4.25));
#12595=CARTESIAN_POINT('',(5.99999999999996,-1.34999999999999,1.75));
#12596=CARTESIAN_POINT('',(6.,-1.34999999999999,4.25));
#12597=CARTESIAN_POINT('',(5.75,-1.34999999999999,4.25));
#12598=CARTESIAN_POINT('',(5.75,-1.34999999999999,-1.75));
#12599=CARTESIAN_POINT('',(6.,-1.34999999999999,-1.75));
#12600=CARTESIAN_POINT('',(6.,-0.25,-1.45));
#12601=CARTESIAN_POINT('',(-5.95,-0.25,-1.2));
#12602=CARTESIAN_POINT('',(-5.75,-0.25,-1.2));
#12603=CARTESIAN_POINT('',(-5.55,-0.25,-1.2));
#12604=CARTESIAN_POINT('',(-5.55,-0.25,-1.4));
#12605=CARTESIAN_POINT('',(-4.25,-0.25,-1.4));
#12606=CARTESIAN_POINT('',(-5.45,-0.25,-1.45));
#12607=CARTESIAN_POINT('',(-5.45,-0.25,-1.45));
#12608=CARTESIAN_POINT('',(6.,-0.25,-1.45));
#12609=CARTESIAN_POINT('',(-5.76058892514665,-0.25,-1.45));
#12610=CARTESIAN_POINT('',(-5.76058892514665,-0.25,-1.45));
#12611=CARTESIAN_POINT('',(6.,-0.25,1.));
#12612=CARTESIAN_POINT('',(-2.875,-0.25,1.5));
#12613=CARTESIAN_POINT('',(-3.,-0.25,1.5));
#12614=CARTESIAN_POINT('',(-3.,-0.25,1.7));
#12615=CARTESIAN_POINT('',(-3.,-0.25,1.7));
#12616=CARTESIAN_POINT('',(-4.,-0.25,1.7));
#12617=CARTESIAN_POINT('',(-4.,-0.25,1.7));
#12618=CARTESIAN_POINT('',(-4.,-0.25,1.6));
#12619=CARTESIAN_POINT('',(-4.,-0.25,1.6));
#12620=CARTESIAN_POINT('',(-4.2,-0.25,1.6));
#12621=CARTESIAN_POINT('',(6.,-0.25,1.45));
#12622=CARTESIAN_POINT('',(-4.1,-0.25,1.45));
#12623=CARTESIAN_POINT('',(-4.1,-0.25,4.25));
#12624=CARTESIAN_POINT('',(-4.1,-0.25,1.75));
#12625=CARTESIAN_POINT('',(6.,-0.25,1.75));
#12626=CARTESIAN_POINT('',(-2.9,-0.25,1.75));
#12627=CARTESIAN_POINT('',(-2.9,-0.25,4.25));
#12628=CARTESIAN_POINT('',(-2.9,-0.25,1.45));
#12629=CARTESIAN_POINT('',(6.,-0.25,1.45));
#12630=CARTESIAN_POINT('',(6.,-0.25,1.));
#12631=CARTESIAN_POINT('',(4.2,-0.25,1.6));
#12632=CARTESIAN_POINT('',(4.,-0.25,1.6));
#12633=CARTESIAN_POINT('',(4.,-0.25,1.7));
#12634=CARTESIAN_POINT('',(4.,-0.25,1.7));
#12635=CARTESIAN_POINT('',(3.,-0.25,1.7));
#12636=CARTESIAN_POINT('',(3.,-0.25,1.7));
#12637=CARTESIAN_POINT('',(3.,-0.25,1.5));
#12638=CARTESIAN_POINT('',(3.,-0.25,1.5));
#12639=CARTESIAN_POINT('',(2.875,-0.25,1.5));
#12640=CARTESIAN_POINT('',(6.,-0.25,1.45));
#12641=CARTESIAN_POINT('',(2.9,-0.25,1.45));
#12642=CARTESIAN_POINT('',(2.9,-0.25,4.25));
#12643=CARTESIAN_POINT('',(2.9,-0.25,1.75));
#12644=CARTESIAN_POINT('',(6.,-0.25,1.75));
#12645=CARTESIAN_POINT('',(4.1,-0.25,1.75));
#12646=CARTESIAN_POINT('',(4.1,-0.25,4.25));
#12647=CARTESIAN_POINT('',(4.1,-0.25,1.45));
#12648=CARTESIAN_POINT('',(6.,-0.25,1.45));
#12649=CARTESIAN_POINT('',(6.,-0.25,1.));
#12650=CARTESIAN_POINT('',(5.95,-0.25,1.2));
#12651=CARTESIAN_POINT('',(5.76058892514666,-0.25,1.13578594606396));
#12652=CARTESIAN_POINT('',(5.75,-0.25,1.2));
#12653=CARTESIAN_POINT('',(5.55,-0.25,1.2));
#12654=CARTESIAN_POINT('',(5.55,-0.25,1.4));
#12655=CARTESIAN_POINT('',(4.2,-0.25,1.4));
#12656=CARTESIAN_POINT('',(5.45,-0.25,1.));
#12657=CARTESIAN_POINT('',(5.45,-0.25,1.45));
#12658=CARTESIAN_POINT('',(6.,-0.25,1.45));
#12659=CARTESIAN_POINT('',(5.76058892514666,-0.25,1.45));
#12660=CARTESIAN_POINT('',(5.76058892514666,-0.25,1.));
#12661=CARTESIAN_POINT('',(6.,0.,1.75));
#12662=CARTESIAN_POINT('',(3.7,0.,1.75));
#12663=CARTESIAN_POINT('',(3.7,-2.45,1.75));
#12664=CARTESIAN_POINT('',(4.3,0.,1.75));
#12665=CARTESIAN_POINT('',(4.3,-2.45,1.75));
#12666=CARTESIAN_POINT('',(6.,-2.45,1.75));
#12667=CARTESIAN_POINT('',(5.75,-2.,1.75));
#12668=CARTESIAN_POINT('',(5.75,-1.37,1.75));
#12669=CARTESIAN_POINT('',(5.70810687130009,-0.107511457975924,1.75));
#12670=CARTESIAN_POINT('',(5.66850774251076,0.,1.75));
#12671=CARTESIAN_POINT('',(6.,0.,1.75));
#12672=CARTESIAN_POINT('',(4.2,0.,1.75));
#12673=CARTESIAN_POINT('',(4.2,-0.0999999999999996,1.75));
#12674=CARTESIAN_POINT('',(4.1,-0.0999999999999997,1.75));
#12675=CARTESIAN_POINT('',(4.1,0.,1.75));
#12676=CARTESIAN_POINT('',(2.9,-0.349999999999999,1.75));
#12677=CARTESIAN_POINT('',(2.8,-0.35,1.75));
#12678=CARTESIAN_POINT('',(2.8,0.,1.75));
#12679=CARTESIAN_POINT('',(2.8,-1.15,1.75));
#12680=CARTESIAN_POINT('',(2.7,-1.15,1.75));
#12681=CARTESIAN_POINT('',(-2.7,-1.15,1.75));
#12682=CARTESIAN_POINT('',(-2.8,-1.15,1.75));
#12683=CARTESIAN_POINT('',(-2.8,0.,1.75));
#12684=CARTESIAN_POINT('',(-2.8,-0.35,1.75));
#12685=CARTESIAN_POINT('',(-2.9,-0.349999999999999,1.75));
#12686=CARTESIAN_POINT('',(-4.1,0.,1.75));
#12687=CARTESIAN_POINT('',(-4.1,-0.1,1.75));
#12688=CARTESIAN_POINT('',(-4.2,-0.0999999999999999,1.75));
#12689=CARTESIAN_POINT('',(-4.2,0.,1.75));
#12690=CARTESIAN_POINT('',(6.,0.,1.75));
#12691=CARTESIAN_POINT('',(-5.66850774251076,0.,1.75));
#12692=CARTESIAN_POINT('',(-4.27462076495444,3.78439692468954,1.75));
#12693=CARTESIAN_POINT('',(-5.75,0.,1.75));
#12694=CARTESIAN_POINT('',(-5.75,-1.37,1.75));
#12695=CARTESIAN_POINT('',(-5.75,-1.37,1.75));
#12696=CARTESIAN_POINT('',(-5.95,-1.37,1.75));
#12697=CARTESIAN_POINT('',(-5.95,-1.37,1.75));
#12698=CARTESIAN_POINT('',(-5.95,-2.,1.75));
#12699=CARTESIAN_POINT('',(-5.75,-2.,1.75));
#12700=CARTESIAN_POINT('',(6.,-2.45,1.75));
#12701=CARTESIAN_POINT('',(-4.3,-2.45,1.75));
#12702=CARTESIAN_POINT('',(-4.3,0.,1.75));
#12703=CARTESIAN_POINT('',(-3.7,0.,1.75));
#12704=CARTESIAN_POINT('',(-3.7,-2.45,1.75));
#12705=CARTESIAN_POINT('',(6.,-2.45,1.75));
#12706=CARTESIAN_POINT('',(-2.3,-2.45,1.75));
#12707=CARTESIAN_POINT('',(-2.3,0.,1.75));
#12708=CARTESIAN_POINT('',(-1.7,0.,1.75));
#12709=CARTESIAN_POINT('',(-1.7,-2.45,1.75));
#12710=CARTESIAN_POINT('',(6.,-2.45,1.75));
#12711=CARTESIAN_POINT('',(1.7,-2.45,1.75));
#12712=CARTESIAN_POINT('',(1.7,0.,1.75));
#12713=CARTESIAN_POINT('',(2.3,0.,1.75));
#12714=CARTESIAN_POINT('',(2.3,-2.45,1.75));
#12715=CARTESIAN_POINT('',(6.,-2.45,1.75));
#12716=CARTESIAN_POINT('',(6.,-2.45,1.75));
#12717=CARTESIAN_POINT('',(3.7,-2.45,2.));
#12718=CARTESIAN_POINT('',(3.7,-2.45,1.72080992435478));
#12719=CARTESIAN_POINT('',(2.3,-2.45,2.));
#12720=CARTESIAN_POINT('',(2.3,-2.45,1.72080992435478));
#12721=CARTESIAN_POINT('',(2.3,-2.45,1.75));
#12722=CARTESIAN_POINT('',(2.3,-2.45,1.4));
#12723=CARTESIAN_POINT('',(6.,-2.45,1.4));
#12724=CARTESIAN_POINT('',(3.7,-2.45,1.4));
#12725=CARTESIAN_POINT('',(3.7,-2.45,1.75));
#12726=CARTESIAN_POINT('',(6.,-2.45,1.75));
#12727=CARTESIAN_POINT('',(4.3,-2.45,2.));
#12728=CARTESIAN_POINT('',(4.3,-2.45,1.72080992435478));
#12729=CARTESIAN_POINT('',(4.3,-2.45,1.75));
#12730=CARTESIAN_POINT('',(4.3,-2.45,1.4));
#12731=CARTESIAN_POINT('',(6.,-2.45,1.4));
#12732=CARTESIAN_POINT('',(6.,-2.45,-1.4));
#12733=CARTESIAN_POINT('',(3.7,-2.45,2.));
#12734=CARTESIAN_POINT('',(3.7,-2.45,-1.4));
#12735=CARTESIAN_POINT('',(6.,-2.45,-1.4));
#12736=CARTESIAN_POINT('',(2.3,-2.45,-1.4));
#12737=CARTESIAN_POINT('',(2.3,-2.45,2.));
#12738=CARTESIAN_POINT('',(6.,-2.45,-1.75));
#12739=CARTESIAN_POINT('',(6.,-2.45,-1.4));
#12740=CARTESIAN_POINT('',(4.3,-2.45,2.));
#12741=CARTESIAN_POINT('',(4.3,-2.45,-1.4));
#12742=CARTESIAN_POINT('',(6.,-2.45,-1.75));
#12743=CARTESIAN_POINT('',(6.,-2.45,-1.4));
#12744=CARTESIAN_POINT('',(6.,-2.45,-1.75));
#12745=CARTESIAN_POINT('',(6.,-2.2,-1.75));
#12746=CARTESIAN_POINT('',(6.,-2.45,-1.75));
#12747=CARTESIAN_POINT('',(6.,-2.2,-1.75));
#12748=CARTESIAN_POINT('',(6.,-2.45,-1.75));
#12749=CARTESIAN_POINT('',(6.,-2.2,-1.75));
#12750=CARTESIAN_POINT('',(6.,-2.45,-1.75));
#12751=CARTESIAN_POINT('',(-5.75,-2.,-1.75));
#12752=CARTESIAN_POINT('',(-5.95,-2.,-1.75));
#12753=CARTESIAN_POINT('',(-5.95,-2.,-1.75));
#12754=CARTESIAN_POINT('',(-5.95,-1.37,-1.75));
#12755=CARTESIAN_POINT('',(-5.75,-1.37,-1.75));
#12756=CARTESIAN_POINT('',(-6.,-0.9,-1.75));
#12757=CARTESIAN_POINT('',(-5.66850774251076,0.,-1.75));
#12758=CARTESIAN_POINT('',(6.,0.,-1.75));
#12759=CARTESIAN_POINT('',(-4.2,0.,-1.75));
#12760=CARTESIAN_POINT('',(-4.2,-0.0999999999999999,-1.75));
#12761=CARTESIAN_POINT('',(-4.1,-0.1,-1.75));
#12762=CARTESIAN_POINT('',(-4.1,-0.1,-1.75));
#12763=CARTESIAN_POINT('',(-4.1,-1.15,-1.75));
#12764=CARTESIAN_POINT('',(-4.,-1.15,-1.75));
#12765=CARTESIAN_POINT('',(4.,-1.15,-1.75));
#12766=CARTESIAN_POINT('',(4.1,-1.15,-1.75));
#12767=CARTESIAN_POINT('',(4.1,-0.25,-1.75));
#12768=CARTESIAN_POINT('',(4.1,-0.0999999999999997,-1.75));
#12769=CARTESIAN_POINT('',(4.2,-0.0999999999999996,-1.75));
#12770=CARTESIAN_POINT('',(4.2,-2.43945488809238E-16,-1.75));
#12771=CARTESIAN_POINT('',(6.,0.,-1.75));
#12772=CARTESIAN_POINT('',(5.66850774251076,0.,-1.75));
#12773=CARTESIAN_POINT('',(5.66850774251076,0.,-1.75));
#12774=CARTESIAN_POINT('',(5.75,-1.34999999999999,-1.75));
#12775=CARTESIAN_POINT('',(5.75,-1.37,-1.75));
#12776=CARTESIAN_POINT('',(5.75,-1.37,-1.75));
#12777=CARTESIAN_POINT('',(5.75,-2.,-1.75));
#12778=CARTESIAN_POINT('',(6.,-2.2,-1.75));
#12779=CARTESIAN_POINT('',(6.,-2.45,1.75));
#12780=CARTESIAN_POINT('',(1.7,-2.45,2.));
#12781=CARTESIAN_POINT('',(1.7,-2.45,1.72080992435478));
#12782=CARTESIAN_POINT('',(-1.7,-2.45,2.));
#12783=CARTESIAN_POINT('',(-1.7,-2.45,1.72080992435478));
#12784=CARTESIAN_POINT('',(-1.7,-2.45,1.75));
#12785=CARTESIAN_POINT('',(-1.7,-2.45,1.4));
#12786=CARTESIAN_POINT('',(6.,-2.45,1.4));
#12787=CARTESIAN_POINT('',(1.7,-2.45,1.4));
#12788=CARTESIAN_POINT('',(1.7,-2.45,1.75));
#12789=CARTESIAN_POINT('',(6.,-2.45,-1.4));
#12790=CARTESIAN_POINT('',(1.7,-2.45,2.));
#12791=CARTESIAN_POINT('',(1.7,-2.45,-1.4));
#12792=CARTESIAN_POINT('',(6.,-2.45,-1.4));
#12793=CARTESIAN_POINT('',(-1.7,-2.45,-1.4));
#12794=CARTESIAN_POINT('',(-1.7,-2.45,2.));
#12795=CARTESIAN_POINT('',(6.,-2.45,1.75));
#12796=CARTESIAN_POINT('',(-2.3,-2.45,2.));
#12797=CARTESIAN_POINT('',(-2.3,-2.45,1.72080992435478));
#12798=CARTESIAN_POINT('',(-3.7,-2.45,2.));
#12799=CARTESIAN_POINT('',(-3.7,-2.45,1.72080992435478));
#12800=CARTESIAN_POINT('',(-3.7,-2.45,1.75));
#12801=CARTESIAN_POINT('',(-3.7,-2.45,1.4));
#12802=CARTESIAN_POINT('',(6.,-2.45,1.4));
#12803=CARTESIAN_POINT('',(-2.3,-2.45,1.4));
#12804=CARTESIAN_POINT('',(-2.3,-2.45,1.75));
#12805=CARTESIAN_POINT('',(6.,-2.45,-1.4));
#12806=CARTESIAN_POINT('',(-2.3,-2.45,2.));
#12807=CARTESIAN_POINT('',(-2.3,-2.45,-1.4));
#12808=CARTESIAN_POINT('',(6.,-2.45,-1.4));
#12809=CARTESIAN_POINT('',(-3.7,-2.45,-1.4));
#12810=CARTESIAN_POINT('',(-3.7,-2.45,2.));
#12811=CARTESIAN_POINT('',(6.,-2.45,1.75));
#12812=CARTESIAN_POINT('',(-4.3,-2.45,2.));
#12813=CARTESIAN_POINT('',(-4.3,-2.45,1.72080992435478));
#12814=CARTESIAN_POINT('',(6.,-2.45,1.4));
#12815=CARTESIAN_POINT('',(-4.3,-2.45,1.4));
#12816=CARTESIAN_POINT('',(-4.3,-2.45,1.75));
#12817=CARTESIAN_POINT('',(6.,-2.45,-1.4));
#12818=CARTESIAN_POINT('',(-4.3,-2.45,2.));
#12819=CARTESIAN_POINT('',(-4.3,-2.45,-1.4));
#12820=CARTESIAN_POINT('',(6.,-2.45,-1.4));
#12821=CARTESIAN_POINT('',(6.,-0.25,-1.45));
#12822=CARTESIAN_POINT('',(5.45,-0.25,-1.45));
#12823=CARTESIAN_POINT('',(5.45,-0.25,-1.45));
#12824=CARTESIAN_POINT('',(5.55,-0.25,-1.4));
#12825=CARTESIAN_POINT('',(5.55,-0.25,-1.4));
#12826=CARTESIAN_POINT('',(5.55,-0.25,-1.2));
#12827=CARTESIAN_POINT('',(5.75,-0.25,-1.2));
#12828=CARTESIAN_POINT('',(5.95,-0.25,-1.2));
#12829=CARTESIAN_POINT('',(5.76058892514666,-0.25,-1.45));
#12830=CARTESIAN_POINT('',(5.76058892514666,-0.25,-1.45));
#12831=CARTESIAN_POINT('',(6.,-0.25,-1.45));
#12832=CARTESIAN_POINT('',(6.,-0.25,-1.));
#12833=CARTESIAN_POINT('',(-5.75,-1.12,-1.));
#12834=CARTESIAN_POINT('',(-5.75,-1.12,-1.));
#12835=CARTESIAN_POINT('',(-5.75,-1.12,-1.));
#12836=CARTESIAN_POINT('',(-5.95,-1.12,-1.));
#12837=CARTESIAN_POINT('',(-5.95,-1.12,-1.));
#12838=CARTESIAN_POINT('',(-4.35570218959331,3.56426121857174,-1.));
#12839=CARTESIAN_POINT('',(-5.45,-0.25,-1.));
#12840=CARTESIAN_POINT('',(6.,-1.25,1.));
#12841=CARTESIAN_POINT('',(-5.75,-1.12,1.));
#12842=CARTESIAN_POINT('',(-5.75,-1.12,1.));
#12843=CARTESIAN_POINT('',(-5.95,-1.12,1.));
#12844=CARTESIAN_POINT('',(-5.75,-0.05,1.));
#12845=CARTESIAN_POINT('',(-5.45,-1.25,1.));
#12846=CARTESIAN_POINT('',(-5.75,-1.,1.));
#12847=CARTESIAN_POINT('',(-4.68002788814876,2.68371839410055,1.));
#12848=CARTESIAN_POINT('',(-5.95,-0.05,1.));
#12849=CARTESIAN_POINT('',(6.,-0.25,1.));
#12850=CARTESIAN_POINT('',(-5.45,-0.25,1.));
#12851=CARTESIAN_POINT('',(-5.45,-0.25,1.45));
#12852=CARTESIAN_POINT('',(-5.55,-0.25,1.4));
#12853=CARTESIAN_POINT('',(-5.55,-0.25,1.4));
#12854=CARTESIAN_POINT('',(-5.55,-0.25,1.2));
#12855=CARTESIAN_POINT('',(-5.75,-0.25,1.2));
#12856=CARTESIAN_POINT('',(-5.95,-0.25,1.2));
#12857=CARTESIAN_POINT('',(-5.76058892514665,-0.25,1.));
#12858=CARTESIAN_POINT('',(-5.76058892514665,-0.25,1.45));
#12859=CARTESIAN_POINT('',(6.,-0.25,1.45));
#12860=CARTESIAN_POINT('',(2.9,-0.349999999999999,4.25));
#12861=CARTESIAN_POINT('',(2.9,-0.349999999999999,1.45));
#12862=CARTESIAN_POINT('',(2.8,-0.35,1.45));
#12863=CARTESIAN_POINT('',(2.8,-0.35,4.25));
#12864=CARTESIAN_POINT('',(2.8,-1.15,4.25));
#12865=CARTESIAN_POINT('',(2.8,-1.15,1.45));
#12866=CARTESIAN_POINT('',(2.8,-1.15,1.45));
#12867=CARTESIAN_POINT('',(2.8,-1.15,4.25));
#12868=CARTESIAN_POINT('',(2.7,-1.15,4.25));
#12869=CARTESIAN_POINT('',(2.7,-1.15,1.45));
#12870=CARTESIAN_POINT('',(-2.7,-1.15,4.25));
#12871=CARTESIAN_POINT('',(-2.7,-1.15,1.45));
#12872=CARTESIAN_POINT('',(-2.8,-1.15,1.45));
#12873=CARTESIAN_POINT('',(-2.8,-1.15,4.25));
#12874=CARTESIAN_POINT('',(-2.9,-0.349999999999999,4.25));
#12875=CARTESIAN_POINT('',(-2.9,-0.349999999999999,1.45));
#12876=CARTESIAN_POINT('',(-2.8,-0.35,1.45));
#12877=CARTESIAN_POINT('',(-2.8,-0.35,4.25));
#12878=CARTESIAN_POINT('',(-2.8,-0.35,4.25));
#12879=CARTESIAN_POINT('',(-2.8,-0.35,1.45));
#12880=CARTESIAN_POINT('',(6.,-2.45,1.4));
#12881=CARTESIAN_POINT('',(6.,-2.74967311138127,1.4));
#12882=CARTESIAN_POINT('',(6.,-2.45,1.4));
#12883=CARTESIAN_POINT('',(6.,-2.45,1.4));
#12884=CARTESIAN_POINT('',(6.,-2.45,1.4));
#12885=CARTESIAN_POINT('',(6.,-2.45,1.4));
#12886=CARTESIAN_POINT('',(6.,-2.74967311138127,1.4));
#12887=CARTESIAN_POINT('',(6.,-3.2,1.3));
#12888=CARTESIAN_POINT('',(6.,-3.2,1.3));
#12889=CARTESIAN_POINT('',(0.,-3.2,0.));
#12890=CARTESIAN_POINT('',(0.,-3.2,-0.4));
#12891=CARTESIAN_POINT('',(2.,-3.2,0.));
#12892=CARTESIAN_POINT('',(2.,-3.2,-0.5));
#12893=CARTESIAN_POINT('',(5.15,-3.2,0.65));
#12894=CARTESIAN_POINT('',(5.15,-3.2,0.65));
#12895=CARTESIAN_POINT('',(4.85,-3.2,0.65));
#12896=CARTESIAN_POINT('',(4.85,-3.2,0.750000000000001));
#12897=CARTESIAN_POINT('',(4.75,-3.2,0.75));
#12898=CARTESIAN_POINT('',(4.75,-3.2,0.75));
#12899=CARTESIAN_POINT('',(4.75,-3.2,1.05));
#12900=CARTESIAN_POINT('',(4.85,-3.2,1.05));
#12901=CARTESIAN_POINT('',(4.85,-3.2,1.15));
#12902=CARTESIAN_POINT('',(4.85,-3.2,1.15));
#12903=CARTESIAN_POINT('',(5.15,-3.2,1.15));
#12904=CARTESIAN_POINT('',(5.15,-3.2,1.05));
#12905=CARTESIAN_POINT('',(5.25,-3.2,1.05));
#12906=CARTESIAN_POINT('',(5.25,-3.2,1.05));
#12907=CARTESIAN_POINT('',(5.25,-3.2,0.75));
#12908=CARTESIAN_POINT('',(5.15,-3.2,0.750000000000001));
#12909=CARTESIAN_POINT('',(-4.85,-3.2,0.65));
#12910=CARTESIAN_POINT('',(-4.85,-3.2,0.65));
#12911=CARTESIAN_POINT('',(-5.15,-3.2,0.65));
#12912=CARTESIAN_POINT('',(-5.15,-3.2,0.750000000000001));
#12913=CARTESIAN_POINT('',(-5.25,-3.2,0.75));
#12914=CARTESIAN_POINT('',(-5.25,-3.2,0.75));
#12915=CARTESIAN_POINT('',(-5.25,-3.2,1.05));
#12916=CARTESIAN_POINT('',(-5.15,-3.2,1.05));
#12917=CARTESIAN_POINT('',(-5.15,-3.2,1.15));
#12918=CARTESIAN_POINT('',(-5.15,-3.2,1.15));
#12919=CARTESIAN_POINT('',(-4.85,-3.2,1.15));
#12920=CARTESIAN_POINT('',(-4.85,-3.2,1.05));
#12921=CARTESIAN_POINT('',(-4.75,-3.2,1.05));
#12922=CARTESIAN_POINT('',(-4.75,-3.2,1.05));
#12923=CARTESIAN_POINT('',(-4.75,-3.2,0.75));
#12924=CARTESIAN_POINT('',(-4.85,-3.2,0.750000000000001));
#12925=CARTESIAN_POINT('',(5.15,-3.2,-1.15));
#12926=CARTESIAN_POINT('',(5.15,-3.2,-1.15));
#12927=CARTESIAN_POINT('',(4.85,-3.2,-1.15));
#12928=CARTESIAN_POINT('',(4.85,-3.2,-1.05));
#12929=CARTESIAN_POINT('',(4.75,-3.2,-1.05));
#12930=CARTESIAN_POINT('',(4.75,-3.2,-1.05));
#12931=CARTESIAN_POINT('',(4.75,-3.2,-0.75));
#12932=CARTESIAN_POINT('',(4.85,-3.2,-0.75));
#12933=CARTESIAN_POINT('',(4.85,-3.2,-0.65));
#12934=CARTESIAN_POINT('',(4.85,-3.2,-0.65));
#12935=CARTESIAN_POINT('',(5.15,-3.2,-0.65));
#12936=CARTESIAN_POINT('',(5.15,-3.2,-0.75));
#12937=CARTESIAN_POINT('',(5.25,-3.2,-0.75));
#12938=CARTESIAN_POINT('',(5.25,-3.2,-0.75));
#12939=CARTESIAN_POINT('',(5.25,-3.2,-1.05));
#12940=CARTESIAN_POINT('',(5.15,-3.2,-1.05));
#12941=CARTESIAN_POINT('',(-4.85,-3.2,-1.15));
#12942=CARTESIAN_POINT('',(-4.85,-3.2,-1.15));
#12943=CARTESIAN_POINT('',(-5.15,-3.2,-1.15));
#12944=CARTESIAN_POINT('',(-5.15,-3.2,-1.05));
#12945=CARTESIAN_POINT('',(-5.25,-3.2,-1.05));
#12946=CARTESIAN_POINT('',(-5.25,-3.2,-1.05));
#12947=CARTESIAN_POINT('',(-5.25,-3.2,-0.75));
#12948=CARTESIAN_POINT('',(-5.15,-3.2,-0.75));
#12949=CARTESIAN_POINT('',(-5.15,-3.2,-0.65));
#12950=CARTESIAN_POINT('',(-5.15,-3.2,-0.65));
#12951=CARTESIAN_POINT('',(-4.85,-3.2,-0.65));
#12952=CARTESIAN_POINT('',(-4.85,-3.2,-0.75));
#12953=CARTESIAN_POINT('',(-4.75,-3.2,-0.75));
#12954=CARTESIAN_POINT('',(-4.75,-3.2,-0.75));
#12955=CARTESIAN_POINT('',(-4.75,-3.2,-1.05));
#12956=CARTESIAN_POINT('',(-4.85,-3.2,-1.05));
#12957=CARTESIAN_POINT('',(6.,-3.2,-1.3));
#12958=CARTESIAN_POINT('',(6.,-3.2,-1.3));
#12959=CARTESIAN_POINT('',(6.,-2.74967311138127,-1.4));
#12960=CARTESIAN_POINT('',(6.,-2.74967311138127,-1.4));
#12961=CARTESIAN_POINT('',(6.,-2.45,-1.4));
#12962=CARTESIAN_POINT('',(6.,-2.45,-1.4));
#12963=CARTESIAN_POINT('',(6.,-2.45,-1.4));
#12964=CARTESIAN_POINT('',(6.,-2.45,-1.4));
#12965=CARTESIAN_POINT('',(6.,0.,-1.75));
#12966=CARTESIAN_POINT('',(-5.66850774251076,0.,4.25));
#12967=CARTESIAN_POINT('',(-5.66850774251076,0.,-1.45));
#12968=CARTESIAN_POINT('',(6.,0.,-1.45));
#12969=CARTESIAN_POINT('',(-4.2,0.,-1.45));
#12970=CARTESIAN_POINT('',(-4.2,0.,4.25));
#12971=CARTESIAN_POINT('',(6.,0.,-1.75));
#12972=CARTESIAN_POINT('',(4.2,-2.43945488809238E-16,4.25));
#12973=CARTESIAN_POINT('',(4.2,-2.43945488809238E-16,-1.45));
#12974=CARTESIAN_POINT('',(6.,0.,-1.45));
#12975=CARTESIAN_POINT('',(5.66850774251076,0.,-1.45));
#12976=CARTESIAN_POINT('',(5.66850774251076,0.,4.25));
#12977=CARTESIAN_POINT('',(6.,0.,-1.45));
#12978=CARTESIAN_POINT('',(-4.27462076495444,3.78439692468954,-1.45));
#12979=CARTESIAN_POINT('',(-5.45,1.25,-1.45));
#12980=CARTESIAN_POINT('',(-4.,-1.15,-1.45));
#12981=CARTESIAN_POINT('',(-4.1,-1.15,-1.45));
#12982=CARTESIAN_POINT('',(-4.1,0.,-1.45));
#12983=CARTESIAN_POINT('',(-4.1,-0.1,-1.45));
#12984=CARTESIAN_POINT('',(-4.2,-0.0999999999999999,-1.45));
#12985=CARTESIAN_POINT('',(6.,0.,-1.45));
#12986=CARTESIAN_POINT('',(4.2,-0.0999999999999996,-1.45));
#12987=CARTESIAN_POINT('',(4.1,-0.0999999999999997,-1.45));
#12988=CARTESIAN_POINT('',(4.1,0.,-1.45));
#12989=CARTESIAN_POINT('',(4.1,-1.15,-1.45));
#12990=CARTESIAN_POINT('',(4.,-1.15,-1.45));
#12991=CARTESIAN_POINT('',(5.45,1.25,-1.45));
#12992=CARTESIAN_POINT('',(5.70810687130009,-0.107511457975924,-1.45));
#12993=CARTESIAN_POINT('',(6.,-0.25,1.45));
#12994=CARTESIAN_POINT('',(-4.2,-0.0999999999999999,1.45));
#12995=CARTESIAN_POINT('',(-4.2,0.,1.45));
#12996=CARTESIAN_POINT('',(-4.1,-0.1,1.45));
#12997=CARTESIAN_POINT('',(-4.1,-0.25,1.45));
#12998=CARTESIAN_POINT('',(-5.45,1.25,1.45));
#12999=CARTESIAN_POINT('',(-4.35570218959331,3.56426121857174,1.45));
#13000=CARTESIAN_POINT('',(-5.66850774251076,0.,1.45));
#13001=CARTESIAN_POINT('',(6.,0.,1.45));
#13002=CARTESIAN_POINT('',(6.,-0.25,1.45));
#13003=CARTESIAN_POINT('',(6.,0.,1.45));
#13004=CARTESIAN_POINT('',(5.66850774251076,0.,1.45));
#13005=CARTESIAN_POINT('',(4.2,-2.43945488809238E-16,1.45));
#13006=CARTESIAN_POINT('',(5.78918829593895,-0.327647164093724,1.45));
#13007=CARTESIAN_POINT('',(5.45,1.25,1.45));
#13008=CARTESIAN_POINT('',(4.1,-0.25,1.45));
#13009=CARTESIAN_POINT('',(4.1,-0.0999999999999997,1.45));
#13010=CARTESIAN_POINT('',(4.2,-0.0999999999999996,1.45));
#13011=CARTESIAN_POINT('',(6.,0.,1.45));
#13012=CARTESIAN_POINT('',(-5.66850774251076,0.,4.25));
#13013=CARTESIAN_POINT('',(-4.2,0.,4.25));
#13014=CARTESIAN_POINT('',(6.,0.,1.45));
#13015=CARTESIAN_POINT('',(4.2,-1.21972744404619E-16,4.25));
#13016=CARTESIAN_POINT('',(5.66850774251076,0.,4.25));
#13017=CARTESIAN_POINT('',(-6.,-0.9,4.25));
#13018=CARTESIAN_POINT('',(-6.,-0.9,4.25));
#13019=CARTESIAN_POINT('',(-5.75,-3.5,4.25));
#13020=CARTESIAN_POINT('',(-5.75,-1.245,1.));
#13021=CARTESIAN_POINT('',(-5.75,-1.37,1.));
#13022=CARTESIAN_POINT('',(-5.75,-1.37,1.));
#13023=CARTESIAN_POINT('',(5.75,-1.34999999999999,4.25));
#13024=CARTESIAN_POINT('',(5.75,-1.37,-1.75));
#13025=CARTESIAN_POINT('',(5.75,-1.37,-1.));
#13026=CARTESIAN_POINT('',(5.75,-1.245,-1.));
#13027=CARTESIAN_POINT('',(5.66850774251076,0.,4.25));
#13028=CARTESIAN_POINT('',(5.66850774251076,0.,1.));
#13029=CARTESIAN_POINT('',(5.76058892514665,-0.25,1.));
#13030=CARTESIAN_POINT('',(5.76058892514666,-0.25,1.));
#13031=CARTESIAN_POINT('',(5.66850774251076,0.,4.25));
#13032=CARTESIAN_POINT('',(5.78918829593895,-0.327647164093724,-1.));
#13033=CARTESIAN_POINT('',(4.2,-0.0999999999999996,4.25));
#13034=CARTESIAN_POINT('',(4.1,-0.0999999999999997,4.25));
#13035=CARTESIAN_POINT('',(4.1,-0.25,4.25));
#13036=CARTESIAN_POINT('',(-4.2,-0.0999999999999999,4.25));
#13037=CARTESIAN_POINT('',(-4.1,-0.1,4.25));
#13038=CARTESIAN_POINT('',(-4.1,-0.1,4.25));
#13039=CARTESIAN_POINT('',(-4.1,-0.1,4.25));
#13040=CARTESIAN_POINT('',(-4.1,-0.1,4.25));
#13041=CARTESIAN_POINT('',(-4.1,-1.15,-2.));
#13042=CARTESIAN_POINT('',(4.1,-0.25,4.25));
#13043=CARTESIAN_POINT('',(4.1,-0.0999999999999997,4.25));
#13044=CARTESIAN_POINT('',(4.1,-1.15,-2.));
#13045=CARTESIAN_POINT('',(-4.2,-0.0999999999999999,4.25));
#13046=CARTESIAN_POINT('',(4.2,-0.0999999999999996,4.25));
#13047=CARTESIAN_POINT('',(5.45,1.25,1.45));
#13048=CARTESIAN_POINT('',(-5.45,1.25,-1.45));
#13049=CARTESIAN_POINT('',(-5.45,1.25,-1.45));
#13050=CARTESIAN_POINT('',(5.45,1.25,1.45));
#13051=CARTESIAN_POINT('',(4.,-1.15,-2.));
#13052=CARTESIAN_POINT('',(-4.,-1.15,-2.));
#13053=CARTESIAN_POINT('',(-4.3,-2.2,2.));
#13054=CARTESIAN_POINT('',(-4.3,-2.6,1.35));
#13055=CARTESIAN_POINT('',(-3.7,-2.45,2.));
#13056=CARTESIAN_POINT('',(-3.7,-2.6,1.35));
#13057=CARTESIAN_POINT('',(-3.7,-2.2,2.));
#13058=CARTESIAN_POINT('',(-4.3,-2.2,-1.35));
#13059=CARTESIAN_POINT('',(-2.3,-2.2,2.));
#13060=CARTESIAN_POINT('',(-2.3,-2.6,1.35));
#13061=CARTESIAN_POINT('',(-1.7,-2.45,2.));
#13062=CARTESIAN_POINT('',(-1.7,-2.6,1.35));
#13063=CARTESIAN_POINT('',(-1.7,-2.2,2.));
#13064=CARTESIAN_POINT('',(-1.7,-2.2,-1.35));
#13065=CARTESIAN_POINT('',(1.7,-2.2,2.));
#13066=CARTESIAN_POINT('',(1.7,-2.6,1.35));
#13067=CARTESIAN_POINT('',(2.3,-2.45,2.));
#13068=CARTESIAN_POINT('',(2.3,-2.6,1.35));
#13069=CARTESIAN_POINT('',(2.3,-2.2,2.));
#13070=CARTESIAN_POINT('',(1.7,-2.2,-1.35));
#13071=CARTESIAN_POINT('',(3.7,-2.2,2.));
#13072=CARTESIAN_POINT('',(3.7,-2.6,1.35));
#13073=CARTESIAN_POINT('',(4.3,-2.45,2.));
#13074=CARTESIAN_POINT('',(4.3,-2.6,1.35));
#13075=CARTESIAN_POINT('',(4.3,-2.2,2.));
#13076=CARTESIAN_POINT('',(3.7,-2.2,-1.35));
#13077=CARTESIAN_POINT('',(-5.15,-3.5,-1.05));
#13078=CARTESIAN_POINT('',(-5.15,-3.5,-1.15));
#13079=CARTESIAN_POINT('',(-5.15,-3.5,-1.15));
#13080=CARTESIAN_POINT('',(-5.15,-3.5,-1.05));
#13081=CARTESIAN_POINT('',(-5.25,-3.5,-1.05));
#13082=CARTESIAN_POINT('',(-5.25,-3.5,-1.05));
#13083=CARTESIAN_POINT('',(-5.25,-3.5,-1.05));
#13084=CARTESIAN_POINT('',(-5.25,-3.5,-1.05));
#13085=CARTESIAN_POINT('',(-5.25,-3.5,-0.75));
#13086=CARTESIAN_POINT('',(-5.25,-3.5,-0.75));
#13087=CARTESIAN_POINT('',(-5.15,-3.5,-0.75));
#13088=CARTESIAN_POINT('',(-5.15,-3.5,-0.75));
#13089=CARTESIAN_POINT('',(-5.15,-3.5,-0.65));
#13090=CARTESIAN_POINT('',(-5.15,-3.5,-0.65));
#13091=CARTESIAN_POINT('',(-5.15,-3.5,-0.65));
#13092=CARTESIAN_POINT('',(-5.15,-3.5,-0.65));
#13093=CARTESIAN_POINT('',(-4.85,-3.5,-0.65));
#13094=CARTESIAN_POINT('',(-4.85,-3.5,-0.65));
#13095=CARTESIAN_POINT('',(-4.85,-3.5,-0.75));
#13096=CARTESIAN_POINT('',(-4.85,-3.5,-0.75));
#13097=CARTESIAN_POINT('',(-4.75,-3.5,-0.75));
#13098=CARTESIAN_POINT('',(-4.75,-3.5,-0.75));
#13099=CARTESIAN_POINT('',(-4.75,-3.5,-0.75));
#13100=CARTESIAN_POINT('',(-4.75,-3.5,-0.75));
#13101=CARTESIAN_POINT('',(-4.75,-3.5,-1.05));
#13102=CARTESIAN_POINT('',(-4.75,-3.5,-1.05));
#13103=CARTESIAN_POINT('',(-4.85,-3.5,-1.05));
#13104=CARTESIAN_POINT('',(-4.85,-3.5,-1.05));
#13105=CARTESIAN_POINT('',(-4.85,-3.5,-1.15));
#13106=CARTESIAN_POINT('',(-4.85,-3.5,-1.15));
#13107=CARTESIAN_POINT('',(-4.85,-3.5,-1.15));
#13108=CARTESIAN_POINT('',(-4.85,-3.5,-1.15));
#13109=CARTESIAN_POINT('',(-5.15,-3.5,-1.05));
#13110=CARTESIAN_POINT('',(4.85,-3.5,-1.05));
#13111=CARTESIAN_POINT('',(4.85,-3.5,-1.15));
#13112=CARTESIAN_POINT('',(4.85,-3.5,-1.15));
#13113=CARTESIAN_POINT('',(4.85,-3.5,-1.05));
#13114=CARTESIAN_POINT('',(4.75,-3.5,-1.05));
#13115=CARTESIAN_POINT('',(4.75,-3.5,-1.05));
#13116=CARTESIAN_POINT('',(4.75,-3.5,-1.05));
#13117=CARTESIAN_POINT('',(4.75,-3.5,-1.05));
#13118=CARTESIAN_POINT('',(4.75,-3.5,-0.75));
#13119=CARTESIAN_POINT('',(4.75,-3.5,-0.75));
#13120=CARTESIAN_POINT('',(4.85,-3.5,-0.75));
#13121=CARTESIAN_POINT('',(4.85,-3.5,-0.75));
#13122=CARTESIAN_POINT('',(4.85,-3.5,-0.65));
#13123=CARTESIAN_POINT('',(4.85,-3.5,-0.65));
#13124=CARTESIAN_POINT('',(4.85,-3.5,-0.65));
#13125=CARTESIAN_POINT('',(4.85,-3.5,-0.65));
#13126=CARTESIAN_POINT('',(5.15,-3.5,-0.65));
#13127=CARTESIAN_POINT('',(5.15,-3.5,-0.65));
#13128=CARTESIAN_POINT('',(5.15,-3.5,-0.75));
#13129=CARTESIAN_POINT('',(5.15,-3.5,-0.75));
#13130=CARTESIAN_POINT('',(5.25,-3.5,-0.75));
#13131=CARTESIAN_POINT('',(5.25,-3.5,-0.75));
#13132=CARTESIAN_POINT('',(5.25,-3.5,-0.75));
#13133=CARTESIAN_POINT('',(5.25,-3.5,-0.75));
#13134=CARTESIAN_POINT('',(5.25,-3.5,-1.05));
#13135=CARTESIAN_POINT('',(5.25,-3.5,-1.05));
#13136=CARTESIAN_POINT('',(5.15,-3.5,-1.05));
#13137=CARTESIAN_POINT('',(5.15,-3.5,-1.05));
#13138=CARTESIAN_POINT('',(5.15,-3.5,-1.15));
#13139=CARTESIAN_POINT('',(5.15,-3.5,-1.15));
#13140=CARTESIAN_POINT('',(5.15,-3.5,-1.15));
#13141=CARTESIAN_POINT('',(5.15,-3.5,-1.15));
#13142=CARTESIAN_POINT('',(4.85,-3.5,-1.05));
#13143=CARTESIAN_POINT('',(-5.15,-3.5,0.750000000000001));
#13144=CARTESIAN_POINT('',(-5.15,-3.5,0.65));
#13145=CARTESIAN_POINT('',(-5.15,-3.5,0.65));
#13146=CARTESIAN_POINT('',(-5.15,-3.5,0.750000000000001));
#13147=CARTESIAN_POINT('',(-5.25,-3.5,0.75));
#13148=CARTESIAN_POINT('',(-5.25,-3.5,0.75));
#13149=CARTESIAN_POINT('',(-5.25,-3.5,0.75));
#13150=CARTESIAN_POINT('',(-5.25,-3.5,0.75));
#13151=CARTESIAN_POINT('',(-5.25,-3.5,1.05));
#13152=CARTESIAN_POINT('',(-5.25,-3.5,1.05));
#13153=CARTESIAN_POINT('',(-5.15,-3.5,1.05));
#13154=CARTESIAN_POINT('',(-5.15,-3.5,1.05));
#13155=CARTESIAN_POINT('',(-5.15,-3.5,1.15));
#13156=CARTESIAN_POINT('',(-5.15,-3.5,1.15));
#13157=CARTESIAN_POINT('',(-5.15,-3.5,1.15));
#13158=CARTESIAN_POINT('',(-5.15,-3.5,1.15));
#13159=CARTESIAN_POINT('',(-4.85,-3.5,1.15));
#13160=CARTESIAN_POINT('',(-4.85,-3.5,1.15));
#13161=CARTESIAN_POINT('',(-4.85,-3.5,1.05));
#13162=CARTESIAN_POINT('',(-4.85,-3.5,1.05));
#13163=CARTESIAN_POINT('',(-4.75,-3.5,1.05));
#13164=CARTESIAN_POINT('',(-4.75,-3.5,1.05));
#13165=CARTESIAN_POINT('',(-4.75,-3.5,1.05));
#13166=CARTESIAN_POINT('',(-4.75,-3.5,1.05));
#13167=CARTESIAN_POINT('',(-4.75,-3.5,0.75));
#13168=CARTESIAN_POINT('',(-4.75,-3.5,0.75));
#13169=CARTESIAN_POINT('',(-4.85,-3.5,0.750000000000001));
#13170=CARTESIAN_POINT('',(-4.85,-3.5,0.750000000000001));
#13171=CARTESIAN_POINT('',(-4.85,-3.5,0.65));
#13172=CARTESIAN_POINT('',(-4.85,-3.5,0.65));
#13173=CARTESIAN_POINT('',(-4.85,-3.5,0.65));
#13174=CARTESIAN_POINT('',(-4.85,-3.5,0.65));
#13175=CARTESIAN_POINT('',(-5.15,-3.5,0.750000000000001));
#13176=CARTESIAN_POINT('',(4.85,-3.5,0.750000000000001));
#13177=CARTESIAN_POINT('',(4.85,-3.5,0.65));
#13178=CARTESIAN_POINT('',(4.85,-3.5,0.65));
#13179=CARTESIAN_POINT('',(4.85,-3.5,0.750000000000001));
#13180=CARTESIAN_POINT('',(4.75,-3.5,0.75));
#13181=CARTESIAN_POINT('',(4.75,-3.5,0.75));
#13182=CARTESIAN_POINT('',(4.75,-3.5,0.75));
#13183=CARTESIAN_POINT('',(4.75,-3.5,0.75));
#13184=CARTESIAN_POINT('',(4.75,-3.5,1.05));
#13185=CARTESIAN_POINT('',(4.75,-3.5,1.05));
#13186=CARTESIAN_POINT('',(4.85,-3.5,1.05));
#13187=CARTESIAN_POINT('',(4.85,-3.5,1.05));
#13188=CARTESIAN_POINT('',(4.85,-3.5,1.15));
#13189=CARTESIAN_POINT('',(4.85,-3.5,1.15));
#13190=CARTESIAN_POINT('',(4.85,-3.5,1.15));
#13191=CARTESIAN_POINT('',(4.85,-3.5,1.15));
#13192=CARTESIAN_POINT('',(5.15,-3.5,1.15));
#13193=CARTESIAN_POINT('',(5.15,-3.5,1.15));
#13194=CARTESIAN_POINT('',(5.15,-3.5,1.05));
#13195=CARTESIAN_POINT('',(5.15,-3.5,1.05));
#13196=CARTESIAN_POINT('',(5.25,-3.5,1.05));
#13197=CARTESIAN_POINT('',(5.25,-3.5,1.05));
#13198=CARTESIAN_POINT('',(5.25,-3.5,1.05));
#13199=CARTESIAN_POINT('',(5.25,-3.5,1.05));
#13200=CARTESIAN_POINT('',(5.25,-3.5,0.75));
#13201=CARTESIAN_POINT('',(5.25,-3.5,0.75));
#13202=CARTESIAN_POINT('',(5.15,-3.5,0.750000000000001));
#13203=CARTESIAN_POINT('',(5.15,-3.5,0.750000000000001));
#13204=CARTESIAN_POINT('',(5.15,-3.5,0.65));
#13205=CARTESIAN_POINT('',(5.15,-3.5,0.65));
#13206=CARTESIAN_POINT('',(5.15,-3.5,0.65));
#13207=CARTESIAN_POINT('',(5.15,-3.5,0.65));
#13208=CARTESIAN_POINT('',(4.85,-3.5,0.750000000000001));
#13209=CARTESIAN_POINT('',(2.,-2.9,0.));
#13210=CARTESIAN_POINT('',(2.,-2.9,0.));
#13211=CARTESIAN_POINT('',(2.,-2.9,-0.5));
#13212=CARTESIAN_POINT('',(2.,-3.2,0.));
#13213=CARTESIAN_POINT('',(0.,-2.9,0.));
#13214=CARTESIAN_POINT('',(0.,-2.9,0.));
#13215=CARTESIAN_POINT('',(0.,-2.9,-0.4));
#13216=CARTESIAN_POINT('',(0.,-3.2,0.));
#13217=CARTESIAN_POINT('',(-5.95,-0.25,-1.2));
#13218=CARTESIAN_POINT('',(-5.95,-0.25,1.));
#13219=CARTESIAN_POINT('',(5.94494897427832,-0.25,1.00003189616288));
#13220=CARTESIAN_POINT('',(5.95,-0.25,1.2));
#13221=CARTESIAN_POINT('',(2.7,-0.25,-0.8));
#13222=CARTESIAN_POINT('',(-2.7,-0.25,-0.8));
#13223=CARTESIAN_POINT('',(2.7,-0.25,-0.8));
#13224=CARTESIAN_POINT('',(-2.7,-0.25,-0.700000000000001));
#13225=CARTESIAN_POINT('',(-2.8,-0.25,-0.7));
#13226=CARTESIAN_POINT('',(-2.8,-0.25,-0.7));
#13227=CARTESIAN_POINT('',(-2.8,-0.25,0.7));
#13228=CARTESIAN_POINT('',(-2.7,-0.25,0.700000000000001));
#13229=CARTESIAN_POINT('',(-2.7,-0.25,0.8));
#13230=CARTESIAN_POINT('',(-2.7,-0.25,0.8));
#13231=CARTESIAN_POINT('',(2.7,-0.25,0.8));
#13232=CARTESIAN_POINT('',(2.7,-0.25,0.700000000000001));
#13233=CARTESIAN_POINT('',(2.8,-0.25,0.7));
#13234=CARTESIAN_POINT('',(2.8,-0.25,0.7));
#13235=CARTESIAN_POINT('',(2.8,-0.25,-0.7));
#13236=CARTESIAN_POINT('',(-5.95,-0.25,-1.2));
#13237=CARTESIAN_POINT('',(-5.94494897427832,-0.25,-1.00006379232575));
#13238=CARTESIAN_POINT('',(-5.93144800529316,-0.183859029906433,-1.00040486982445));
#13239=CARTESIAN_POINT('',(-5.8363299209187,-0.0643225275210746,-1.00155407256564));
#13240=CARTESIAN_POINT('',(-5.75,-0.0550510257216825,-1.13227302250663));
#13241=CARTESIAN_POINT('',(-5.75,-0.0550510257216824,-1.2));
#13242=CARTESIAN_POINT('',(-5.75,-0.0550510257216825,-1.2));
#13243=CARTESIAN_POINT('',(-5.75,-0.25,-1.2));
#13244=CARTESIAN_POINT('',(-5.55,-0.25,-1.2));
#13245=CARTESIAN_POINT('',(-5.7,-0.0500000000000002,-1.33228756555323));
#13246=CARTESIAN_POINT('',(-5.73219308152586,-0.0500000000000003,-1.29578404227284));
#13247=CARTESIAN_POINT('',(-5.75,-0.0550510257216806,-1.24865529766943));
#13248=CARTESIAN_POINT('',(-5.75,-0.0550510257216806,-1.2));
#13249=CARTESIAN_POINT('',(-5.55,-0.25,-1.4));
#13250=CARTESIAN_POINT('',(-4.25,-0.25,-1.4));
#13251=CARTESIAN_POINT('',(-4.25,-0.25,-1.4));
#13252=CARTESIAN_POINT('',(-4.125,-0.25,-1.4));
#13253=CARTESIAN_POINT('',(-2.875,-0.25,-1.5));
#13254=CARTESIAN_POINT('',(-2.75,-0.25,-1.5));
#13255=CARTESIAN_POINT('',(2.75,-0.25,-1.5));
#13256=CARTESIAN_POINT('',(2.75,-0.25,-1.5));
#13257=CARTESIAN_POINT('',(2.875,-0.25,-1.5));
#13258=CARTESIAN_POINT('',(4.125,-0.25,-1.4));
#13259=CARTESIAN_POINT('',(4.25,-0.25,-1.4));
#13260=CARTESIAN_POINT('',(5.55,-0.25,-1.4));
#13261=CARTESIAN_POINT('',(5.55,-0.25,-1.4));
#13262=CARTESIAN_POINT('',(5.55,-0.25,-1.2));
#13263=CARTESIAN_POINT('',(5.75,-0.0550510257216823,-1.2));
#13264=CARTESIAN_POINT('',(5.75,-0.0550510257216823,-1.24865563766084));
#13265=CARTESIAN_POINT('',(5.73218703076294,-0.0500000000000001,-1.2957909031931));
#13266=CARTESIAN_POINT('',(5.7,-0.05,-1.33228756555323));
#13267=CARTESIAN_POINT('',(5.75,-0.0550510257216825,-1.2));
#13268=CARTESIAN_POINT('',(5.75,-0.25,-1.2));
#13269=CARTESIAN_POINT('',(5.95,-0.25,-1.2));
#13270=CARTESIAN_POINT('',(5.75,-0.0550510257216825,-1.2));
#13271=CARTESIAN_POINT('',(5.75,-0.0550510257216825,-1.13241776301226));
#13272=CARTESIAN_POINT('',(5.83542463940949,-0.063715305588146,-1.00209028997725));
#13273=CARTESIAN_POINT('',(5.93145086136689,-0.18387302175303,-1.0004047976709));
#13274=CARTESIAN_POINT('',(5.94494897427832,-0.249999999999998,-1.00006379232573));
#13275=CARTESIAN_POINT('',(5.95,-0.25,1.2));
#13276=CARTESIAN_POINT('',(5.94494897427832,-0.25,1.00006379232575));
#13277=CARTESIAN_POINT('',(5.93144800529316,-0.183859029906433,1.00040486982445));
#13278=CARTESIAN_POINT('',(5.8363299209187,-0.0643225275210741,1.00155407256564));
#13279=CARTESIAN_POINT('',(5.75,-0.0550510257216823,1.13227302250663));
#13280=CARTESIAN_POINT('',(5.75,-0.0550510257216823,1.2));
#13281=CARTESIAN_POINT('',(5.75,-0.0550510257216823,1.2));
#13282=CARTESIAN_POINT('',(5.75,-0.25,1.2));
#13283=CARTESIAN_POINT('',(5.55,-0.25,1.2));
#13284=CARTESIAN_POINT('',(5.7,-0.05,1.33228756555323));
#13285=CARTESIAN_POINT('',(5.73219308152586,-0.0500000000000001,1.29578404227284));
#13286=CARTESIAN_POINT('',(5.75,-0.0550510257216805,1.24865529766943));
#13287=CARTESIAN_POINT('',(5.75,-0.0550510257216805,1.2));
#13288=CARTESIAN_POINT('',(5.55,-0.25,1.4));
#13289=CARTESIAN_POINT('',(4.2,-0.25,1.4));
#13290=CARTESIAN_POINT('',(4.2,-0.25,1.4));
#13291=CARTESIAN_POINT('',(4.2,-0.25,1.6));
#13292=CARTESIAN_POINT('',(4.,-0.25,1.6));
#13293=CARTESIAN_POINT('',(4.,-0.25,1.7));
#13294=CARTESIAN_POINT('',(4.,-0.25,1.7));
#13295=CARTESIAN_POINT('',(3.,-0.25,1.7));
#13296=CARTESIAN_POINT('',(3.,-0.25,1.7));
#13297=CARTESIAN_POINT('',(3.,-0.25,1.5));
#13298=CARTESIAN_POINT('',(3.,-0.25,1.5));
#13299=CARTESIAN_POINT('',(2.875,-0.25,1.5));
#13300=CARTESIAN_POINT('',(2.8,-0.0499999999999998,1.4));
#13301=CARTESIAN_POINT('',(2.76831117195927,-0.0499999999999998,1.42376662103054));
#13302=CARTESIAN_POINT('',(2.75,-0.053955105417649,1.46265859002065));
#13303=CARTESIAN_POINT('',(2.75,-0.0671572875253808,1.5));
#13304=CARTESIAN_POINT('',(-2.875,-0.25,1.5));
#13305=CARTESIAN_POINT('',(-2.75,-0.0671572875253808,1.5));
#13306=CARTESIAN_POINT('',(-2.75,-0.0539567474255323,1.46266323432029));
#13307=CARTESIAN_POINT('',(-2.76830890369922,-0.0499999999999998,1.42376832222559));
#13308=CARTESIAN_POINT('',(-2.8,-0.0499999999999998,1.4));
#13309=CARTESIAN_POINT('',(-3.,-0.25,1.5));
#13310=CARTESIAN_POINT('',(-3.,-0.25,1.7));
#13311=CARTESIAN_POINT('',(-3.,-0.25,1.7));
#13312=CARTESIAN_POINT('',(-4.,-0.25,1.7));
#13313=CARTESIAN_POINT('',(-4.,-0.25,1.7));
#13314=CARTESIAN_POINT('',(-4.,-0.25,1.6));
#13315=CARTESIAN_POINT('',(-4.,-0.25,1.6));
#13316=CARTESIAN_POINT('',(-4.2,-0.25,1.6));
#13317=CARTESIAN_POINT('',(-4.2,-0.25,1.4));
#13318=CARTESIAN_POINT('',(-5.55,-0.25,1.4));
#13319=CARTESIAN_POINT('',(-5.55,-0.25,1.4));
#13320=CARTESIAN_POINT('',(-5.55,-0.25,1.2));
#13321=CARTESIAN_POINT('',(-5.75,-0.0550510257216825,1.2));
#13322=CARTESIAN_POINT('',(-5.75,-0.0550510257216825,1.24865563766084));
#13323=CARTESIAN_POINT('',(-5.73218703076294,-0.0500000000000003,1.29579090319309));
#13324=CARTESIAN_POINT('',(-5.7,-0.0500000000000002,1.33228756555323));
#13325=CARTESIAN_POINT('',(-5.75,-0.0550510257216825,1.2));
#13326=CARTESIAN_POINT('',(-5.75,-0.25,1.2));
#13327=CARTESIAN_POINT('',(-5.95,-0.25,1.2));
#13328=CARTESIAN_POINT('',(-5.75,-0.0550510257216825,1.2));
#13329=CARTESIAN_POINT('',(-5.75,-0.0550510257216825,1.13241776301226));
#13330=CARTESIAN_POINT('',(-5.83542463940949,-0.0637153055881457,1.00209028997725));
#13331=CARTESIAN_POINT('',(-5.93145086136689,-0.18387302175303,1.0004047976709));
#13332=CARTESIAN_POINT('',(-5.94494897427832,-0.249999999999998,1.00006379232573));
#13333=CARTESIAN_POINT('',(-5.95,-0.25,-1.));
#13334=CARTESIAN_POINT('',(-5.95,-0.3,1.45));
#13335=CARTESIAN_POINT('',(-5.95,-1.245,-1.));
#13336=CARTESIAN_POINT('',(-5.95,-1.37,-1.));
#13337=CARTESIAN_POINT('',(-5.95,-1.37,-1.75));
#13338=CARTESIAN_POINT('',(-5.95,-2.,-1.55));
#13339=CARTESIAN_POINT('',(-5.95,-2.2,-1.55));
#13340=CARTESIAN_POINT('',(-5.95,-2.2,1.55));
#13341=CARTESIAN_POINT('',(-5.95,-2.2,1.55));
#13342=CARTESIAN_POINT('',(-5.95,-2.,1.55));
#13343=CARTESIAN_POINT('',(-5.95,-1.37,1.));
#13344=CARTESIAN_POINT('',(-5.95,-1.37,1.));
#13345=CARTESIAN_POINT('',(-5.95,-1.245,1.));
#13346=CARTESIAN_POINT('',(2.7,-0.25,-0.7));
#13347=CARTESIAN_POINT('',(5.75,-1.12,-1.));
#13348=CARTESIAN_POINT('',(5.7,-0.300000000000001,-1.));
#13349=CARTESIAN_POINT('',(5.75,-0.05,1.));
#13350=CARTESIAN_POINT('',(5.7,-0.300000000000001,1.));
#13351=CARTESIAN_POINT('',(5.75,-2.,1.55));
#13352=CARTESIAN_POINT('',(5.75,-1.245,-1.));
#13353=CARTESIAN_POINT('',(5.75,-1.245,1.));
#13354=CARTESIAN_POINT('',(5.75,-2.,1.55));
#13355=CARTESIAN_POINT('',(5.75,-2.2,1.55));
#13356=CARTESIAN_POINT('',(5.75,-2.2,1.55));
#13357=CARTESIAN_POINT('',(5.75,-2.2,-1.55));
#13358=CARTESIAN_POINT('',(5.75,-2.,-1.55));
#13359=CARTESIAN_POINT('',(5.75,-1.37,-1.75));
#13360=CARTESIAN_POINT('',(5.75,-1.37,-1.));
#13361=CARTESIAN_POINT('',(5.75,-1.245,-1.));
#13362=CARTESIAN_POINT('',(5.75,-1.245,1.));
#13363=CARTESIAN_POINT('',(5.75,-1.37,1.));
#13364=CARTESIAN_POINT('',(5.75,-1.37,1.));
#13365=CARTESIAN_POINT('',(-5.75,-2.,1.55));
#13366=CARTESIAN_POINT('',(-5.75,-1.245,1.));
#13367=CARTESIAN_POINT('',(-5.75,-1.245,-1.));
#13368=CARTESIAN_POINT('',(-5.75,-2.,1.55));
#13369=CARTESIAN_POINT('',(-5.75,-2.2,1.55));
#13370=CARTESIAN_POINT('',(-5.75,-2.2,1.55));
#13371=CARTESIAN_POINT('',(-5.75,-2.2,-1.55));
#13372=CARTESIAN_POINT('',(-5.75,-2.,-1.55));
#13373=CARTESIAN_POINT('',(-5.75,-1.37,-1.75));
#13374=CARTESIAN_POINT('',(-5.75,-1.37,-1.));
#13375=CARTESIAN_POINT('',(-5.75,-1.245,-1.));
#13376=CARTESIAN_POINT('',(-5.75,-1.245,1.));
#13377=CARTESIAN_POINT('',(-5.75,-1.37,1.));
#13378=CARTESIAN_POINT('',(-5.75,-1.37,1.));
#13379=CARTESIAN_POINT('',(-5.7,-0.300000000000001,1.45));
#13380=CARTESIAN_POINT('',(5.7,-0.300000000000001,1.45));
#13381=CARTESIAN_POINT('',(-2.55,-0.95,1.5));
#13382=CARTESIAN_POINT('',(2.55,-0.95,1.5));
#13383=CARTESIAN_POINT('',(2.55,-1.15,1.5));
#13384=CARTESIAN_POINT('',(-2.55,-1.15,1.5));
#13385=CARTESIAN_POINT('',(-2.55,-1.15,1.5));
#13386=CARTESIAN_POINT('',(-2.55,-0.95,1.5));
#13387=CARTESIAN_POINT('',(-2.55,-0.95,1.5));
#13388=CARTESIAN_POINT('',(-2.55,-0.95,1.7));
#13389=CARTESIAN_POINT('',(-2.55,-1.15,1.7));
#13390=CARTESIAN_POINT('',(-2.55,-1.15,1.5));
#13391=CARTESIAN_POINT('',(-2.55,-1.15,1.5));
#13392=CARTESIAN_POINT('',(-2.55,-1.15,1.7));
#13393=CARTESIAN_POINT('',(2.55,-1.15,1.7));
#13394=CARTESIAN_POINT('',(2.55,-1.15,1.5));
#13395=CARTESIAN_POINT('',(2.55,-0.95,1.5));
#13396=CARTESIAN_POINT('',(2.55,-0.95,1.7));
#13397=CARTESIAN_POINT('',(-2.55,-0.95,1.7));
#13398=CARTESIAN_POINT('',(2.8,-0.35,1.7));
#13399=CARTESIAN_POINT('',(2.8,-0.35,1.4));
#13400=CARTESIAN_POINT('',(3.8,-0.949999999999999,-1.5));
#13401=CARTESIAN_POINT('',(2.8,-0.35,-1.5));
#13402=CARTESIAN_POINT('',(2.8,-0.55,-1.5));
#13403=CARTESIAN_POINT('',(0.8,-0.55,-1.5));
#13404=CARTESIAN_POINT('',(0.7998399839968,-0.55,-1.5));
#13405=CARTESIAN_POINT('',(0.7998399839968,-1.15,-1.5));
#13406=CARTESIAN_POINT('',(0.7998399839968,-1.15,-1.5));
#13407=CARTESIAN_POINT('',(3.8,-1.15,-1.5));
#13408=CARTESIAN_POINT('',(3.8,-1.15,-1.5));
#13409=CARTESIAN_POINT('',(3.8,-0.949999999999999,-1.5));
#13410=CARTESIAN_POINT('',(3.8,-0.949999999999999,-1.5));
#13411=CARTESIAN_POINT('',(3.8,-1.15,-1.5));
#13412=CARTESIAN_POINT('',(3.8,-1.15,-1.5));
#13413=CARTESIAN_POINT('',(0.799839983996798,-1.15,-1.1));
#13414=CARTESIAN_POINT('',(0.514182846855085,-1.15,-1.38));
#13415=CARTESIAN_POINT('',(-5.42101086242752E-17,-1.15,-1.884));
#13416=CARTESIAN_POINT('',(-0.514182846855086,-1.15,-1.38));
#13417=CARTESIAN_POINT('',(-0.799839983996799,-1.15,-1.1));
#13418=CARTESIAN_POINT('',(-0.7998399839968,-1.15,-1.5));
#13419=CARTESIAN_POINT('',(-0.8,-1.15,-1.5));
#13420=CARTESIAN_POINT('',(-3.8,-1.15,-1.5));
#13421=CARTESIAN_POINT('',(-3.8,-1.15,-1.5));
#13422=CARTESIAN_POINT('',(-0.710875516528738,-1.15,-1.3));
#13423=CARTESIAN_POINT('',(-0.401799204994504,-1.15,-1.55391304347826));
#13424=CARTESIAN_POINT('',(2.71050543121376E-17,-1.15,-1.884));
#13425=CARTESIAN_POINT('',(0.401799204994504,-1.15,-1.55391304347826));
#13426=CARTESIAN_POINT('',(0.710875516528739,-1.15,-1.3));
#13427=CARTESIAN_POINT('',(0.8,-0.55,-1.5));
#13428=CARTESIAN_POINT('',(2.8,-0.55,-1.5));
#13429=CARTESIAN_POINT('',(0.710875516528739,-0.55,-1.3));
#13430=CARTESIAN_POINT('',(0.401799204994504,-0.55,-1.55391304347826));
#13431=CARTESIAN_POINT('',(2.71050543121376E-17,-0.55,-1.884));
#13432=CARTESIAN_POINT('',(-0.401799204994504,-0.55,-1.55391304347826));
#13433=CARTESIAN_POINT('',(-0.710875516528738,-0.55,-1.3));
#13434=CARTESIAN_POINT('',(-2.8,-0.549999999999994,-1.5));
#13435=CARTESIAN_POINT('',(-2.8,-0.549999999999994,-1.5));
#13436=CARTESIAN_POINT('',(-2.8,-0.549999999999994,-1.5));
#13437=CARTESIAN_POINT('',(-0.7998399839968,-0.55,-1.5));
#13438=CARTESIAN_POINT('',(-0.799839983996799,-0.55,-1.1));
#13439=CARTESIAN_POINT('',(-0.514182846855086,-0.55,-1.38));
#13440=CARTESIAN_POINT('',(-5.42101086242752E-17,-0.55,-1.884));
#13441=CARTESIAN_POINT('',(0.514182846855085,-0.55,-1.38));
#13442=CARTESIAN_POINT('',(0.799839983996798,-0.55,-1.1));
#13443=CARTESIAN_POINT('',(2.8,-0.35,-1.5));
#13444=CARTESIAN_POINT('',(-3.8,-0.949999999999996,-1.5));
#13445=CARTESIAN_POINT('',(-3.8,-0.949999999999996,-1.5));
#13446=CARTESIAN_POINT('',(-0.7998399839968,-1.15,-1.5));
#13447=CARTESIAN_POINT('',(-2.8,-0.349999999999995,-1.5));
#13448=CARTESIAN_POINT('',(-3.8,-0.949999999999996,-1.5));
#13449=CARTESIAN_POINT('',(-2.8,-0.349999999999995,-1.5));
#13450=CARTESIAN_POINT('',(-0.799839983996799,-1.15,-1.1));
#13451=CARTESIAN_POINT('',(-0.514182846855086,-1.15,-1.38));
#13452=CARTESIAN_POINT('',(-5.42101086242752E-17,-1.15,-1.884));
#13453=CARTESIAN_POINT('',(0.514182846855085,-1.15,-1.38));
#13454=CARTESIAN_POINT('',(0.799839983996798,-1.15,-1.1));
#13455=CARTESIAN_POINT('',(0.710875516528739,-1.15,-1.3));
#13456=CARTESIAN_POINT('',(0.401799204994504,-1.15,-1.55391304347826));
#13457=CARTESIAN_POINT('',(2.71050543121376E-17,-1.15,-1.884));
#13458=CARTESIAN_POINT('',(-0.401799204994504,-1.15,-1.55391304347826));
#13459=CARTESIAN_POINT('',(-0.710875516528738,-1.15,-1.3));
#13460=CARTESIAN_POINT('',(4.1,-0.25,-1.5));
#13461=CARTESIAN_POINT('',(4.1,-0.25,-1.5));
#13462=CARTESIAN_POINT('',(3.7,-2.9,-2.1));
#13463=CARTESIAN_POINT('',(4.3,-2.9,-2.1));
#13464=CARTESIAN_POINT('',(4.3,-2.9,-1.75));
#13465=CARTESIAN_POINT('',(4.3,-3.25,-2.1));
#13466=CARTESIAN_POINT('',(3.7,-3.25,-2.1));
#13467=CARTESIAN_POINT('',(3.7,-3.25,-2.1));
#13468=CARTESIAN_POINT('',(3.7,-2.9,-2.1));
#13469=CARTESIAN_POINT('',(3.7,-2.9,-1.75));
#13470=CARTESIAN_POINT('',(3.7,-2.9,-1.75));
#13471=CARTESIAN_POINT('',(3.7,-3.25,-2.5));
#13472=CARTESIAN_POINT('',(4.3,-3.25,-2.5));
#13473=CARTESIAN_POINT('',(4.3,-3.25,-2.5));
#13474=CARTESIAN_POINT('',(3.7,-3.25,-2.5));
#13475=CARTESIAN_POINT('',(3.7,-3.25,-2.5));
#13476=CARTESIAN_POINT('',(3.7,-3.25,-2.5));
#13477=CARTESIAN_POINT('',(3.7,-3.5,-2.5));
#13478=CARTESIAN_POINT('',(4.3,-3.5,-2.5));
#13479=CARTESIAN_POINT('',(4.3,-3.5,-2.5));
#13480=CARTESIAN_POINT('',(3.7,-3.5,-2.5));
#13481=CARTESIAN_POINT('',(3.7,-3.5,-2.5));
#13482=CARTESIAN_POINT('',(3.7,-3.5,-2.5));
#13483=CARTESIAN_POINT('',(3.7,-3.5,-2.1));
#13484=CARTESIAN_POINT('',(4.3,-3.5,-2.1));
#13485=CARTESIAN_POINT('',(4.3,-3.5,-2.1));
#13486=CARTESIAN_POINT('',(3.7,-3.5,-2.1));
#13487=CARTESIAN_POINT('',(3.7,-3.5,-2.1));
#13488=CARTESIAN_POINT('',(3.7,-3.5,-2.1));
#13489=CARTESIAN_POINT('',(3.7,-2.9,-2.1));
#13490=CARTESIAN_POINT('',(4.3,-2.9,-2.1));
#13491=CARTESIAN_POINT('',(4.3,-2.9,-1.5));
#13492=CARTESIAN_POINT('',(3.7,-2.9,-1.5));
#13493=CARTESIAN_POINT('',(3.7,-2.9,-1.5));
#13494=CARTESIAN_POINT('',(3.7,-2.9,-2.1));
#13495=CARTESIAN_POINT('',(3.7,-2.9,-1.75));
#13496=CARTESIAN_POINT('',(4.3,-2.9,-1.75));
#13497=CARTESIAN_POINT('',(4.3,-2.6,-1.75));
#13498=CARTESIAN_POINT('',(3.7,-2.9,-1.75));
#13499=CARTESIAN_POINT('',(3.7,-2.6,-1.75));
#13500=CARTESIAN_POINT('',(3.7,-2.6,-1.75));
#13501=CARTESIAN_POINT('',(3.7,-2.54999999999999,-1.5));
#13502=CARTESIAN_POINT('',(4.3,-2.54999999999999,-1.5));
#13503=CARTESIAN_POINT('',(4.3,-2.54999999999999,-1.5));
#13504=CARTESIAN_POINT('',(3.7,-2.54999999999999,-1.5));
#13505=CARTESIAN_POINT('',(3.7,-2.54999999999999,-1.5));
#13506=CARTESIAN_POINT('',(3.7,-2.54999999999999,-1.5));
#13507=CARTESIAN_POINT('',(3.7,-2.6,-1.35));
#13508=CARTESIAN_POINT('',(4.3,-2.6,-1.35));
#13509=CARTESIAN_POINT('',(3.7,-2.6,-1.35));
#13510=CARTESIAN_POINT('',(3.7,-2.55,-1.4));
#13511=CARTESIAN_POINT('',(4.3,-2.55,-1.4));
#13512=CARTESIAN_POINT('',(3.7,-2.55,-1.4));
#13513=CARTESIAN_POINT('',(4.3,-2.9,2.1));
#13514=CARTESIAN_POINT('',(3.7,-2.9,2.1));
#13515=CARTESIAN_POINT('',(3.7,-2.9,2.1));
#13516=CARTESIAN_POINT('',(3.7,-2.6,1.35));
#13517=CARTESIAN_POINT('',(3.7,-2.6,1.75));
#13518=CARTESIAN_POINT('',(3.7,-2.55,1.4));
#13519=CARTESIAN_POINT('',(3.7,-2.55,1.5));
#13520=CARTESIAN_POINT('',(3.7,-2.9,1.5));
#13521=CARTESIAN_POINT('',(3.7,-2.9,1.5));
#13522=CARTESIAN_POINT('',(3.7,-2.9,2.1));
#13523=CARTESIAN_POINT('',(3.7,-3.5,2.1));
#13524=CARTESIAN_POINT('',(3.7,-3.5,2.5));
#13525=CARTESIAN_POINT('',(3.7,-3.5,2.5));
#13526=CARTESIAN_POINT('',(3.7,-3.25,2.5));
#13527=CARTESIAN_POINT('',(3.7,-3.25,2.5));
#13528=CARTESIAN_POINT('',(3.7,-3.25,2.1));
#13529=CARTESIAN_POINT('',(3.7,-3.25,2.1));
#13530=CARTESIAN_POINT('',(3.7,-2.9,2.1));
#13531=CARTESIAN_POINT('',(3.7,-2.9,1.75));
#13532=CARTESIAN_POINT('',(3.7,-2.6,1.75));
#13533=CARTESIAN_POINT('',(4.3,-2.9,2.1));
#13534=CARTESIAN_POINT('',(4.3,-2.6,1.35));
#13535=CARTESIAN_POINT('',(4.3,-2.6,1.75));
#13536=CARTESIAN_POINT('',(4.3,-2.6,1.75));
#13537=CARTESIAN_POINT('',(4.3,-2.9,1.75));
#13538=CARTESIAN_POINT('',(4.3,-2.9,2.1));
#13539=CARTESIAN_POINT('',(4.3,-3.25,2.1));
#13540=CARTESIAN_POINT('',(4.3,-3.25,2.1));
#13541=CARTESIAN_POINT('',(4.3,-3.25,2.5));
#13542=CARTESIAN_POINT('',(4.3,-3.25,2.5));
#13543=CARTESIAN_POINT('',(4.3,-3.5,2.5));
#13544=CARTESIAN_POINT('',(4.3,-3.5,2.5));
#13545=CARTESIAN_POINT('',(4.3,-3.5,2.1));
#13546=CARTESIAN_POINT('',(4.3,-2.9,2.1));
#13547=CARTESIAN_POINT('',(4.3,-2.9,1.5));
#13548=CARTESIAN_POINT('',(4.3,-2.9,1.5));
#13549=CARTESIAN_POINT('',(4.3,-2.55,1.5));
#13550=CARTESIAN_POINT('',(4.3,-2.55,1.4));
#13551=CARTESIAN_POINT('',(3.7,-3.25,2.1));
#13552=CARTESIAN_POINT('',(3.7,-3.25,2.1));
#13553=CARTESIAN_POINT('',(3.7,-3.25,2.5));
#13554=CARTESIAN_POINT('',(3.7,-3.25,2.5));
#13555=CARTESIAN_POINT('',(3.7,-3.5,2.5));
#13556=CARTESIAN_POINT('',(3.7,-3.5,2.5));
#13557=CARTESIAN_POINT('',(3.7,-3.5,2.1));
#13558=CARTESIAN_POINT('',(3.7,-2.9,2.1));
#13559=CARTESIAN_POINT('',(3.7,-2.9,1.5));
#13560=CARTESIAN_POINT('',(3.7,-2.9,1.5));
#13561=CARTESIAN_POINT('',(3.7,-2.55,1.5));
#13562=CARTESIAN_POINT('',(3.7,-2.55,1.4));
#13563=CARTESIAN_POINT('',(3.7,-2.6,1.35));
#13564=CARTESIAN_POINT('',(3.7,-2.6,1.75));
#13565=CARTESIAN_POINT('',(3.7,-2.6,1.75));
#13566=CARTESIAN_POINT('',(3.7,-2.9,1.75));
#13567=CARTESIAN_POINT('',(3.7,-2.9,2.1));
#13568=CARTESIAN_POINT('',(-1.7,-2.9,-2.1));
#13569=CARTESIAN_POINT('',(-2.3,-2.9,-2.1));
#13570=CARTESIAN_POINT('',(-2.3,-2.9,-1.5));
#13571=CARTESIAN_POINT('',(-2.3,-3.5,-2.1));
#13572=CARTESIAN_POINT('',(-1.7,-3.5,-2.1));
#13573=CARTESIAN_POINT('',(-1.7,-3.5,-2.1));
#13574=CARTESIAN_POINT('',(-1.7,-2.9,-2.1));
#13575=CARTESIAN_POINT('',(-1.7,-2.9,-1.5));
#13576=CARTESIAN_POINT('',(-1.7,-2.9,-1.5));
#13577=CARTESIAN_POINT('',(-1.7,-3.5,-2.1));
#13578=CARTESIAN_POINT('',(-2.3,-3.5,-2.1));
#13579=CARTESIAN_POINT('',(-2.3,-3.5,-2.5));
#13580=CARTESIAN_POINT('',(-1.7,-3.5,-2.5));
#13581=CARTESIAN_POINT('',(-1.7,-3.5,-2.5));
#13582=CARTESIAN_POINT('',(-1.7,-3.5,-2.1));
#13583=CARTESIAN_POINT('',(-1.7,-3.5,-2.5));
#13584=CARTESIAN_POINT('',(-2.3,-3.5,-2.5));
#13585=CARTESIAN_POINT('',(-2.3,-3.25,-2.5));
#13586=CARTESIAN_POINT('',(-1.7,-3.25,-2.5));
#13587=CARTESIAN_POINT('',(-1.7,-3.25,-2.5));
#13588=CARTESIAN_POINT('',(-1.7,-3.5,-2.5));
#13589=CARTESIAN_POINT('',(-1.7,-3.25,-2.5));
#13590=CARTESIAN_POINT('',(-2.3,-3.25,-2.5));
#13591=CARTESIAN_POINT('',(-2.3,-3.25,-2.1));
#13592=CARTESIAN_POINT('',(-1.7,-3.25,-2.1));
#13593=CARTESIAN_POINT('',(-1.7,-3.25,-2.1));
#13594=CARTESIAN_POINT('',(-1.7,-3.25,-2.5));
#13595=CARTESIAN_POINT('',(-1.7,-2.9,-2.1));
#13596=CARTESIAN_POINT('',(-2.3,-2.9,-2.1));
#13597=CARTESIAN_POINT('',(-2.3,-2.9,-1.75));
#13598=CARTESIAN_POINT('',(-1.7,-2.9,-1.75));
#13599=CARTESIAN_POINT('',(-1.7,-2.9,-1.75));
#13600=CARTESIAN_POINT('',(-1.7,-2.9,-2.1));
#13601=CARTESIAN_POINT('',(-1.7,-2.9,-1.75));
#13602=CARTESIAN_POINT('',(-2.3,-2.9,-1.75));
#13603=CARTESIAN_POINT('',(-2.3,-2.6,-1.75));
#13604=CARTESIAN_POINT('',(-1.7,-2.6,-1.75));
#13605=CARTESIAN_POINT('',(-1.7,-2.6,-1.75));
#13606=CARTESIAN_POINT('',(-1.7,-2.9,-1.75));
#13607=CARTESIAN_POINT('',(-1.7,-2.54999999999999,-1.5));
#13608=CARTESIAN_POINT('',(-2.3,-2.54999999999999,-1.5));
#13609=CARTESIAN_POINT('',(-2.3,-2.54999999999999,-1.5));
#13610=CARTESIAN_POINT('',(-1.7,-2.54999999999999,-1.5));
#13611=CARTESIAN_POINT('',(-1.7,-2.54999999999999,-1.5));
#13612=CARTESIAN_POINT('',(-1.7,-2.54999999999999,-1.5));
#13613=CARTESIAN_POINT('',(-1.7,-2.6,-1.35));
#13614=CARTESIAN_POINT('',(-2.3,-2.6,-1.35));
#13615=CARTESIAN_POINT('',(-1.7,-2.6,-1.35));
#13616=CARTESIAN_POINT('',(-1.7,-2.55,-1.4));
#13617=CARTESIAN_POINT('',(-2.3,-2.55,-1.4));
#13618=CARTESIAN_POINT('',(-1.7,-2.55,-1.4));
#13619=CARTESIAN_POINT('',(-2.3,-2.9,2.1));
#13620=CARTESIAN_POINT('',(-1.7,-2.9,2.1));
#13621=CARTESIAN_POINT('',(-1.7,-2.9,2.1));
#13622=CARTESIAN_POINT('',(-1.7,-2.6,1.35));
#13623=CARTESIAN_POINT('',(-1.7,-2.6,1.75));
#13624=CARTESIAN_POINT('',(-1.7,-2.6,1.75));
#13625=CARTESIAN_POINT('',(-1.7,-2.9,1.75));
#13626=CARTESIAN_POINT('',(-1.7,-2.9,2.1));
#13627=CARTESIAN_POINT('',(-1.7,-3.25,2.1));
#13628=CARTESIAN_POINT('',(-1.7,-3.25,2.1));
#13629=CARTESIAN_POINT('',(-1.7,-3.25,2.5));
#13630=CARTESIAN_POINT('',(-1.7,-3.25,2.5));
#13631=CARTESIAN_POINT('',(-1.7,-3.5,2.5));
#13632=CARTESIAN_POINT('',(-1.7,-3.5,2.5));
#13633=CARTESIAN_POINT('',(-1.7,-3.5,2.1));
#13634=CARTESIAN_POINT('',(-1.7,-2.9,2.1));
#13635=CARTESIAN_POINT('',(-1.7,-2.9,1.5));
#13636=CARTESIAN_POINT('',(-1.7,-2.9,1.5));
#13637=CARTESIAN_POINT('',(-1.7,-2.55,1.5));
#13638=CARTESIAN_POINT('',(-1.7,-2.55,1.4));
#13639=CARTESIAN_POINT('',(-2.3,-2.9,2.1));
#13640=CARTESIAN_POINT('',(-2.3,-2.6,1.35));
#13641=CARTESIAN_POINT('',(-2.3,-2.6,1.75));
#13642=CARTESIAN_POINT('',(-2.3,-2.55,1.4));
#13643=CARTESIAN_POINT('',(-2.3,-2.55,1.5));
#13644=CARTESIAN_POINT('',(-2.3,-2.9,1.5));
#13645=CARTESIAN_POINT('',(-2.3,-2.9,1.5));
#13646=CARTESIAN_POINT('',(-2.3,-2.9,2.1));
#13647=CARTESIAN_POINT('',(-2.3,-3.5,2.1));
#13648=CARTESIAN_POINT('',(-2.3,-3.5,2.5));
#13649=CARTESIAN_POINT('',(-2.3,-3.5,2.5));
#13650=CARTESIAN_POINT('',(-2.3,-3.25,2.5));
#13651=CARTESIAN_POINT('',(-2.3,-3.25,2.5));
#13652=CARTESIAN_POINT('',(-2.3,-3.25,2.1));
#13653=CARTESIAN_POINT('',(-2.3,-3.25,2.1));
#13654=CARTESIAN_POINT('',(-2.3,-2.9,2.1));
#13655=CARTESIAN_POINT('',(-2.3,-2.9,1.75));
#13656=CARTESIAN_POINT('',(-2.3,-2.6,1.75));
#13657=CARTESIAN_POINT('',(-1.7,-3.25,2.1));
#13658=CARTESIAN_POINT('',(-1.7,-3.25,2.5));
#13659=CARTESIAN_POINT('',(-1.7,-3.25,2.1));
#13660=CARTESIAN_POINT('',(-1.7,-3.25,2.5));
#13661=CARTESIAN_POINT('',(-1.7,-3.5,2.5));
#13662=CARTESIAN_POINT('',(-1.7,-3.5,2.5));
#13663=CARTESIAN_POINT('',(-1.7,-3.5,2.1));
#13664=CARTESIAN_POINT('',(-1.7,-2.9,2.1));
#13665=CARTESIAN_POINT('',(-1.7,-2.9,1.5));
#13666=CARTESIAN_POINT('',(-1.7,-2.9,1.5));
#13667=CARTESIAN_POINT('',(-1.7,-2.55,1.5));
#13668=CARTESIAN_POINT('',(-1.7,-2.55,1.4));
#13669=CARTESIAN_POINT('',(-1.7,-2.6,1.35));
#13670=CARTESIAN_POINT('',(-1.7,-2.6,1.75));
#13671=CARTESIAN_POINT('',(-1.7,-2.6,1.75));
#13672=CARTESIAN_POINT('',(-1.7,-2.9,1.75));
#13673=CARTESIAN_POINT('',(-1.7,-2.9,2.1));
#13674=CARTESIAN_POINT('',(1.7,-2.9,-2.1));
#13675=CARTESIAN_POINT('',(2.3,-2.9,-2.1));
#13676=CARTESIAN_POINT('',(2.3,-2.9,-1.5));
#13677=CARTESIAN_POINT('',(2.3,-3.5,-2.1));
#13678=CARTESIAN_POINT('',(1.7,-2.9,-1.5));
#13679=CARTESIAN_POINT('',(1.7,-2.9,-1.5));
#13680=CARTESIAN_POINT('',(1.7,-2.9,-2.1));
#13681=CARTESIAN_POINT('',(1.7,-3.5,-2.1));
#13682=CARTESIAN_POINT('',(1.7,-3.5,-2.1));
#13683=CARTESIAN_POINT('',(1.7,-3.5,-2.1));
#13684=CARTESIAN_POINT('',(2.3,-3.5,-2.1));
#13685=CARTESIAN_POINT('',(2.3,-3.5,-2.5));
#13686=CARTESIAN_POINT('',(1.7,-3.5,-2.1));
#13687=CARTESIAN_POINT('',(1.7,-3.5,-2.5));
#13688=CARTESIAN_POINT('',(1.7,-3.5,-2.5));
#13689=CARTESIAN_POINT('',(1.7,-3.5,-2.5));
#13690=CARTESIAN_POINT('',(2.3,-3.5,-2.5));
#13691=CARTESIAN_POINT('',(2.3,-3.25,-2.5));
#13692=CARTESIAN_POINT('',(1.7,-3.5,-2.5));
#13693=CARTESIAN_POINT('',(1.7,-3.25,-2.5));
#13694=CARTESIAN_POINT('',(1.7,-3.25,-2.5));
#13695=CARTESIAN_POINT('',(1.7,-3.25,-2.5));
#13696=CARTESIAN_POINT('',(2.3,-3.25,-2.5));
#13697=CARTESIAN_POINT('',(2.3,-3.25,-2.1));
#13698=CARTESIAN_POINT('',(1.7,-3.25,-2.5));
#13699=CARTESIAN_POINT('',(1.7,-3.25,-2.1));
#13700=CARTESIAN_POINT('',(1.7,-3.25,-2.1));
#13701=CARTESIAN_POINT('',(1.7,-2.9,-2.1));
#13702=CARTESIAN_POINT('',(2.3,-2.9,-2.1));
#13703=CARTESIAN_POINT('',(2.3,-2.9,-1.75));
#13704=CARTESIAN_POINT('',(1.7,-2.9,-2.1));
#13705=CARTESIAN_POINT('',(1.7,-2.9,-1.75));
#13706=CARTESIAN_POINT('',(1.7,-2.9,-1.75));
#13707=CARTESIAN_POINT('',(1.7,-2.9,-1.75));
#13708=CARTESIAN_POINT('',(2.3,-2.9,-1.75));
#13709=CARTESIAN_POINT('',(2.3,-2.6,-1.75));
#13710=CARTESIAN_POINT('',(1.7,-2.9,-1.75));
#13711=CARTESIAN_POINT('',(1.7,-2.6,-1.75));
#13712=CARTESIAN_POINT('',(1.7,-2.6,-1.75));
#13713=CARTESIAN_POINT('',(1.7,-2.54999999999999,-1.5));
#13714=CARTESIAN_POINT('',(2.3,-2.54999999999999,-1.5));
#13715=CARTESIAN_POINT('',(2.3,-2.54999999999999,-1.5));
#13716=CARTESIAN_POINT('',(1.7,-2.54999999999999,-1.5));
#13717=CARTESIAN_POINT('',(1.7,-2.54999999999999,-1.5));
#13718=CARTESIAN_POINT('',(1.7,-2.54999999999999,-1.5));
#13719=CARTESIAN_POINT('',(1.7,-2.6,-1.35));
#13720=CARTESIAN_POINT('',(2.3,-2.6,-1.35));
#13721=CARTESIAN_POINT('',(1.7,-2.6,-1.35));
#13722=CARTESIAN_POINT('',(1.7,-2.55,-1.4));
#13723=CARTESIAN_POINT('',(2.3,-2.55,-1.4));
#13724=CARTESIAN_POINT('',(1.7,-2.55,-1.4));
#13725=CARTESIAN_POINT('',(1.7,-2.9,2.1));
#13726=CARTESIAN_POINT('',(2.3,-2.9,2.1));
#13727=CARTESIAN_POINT('',(1.7,-2.9,2.1));
#13728=CARTESIAN_POINT('',(1.7,-2.6,1.35));
#13729=CARTESIAN_POINT('',(1.7,-2.6,1.75));
#13730=CARTESIAN_POINT('',(1.7,-2.55,1.4));
#13731=CARTESIAN_POINT('',(1.7,-2.55,1.5));
#13732=CARTESIAN_POINT('',(1.7,-2.9,1.5));
#13733=CARTESIAN_POINT('',(1.7,-2.9,1.5));
#13734=CARTESIAN_POINT('',(1.7,-2.9,2.1));
#13735=CARTESIAN_POINT('',(1.7,-3.5,2.1));
#13736=CARTESIAN_POINT('',(1.7,-3.5,2.5));
#13737=CARTESIAN_POINT('',(1.7,-3.5,2.5));
#13738=CARTESIAN_POINT('',(1.7,-3.25,2.5));
#13739=CARTESIAN_POINT('',(1.7,-3.25,2.5));
#13740=CARTESIAN_POINT('',(1.7,-3.25,2.1));
#13741=CARTESIAN_POINT('',(1.7,-3.25,2.1));
#13742=CARTESIAN_POINT('',(1.7,-2.9,2.1));
#13743=CARTESIAN_POINT('',(1.7,-2.9,1.75));
#13744=CARTESIAN_POINT('',(1.7,-2.6,1.75));
#13745=CARTESIAN_POINT('',(2.3,-2.9,2.1));
#13746=CARTESIAN_POINT('',(2.3,-2.6,1.35));
#13747=CARTESIAN_POINT('',(2.3,-2.6,1.75));
#13748=CARTESIAN_POINT('',(2.3,-2.6,1.75));
#13749=CARTESIAN_POINT('',(2.3,-2.9,1.75));
#13750=CARTESIAN_POINT('',(2.3,-2.9,2.1));
#13751=CARTESIAN_POINT('',(2.3,-3.25,2.1));
#13752=CARTESIAN_POINT('',(2.3,-3.25,2.1));
#13753=CARTESIAN_POINT('',(2.3,-3.25,2.5));
#13754=CARTESIAN_POINT('',(2.3,-3.25,2.5));
#13755=CARTESIAN_POINT('',(2.3,-3.5,2.5));
#13756=CARTESIAN_POINT('',(2.3,-3.5,2.5));
#13757=CARTESIAN_POINT('',(2.3,-3.5,2.1));
#13758=CARTESIAN_POINT('',(2.3,-2.9,2.1));
#13759=CARTESIAN_POINT('',(2.3,-2.9,1.5));
#13760=CARTESIAN_POINT('',(2.3,-2.9,1.5));
#13761=CARTESIAN_POINT('',(2.3,-2.55,1.5));
#13762=CARTESIAN_POINT('',(2.3,-2.55,1.4));
#13763=CARTESIAN_POINT('',(1.7,-3.25,2.1));
#13764=CARTESIAN_POINT('',(1.7,-3.25,2.1));
#13765=CARTESIAN_POINT('',(1.7,-3.25,2.5));
#13766=CARTESIAN_POINT('',(1.7,-3.25,2.5));
#13767=CARTESIAN_POINT('',(1.7,-3.5,2.5));
#13768=CARTESIAN_POINT('',(1.7,-3.5,2.5));
#13769=CARTESIAN_POINT('',(1.7,-3.5,2.1));
#13770=CARTESIAN_POINT('',(1.7,-2.9,2.1));
#13771=CARTESIAN_POINT('',(1.7,-2.9,1.5));
#13772=CARTESIAN_POINT('',(1.7,-2.9,1.5));
#13773=CARTESIAN_POINT('',(1.7,-2.55,1.5));
#13774=CARTESIAN_POINT('',(1.7,-2.55,1.4));
#13775=CARTESIAN_POINT('',(1.7,-2.6,1.35));
#13776=CARTESIAN_POINT('',(1.7,-2.6,1.75));
#13777=CARTESIAN_POINT('',(1.7,-2.6,1.75));
#13778=CARTESIAN_POINT('',(1.7,-2.9,1.75));
#13779=CARTESIAN_POINT('',(1.7,-2.9,2.1));
#13780=CARTESIAN_POINT('',(-4.3,-2.9,2.1));
#13781=CARTESIAN_POINT('',(-3.7,-2.9,2.1));
#13782=CARTESIAN_POINT('',(-3.7,-3.25,2.1));
#13783=CARTESIAN_POINT('',(-3.7,-2.9,1.75));
#13784=CARTESIAN_POINT('',(-4.3,-2.9,1.75));
#13785=CARTESIAN_POINT('',(-4.3,-2.9,1.75));
#13786=CARTESIAN_POINT('',(-4.3,-2.9,2.1));
#13787=CARTESIAN_POINT('',(-4.3,-3.25,2.1));
#13788=CARTESIAN_POINT('',(-4.3,-3.25,2.1));
#13789=CARTESIAN_POINT('',(-4.3,-2.6,1.75));
#13790=CARTESIAN_POINT('',(-3.7,-2.6,1.75));
#13791=CARTESIAN_POINT('',(-3.7,-2.6,1.75));
#13792=CARTESIAN_POINT('',(-4.3,-2.6,1.75));
#13793=CARTESIAN_POINT('',(-4.3,-2.6,1.75));
#13794=CARTESIAN_POINT('',(-4.3,-2.6,1.75));
#13795=CARTESIAN_POINT('',(-4.3,-2.6,1.35));
#13796=CARTESIAN_POINT('',(-4.3,-2.6,1.35));
#13797=CARTESIAN_POINT('',(-3.7,-2.6,1.35));
#13798=CARTESIAN_POINT('',(-4.3,-2.55,1.4));
#13799=CARTESIAN_POINT('',(-3.7,-2.55,1.4));
#13800=CARTESIAN_POINT('',(-3.7,-2.55,1.5));
#13801=CARTESIAN_POINT('',(-4.3,-2.55,1.5));
#13802=CARTESIAN_POINT('',(-4.3,-2.55,1.5));
#13803=CARTESIAN_POINT('',(-4.3,-2.55,1.4));
#13804=CARTESIAN_POINT('',(-4.3,-2.9,1.5));
#13805=CARTESIAN_POINT('',(-3.7,-2.9,1.5));
#13806=CARTESIAN_POINT('',(-3.7,-2.9,1.5));
#13807=CARTESIAN_POINT('',(-4.3,-2.9,1.5));
#13808=CARTESIAN_POINT('',(-4.3,-2.9,1.5));
#13809=CARTESIAN_POINT('',(-4.3,-2.9,1.5));
#13810=CARTESIAN_POINT('',(-4.3,-2.9,2.1));
#13811=CARTESIAN_POINT('',(-3.7,-2.9,2.1));
#13812=CARTESIAN_POINT('',(-3.7,-3.5,2.1));
#13813=CARTESIAN_POINT('',(-4.3,-3.5,2.1));
#13814=CARTESIAN_POINT('',(-4.3,-3.5,2.1));
#13815=CARTESIAN_POINT('',(-4.3,-2.9,2.1));
#13816=CARTESIAN_POINT('',(-4.3,-3.5,2.5));
#13817=CARTESIAN_POINT('',(-3.7,-3.5,2.5));
#13818=CARTESIAN_POINT('',(-3.7,-3.5,2.5));
#13819=CARTESIAN_POINT('',(-4.3,-3.5,2.5));
#13820=CARTESIAN_POINT('',(-4.3,-3.5,2.5));
#13821=CARTESIAN_POINT('',(-4.3,-3.5,2.5));
#13822=CARTESIAN_POINT('',(-4.3,-3.25,2.5));
#13823=CARTESIAN_POINT('',(-3.7,-3.25,2.5));
#13824=CARTESIAN_POINT('',(-3.7,-3.25,2.5));
#13825=CARTESIAN_POINT('',(-4.3,-3.25,2.5));
#13826=CARTESIAN_POINT('',(-4.3,-3.25,2.5));
#13827=CARTESIAN_POINT('',(-4.3,-3.25,2.5));
#13828=CARTESIAN_POINT('',(-4.3,-3.25,2.1));
#13829=CARTESIAN_POINT('',(-3.7,-3.25,2.1));
#13830=CARTESIAN_POINT('',(-4.3,-3.25,2.1));
#13831=CARTESIAN_POINT('',(-3.7,-2.9,2.1));
#13832=CARTESIAN_POINT('',(-4.3,-2.9,2.1));
#13833=CARTESIAN_POINT('',(-4.3,-2.9,2.1));
#13834=CARTESIAN_POINT('',(-4.3,-2.55,-1.4));
#13835=CARTESIAN_POINT('',(-4.3,-2.54999999999999,-1.5));
#13836=CARTESIAN_POINT('',(-4.3,-2.6,-1.35));
#13837=CARTESIAN_POINT('',(-4.3,-2.6,-1.75));
#13838=CARTESIAN_POINT('',(-4.3,-2.9,-1.75));
#13839=CARTESIAN_POINT('',(-4.3,-2.9,-1.75));
#13840=CARTESIAN_POINT('',(-4.3,-2.9,-2.1));
#13841=CARTESIAN_POINT('',(-4.3,-3.25,-2.1));
#13842=CARTESIAN_POINT('',(-4.3,-3.25,-2.5));
#13843=CARTESIAN_POINT('',(-4.3,-3.25,-2.5));
#13844=CARTESIAN_POINT('',(-4.3,-3.5,-2.5));
#13845=CARTESIAN_POINT('',(-4.3,-3.5,-2.5));
#13846=CARTESIAN_POINT('',(-4.3,-3.5,-2.1));
#13847=CARTESIAN_POINT('',(-4.3,-3.5,-2.1));
#13848=CARTESIAN_POINT('',(-4.3,-2.9,-2.1));
#13849=CARTESIAN_POINT('',(-4.3,-2.9,-1.5));
#13850=CARTESIAN_POINT('',(-4.3,-2.54999999999999,-1.5));
#13851=CARTESIAN_POINT('',(-3.7,-2.9,2.1));
#13852=CARTESIAN_POINT('',(-3.7,-2.55,-1.4));
#13853=CARTESIAN_POINT('',(-3.7,-2.54999999999999,-1.5));
#13854=CARTESIAN_POINT('',(-3.7,-2.54999999999999,-1.5));
#13855=CARTESIAN_POINT('',(-3.7,-2.9,-1.5));
#13856=CARTESIAN_POINT('',(-3.7,-2.9,-2.1));
#13857=CARTESIAN_POINT('',(-3.7,-3.5,-2.1));
#13858=CARTESIAN_POINT('',(-3.7,-3.5,-2.1));
#13859=CARTESIAN_POINT('',(-3.7,-3.5,-2.5));
#13860=CARTESIAN_POINT('',(-3.7,-3.5,-2.5));
#13861=CARTESIAN_POINT('',(-3.7,-3.25,-2.5));
#13862=CARTESIAN_POINT('',(-3.7,-3.25,-2.5));
#13863=CARTESIAN_POINT('',(-3.7,-3.25,-2.1));
#13864=CARTESIAN_POINT('',(-3.7,-2.9,-2.1));
#13865=CARTESIAN_POINT('',(-3.7,-2.9,-1.75));
#13866=CARTESIAN_POINT('',(-3.7,-2.9,-1.75));
#13867=CARTESIAN_POINT('',(-3.7,-2.6,-1.75));
#13868=CARTESIAN_POINT('',(-3.7,-2.6,-1.35));
#13869=CARTESIAN_POINT('',(-4.3,-2.55,-1.4));
#13870=CARTESIAN_POINT('',(-4.3,-2.54999999999999,-1.5));
#13871=CARTESIAN_POINT('',(-4.3,-2.54999999999999,-1.5));
#13872=CARTESIAN_POINT('',(-4.3,-2.9,-1.5));
#13873=CARTESIAN_POINT('',(-4.3,-2.9,-2.1));
#13874=CARTESIAN_POINT('',(-4.3,-3.5,-2.1));
#13875=CARTESIAN_POINT('',(-4.3,-3.5,-2.1));
#13876=CARTESIAN_POINT('',(-4.3,-3.5,-2.5));
#13877=CARTESIAN_POINT('',(-4.3,-3.5,-2.5));
#13878=CARTESIAN_POINT('',(-4.3,-3.25,-2.5));
#13879=CARTESIAN_POINT('',(-4.3,-3.25,-2.5));
#13880=CARTESIAN_POINT('',(-4.3,-3.25,-2.1));
#13881=CARTESIAN_POINT('',(-4.3,-2.9,-2.1));
#13882=CARTESIAN_POINT('',(-4.3,-2.9,-1.75));
#13883=CARTESIAN_POINT('',(-4.3,-2.9,-1.75));
#13884=CARTESIAN_POINT('',(-4.3,-2.6,-1.75));
#13885=CARTESIAN_POINT('',(-4.3,-2.6,-1.35));
#13886=CARTESIAN_POINT('',(0.,0.,0.));
#13887=CARTESIAN_POINT('',(-3.57786716920216E-15,0.,-1.83));
#13888=CARTESIAN_POINT('',(-2.7,0.,-0.75));
#13889=CARTESIAN_POINT('',(-2.7,0.,-0.75));
#13890=CARTESIAN_POINT('',(-2.7,0.,0.75));
#13891=CARTESIAN_POINT('',(-1.7,0.,-0.75));
#13892=CARTESIAN_POINT('',(-1.7,0.,-0.75));
#13893=CARTESIAN_POINT('',(-1.7,0.,0.75));
#13894=CARTESIAN_POINT('',(-1.7,0.,0.75));
#13895=CARTESIAN_POINT('',(-2.7,0.,0.75));
#13896=CARTESIAN_POINT('',(1.7,0.,-0.75));
#13897=CARTESIAN_POINT('',(1.7,0.,-0.75));
#13898=CARTESIAN_POINT('',(1.7,0.,0.75));
#13899=CARTESIAN_POINT('',(2.7,0.,-0.75));
#13900=CARTESIAN_POINT('',(2.7,0.,-0.75));
#13901=CARTESIAN_POINT('',(2.7,0.,0.75));
#13902=CARTESIAN_POINT('',(2.7,0.,0.75));
#13903=CARTESIAN_POINT('',(1.7,0.,0.75));
#13904=CARTESIAN_POINT('',(-3.57786716920216E-15,0.,1.25));
#13905=CARTESIAN_POINT('',(3.45,0.,1.25));
#13906=CARTESIAN_POINT('',(-3.45,0.,1.25));
#13907=CARTESIAN_POINT('',(3.45,0.,1.4));
#13908=CARTESIAN_POINT('',(3.45,0.,0.9));
#13909=CARTESIAN_POINT('',(3.45,0.,0.9));
#13910=CARTESIAN_POINT('',(3.65,0.,0.7));
#13911=CARTESIAN_POINT('',(3.65,0.,0.7));
#13912=CARTESIAN_POINT('',(3.65,0.,-0.7));
#13913=CARTESIAN_POINT('',(3.65,0.,-0.7));
#13914=CARTESIAN_POINT('',(3.45,0.,-0.9));
#13915=CARTESIAN_POINT('',(3.45,0.,-0.9));
#13916=CARTESIAN_POINT('',(3.45,0.,-1.25));
#13917=CARTESIAN_POINT('',(-3.57786716920216E-15,0.,-1.25));
#13918=CARTESIAN_POINT('',(2.37982954545455,0.,-1.25));
#13919=CARTESIAN_POINT('',(2.5,0.,-1.4));
#13920=CARTESIAN_POINT('',(2.359,0.,-1.22399999999999));
#13921=CARTESIAN_POINT('',(2.359,0.,-1.22399999999999));
#13922=CARTESIAN_POINT('',(1.909,0.,-1.22399999999999));
#13923=CARTESIAN_POINT('',(1.909,0.,-1.22399999999999));
#13924=CARTESIAN_POINT('',(1.83764772727271,0.,-1.25));
#13925=CARTESIAN_POINT('',(-3.57786716920216E-15,0.,-1.25));
#13926=CARTESIAN_POINT('',(0.391918358845305,0.,-1.25));
#13927=CARTESIAN_POINT('',(-3.57786716920216E-15,0.,-1.83));
#13928=CARTESIAN_POINT('',(-0.391918358845312,0.,-1.25));
#13929=CARTESIAN_POINT('',(-3.57786716920216E-15,0.,-1.25));
#13930=CARTESIAN_POINT('',(-1.83764772727273,0.,-1.25));
#13931=CARTESIAN_POINT('',(-1.426,0.,-1.4));
#13932=CARTESIAN_POINT('',(-1.909,0.,-1.224));
#13933=CARTESIAN_POINT('',(-1.909,0.,-1.224));
#13934=CARTESIAN_POINT('',(-2.359,0.,-1.224));
#13935=CARTESIAN_POINT('',(-2.359,0.,-1.224));
#13936=CARTESIAN_POINT('',(-2.37982954545455,0.,-1.25));
#13937=CARTESIAN_POINT('',(-3.57786716920216E-15,0.,-1.25));
#13938=CARTESIAN_POINT('',(-3.45,0.,-1.25));
#13939=CARTESIAN_POINT('',(-3.45,0.,-1.4));
#13940=CARTESIAN_POINT('',(-3.45,0.,-0.9));
#13941=CARTESIAN_POINT('',(-3.45,0.,-0.9));
#13942=CARTESIAN_POINT('',(-3.65,0.,-0.7));
#13943=CARTESIAN_POINT('',(-3.65,0.,-0.7));
#13944=CARTESIAN_POINT('',(-3.65,0.,0.7));
#13945=CARTESIAN_POINT('',(-3.65,0.,0.7));
#13946=CARTESIAN_POINT('',(-3.45,0.,0.9));
#13947=CARTESIAN_POINT('',(-3.45,0.,0.9));
#13948=CARTESIAN_POINT('',(-0.75,0.,0.75));
#13949=CARTESIAN_POINT('',(-0.75,0.,0.75));
#13950=CARTESIAN_POINT('',(0.75,0.,0.75));
#13951=CARTESIAN_POINT('',(-0.75,0.,-0.75));
#13952=CARTESIAN_POINT('',(-0.75,0.,-0.75));
#13953=CARTESIAN_POINT('',(0.75,0.,-0.75));
#13954=CARTESIAN_POINT('',(0.75,0.,-0.75));
#13955=CARTESIAN_POINT('',(0.75,0.,0.75));
#13956=CARTESIAN_POINT('',(-3.45,-1.,-0.9));
#13957=CARTESIAN_POINT('',(-3.45,-1.,-0.9));
#13958=CARTESIAN_POINT('',(-3.45,-1.,-0.9));
#13959=CARTESIAN_POINT('',(-3.45,-1.,-0.9));
#13960=CARTESIAN_POINT('',(-3.65,-1.,-0.7));
#13961=CARTESIAN_POINT('',(-3.65,-1.,-0.7));
#13962=CARTESIAN_POINT('',(-3.65,-1.,-0.7));
#13963=CARTESIAN_POINT('',(-3.65,-1.,-0.7));
#13964=CARTESIAN_POINT('',(-3.65,-1.,0.7));
#13965=CARTESIAN_POINT('',(-3.65,-1.,0.7));
#13966=CARTESIAN_POINT('',(-3.65,-1.,0.7));
#13967=CARTESIAN_POINT('',(-3.65,-1.,0.7));
#13968=CARTESIAN_POINT('',(-3.45,-1.,0.9));
#13969=CARTESIAN_POINT('',(-3.45,-1.,0.9));
#13970=CARTESIAN_POINT('',(-3.45,-1.,0.9));
#13971=CARTESIAN_POINT('',(-3.45,-0.325,1.575));
#13972=CARTESIAN_POINT('',(-3.45,-0.15,1.4));
#13973=CARTESIAN_POINT('',(-3.45,-1.,0.9));
#13974=CARTESIAN_POINT('',(-3.45,-1.,1.4));
#13975=CARTESIAN_POINT('',(-3.45,-1.,1.4));
#13976=CARTESIAN_POINT('',(-3.45,-1.,1.4));
#13977=CARTESIAN_POINT('',(5.,-0.15,1.4));
#13978=CARTESIAN_POINT('',(3.45,-0.15,1.4));
#13979=CARTESIAN_POINT('',(-3.45,-1.,1.4));
#13980=CARTESIAN_POINT('',(3.45,-1.,1.4));
#13981=CARTESIAN_POINT('',(3.45,-1.,1.4));
#13982=CARTESIAN_POINT('',(3.45,-1.,1.4));
#13983=CARTESIAN_POINT('',(3.45,-0.575,1.825));
#13984=CARTESIAN_POINT('',(3.45,-1.,1.4));
#13985=CARTESIAN_POINT('',(3.45,-1.,0.9));
#13986=CARTESIAN_POINT('',(3.45,-1.,0.9));
#13987=CARTESIAN_POINT('',(3.45,-1.,0.9));
#13988=CARTESIAN_POINT('',(3.45,-1.,0.9));
#13989=CARTESIAN_POINT('',(3.65,-1.,0.7));
#13990=CARTESIAN_POINT('',(3.65,-1.,0.7));
#13991=CARTESIAN_POINT('',(3.65,-1.,0.7));
#13992=CARTESIAN_POINT('',(3.65,-1.,0.7));
#13993=CARTESIAN_POINT('',(3.65,-1.,-0.7));
#13994=CARTESIAN_POINT('',(3.65,-1.,-0.7));
#13995=CARTESIAN_POINT('',(3.65,-1.,-0.7));
#13996=CARTESIAN_POINT('',(3.65,-1.,-0.7));
#13997=CARTESIAN_POINT('',(3.45,-1.,-0.9));
#13998=CARTESIAN_POINT('',(3.45,-1.,-0.9));
#13999=CARTESIAN_POINT('',(3.45,-1.,-0.9));
#14000=CARTESIAN_POINT('',(3.45,-0.325,-1.575));
#14001=CARTESIAN_POINT('',(3.45,-0.15,-1.4));
#14002=CARTESIAN_POINT('',(3.45,-1.,-0.9));
#14003=CARTESIAN_POINT('',(3.45,-1.,-1.4));
#14004=CARTESIAN_POINT('',(3.45,-1.,-1.4));
#14005=CARTESIAN_POINT('',(3.45,-1.,-1.4));
#14006=CARTESIAN_POINT('',(5.,-0.15,-1.4));
#14007=CARTESIAN_POINT('',(2.5,-0.15,-1.4));
#14008=CARTESIAN_POINT('',(3.45,-1.,-1.4));
#14009=CARTESIAN_POINT('',(2.5,-1.,-1.4));
#14010=CARTESIAN_POINT('',(2.5,-1.,-1.4));
#14011=CARTESIAN_POINT('',(2.5,-1.,-1.4));
#14012=CARTESIAN_POINT('',(2.75776398274535,-0.471747950093487,-1.72174795009349));
#14013=CARTESIAN_POINT('',(2.5,-1.,-1.4));
#14014=CARTESIAN_POINT('',(2.359,-1.,-1.22399999999999));
#14015=CARTESIAN_POINT('',(2.359,-1.,-1.22399999999999));
#14016=CARTESIAN_POINT('',(2.359,-1.,-1.22399999999999));
#14017=CARTESIAN_POINT('',(2.359,-1.,-1.22399999999999));
#14018=CARTESIAN_POINT('',(1.909,-1.,-1.22399999999999));
#14019=CARTESIAN_POINT('',(1.909,-1.,-1.22399999999999));
#14020=CARTESIAN_POINT('',(1.909,-1.,-1.22399999999999));
#14021=CARTESIAN_POINT('',(1.61358639552094,-0.0816455370358434,-1.33164553703584));
#14022=CARTESIAN_POINT('',(1.42599999999999,-0.15,-1.4));
#14023=CARTESIAN_POINT('',(1.909,-1.,-1.22399999999999));
#14024=CARTESIAN_POINT('',(1.42599999999999,-1.,-1.4));
#14025=CARTESIAN_POINT('',(1.42599999999999,-1.,-1.4));
#14026=CARTESIAN_POINT('',(1.42599999999999,-1.,-1.4));
#14027=CARTESIAN_POINT('',(5.,-0.15,-1.4));
#14028=CARTESIAN_POINT('',(0.552358579185655,-0.15,-1.4));
#14029=CARTESIAN_POINT('',(1.42599999999999,-1.,-1.4));
#14030=CARTESIAN_POINT('',(0.552358579185655,-1.,-1.4));
#14031=CARTESIAN_POINT('',(0.552358579185655,-1.,-1.4));
#14032=CARTESIAN_POINT('',(-3.57786716920216E-15,-1.,-1.83));
#14033=CARTESIAN_POINT('',(-3.57786716920216E-15,-0.58,-1.83));
#14034=CARTESIAN_POINT('',(-3.57786716920216E-15,-1.,-1.83));
#14035=CARTESIAN_POINT('',(-0.552358579185663,-1.,-1.4));
#14036=CARTESIAN_POINT('',(-0.552358579185663,-1.,-1.4));
#14037=CARTESIAN_POINT('',(-0.552358579185663,-0.15,-1.4));
#14038=CARTESIAN_POINT('',(-3.57786716920216E-15,-0.58,-1.83));
#14039=CARTESIAN_POINT('',(-0.552358579185663,-1.,-1.4));
#14040=CARTESIAN_POINT('',(5.,-0.15,-1.4));
#14041=CARTESIAN_POINT('',(-1.426,-0.15,-1.4));
#14042=CARTESIAN_POINT('',(-0.552358579185663,-1.,-1.4));
#14043=CARTESIAN_POINT('',(-1.426,-1.,-1.4));
#14044=CARTESIAN_POINT('',(-1.426,-1.,-1.4));
#14045=CARTESIAN_POINT('',(-1.426,-1.,-1.4));
#14046=CARTESIAN_POINT('',(-1.18126163371618,-0.239180025809424,-1.48918002580942));
#14047=CARTESIAN_POINT('',(-1.426,-1.,-1.4));
#14048=CARTESIAN_POINT('',(-1.909,-1.,-1.224));
#14049=CARTESIAN_POINT('',(-1.909,-1.,-1.224));
#14050=CARTESIAN_POINT('',(-1.909,-1.,-1.224));
#14051=CARTESIAN_POINT('',(-1.909,-1.,-1.224));
#14052=CARTESIAN_POINT('',(-2.359,-1.,-1.224));
#14053=CARTESIAN_POINT('',(-2.359,-1.,-1.224));
#14054=CARTESIAN_POINT('',(-2.359,-1.,-1.224));
#14055=CARTESIAN_POINT('',(-2.67013628976085,-0.36236870211284,-1.61236870211284));
#14056=CARTESIAN_POINT('',(-2.5,-0.15,-1.4));
#14057=CARTESIAN_POINT('',(-2.359,-1.,-1.224));
#14058=CARTESIAN_POINT('',(-2.5,-1.,-1.4));
#14059=CARTESIAN_POINT('',(-2.5,-1.,-1.4));
#14060=CARTESIAN_POINT('',(-2.5,-1.,-1.4));
#14061=CARTESIAN_POINT('',(5.,-0.15,-1.4));
#14062=CARTESIAN_POINT('',(-3.45,-0.15,-1.4));
#14063=CARTESIAN_POINT('',(-2.5,-1.,-1.4));
#14064=CARTESIAN_POINT('',(-3.45,-1.,-1.4));
#14065=CARTESIAN_POINT('',(-3.45,-1.,-1.4));
#14066=CARTESIAN_POINT('',(-3.45,-1.,-1.4));
#14067=CARTESIAN_POINT('',(-3.45,-0.575,-1.825));
#14068=CARTESIAN_POINT('',(-3.45,-1.,-1.4));
#14069=CARTESIAN_POINT('',(-3.57786716920216E-15,-1.,-1.83));
#14070=CARTESIAN_POINT('',(5.,-0.15,-1.4));
#14071=CARTESIAN_POINT('',(5.,-0.15,-1.4));
#14072=CARTESIAN_POINT('',(5.,-0.15,-1.4));
#14073=CARTESIAN_POINT('',(5.,-0.15,-1.4));
#14074=CARTESIAN_POINT('',(5.,0.,1.25));
#14075=CARTESIAN_POINT('',(1.7,-0.5,-0.75));
#14076=CARTESIAN_POINT('',(1.7,-0.5,0.75));
#14077=CARTESIAN_POINT('',(1.7,-0.5,0.75));
#14078=CARTESIAN_POINT('',(1.7,-0.5,-0.75));
#14079=CARTESIAN_POINT('',(1.7,-0.5,-0.75));
#14080=CARTESIAN_POINT('',(1.7,-0.5,-0.75));
#14081=CARTESIAN_POINT('',(1.7,-0.5,0.75));
#14082=CARTESIAN_POINT('',(2.7,-0.5,0.75));
#14083=CARTESIAN_POINT('',(2.7,-0.5,0.75));
#14084=CARTESIAN_POINT('',(1.7,-0.5,0.75));
#14085=CARTESIAN_POINT('',(2.7,-0.5,0.75));
#14086=CARTESIAN_POINT('',(2.7,-0.5,-0.75));
#14087=CARTESIAN_POINT('',(2.7,-0.5,-0.75));
#14088=CARTESIAN_POINT('',(2.7,-0.5,0.75));
#14089=CARTESIAN_POINT('',(2.7,-0.5,-0.75));
#14090=CARTESIAN_POINT('',(2.7,-0.5,-0.75));
#14091=CARTESIAN_POINT('',(0.,-0.5,0.));
#14092=CARTESIAN_POINT('',(-2.7,-0.5,-0.75));
#14093=CARTESIAN_POINT('',(-2.7,-0.5,0.75));
#14094=CARTESIAN_POINT('',(-2.7,-0.5,0.75));
#14095=CARTESIAN_POINT('',(-2.7,-0.5,-0.75));
#14096=CARTESIAN_POINT('',(-2.7,-0.5,-0.75));
#14097=CARTESIAN_POINT('',(-2.7,-0.5,-0.75));
#14098=CARTESIAN_POINT('',(-2.7,-0.5,0.75));
#14099=CARTESIAN_POINT('',(-1.7,-0.5,0.75));
#14100=CARTESIAN_POINT('',(-1.7,-0.5,0.75));
#14101=CARTESIAN_POINT('',(-2.7,-0.5,0.75));
#14102=CARTESIAN_POINT('',(-1.7,-0.5,0.75));
#14103=CARTESIAN_POINT('',(-1.7,-0.5,-0.75));
#14104=CARTESIAN_POINT('',(-1.7,-0.5,-0.75));
#14105=CARTESIAN_POINT('',(-1.7,-0.5,0.75));
#14106=CARTESIAN_POINT('',(-1.7,-0.5,-0.75));
#14107=CARTESIAN_POINT('',(-1.7,-0.5,-0.75));
#14108=CARTESIAN_POINT('',(0.,-0.5,0.));
#14109=CARTESIAN_POINT('',(-0.75,2.25,-0.75));
#14110=CARTESIAN_POINT('',(-0.75,2.25,0.75));
#14111=CARTESIAN_POINT('',(-0.75,2.25,0.75));
#14112=CARTESIAN_POINT('',(-0.75,2.25,-0.75));
#14113=CARTESIAN_POINT('',(-0.75,2.25,-0.75));
#14114=CARTESIAN_POINT('',(-0.75,2.25,-0.75));
#14115=CARTESIAN_POINT('',(-0.75,2.25,0.75));
#14116=CARTESIAN_POINT('',(0.75,2.25,0.75));
#14117=CARTESIAN_POINT('',(0.75,2.25,0.75));
#14118=CARTESIAN_POINT('',(-0.75,2.25,0.75));
#14119=CARTESIAN_POINT('',(0.75,2.25,0.75));
#14120=CARTESIAN_POINT('',(0.75,2.25,-0.75));
#14121=CARTESIAN_POINT('',(0.75,2.25,-0.75));
#14122=CARTESIAN_POINT('',(0.75,2.25,0.75));
#14123=CARTESIAN_POINT('',(0.75,2.25,-0.75));
#14124=CARTESIAN_POINT('',(0.75,2.25,-0.75));
#14125=CARTESIAN_POINT('',(0.,2.25,0.));
#14126=CARTESIAN_POINT('',(0.,-0.25,-3.06161699786838E-17));
#14127=MECHANICAL_DESIGN_GEOMETRIC_PRESENTATION_REPRESENTATION('',(#6770,
#6771,#6772,#6773,#6774,#6775,#6776,#6777,#6778,#6779,#6780,#6781,#6782,
#6783,#6784,#6785,#6786,#6787,#6788,#6789,#6790,#6791,#6792,#6793,#6794,
#6795,#6796,#6797,#6798,#6799,#6800,#6801,#6802,#6803,#6804,#6805,#6806,
#6807,#6808,#6809,#6810,#6811,#6812,#6813,#6814,#6815,#6816,#6817,#6818,
#6819,#6820,#6821,#6822,#6823,#6824,#6825,#6826,#6827,#6828,#6829,#6830,
#6831,#6832,#6833,#6834,#6835,#6836,#6837,#6838,#6839,#6840,#6841,#6842,
#6843,#6844,#6845,#6846,#6847,#6848,#6849,#6850,#6851,#6852,#6853,#6854,
#6855,#6856,#6857,#6858,#6859,#6860,#6861,#6862,#6863,#6864,#6865,#6866,
#6867,#6868,#6869,#6870,#6871,#6872,#6873,#6874,#6875,#6876,#6877,#6878,
#6879,#6880,#6881,#6882,#6883,#6884,#6885,#6886,#6887,#6888,#6889,#6890,
#6891,#6892,#6893,#6894,#6895,#6896,#6897,#6898,#6899,#6900,#6901,#6902,
#6903,#6904,#6905,#6906,#6907,#6908,#6909,#6910,#6911,#6912,#6913,#6914,
#6915,#6916,#6917,#6918,#6919,#6920,#6921,#6922,#6923,#6924,#6925,#6926,
#6927,#6928,#6929,#6930,#6931,#6932,#6933,#6934,#6935,#6936,#6937,#6938,
#6939,#6940,#6941,#6942,#6943,#6944,#6945,#6946,#6947,#6948,#6949,#6950,
#6951,#6952,#6953,#6954,#6955,#6956,#6957,#6958,#6959,#6960,#6961,#6962,
#6963,#6964,#6965,#6966,#6967,#6968,#6969,#6970,#6971,#6972,#6973,#6974,
#6975,#6976,#6977,#6978,#6979,#6980,#6981,#6982,#6983,#6984,#6985,#6986,
#6987,#6988,#6989,#6990,#6991,#6992,#6993,#6994,#6995,#6996,#6997,#6998,
#6999,#7000,#7001,#7002,#7003,#7004,#7005,#7006,#7007,#7008,#7009,#7010,
#7011,#7012,#7013,#7014,#7015,#7016,#7017,#7018,#7019,#7020,#7021,#7022,
#7023,#7024,#7025,#7026,#7027,#7028,#7029,#7030,#7031,#7032,#7033,#7034,
#7035,#7036,#7037,#7038,#7039,#7040,#7041,#7042,#7043,#7044,#7045,#7046,
#7047,#7048,#7049,#7050,#7051,#7052,#7053,#7054,#7055,#7056,#7057,#7058,
#7059,#7060,#7061,#7062,#7063,#7064,#7065,#7066,#7067,#7068,#7069,#7070,
#7071,#7072,#7073,#7074,#7075,#7076,#7077,#7078,#7079,#7080,#7081,#7082,
#7083,#7084,#7085,#7086,#7087,#7088,#7089,#7090,#7091),#14128);
#14128=(
GEOMETRIC_REPRESENTATION_CONTEXT(3)
GLOBAL_UNCERTAINTY_ASSIGNED_CONTEXT((#14131))
GLOBAL_UNIT_ASSIGNED_CONTEXT((#14136,#14135,#14134))
REPRESENTATION_CONTEXT('CL-SB-23B-01T','TOP_LEVEL_ASSEMBLY_PART')
);
#14129=(
GEOMETRIC_REPRESENTATION_CONTEXT(3)
GLOBAL_UNCERTAINTY_ASSIGNED_CONTEXT((#14132))
GLOBAL_UNIT_ASSIGNED_CONTEXT((#14136,#14135,#14134))
REPRESENTATION_CONTEXT('23B-01_c','COMPONENT_PART')
);
#14130=(
GEOMETRIC_REPRESENTATION_CONTEXT(3)
GLOBAL_UNCERTAINTY_ASSIGNED_CONTEXT((#14133))
GLOBAL_UNIT_ASSIGNED_CONTEXT((#14136,#14135,#14134))
REPRESENTATION_CONTEXT('3Top setting_s','COMPONENT_PART')
);
#14131=UNCERTAINTY_MEASURE_WITH_UNIT(LENGTH_MEASURE(1.E-5),#14136,
'DISTANCE_ACCURACY_VALUE','Maximum Tolerance applied to model');
#14132=UNCERTAINTY_MEASURE_WITH_UNIT(LENGTH_MEASURE(1.E-5),#14136,
'DISTANCE_ACCURACY_VALUE','Maximum Tolerance applied to model');
#14133=UNCERTAINTY_MEASURE_WITH_UNIT(LENGTH_MEASURE(1.E-5),#14136,
'DISTANCE_ACCURACY_VALUE','Maximum Tolerance applied to model');
#14134=(
NAMED_UNIT(*)
SI_UNIT($,.STERADIAN.)
SOLID_ANGLE_UNIT()
);
#14135=(
NAMED_UNIT(*)
PLANE_ANGLE_UNIT()
SI_UNIT($,.RADIAN.)
);
#14136=(
LENGTH_UNIT()
NAMED_UNIT(*)
SI_UNIT(.MILLI.,.METRE.)
);
#14137=PRODUCT_DEFINITION_SHAPE('','',#14142);
#14138=PRODUCT_DEFINITION_SHAPE('','',#14143);
#14139=PRODUCT_DEFINITION_SHAPE(' ','NAUO PRDDFN',#15);
#14140=PRODUCT_DEFINITION_SHAPE('','',#14144);
#14141=PRODUCT_DEFINITION_SHAPE(' ','NAUO PRDDFN',#16);
#14142=PRODUCT_DEFINITION('','',#14148,#14145);
#14143=PRODUCT_DEFINITION('','',#14149,#14146);
#14144=PRODUCT_DEFINITION('','',#14150,#14147);
#14145=PRODUCT_DEFINITION_CONTEXT('',#14164,'design');
#14146=PRODUCT_DEFINITION_CONTEXT('',#14164,'design');
#14147=PRODUCT_DEFINITION_CONTEXT('',#14164,'design');
#14148=PRODUCT_DEFINITION_FORMATION_WITH_SPECIFIED_SOURCE('','',#14154,
 .NOT_KNOWN.);
#14149=PRODUCT_DEFINITION_FORMATION_WITH_SPECIFIED_SOURCE('','',#14155,
 .NOT_KNOWN.);
#14150=PRODUCT_DEFINITION_FORMATION_WITH_SPECIFIED_SOURCE('','',#14156,
 .NOT_KNOWN.);
#14151=PRODUCT_RELATED_PRODUCT_CATEGORY('','',(#14154));
#14152=PRODUCT_RELATED_PRODUCT_CATEGORY('','',(#14155));
#14153=PRODUCT_RELATED_PRODUCT_CATEGORY('','',(#14156));
#14154=PRODUCT('CL-SB-23B-01T','CL-SB-23B-01T','CL-SB-23B-01T',(#14160));
#14155=PRODUCT('23B-01_c','23B-01_c','23B-01_c',(#14161));
#14156=PRODUCT('3Top setting_s','3Top setting_s','3Top setting_s',(#14162));
#14157=PRODUCT_CATEGORY('','');
#14158=PRODUCT_CATEGORY('','');
#14159=PRODUCT_CATEGORY('','');
#14160=PRODUCT_CONTEXT('',#14164,'mechanical');
#14161=PRODUCT_CONTEXT('',#14164,'mechanical');
#14162=PRODUCT_CONTEXT('',#14164,'mechanical');
#14163=APPLICATION_PROTOCOL_DEFINITION('international standard',
'ap242_managed_model_based_3d_engineering',2011,#14164);
#14164=APPLICATION_CONTEXT('managed model based 3d engineering');
ENDSEC;
END-ISO-10303-21;
