ISO-10303-21;
HEADER;
FILE_DESCRIPTION(('STEP AP242'),'1');
FILE_NAME('0015247061.stp','2026-01-04T01:03:01',('TraceParts'),('TraceParts S.A.S.'),'Spatial InterOp 3D',' ',' ');
FILE_SCHEMA(('AP242_MANAGED_MODEL_BASED_3D_ENGINEERING_MIM_LF  {1 0 10303 442 1 1 4}'));
ENDSEC;
DATA;
#1=PRODUCT_DEFINITION_CONTEXT('',#10,'design');
#2=APPLICATION_PROTOCOL_DEFINITION('INTERNATIONAL STANDARD','ap242_managed_model_based_3d_engineering',2014,#10);
#3=PRODUCT_CATEGORY_RELATIONSHIP('NONE','NONE',#11,#12);
#4=SHAPE_DEFINITION_REPRESENTATION(#13,#14);
#5=SHAPE_DEFINITION_REPRESENTATION(#13,#15);
#6= (GEOMETRIC_REPRESENTATION_CONTEXT(3)GLOBAL_UNCERTAINTY_ASSIGNED_CONTEXT((#18))GLOBAL_UNIT_ASSIGNED_CONTEXT((#20,#21,#22))REPRESENTATION_CONTEXT('NONE','WORKSPACE'));
#10=APPLICATION_CONTEXT('managed model based 3d engineering');
#11=PRODUCT_CATEGORY('part','NONE');
#12=PRODUCT_RELATED_PRODUCT_CATEGORY('detail',' ',(#24));
#13=PRODUCT_DEFINITION_SHAPE('NONE','NONE',#25);
#14=ADVANCED_BREP_SHAPE_REPRESENTATION('015247061',(#26,#27),#6);
#15=GEOMETRICALLY_BOUNDED_SURFACE_SHAPE_REPRESENTATION('1',(#28,#29),#6);
#18=UNCERTAINTY_MEASURE_WITH_UNIT(LENGTH_MEASURE(1.0E-06),#20,'','');
#20= (CONVERSION_BASED_UNIT('MILLIMETRE',#32)LENGTH_UNIT()NAMED_UNIT(#35));
#21= (NAMED_UNIT(#37)PLANE_ANGLE_UNIT()SI_UNIT($,.RADIAN.));
#22= (NAMED_UNIT(#37)SOLID_ANGLE_UNIT()SI_UNIT($,.STERADIAN.));
#24=PRODUCT('015247061','015247061','PART-015247061-DESC',(#43));
#25=PRODUCT_DEFINITION('','NONE',#44,#1);
#26=MANIFOLD_SOLID_BREP('015247061',#45);
#27=AXIS2_PLACEMENT_3D('',#46,#47,#48);
#28=GEOMETRIC_SET('1',(#49,#50,#51,#52,#53,#54,#55,#56,#57));
#29=AXIS2_PLACEMENT_3D('',#58,#59,#60);
#32=LENGTH_MEASURE_WITH_UNIT(LENGTH_MEASURE(1.0),#61);
#35=DIMENSIONAL_EXPONENTS(1.0,0.0,0.0,0.0,0.0,0.0,0.0);
#37=DIMENSIONAL_EXPONENTS(0.0,0.0,0.0,0.0,0.0,0.0,0.0);
#43=PRODUCT_CONTEXT('',#10,'mechanical');
#44=PRODUCT_DEFINITION_FORMATION_WITH_SPECIFIED_SOURCE(' ','NONE',#24,.NOT_KNOWN.);
#45=CLOSED_SHELL('',(#62,#63,#64,#65,#66,#67,#68,#69,#70,#71,#72,#73,#74,#75,#76,#77,#78,#79,#80,#81,#82,#83,#84,#85,#86,#87,#88,#89,#90,#91,#92,#93,#94,#95,#96,#97,#98,#99,#100,#101,#102,#103,#104,#105,#106,#107,#108,#109,#110,#111,#112,#113,#114,#115,#116,#117,#118,#119,#120,#121,#122,#123,#124,#125,#126,#127,#128,#129,#130,#131,#132,#133,#134,#135,#136,#137,#138,#139,#140,#141,#142,#143,#144,#145,#146,#147,#148,#149,#150,#151,#152,#153,#154,#155,#156,#157,#158,#159,#160,#161,#162,#163,#164,#165,#166,#167,#168,#169,#170,#171,#172,#173,#174,#175,#176,#177,#178,#179,#180,#181,#182,#183,#184,#185,#186,#187,#188,#189,#190,#191,#192,#193,#194,#195,#196,#197,#198,#199,#200,#201,#202,#203,#204,#205,#206,#207,#208,#209,#210,#211,#212,#213,#214,#215,#216,#217,#218,#219,#220,#221,#222,#223,#224,#225,#226,#227,#228,#229,#230,#231,#232,#233,#234,#235,#236,#237,#238,#239,#240,#241,#242,#243,#244,#245,#246,#247,#248,#249,#250,#251,#252,#253,#254,#255,#256,#257,#258,#259,#260,#261,#262,#263,#264,#265,#266,#267,#268,#269,#270,#271,#272,#273,#274,#275,#276,#277,#278,#279,#280,#281,#282,#283,#284,#285,#286,#287,#288,#289,#290,#291,#292,#293,#294,#295,#296,#297,#298,#299,#300,#301,#302,#303,#304,#305,#306,#307,#308,#309,#310,#311,#312,#313,#314,#315,#316,#317,#318,#319,#320,#321,#322,#323,#324,#325,#326,#327,#328,#329,#330,#331,#332,#333,#334,#335,#336,#337,#338,#339));
#46=CARTESIAN_POINT('',(0.0,0.0,0.0));
#47=DIRECTION('',(0.0,0.0,1.0));
#48=DIRECTION('',(1.0,0.0,0.0));
#49=COMPOSITE_CURVE('015247061',(#340,#341),.U.);
#50=COMPOSITE_CURVE('015247061',(#342,#343),.U.);
#51=COMPOSITE_CURVE('015247061',(#344,#345),.U.);
#52=COMPOSITE_CURVE('015247061',(#346,#347),.U.);
#53=COMPOSITE_CURVE('015247061',(#348,#349),.U.);
#54=COMPOSITE_CURVE('015247061',(#350,#351),.U.);
#55=COMPOSITE_CURVE('015247061',(#352,#353),.U.);
#56=COMPOSITE_CURVE('015247061',(#354,#355),.U.);
#57=COMPOSITE_CURVE('015247061',(#356,#357),.U.);
#58=CARTESIAN_POINT('',(0.0,0.0,0.0));
#59=DIRECTION('',(0.0,0.0,1.0));
#60=DIRECTION('',(1.0,0.0,0.0));
#61= (NAMED_UNIT(#35)LENGTH_UNIT()SI_UNIT(.MILLI.,.METRE.));
#62=ADVANCED_FACE('',(#359),#360,.T.);
#63=ADVANCED_FACE('',(#361),#362,.T.);
#64=ADVANCED_FACE('',(#363),#364,.T.);
#65=ADVANCED_FACE('',(#365),#366,.T.);
#66=ADVANCED_FACE('',(#367),#368,.T.);
#67=ADVANCED_FACE('',(#369),#370,.T.);
#68=ADVANCED_FACE('',(#371),#372,.T.);
#69=ADVANCED_FACE('',(#373),#374,.T.);
#70=ADVANCED_FACE('',(#375),#376,.T.);
#71=ADVANCED_FACE('',(#377,#378,#379,#380),#381,.T.);
#72=ADVANCED_FACE('',(#382),#383,.T.);
#73=ADVANCED_FACE('',(#384),#385,.T.);
#74=ADVANCED_FACE('',(#386),#387,.T.);
#75=ADVANCED_FACE('',(#388),#389,.F.);
#76=ADVANCED_FACE('',(#390),#391,.F.);
#77=ADVANCED_FACE('',(#392),#393,.F.);
#78=ADVANCED_FACE('',(#394),#395,.F.);
#79=ADVANCED_FACE('',(#396),#397,.F.);
#80=ADVANCED_FACE('',(#398),#399,.F.);
#81=ADVANCED_FACE('',(#400),#401,.F.);
#82=ADVANCED_FACE('',(#402),#403,.F.);
#83=ADVANCED_FACE('',(#404),#405,.F.);
#84=ADVANCED_FACE('',(#406),#407,.F.);
#85=ADVANCED_FACE('',(#408),#409,.F.);
#86=ADVANCED_FACE('',(#410),#411,.F.);
#87=ADVANCED_FACE('',(#412),#413,.F.);
#88=ADVANCED_FACE('',(#414),#415,.F.);
#89=ADVANCED_FACE('',(#416),#417,.F.);
#90=ADVANCED_FACE('',(#418),#419,.F.);
#91=ADVANCED_FACE('',(#420),#421,.F.);
#92=ADVANCED_FACE('',(#422),#423,.F.);
#93=ADVANCED_FACE('',(#424,#425,#426,#427,#428,#429,#430,#431,#432,#433,#434,#435,#436,#437,#438,#439,#440,#441,#442),#443,.T.);
#94=ADVANCED_FACE('',(#444),#445,.T.);
#95=ADVANCED_FACE('',(#446),#447,.T.);
#96=ADVANCED_FACE('',(#448),#449,.T.);
#97=ADVANCED_FACE('',(#450),#451,.T.);
#98=ADVANCED_FACE('',(#452),#453,.T.);
#99=ADVANCED_FACE('',(#454),#455,.T.);
#100=ADVANCED_FACE('',(#456),#457,.T.);
#101=ADVANCED_FACE('',(#458),#459,.T.);
#102=ADVANCED_FACE('',(#460),#461,.T.);
#103=ADVANCED_FACE('',(#462),#463,.T.);
#104=ADVANCED_FACE('',(#464),#465,.T.);
#105=ADVANCED_FACE('',(#466),#467,.T.);
#106=ADVANCED_FACE('',(#468),#469,.T.);
#107=ADVANCED_FACE('',(#470),#471,.T.);
#108=ADVANCED_FACE('',(#472),#473,.T.);
#109=ADVANCED_FACE('',(#474),#475,.T.);
#110=ADVANCED_FACE('',(#476),#477,.T.);
#111=ADVANCED_FACE('',(#478),#479,.T.);
#112=ADVANCED_FACE('',(#480),#481,.T.);
#113=ADVANCED_FACE('',(#482),#483,.T.);
#114=ADVANCED_FACE('',(#484),#485,.T.);
#115=ADVANCED_FACE('',(#486),#487,.T.);
#116=ADVANCED_FACE('',(#488),#489,.T.);
#117=ADVANCED_FACE('',(#490),#491,.T.);
#118=ADVANCED_FACE('',(#492),#493,.T.);
#119=ADVANCED_FACE('',(#494),#495,.T.);
#120=ADVANCED_FACE('',(#496),#497,.T.);
#121=ADVANCED_FACE('',(#498),#499,.T.);
#122=ADVANCED_FACE('',(#500),#501,.T.);
#123=ADVANCED_FACE('',(#502),#503,.T.);
#124=ADVANCED_FACE('',(#504),#505,.T.);
#125=ADVANCED_FACE('',(#506),#507,.T.);
#126=ADVANCED_FACE('',(#508),#509,.F.);
#127=ADVANCED_FACE('',(#510),#511,.F.);
#128=ADVANCED_FACE('',(#512),#513,.T.);
#129=ADVANCED_FACE('',(#514),#515,.F.);
#130=ADVANCED_FACE('',(#516),#517,.F.);
#131=ADVANCED_FACE('',(#518),#519,.T.);
#132=ADVANCED_FACE('',(#520),#521,.T.);
#133=ADVANCED_FACE('',(#522),#523,.F.);
#134=ADVANCED_FACE('',(#524),#525,.T.);
#135=ADVANCED_FACE('',(#526),#527,.F.);
#136=ADVANCED_FACE('',(#528),#529,.T.);
#137=ADVANCED_FACE('',(#530),#531,.T.);
#138=ADVANCED_FACE('',(#532),#533,.F.);
#139=ADVANCED_FACE('',(#534),#535,.F.);
#140=ADVANCED_FACE('',(#536),#537,.F.);
#141=ADVANCED_FACE('',(#538),#539,.F.);
#142=ADVANCED_FACE('',(#540),#541,.T.);
#143=ADVANCED_FACE('',(#542),#543,.T.);
#144=ADVANCED_FACE('',(#544),#545,.T.);
#145=ADVANCED_FACE('',(#546),#547,.T.);
#146=ADVANCED_FACE('',(#548),#549,.F.);
#147=ADVANCED_FACE('',(#550),#551,.F.);
#148=ADVANCED_FACE('',(#552),#553,.F.);
#149=ADVANCED_FACE('',(#554),#555,.F.);
#150=ADVANCED_FACE('',(#556),#557,.T.);
#151=ADVANCED_FACE('',(#558),#559,.T.);
#152=ADVANCED_FACE('',(#560),#561,.F.);
#153=ADVANCED_FACE('',(#562),#563,.F.);
#154=ADVANCED_FACE('',(#564),#565,.F.);
#155=ADVANCED_FACE('',(#566),#567,.T.);
#156=ADVANCED_FACE('',(#568),#569,.F.);
#157=ADVANCED_FACE('',(#570),#571,.F.);
#158=ADVANCED_FACE('',(#572),#573,.T.);
#159=ADVANCED_FACE('',(#574),#575,.F.);
#160=ADVANCED_FACE('',(#576),#577,.F.);
#161=ADVANCED_FACE('',(#578),#579,.F.);
#162=ADVANCED_FACE('',(#580),#581,.F.);
#163=ADVANCED_FACE('',(#582),#583,.F.);
#164=ADVANCED_FACE('',(#584),#585,.F.);
#165=ADVANCED_FACE('',(#586),#587,.F.);
#166=ADVANCED_FACE('',(#588),#589,.F.);
#167=ADVANCED_FACE('',(#590),#591,.T.);
#168=ADVANCED_FACE('',(#592),#593,.F.);
#169=ADVANCED_FACE('',(#594),#595,.T.);
#170=ADVANCED_FACE('',(#596),#597,.T.);
#171=ADVANCED_FACE('',(#598),#599,.F.);
#172=ADVANCED_FACE('',(#600),#601,.F.);
#173=ADVANCED_FACE('',(#602),#603,.F.);
#174=ADVANCED_FACE('',(#604),#605,.F.);
#175=ADVANCED_FACE('',(#606),#607,.F.);
#176=ADVANCED_FACE('',(#608),#609,.F.);
#177=ADVANCED_FACE('',(#610),#611,.T.);
#178=ADVANCED_FACE('',(#612),#613,.T.);
#179=ADVANCED_FACE('',(#614),#615,.T.);
#180=ADVANCED_FACE('',(#616),#617,.T.);
#181=ADVANCED_FACE('',(#618),#619,.F.);
#182=ADVANCED_FACE('',(#620),#621,.F.);
#183=ADVANCED_FACE('',(#622),#623,.F.);
#184=ADVANCED_FACE('',(#624),#625,.F.);
#185=ADVANCED_FACE('',(#626),#627,.F.);
#186=ADVANCED_FACE('',(#628),#629,.T.);
#187=ADVANCED_FACE('',(#630),#631,.F.);
#188=ADVANCED_FACE('',(#632),#633,.T.);
#189=ADVANCED_FACE('',(#634),#635,.T.);
#190=ADVANCED_FACE('',(#636),#637,.F.);
#191=ADVANCED_FACE('',(#638),#639,.T.);
#192=ADVANCED_FACE('',(#640),#641,.F.);
#193=ADVANCED_FACE('',(#642),#643,.T.);
#194=ADVANCED_FACE('',(#644),#645,.T.);
#195=ADVANCED_FACE('',(#646),#647,.T.);
#196=ADVANCED_FACE('',(#648),#649,.T.);
#197=ADVANCED_FACE('',(#650),#651,.T.);
#198=ADVANCED_FACE('',(#652),#653,.T.);
#199=ADVANCED_FACE('',(#654),#655,.T.);
#200=ADVANCED_FACE('',(#656),#657,.T.);
#201=ADVANCED_FACE('',(#658),#659,.T.);
#202=ADVANCED_FACE('',(#660),#661,.T.);
#203=ADVANCED_FACE('',(#662),#663,.T.);
#204=ADVANCED_FACE('',(#664),#665,.T.);
#205=ADVANCED_FACE('',(#666),#667,.T.);
#206=ADVANCED_FACE('',(#668),#669,.T.);
#207=ADVANCED_FACE('',(#670),#671,.T.);
#208=ADVANCED_FACE('',(#672),#673,.T.);
#209=ADVANCED_FACE('',(#674),#675,.T.);
#210=ADVANCED_FACE('',(#676),#677,.T.);
#211=ADVANCED_FACE('',(#678),#679,.T.);
#212=ADVANCED_FACE('',(#680),#681,.T.);
#213=ADVANCED_FACE('',(#682),#683,.T.);
#214=ADVANCED_FACE('',(#684),#685,.T.);
#215=ADVANCED_FACE('',(#686),#687,.T.);
#216=ADVANCED_FACE('',(#688),#689,.T.);
#217=ADVANCED_FACE('',(#690),#691,.T.);
#218=ADVANCED_FACE('',(#692),#693,.T.);
#219=ADVANCED_FACE('',(#694),#695,.T.);
#220=ADVANCED_FACE('',(#696),#697,.T.);
#221=ADVANCED_FACE('',(#698),#699,.T.);
#222=ADVANCED_FACE('',(#700),#701,.T.);
#223=ADVANCED_FACE('',(#702),#703,.T.);
#224=ADVANCED_FACE('',(#704),#705,.T.);
#225=ADVANCED_FACE('',(#706),#707,.T.);
#226=ADVANCED_FACE('',(#708),#709,.T.);
#227=ADVANCED_FACE('',(#710),#711,.T.);
#228=ADVANCED_FACE('',(#712),#713,.T.);
#229=ADVANCED_FACE('',(#714),#715,.T.);
#230=ADVANCED_FACE('',(#716),#717,.T.);
#231=ADVANCED_FACE('',(#718),#719,.T.);
#232=ADVANCED_FACE('',(#720),#721,.T.);
#233=ADVANCED_FACE('',(#722),#723,.T.);
#234=ADVANCED_FACE('',(#724),#725,.T.);
#235=ADVANCED_FACE('',(#726),#727,.T.);
#236=ADVANCED_FACE('',(#728),#729,.T.);
#237=ADVANCED_FACE('',(#730),#731,.T.);
#238=ADVANCED_FACE('',(#732),#733,.T.);
#239=ADVANCED_FACE('',(#734),#735,.T.);
#240=ADVANCED_FACE('',(#736),#737,.T.);
#241=ADVANCED_FACE('',(#738),#739,.T.);
#242=ADVANCED_FACE('',(#740),#741,.T.);
#243=ADVANCED_FACE('',(#742),#743,.T.);
#244=ADVANCED_FACE('',(#744),#745,.T.);
#245=ADVANCED_FACE('',(#746),#747,.T.);
#246=ADVANCED_FACE('',(#748),#749,.T.);
#247=ADVANCED_FACE('',(#750),#751,.T.);
#248=ADVANCED_FACE('',(#752),#753,.T.);
#249=ADVANCED_FACE('',(#754),#755,.T.);
#250=ADVANCED_FACE('',(#756),#757,.T.);
#251=ADVANCED_FACE('',(#758),#759,.T.);
#252=ADVANCED_FACE('',(#760),#761,.T.);
#253=ADVANCED_FACE('',(#762),#763,.T.);
#254=ADVANCED_FACE('',(#764),#765,.T.);
#255=ADVANCED_FACE('',(#766),#767,.T.);
#256=ADVANCED_FACE('',(#768),#769,.T.);
#257=ADVANCED_FACE('',(#770),#771,.T.);
#258=ADVANCED_FACE('',(#772),#773,.T.);
#259=ADVANCED_FACE('',(#774),#775,.T.);
#260=ADVANCED_FACE('',(#776),#777,.T.);
#261=ADVANCED_FACE('',(#778,#779),#780,.T.);
#262=ADVANCED_FACE('',(#781,#782),#783,.T.);
#263=ADVANCED_FACE('',(#784),#785,.T.);
#264=ADVANCED_FACE('',(#786),#787,.T.);
#265=ADVANCED_FACE('',(#788),#789,.T.);
#266=ADVANCED_FACE('',(#790),#791,.T.);
#267=ADVANCED_FACE('',(#792),#793,.T.);
#268=ADVANCED_FACE('',(#794),#795,.F.);
#269=ADVANCED_FACE('',(#796),#797,.F.);
#270=ADVANCED_FACE('',(#798),#799,.F.);
#271=ADVANCED_FACE('',(#800),#801,.F.);
#272=ADVANCED_FACE('',(#802),#803,.F.);
#273=ADVANCED_FACE('',(#804),#805,.F.);
#274=ADVANCED_FACE('',(#806),#807,.T.);
#275=ADVANCED_FACE('',(#808),#809,.T.);
#276=ADVANCED_FACE('',(#810),#811,.F.);
#277=ADVANCED_FACE('',(#812),#813,.F.);
#278=ADVANCED_FACE('',(#814),#815,.F.);
#279=ADVANCED_FACE('',(#816),#817,.F.);
#280=ADVANCED_FACE('',(#818),#819,.F.);
#281=ADVANCED_FACE('',(#820),#821,.F.);
#282=ADVANCED_FACE('',(#822),#823,.T.);
#283=ADVANCED_FACE('',(#824),#825,.T.);
#284=ADVANCED_FACE('',(#826),#827,.T.);
#285=ADVANCED_FACE('',(#828),#829,.T.);
#286=ADVANCED_FACE('',(#830),#831,.T.);
#287=ADVANCED_FACE('',(#832),#833,.T.);
#288=ADVANCED_FACE('',(#834),#835,.T.);
#289=ADVANCED_FACE('',(#836),#837,.T.);
#290=ADVANCED_FACE('',(#838),#839,.T.);
#291=ADVANCED_FACE('',(#840),#841,.T.);
#292=ADVANCED_FACE('',(#842,#843),#844,.T.);
#293=ADVANCED_FACE('',(#845,#846),#847,.T.);
#294=ADVANCED_FACE('',(#848,#849),#850,.T.);
#295=ADVANCED_FACE('',(#851,#852),#853,.T.);
#296=ADVANCED_FACE('',(#854),#855,.T.);
#297=ADVANCED_FACE('',(#856),#857,.T.);
#298=ADVANCED_FACE('',(#858),#859,.T.);
#299=ADVANCED_FACE('',(#860),#861,.T.);
#300=ADVANCED_FACE('',(#862),#863,.T.);
#301=ADVANCED_FACE('',(#864),#865,.T.);
#302=ADVANCED_FACE('',(#866),#867,.T.);
#303=ADVANCED_FACE('',(#868),#869,.T.);
#304=ADVANCED_FACE('',(#870),#871,.T.);
#305=ADVANCED_FACE('',(#872),#873,.T.);
#306=ADVANCED_FACE('',(#874),#875,.T.);
#307=ADVANCED_FACE('',(#876),#877,.T.);
#308=ADVANCED_FACE('',(#878),#879,.T.);
#309=ADVANCED_FACE('',(#880),#881,.T.);
#310=ADVANCED_FACE('',(#882),#883,.T.);
#311=ADVANCED_FACE('',(#884),#885,.T.);
#312=ADVANCED_FACE('',(#886),#887,.F.);
#313=ADVANCED_FACE('',(#888),#889,.F.);
#314=ADVANCED_FACE('',(#890),#891,.F.);
#315=ADVANCED_FACE('',(#892),#893,.F.);
#316=ADVANCED_FACE('',(#894),#895,.F.);
#317=ADVANCED_FACE('',(#896),#897,.F.);
#318=ADVANCED_FACE('',(#898),#899,.T.);
#319=ADVANCED_FACE('',(#900),#901,.T.);
#320=ADVANCED_FACE('',(#902),#903,.F.);
#321=ADVANCED_FACE('',(#904),#905,.F.);
#322=ADVANCED_FACE('',(#906),#907,.F.);
#323=ADVANCED_FACE('',(#908),#909,.F.);
#324=ADVANCED_FACE('',(#910),#911,.F.);
#325=ADVANCED_FACE('',(#912),#913,.F.);
#326=ADVANCED_FACE('',(#914),#915,.F.);
#327=ADVANCED_FACE('',(#916),#917,.F.);
#328=ADVANCED_FACE('',(#918),#919,.F.);
#329=ADVANCED_FACE('',(#920),#921,.F.);
#330=ADVANCED_FACE('',(#922),#923,.F.);
#331=ADVANCED_FACE('',(#924),#925,.F.);
#332=ADVANCED_FACE('',(#926),#927,.T.);
#333=ADVANCED_FACE('',(#928),#929,.T.);
#334=ADVANCED_FACE('',(#930),#931,.F.);
#335=ADVANCED_FACE('',(#932),#933,.F.);
#336=ADVANCED_FACE('',(#934),#935,.F.);
#337=ADVANCED_FACE('',(#936),#937,.F.);
#338=ADVANCED_FACE('',(#938),#939,.F.);
#339=ADVANCED_FACE('',(#940),#941,.F.);
#340=COMPOSITE_CURVE_SEGMENT(.CONTINUOUS.,.T.,#942);
#341=COMPOSITE_CURVE_SEGMENT(.CONTINUOUS.,.T.,#943);
#342=COMPOSITE_CURVE_SEGMENT(.CONTINUOUS.,.T.,#944);
#343=COMPOSITE_CURVE_SEGMENT(.CONTINUOUS.,.T.,#945);
#344=COMPOSITE_CURVE_SEGMENT(.CONTINUOUS.,.T.,#946);
#345=COMPOSITE_CURVE_SEGMENT(.CONTINUOUS.,.T.,#947);
#346=COMPOSITE_CURVE_SEGMENT(.CONTINUOUS.,.T.,#948);
#347=COMPOSITE_CURVE_SEGMENT(.CONTINUOUS.,.T.,#949);
#348=COMPOSITE_CURVE_SEGMENT(.CONTINUOUS.,.T.,#950);
#349=COMPOSITE_CURVE_SEGMENT(.CONTINUOUS.,.T.,#951);
#350=COMPOSITE_CURVE_SEGMENT(.CONTINUOUS.,.T.,#952);
#351=COMPOSITE_CURVE_SEGMENT(.CONTINUOUS.,.T.,#953);
#352=COMPOSITE_CURVE_SEGMENT(.CONTINUOUS.,.T.,#954);
#353=COMPOSITE_CURVE_SEGMENT(.CONTINUOUS.,.T.,#955);
#354=COMPOSITE_CURVE_SEGMENT(.CONTINUOUS.,.T.,#956);
#355=COMPOSITE_CURVE_SEGMENT(.CONTINUOUS.,.T.,#957);
#356=COMPOSITE_CURVE_SEGMENT(.CONTINUOUS.,.T.,#958);
#357=COMPOSITE_CURVE_SEGMENT(.CONTINUOUS.,.T.,#959);
#359=FACE_OUTER_BOUND('',#960,.T.);
#360=CYLINDRICAL_SURFACE('',#961,1.775);
#361=FACE_OUTER_BOUND('',#962,.T.);
#362=CYLINDRICAL_SURFACE('',#963,1.775);
#363=FACE_OUTER_BOUND('',#964,.T.);
#364=CONICAL_SURFACE('',#965,1.477411796261,0.6108652381979);
#365=FACE_OUTER_BOUND('',#966,.T.);
#366=CONICAL_SURFACE('',#967,1.477411796261,0.6108652381979);
#367=FACE_OUTER_BOUND('',#968,.T.);
#368=CYLINDRICAL_SURFACE('',#969,1.775);
#369=FACE_OUTER_BOUND('',#970,.T.);
#370=CYLINDRICAL_SURFACE('',#971,1.775);
#371=FACE_OUTER_BOUND('',#972,.T.);
#372=CONICAL_SURFACE('',#973,1.477411796261,0.6108652381979);
#373=FACE_OUTER_BOUND('',#974,.T.);
#374=CONICAL_SURFACE('',#975,1.477411796261,0.6108652381979);
#375=FACE_OUTER_BOUND('',#976,.T.);
#376=CYLINDRICAL_SURFACE('',#977,0.4);
#377=FACE_OUTER_BOUND('',#978,.T.);
#378=FACE_BOUND('',#979,.T.);
#379=FACE_BOUND('',#980,.T.);
#380=FACE_BOUND('',#981,.T.);
#381=PLANE('',#982);
#382=FACE_OUTER_BOUND('',#983,.T.);
#383=PLANE('',#984);
#384=FACE_OUTER_BOUND('',#985,.T.);
#385=PLANE('',#986);
#386=FACE_OUTER_BOUND('',#987,.T.);
#387=PLANE('',#988);
#388=FACE_OUTER_BOUND('',#989,.T.);
#389=PLANE('',#990);
#390=FACE_OUTER_BOUND('',#991,.T.);
#391=PLANE('',#992);
#392=FACE_OUTER_BOUND('',#993,.T.);
#393=PLANE('',#994);
#394=FACE_OUTER_BOUND('',#995,.T.);
#395=PLANE('',#996);
#396=FACE_OUTER_BOUND('',#997,.T.);
#397=PLANE('',#998);
#398=FACE_OUTER_BOUND('',#999,.T.);
#399=PLANE('',#1000);
#400=FACE_OUTER_BOUND('',#1001,.T.);
#401=PLANE('',#1002);
#402=FACE_OUTER_BOUND('',#1003,.T.);
#403=PLANE('',#1004);
#404=FACE_OUTER_BOUND('',#1005,.T.);
#405=PLANE('',#1006);
#406=FACE_OUTER_BOUND('',#1007,.T.);
#407=PLANE('',#1008);
#408=FACE_OUTER_BOUND('',#1009,.T.);
#409=PLANE('',#1010);
#410=FACE_OUTER_BOUND('',#1011,.T.);
#411=PLANE('',#1012);
#412=FACE_OUTER_BOUND('',#1013,.T.);
#413=PLANE('',#1014);
#414=FACE_OUTER_BOUND('',#1015,.T.);
#415=PLANE('',#1016);
#416=FACE_OUTER_BOUND('',#1017,.T.);
#417=PLANE('',#1018);
#418=FACE_OUTER_BOUND('',#1019,.T.);
#419=PLANE('',#1020);
#420=FACE_OUTER_BOUND('',#1021,.T.);
#421=PLANE('',#1022);
#422=FACE_OUTER_BOUND('',#1023,.T.);
#423=PLANE('',#1024);
#424=FACE_OUTER_BOUND('',#1025,.T.);
#425=FACE_BOUND('',#1026,.T.);
#426=FACE_BOUND('',#1027,.T.);
#427=FACE_BOUND('',#1028,.T.);
#428=FACE_BOUND('',#1029,.T.);
#429=FACE_BOUND('',#1030,.T.);
#430=FACE_BOUND('',#1031,.T.);
#431=FACE_BOUND('',#1032,.T.);
#432=FACE_BOUND('',#1033,.T.);
#433=FACE_BOUND('',#1034,.T.);
#434=FACE_BOUND('',#1035,.T.);
#435=FACE_BOUND('',#1036,.T.);
#436=FACE_BOUND('',#1037,.T.);
#437=FACE_BOUND('',#1038,.T.);
#438=FACE_BOUND('',#1039,.T.);
#439=FACE_BOUND('',#1040,.T.);
#440=FACE_BOUND('',#1041,.T.);
#441=FACE_BOUND('',#1042,.T.);
#442=FACE_BOUND('',#1043,.T.);
#443=PLANE('',#1044);
#444=FACE_OUTER_BOUND('',#1045,.T.);
#445=PLANE('',#1046);
#446=FACE_OUTER_BOUND('',#1047,.T.);
#447=PLANE('',#1048);
#448=FACE_OUTER_BOUND('',#1049,.T.);
#449=PLANE('',#1050);
#450=FACE_OUTER_BOUND('',#1051,.T.);
#451=PLANE('',#1052);
#452=FACE_OUTER_BOUND('',#1053,.T.);
#453=PLANE('',#1054);
#454=FACE_OUTER_BOUND('',#1055,.T.);
#455=PLANE('',#1056);
#456=FACE_OUTER_BOUND('',#1057,.T.);
#457=PLANE('',#1058);
#458=FACE_OUTER_BOUND('',#1059,.T.);
#459=PLANE('',#1060);
#460=FACE_OUTER_BOUND('',#1061,.T.);
#461=PLANE('',#1062);
#462=FACE_OUTER_BOUND('',#1063,.T.);
#463=PLANE('',#1064);
#464=FACE_OUTER_BOUND('',#1065,.T.);
#465=PLANE('',#1066);
#466=FACE_OUTER_BOUND('',#1067,.T.);
#467=PLANE('',#1068);
#468=FACE_OUTER_BOUND('',#1069,.T.);
#469=PLANE('',#1070);
#470=FACE_OUTER_BOUND('',#1071,.T.);
#471=PLANE('',#1072);
#472=FACE_OUTER_BOUND('',#1073,.T.);
#473=PLANE('',#1074);
#474=FACE_OUTER_BOUND('',#1075,.T.);
#475=PLANE('',#1076);
#476=FACE_OUTER_BOUND('',#1077,.T.);
#477=PLANE('',#1078);
#478=FACE_OUTER_BOUND('',#1079,.T.);
#479=PLANE('',#1080);
#480=FACE_OUTER_BOUND('',#1081,.T.);
#481=PLANE('',#1082);
#482=FACE_OUTER_BOUND('',#1083,.T.);
#483=PLANE('',#1084);
#484=FACE_OUTER_BOUND('',#1085,.T.);
#485=PLANE('',#1086);
#486=FACE_OUTER_BOUND('',#1087,.T.);
#487=PLANE('',#1088);
#488=FACE_OUTER_BOUND('',#1089,.T.);
#489=PLANE('',#1090);
#490=FACE_OUTER_BOUND('',#1091,.T.);
#491=PLANE('',#1092);
#492=FACE_OUTER_BOUND('',#1093,.T.);
#493=PLANE('',#1094);
#494=FACE_OUTER_BOUND('',#1095,.T.);
#495=PLANE('',#1096);
#496=FACE_OUTER_BOUND('',#1097,.T.);
#497=PLANE('',#1098);
#498=FACE_OUTER_BOUND('',#1099,.T.);
#499=PLANE('',#1100);
#500=FACE_OUTER_BOUND('',#1101,.T.);
#501=PLANE('',#1102);
#502=FACE_OUTER_BOUND('',#1103,.T.);
#503=PLANE('',#1104);
#504=FACE_OUTER_BOUND('',#1105,.T.);
#505=CYLINDRICAL_SURFACE('',#1106,0.4);
#506=FACE_OUTER_BOUND('',#1107,.T.);
#507=PLANE('',#1108);
#508=FACE_OUTER_BOUND('',#1109,.T.);
#509=PLANE('',#1110);
#510=FACE_OUTER_BOUND('',#1111,.T.);
#511=PLANE('',#1112);
#512=FACE_OUTER_BOUND('',#1113,.T.);
#513=PLANE('',#1114);
#514=FACE_OUTER_BOUND('',#1115,.T.);
#515=PLANE('',#1116);
#516=FACE_OUTER_BOUND('',#1117,.T.);
#517=PLANE('',#1118);
#518=FACE_OUTER_BOUND('',#1119,.T.);
#519=PLANE('',#1120);
#520=FACE_OUTER_BOUND('',#1121,.T.);
#521=PLANE('',#1122);
#522=FACE_OUTER_BOUND('',#1123,.T.);
#523=CYLINDRICAL_SURFACE('',#1124,0.5);
#524=FACE_OUTER_BOUND('',#1125,.T.);
#525=PLANE('',#1126);
#526=FACE_OUTER_BOUND('',#1127,.T.);
#527=CYLINDRICAL_SURFACE('',#1128,0.5);
#528=FACE_OUTER_BOUND('',#1129,.T.);
#529=CYLINDRICAL_SURFACE('',#1130,1.475);
#530=FACE_OUTER_BOUND('',#1131,.T.);
#531=CYLINDRICAL_SURFACE('',#1132,1.475);
#532=FACE_OUTER_BOUND('',#1133,.T.);
#533=PLANE('',#1134);
#534=FACE_OUTER_BOUND('',#1135,.T.);
#535=PLANE('',#1136);
#536=FACE_OUTER_BOUND('',#1137,.T.);
#537=PLANE('',#1138);
#538=FACE_OUTER_BOUND('',#1139,.T.);
#539=PLANE('',#1140);
#540=FACE_OUTER_BOUND('',#1141,.T.);
#541=PLANE('',#1142);
#542=FACE_OUTER_BOUND('',#1143,.T.);
#543=PLANE('',#1144);
#544=FACE_OUTER_BOUND('',#1145,.T.);
#545=CONICAL_SURFACE('',#1146,1.477411796261,0.6108652381979);
#546=FACE_OUTER_BOUND('',#1147,.T.);
#547=CONICAL_SURFACE('',#1148,1.477411796261,0.6108652381979);
#548=FACE_OUTER_BOUND('',#1149,.T.);
#549=PLANE('',#1150);
#550=FACE_OUTER_BOUND('',#1151,.T.);
#551=PLANE('',#1152);
#552=FACE_OUTER_BOUND('',#1153,.T.);
#553=PLANE('',#1154);
#554=FACE_OUTER_BOUND('',#1155,.T.);
#555=PLANE('',#1156);
#556=FACE_OUTER_BOUND('',#1157,.T.);
#557=CYLINDRICAL_SURFACE('',#1158,1.775);
#558=FACE_OUTER_BOUND('',#1159,.T.);
#559=CYLINDRICAL_SURFACE('',#1160,1.775);
#560=FACE_OUTER_BOUND('',#1161,.T.);
#561=PLANE('',#1162);
#562=FACE_OUTER_BOUND('',#1163,.T.);
#563=PLANE('',#1164);
#564=FACE_OUTER_BOUND('',#1165,.T.);
#565=CYLINDRICAL_SURFACE('',#1166,0.5);
#566=FACE_OUTER_BOUND('',#1167,.T.);
#567=PLANE('',#1168);
#568=FACE_OUTER_BOUND('',#1169,.T.);
#569=PLANE('',#1170);
#570=FACE_OUTER_BOUND('',#1171,.T.);
#571=CYLINDRICAL_SURFACE('',#1172,0.5);
#572=FACE_OUTER_BOUND('',#1173,.T.);
#573=PLANE('',#1174);
#574=FACE_OUTER_BOUND('',#1175,.T.);
#575=CYLINDRICAL_SURFACE('',#1176,0.5);
#576=FACE_OUTER_BOUND('',#1177,.T.);
#577=PLANE('',#1178);
#578=FACE_OUTER_BOUND('',#1179,.T.);
#579=PLANE('',#1180);
#580=FACE_OUTER_BOUND('',#1181,.T.);
#581=PLANE('',#1182);
#582=FACE_OUTER_BOUND('',#1183,.T.);
#583=PLANE('',#1184);
#584=FACE_OUTER_BOUND('',#1185,.T.);
#585=PLANE('',#1186);
#586=FACE_OUTER_BOUND('',#1187,.T.);
#587=PLANE('',#1188);
#588=FACE_OUTER_BOUND('',#1189,.T.);
#589=CYLINDRICAL_SURFACE('',#1190,0.5);
#590=FACE_OUTER_BOUND('',#1191,.T.);
#591=PLANE('',#1192);
#592=FACE_OUTER_BOUND('',#1193,.T.);
#593=CYLINDRICAL_SURFACE('',#1194,0.5);
#594=FACE_OUTER_BOUND('',#1195,.T.);
#595=CYLINDRICAL_SURFACE('',#1196,1.475);
#596=FACE_OUTER_BOUND('',#1197,.T.);
#597=CYLINDRICAL_SURFACE('',#1198,1.475);
#598=FACE_OUTER_BOUND('',#1199,.T.);
#599=PLANE('',#1200);
#600=FACE_OUTER_BOUND('',#1201,.T.);
#601=PLANE('',#1202);
#602=FACE_OUTER_BOUND('',#1203,.T.);
#603=PLANE('',#1204);
#604=FACE_OUTER_BOUND('',#1205,.T.);
#605=PLANE('',#1206);
#606=FACE_OUTER_BOUND('',#1207,.T.);
#607=PLANE('',#1208);
#608=FACE_OUTER_BOUND('',#1209,.T.);
#609=PLANE('',#1210);
#610=FACE_OUTER_BOUND('',#1211,.T.);
#611=CONICAL_SURFACE('',#1212,1.477411796261,0.6108652381979);
#612=FACE_OUTER_BOUND('',#1213,.T.);
#613=CONICAL_SURFACE('',#1214,1.477411796261,0.6108652381979);
#614=FACE_OUTER_BOUND('',#1215,.T.);
#615=CYLINDRICAL_SURFACE('',#1216,1.775);
#616=FACE_OUTER_BOUND('',#1217,.T.);
#617=CYLINDRICAL_SURFACE('',#1218,1.775);
#618=FACE_OUTER_BOUND('',#1219,.T.);
#619=PLANE('',#1220);
#620=FACE_OUTER_BOUND('',#1221,.T.);
#621=PLANE('',#1222);
#622=FACE_OUTER_BOUND('',#1223,.T.);
#623=PLANE('',#1224);
#624=FACE_OUTER_BOUND('',#1225,.T.);
#625=PLANE('',#1226);
#626=FACE_OUTER_BOUND('',#1227,.T.);
#627=CYLINDRICAL_SURFACE('',#1228,0.5);
#628=FACE_OUTER_BOUND('',#1229,.T.);
#629=PLANE('',#1230);
#630=FACE_OUTER_BOUND('',#1231,.T.);
#631=PLANE('',#1232);
#632=FACE_OUTER_BOUND('',#1233,.T.);
#633=PLANE('',#1234);
#634=FACE_OUTER_BOUND('',#1235,.T.);
#635=PLANE('',#1236);
#636=FACE_OUTER_BOUND('',#1237,.T.);
#637=CYLINDRICAL_SURFACE('',#1238,0.5);
#638=FACE_OUTER_BOUND('',#1239,.T.);
#639=PLANE('',#1240);
#640=FACE_OUTER_BOUND('',#1241,.T.);
#641=CYLINDRICAL_SURFACE('',#1242,0.5);
#642=FACE_OUTER_BOUND('',#1243,.T.);
#643=PLANE('',#1244);
#644=FACE_OUTER_BOUND('',#1245,.T.);
#645=PLANE('',#1246);
#646=FACE_OUTER_BOUND('',#1247,.T.);
#647=PLANE('',#1248);
#648=FACE_OUTER_BOUND('',#1249,.T.);
#649=PLANE('',#1250);
#650=FACE_OUTER_BOUND('',#1251,.T.);
#651=PLANE('',#1252);
#652=FACE_OUTER_BOUND('',#1253,.T.);
#653=PLANE('',#1254);
#654=FACE_OUTER_BOUND('',#1255,.T.);
#655=PLANE('',#1256);
#656=FACE_OUTER_BOUND('',#1257,.T.);
#657=PLANE('',#1258);
#658=FACE_OUTER_BOUND('',#1259,.T.);
#659=PLANE('',#1260);
#660=FACE_OUTER_BOUND('',#1261,.T.);
#661=PLANE('',#1262);
#662=FACE_OUTER_BOUND('',#1263,.T.);
#663=PLANE('',#1264);
#664=FACE_OUTER_BOUND('',#1265,.T.);
#665=PLANE('',#1266);
#666=FACE_OUTER_BOUND('',#1267,.T.);
#667=PLANE('',#1268);
#668=FACE_OUTER_BOUND('',#1269,.T.);
#669=PLANE('',#1270);
#670=FACE_OUTER_BOUND('',#1271,.T.);
#671=PLANE('',#1272);
#672=FACE_OUTER_BOUND('',#1273,.T.);
#673=PLANE('',#1274);
#674=FACE_OUTER_BOUND('',#1275,.T.);
#675=PLANE('',#1276);
#676=FACE_OUTER_BOUND('',#1277,.T.);
#677=PLANE('',#1278);
#678=FACE_OUTER_BOUND('',#1279,.T.);
#679=PLANE('',#1280);
#680=FACE_OUTER_BOUND('',#1281,.T.);
#681=PLANE('',#1282);
#682=FACE_OUTER_BOUND('',#1283,.T.);
#683=PLANE('',#1284);
#684=FACE_OUTER_BOUND('',#1285,.T.);
#685=PLANE('',#1286);
#686=FACE_OUTER_BOUND('',#1287,.T.);
#687=PLANE('',#1288);
#688=FACE_OUTER_BOUND('',#1289,.T.);
#689=PLANE('',#1290);
#690=FACE_OUTER_BOUND('',#1291,.T.);
#691=PLANE('',#1292);
#692=FACE_OUTER_BOUND('',#1293,.T.);
#693=PLANE('',#1294);
#694=FACE_OUTER_BOUND('',#1295,.T.);
#695=PLANE('',#1296);
#696=FACE_OUTER_BOUND('',#1297,.T.);
#697=PLANE('',#1298);
#698=FACE_OUTER_BOUND('',#1299,.T.);
#699=PLANE('',#1300);
#700=FACE_OUTER_BOUND('',#1301,.T.);
#701=PLANE('',#1302);
#702=FACE_OUTER_BOUND('',#1303,.T.);
#703=PLANE('',#1304);
#704=FACE_OUTER_BOUND('',#1305,.T.);
#705=PLANE('',#1306);
#706=FACE_OUTER_BOUND('',#1307,.T.);
#707=PLANE('',#1308);
#708=FACE_OUTER_BOUND('',#1309,.T.);
#709=PLANE('',#1310);
#710=FACE_OUTER_BOUND('',#1311,.T.);
#711=PLANE('',#1312);
#712=FACE_OUTER_BOUND('',#1313,.T.);
#713=PLANE('',#1314);
#714=FACE_OUTER_BOUND('',#1315,.T.);
#715=PLANE('',#1316);
#716=FACE_OUTER_BOUND('',#1317,.T.);
#717=PLANE('',#1318);
#718=FACE_OUTER_BOUND('',#1319,.T.);
#719=PLANE('',#1320);
#720=FACE_OUTER_BOUND('',#1321,.T.);
#721=PLANE('',#1322);
#722=FACE_OUTER_BOUND('',#1323,.T.);
#723=PLANE('',#1324);
#724=FACE_OUTER_BOUND('',#1325,.T.);
#725=PLANE('',#1326);
#726=FACE_OUTER_BOUND('',#1327,.T.);
#727=PLANE('',#1328);
#728=FACE_OUTER_BOUND('',#1329,.T.);
#729=PLANE('',#1330);
#730=FACE_OUTER_BOUND('',#1331,.T.);
#731=PLANE('',#1332);
#732=FACE_OUTER_BOUND('',#1333,.T.);
#733=PLANE('',#1334);
#734=FACE_OUTER_BOUND('',#1335,.T.);
#735=PLANE('',#1336);
#736=FACE_OUTER_BOUND('',#1337,.T.);
#737=PLANE('',#1338);
#738=FACE_OUTER_BOUND('',#1339,.T.);
#739=PLANE('',#1340);
#740=FACE_OUTER_BOUND('',#1341,.T.);
#741=PLANE('',#1342);
#742=FACE_OUTER_BOUND('',#1343,.T.);
#743=PLANE('',#1344);
#744=FACE_OUTER_BOUND('',#1345,.T.);
#745=PLANE('',#1346);
#746=FACE_OUTER_BOUND('',#1347,.T.);
#747=PLANE('',#1348);
#748=FACE_OUTER_BOUND('',#1349,.T.);
#749=PLANE('',#1350);
#750=FACE_OUTER_BOUND('',#1351,.T.);
#751=PLANE('',#1352);
#752=FACE_OUTER_BOUND('',#1353,.T.);
#753=PLANE('',#1354);
#754=FACE_OUTER_BOUND('',#1355,.T.);
#755=PLANE('',#1356);
#756=FACE_OUTER_BOUND('',#1357,.T.);
#757=PLANE('',#1358);
#758=FACE_OUTER_BOUND('',#1359,.T.);
#759=PLANE('',#1360);
#760=FACE_OUTER_BOUND('',#1361,.T.);
#761=PLANE('',#1362);
#762=FACE_OUTER_BOUND('',#1363,.T.);
#763=PLANE('',#1364);
#764=FACE_OUTER_BOUND('',#1365,.T.);
#765=PLANE('',#1366);
#766=FACE_OUTER_BOUND('',#1367,.T.);
#767=PLANE('',#1368);
#768=FACE_OUTER_BOUND('',#1369,.T.);
#769=PLANE('',#1370);
#770=FACE_OUTER_BOUND('',#1371,.T.);
#771=PLANE('',#1372);
#772=FACE_OUTER_BOUND('',#1373,.T.);
#773=PLANE('',#1374);
#774=FACE_OUTER_BOUND('',#1375,.T.);
#775=PLANE('',#1376);
#776=FACE_OUTER_BOUND('',#1377,.T.);
#777=PLANE('',#1378);
#778=FACE_OUTER_BOUND('',#1379,.T.);
#779=FACE_BOUND('',#1380,.T.);
#780=PLANE('',#1381);
#781=FACE_OUTER_BOUND('',#1382,.T.);
#782=FACE_BOUND('',#1383,.T.);
#783=PLANE('',#1384);
#784=FACE_OUTER_BOUND('',#1385,.T.);
#785=PLANE('',#1386);
#786=FACE_OUTER_BOUND('',#1387,.T.);
#787=PLANE('',#1388);
#788=FACE_OUTER_BOUND('',#1389,.T.);
#789=PLANE('',#1390);
#790=FACE_OUTER_BOUND('',#1391,.T.);
#791=PLANE('',#1392);
#792=FACE_OUTER_BOUND('',#1393,.T.);
#793=PLANE('',#1394);
#794=FACE_OUTER_BOUND('',#1395,.T.);
#795=PLANE('',#1396);
#796=FACE_OUTER_BOUND('',#1397,.T.);
#797=PLANE('',#1398);
#798=FACE_OUTER_BOUND('',#1399,.T.);
#799=PLANE('',#1400);
#800=FACE_OUTER_BOUND('',#1401,.T.);
#801=PLANE('',#1402);
#802=FACE_OUTER_BOUND('',#1403,.T.);
#803=PLANE('',#1404);
#804=FACE_OUTER_BOUND('',#1405,.T.);
#805=PLANE('',#1406);
#806=FACE_OUTER_BOUND('',#1407,.T.);
#807=PLANE('',#1408);
#808=FACE_OUTER_BOUND('',#1409,.T.);
#809=PLANE('',#1410);
#810=FACE_OUTER_BOUND('',#1411,.T.);
#811=PLANE('',#1412);
#812=FACE_OUTER_BOUND('',#1413,.T.);
#813=PLANE('',#1414);
#814=FACE_OUTER_BOUND('',#1415,.T.);
#815=PLANE('',#1416);
#816=FACE_OUTER_BOUND('',#1417,.T.);
#817=PLANE('',#1418);
#818=FACE_OUTER_BOUND('',#1419,.T.);
#819=PLANE('',#1420);
#820=FACE_OUTER_BOUND('',#1421,.T.);
#821=PLANE('',#1422);
#822=FACE_OUTER_BOUND('',#1423,.T.);
#823=PLANE('',#1424);
#824=FACE_OUTER_BOUND('',#1425,.T.);
#825=PLANE('',#1426);
#826=FACE_OUTER_BOUND('',#1427,.T.);
#827=PLANE('',#1428);
#828=FACE_OUTER_BOUND('',#1429,.T.);
#829=PLANE('',#1430);
#830=FACE_OUTER_BOUND('',#1431,.T.);
#831=PLANE('',#1432);
#832=FACE_OUTER_BOUND('',#1433,.T.);
#833=PLANE('',#1434);
#834=FACE_OUTER_BOUND('',#1435,.T.);
#835=PLANE('',#1436);
#836=FACE_OUTER_BOUND('',#1437,.T.);
#837=PLANE('',#1438);
#838=FACE_OUTER_BOUND('',#1439,.T.);
#839=PLANE('',#1440);
#840=FACE_OUTER_BOUND('',#1441,.T.);
#841=PLANE('',#1442);
#842=FACE_OUTER_BOUND('',#1443,.T.);
#843=FACE_BOUND('',#1444,.T.);
#844=PLANE('',#1445);
#845=FACE_OUTER_BOUND('',#1446,.T.);
#846=FACE_BOUND('',#1447,.T.);
#847=PLANE('',#1448);
#848=FACE_OUTER_BOUND('',#1449,.T.);
#849=FACE_BOUND('',#1450,.T.);
#850=PLANE('',#1451);
#851=FACE_OUTER_BOUND('',#1452,.T.);
#852=FACE_BOUND('',#1453,.T.);
#853=PLANE('',#1454);
#854=FACE_OUTER_BOUND('',#1455,.T.);
#855=PLANE('',#1456);
#856=FACE_OUTER_BOUND('',#1457,.T.);
#857=PLANE('',#1458);
#858=FACE_OUTER_BOUND('',#1459,.T.);
#859=PLANE('',#1460);
#860=FACE_OUTER_BOUND('',#1461,.T.);
#861=PLANE('',#1462);
#862=FACE_OUTER_BOUND('',#1463,.T.);
#863=PLANE('',#1464);
#864=FACE_OUTER_BOUND('',#1465,.T.);
#865=PLANE('',#1466);
#866=FACE_OUTER_BOUND('',#1467,.T.);
#867=PLANE('',#1468);
#868=FACE_OUTER_BOUND('',#1469,.T.);
#869=PLANE('',#1470);
#870=FACE_OUTER_BOUND('',#1471,.T.);
#871=PLANE('',#1472);
#872=FACE_OUTER_BOUND('',#1473,.T.);
#873=PLANE('',#1474);
#874=FACE_OUTER_BOUND('',#1475,.T.);
#875=PLANE('',#1476);
#876=FACE_OUTER_BOUND('',#1477,.T.);
#877=PLANE('',#1478);
#878=FACE_OUTER_BOUND('',#1479,.T.);
#879=PLANE('',#1480);
#880=FACE_OUTER_BOUND('',#1481,.T.);
#881=PLANE('',#1482);
#882=FACE_OUTER_BOUND('',#1483,.T.);
#883=PLANE('',#1484);
#884=FACE_OUTER_BOUND('',#1485,.T.);
#885=PLANE('',#1486);
#886=FACE_OUTER_BOUND('',#1487,.T.);
#887=PLANE('',#1488);
#888=FACE_OUTER_BOUND('',#1489,.T.);
#889=PLANE('',#1490);
#890=FACE_OUTER_BOUND('',#1491,.T.);
#891=PLANE('',#1492);
#892=FACE_OUTER_BOUND('',#1493,.T.);
#893=PLANE('',#1494);
#894=FACE_OUTER_BOUND('',#1495,.T.);
#895=PLANE('',#1496);
#896=FACE_OUTER_BOUND('',#1497,.T.);
#897=PLANE('',#1498);
#898=FACE_OUTER_BOUND('',#1499,.T.);
#899=PLANE('',#1500);
#900=FACE_OUTER_BOUND('',#1501,.T.);
#901=PLANE('',#1502);
#902=FACE_OUTER_BOUND('',#1503,.T.);
#903=PLANE('',#1504);
#904=FACE_OUTER_BOUND('',#1505,.T.);
#905=PLANE('',#1506);
#906=FACE_OUTER_BOUND('',#1507,.T.);
#907=PLANE('',#1508);
#908=FACE_OUTER_BOUND('',#1509,.T.);
#909=PLANE('',#1510);
#910=FACE_OUTER_BOUND('',#1511,.T.);
#911=PLANE('',#1512);
#912=FACE_OUTER_BOUND('',#1513,.T.);
#913=PLANE('',#1514);
#914=FACE_OUTER_BOUND('',#1515,.T.);
#915=PLANE('',#1516);
#916=FACE_OUTER_BOUND('',#1517,.T.);
#917=PLANE('',#1518);
#918=FACE_OUTER_BOUND('',#1519,.T.);
#919=PLANE('',#1520);
#920=FACE_OUTER_BOUND('',#1521,.T.);
#921=PLANE('',#1522);
#922=FACE_OUTER_BOUND('',#1523,.T.);
#923=PLANE('',#1524);
#924=FACE_OUTER_BOUND('',#1525,.T.);
#925=PLANE('',#1526);
#926=FACE_OUTER_BOUND('',#1527,.T.);
#927=PLANE('',#1528);
#928=FACE_OUTER_BOUND('',#1529,.T.);
#929=PLANE('',#1530);
#930=FACE_OUTER_BOUND('',#1531,.T.);
#931=PLANE('',#1532);
#932=FACE_OUTER_BOUND('',#1533,.T.);
#933=PLANE('',#1534);
#934=FACE_OUTER_BOUND('',#1535,.T.);
#935=PLANE('',#1536);
#936=FACE_OUTER_BOUND('',#1537,.T.);
#937=PLANE('',#1538);
#938=FACE_OUTER_BOUND('',#1539,.T.);
#939=PLANE('',#1540);
#940=FACE_OUTER_BOUND('',#1541,.T.);
#941=PLANE('',#1542);
#942=TRIMMED_CURVE('',#1543,(PARAMETER_VALUE(0.0)),(PARAMETER_VALUE(3.1415926535892)),.T.,.UNSPECIFIED.);
#943=TRIMMED_CURVE('',#1544,(PARAMETER_VALUE(0.0)),(PARAMETER_VALUE(3.1415926535892)),.T.,.UNSPECIFIED.);
#944=TRIMMED_CURVE('',#1545,(PARAMETER_VALUE(0.0)),(PARAMETER_VALUE(3.1415926535892)),.T.,.UNSPECIFIED.);
#945=TRIMMED_CURVE('',#1546,(PARAMETER_VALUE(0.0)),(PARAMETER_VALUE(3.1415926535892)),.T.,.UNSPECIFIED.);
#946=TRIMMED_CURVE('',#1547,(PARAMETER_VALUE(0.0)),(PARAMETER_VALUE(3.1415926535892)),.T.,.UNSPECIFIED.);
#947=TRIMMED_CURVE('',#1548,(PARAMETER_VALUE(0.0)),(PARAMETER_VALUE(3.1415926535892)),.T.,.UNSPECIFIED.);
#948=TRIMMED_CURVE('',#1549,(PARAMETER_VALUE(0.0)),(PARAMETER_VALUE(3.1415926535892)),.T.,.UNSPECIFIED.);
#949=TRIMMED_CURVE('',#1550,(PARAMETER_VALUE(0.0)),(PARAMETER_VALUE(3.1415926535892)),.T.,.UNSPECIFIED.);
#950=TRIMMED_CURVE('',#1551,(PARAMETER_VALUE(0.0)),(PARAMETER_VALUE(3.1415926535892)),.T.,.UNSPECIFIED.);
#951=TRIMMED_CURVE('',#1552,(PARAMETER_VALUE(0.0)),(PARAMETER_VALUE(3.1415926535892)),.T.,.UNSPECIFIED.);
#952=TRIMMED_CURVE('',#1553,(PARAMETER_VALUE(0.0)),(PARAMETER_VALUE(3.1415926535892)),.T.,.UNSPECIFIED.);
#953=TRIMMED_CURVE('',#1554,(PARAMETER_VALUE(0.0)),(PARAMETER_VALUE(3.1415926535892)),.T.,.UNSPECIFIED.);
#954=TRIMMED_CURVE('',#1555,(PARAMETER_VALUE(0.0)),(PARAMETER_VALUE(3.1415926535892)),.T.,.UNSPECIFIED.);
#955=TRIMMED_CURVE('',#1556,(PARAMETER_VALUE(0.0)),(PARAMETER_VALUE(3.1415926535892)),.T.,.UNSPECIFIED.);
#956=TRIMMED_CURVE('',#1557,(PARAMETER_VALUE(0.0)),(PARAMETER_VALUE(3.1415926535892)),.T.,.UNSPECIFIED.);
#957=TRIMMED_CURVE('',#1558,(PARAMETER_VALUE(0.0)),(PARAMETER_VALUE(3.1415926535892)),.T.,.UNSPECIFIED.);
#958=TRIMMED_CURVE('A_2',#1559,(PARAMETER_VALUE(0.0)),(PARAMETER_VALUE(1.0)),.T.,.UNSPECIFIED.);
#959=TRIMMED_CURVE('A_3',#1560,(PARAMETER_VALUE(0.0)),(PARAMETER_VALUE(1.0)),.T.,.UNSPECIFIED.);
#960=EDGE_LOOP('',(#1561,#1562,#1563,#1564));
#961=AXIS2_PLACEMENT_3D('',#1565,#1566,#1567);
#962=EDGE_LOOP('',(#1568,#1569,#1570,#1571));
#963=AXIS2_PLACEMENT_3D('',#1572,#1573,#1574);
#964=EDGE_LOOP('',(#1575,#1576,#1577,#1578));
#965=AXIS2_PLACEMENT_3D('',#1579,#1580,#1581);
#966=EDGE_LOOP('',(#1582,#1583,#1584,#1585));
#967=AXIS2_PLACEMENT_3D('',#1586,#1587,#1588);
#968=EDGE_LOOP('',(#1589,#1590,#1591,#1592));
#969=AXIS2_PLACEMENT_3D('',#1593,#1594,#1595);
#970=EDGE_LOOP('',(#1596,#1597,#1598,#1599));
#971=AXIS2_PLACEMENT_3D('',#1600,#1601,#1602);
#972=EDGE_LOOP('',(#1603,#1604,#1605,#1606));
#973=AXIS2_PLACEMENT_3D('',#1607,#1608,#1609);
#974=EDGE_LOOP('',(#1610,#1611,#1612,#1613));
#975=AXIS2_PLACEMENT_3D('',#1614,#1615,#1616);
#976=EDGE_LOOP('',(#1617,#1618,#1619,#1620));
#977=AXIS2_PLACEMENT_3D('',#1621,#1622,#1623);
#978=EDGE_LOOP('',(#1624,#1625,#1626,#1627,#1628,#1629,#1630,#1631,#1632,#1633,#1634,#1635,#1636,#1637,#1638,#1639,#1640,#1641,#1642,#1643,#1644,#1645,#1646,#1647,#1648,#1649,#1650));
#979=EDGE_LOOP('',(#1651,#1652,#1653,#1654,#1655,#1656,#1657,#1658,#1659,#1660,#1661,#1662,#1663,#1664));
#980=EDGE_LOOP('',(#1665,#1666,#1667,#1668,#1669,#1670,#1671,#1672,#1673,#1674,#1675,#1676,#1677,#1678));
#981=EDGE_LOOP('',(#1679,#1680,#1681,#1682,#1683,#1684,#1685,#1686,#1687,#1688,#1689,#1690,#1691,#1692));
#982=AXIS2_PLACEMENT_3D('',#1693,#1694,#1695);
#983=EDGE_LOOP('',(#1696,#1697,#1698,#1699,#1700,#1701));
#984=AXIS2_PLACEMENT_3D('',#1702,#1703,#1704);
#985=EDGE_LOOP('',(#1705,#1706,#1707,#1708));
#986=AXIS2_PLACEMENT_3D('',#1709,#1710,#1711);
#987=EDGE_LOOP('',(#1712,#1713,#1714,#1715,#1716,#1717));
#988=AXIS2_PLACEMENT_3D('',#1718,#1719,#1720);
#989=EDGE_LOOP('',(#1721,#1722,#1723,#1724));
#990=AXIS2_PLACEMENT_3D('',#1725,#1726,#1727);
#991=EDGE_LOOP('',(#1728,#1729,#1730,#1731));
#992=AXIS2_PLACEMENT_3D('',#1732,#1733,#1734);
#993=EDGE_LOOP('',(#1735,#1736,#1737,#1738));
#994=AXIS2_PLACEMENT_3D('',#1739,#1740,#1741);
#995=EDGE_LOOP('',(#1742,#1743,#1744,#1745));
#996=AXIS2_PLACEMENT_3D('',#1746,#1747,#1748);
#997=EDGE_LOOP('',(#1749,#1750,#1751,#1752));
#998=AXIS2_PLACEMENT_3D('',#1753,#1754,#1755);
#999=EDGE_LOOP('',(#1756,#1757,#1758,#1759));
#1000=AXIS2_PLACEMENT_3D('',#1760,#1761,#1762);
#1001=EDGE_LOOP('',(#1763,#1764,#1765,#1766));
#1002=AXIS2_PLACEMENT_3D('',#1767,#1768,#1769);
#1003=EDGE_LOOP('',(#1770,#1771,#1772,#1773));
#1004=AXIS2_PLACEMENT_3D('',#1774,#1775,#1776);
#1005=EDGE_LOOP('',(#1777,#1778,#1779,#1780));
#1006=AXIS2_PLACEMENT_3D('',#1781,#1782,#1783);
#1007=EDGE_LOOP('',(#1784,#1785,#1786,#1787));
#1008=AXIS2_PLACEMENT_3D('',#1788,#1789,#1790);
#1009=EDGE_LOOP('',(#1791,#1792,#1793,#1794));
#1010=AXIS2_PLACEMENT_3D('',#1795,#1796,#1797);
#1011=EDGE_LOOP('',(#1798,#1799,#1800,#1801));
#1012=AXIS2_PLACEMENT_3D('',#1802,#1803,#1804);
#1013=EDGE_LOOP('',(#1805,#1806,#1807,#1808));
#1014=AXIS2_PLACEMENT_3D('',#1809,#1810,#1811);
#1015=EDGE_LOOP('',(#1812,#1813,#1814,#1815));
#1016=AXIS2_PLACEMENT_3D('',#1816,#1817,#1818);
#1017=EDGE_LOOP('',(#1819,#1820,#1821,#1822));
#1018=AXIS2_PLACEMENT_3D('',#1823,#1824,#1825);
#1019=EDGE_LOOP('',(#1826,#1827,#1828,#1829));
#1020=AXIS2_PLACEMENT_3D('',#1830,#1831,#1832);
#1021=EDGE_LOOP('',(#1833,#1834,#1835,#1836));
#1022=AXIS2_PLACEMENT_3D('',#1837,#1838,#1839);
#1023=EDGE_LOOP('',(#1840,#1841,#1842,#1843));
#1024=AXIS2_PLACEMENT_3D('',#1844,#1845,#1846);
#1025=EDGE_LOOP('',(#1847,#1848,#1849,#1850,#1851,#1852,#1853,#1854,#1855,#1856,#1857,#1858,#1859,#1860,#1861,#1862,#1863,#1864,#1865,#1866,#1867,#1868,#1869,#1870,#1871,#1872,#1873,#1874,#1875,#1876,#1877,#1878,#1879,#1880,#1881,#1882,#1883,#1884,#1885,#1886,#1887,#1888,#1889,#1890,#1891,#1892,#1893,#1894,#1895,#1896,#1897,#1898,#1899,#1900,#1901));
#1026=EDGE_LOOP('',(#1902,#1903,#1904,#1905));
#1027=EDGE_LOOP('',(#1906,#1907,#1908,#1909));
#1028=EDGE_LOOP('',(#1910,#1911,#1912,#1913));
#1029=EDGE_LOOP('',(#1914,#1915,#1916,#1917));
#1030=EDGE_LOOP('',(#1918,#1919,#1920,#1921));
#1031=EDGE_LOOP('',(#1922,#1923,#1924,#1925));
#1032=EDGE_LOOP('',(#1926,#1927,#1928,#1929));
#1033=EDGE_LOOP('',(#1930,#1931,#1932,#1933));
#1034=EDGE_LOOP('',(#1934,#1935,#1936,#1937));
#1035=EDGE_LOOP('',(#1938,#1939,#1940,#1941));
#1036=EDGE_LOOP('',(#1942,#1943,#1944,#1945));
#1037=EDGE_LOOP('',(#1946,#1947,#1948,#1949));
#1038=EDGE_LOOP('',(#1950,#1951,#1952,#1953));
#1039=EDGE_LOOP('',(#1954,#1955,#1956,#1957));
#1040=EDGE_LOOP('',(#1958,#1959,#1960,#1961));
#1041=EDGE_LOOP('',(#1962,#1963,#1964,#1965));
#1042=EDGE_LOOP('',(#1966,#1967,#1968,#1969));
#1043=EDGE_LOOP('',(#1970,#1971,#1972,#1973));
#1044=AXIS2_PLACEMENT_3D('',#1974,#1975,#1976);
#1045=EDGE_LOOP('',(#1977,#1978,#1979,#1980));
#1046=AXIS2_PLACEMENT_3D('',#1981,#1982,#1983);
#1047=EDGE_LOOP('',(#1984,#1985,#1986,#1987));
#1048=AXIS2_PLACEMENT_3D('',#1988,#1989,#1990);
#1049=EDGE_LOOP('',(#1991,#1992,#1993,#1994));
#1050=AXIS2_PLACEMENT_3D('',#1995,#1996,#1997);
#1051=EDGE_LOOP('',(#1998,#1999,#2000,#2001));
#1052=AXIS2_PLACEMENT_3D('',#2002,#2003,#2004);
#1053=EDGE_LOOP('',(#2005,#2006,#2007,#2008));
#1054=AXIS2_PLACEMENT_3D('',#2009,#2010,#2011);
#1055=EDGE_LOOP('',(#2012,#2013,#2014,#2015));
#1056=AXIS2_PLACEMENT_3D('',#2016,#2017,#2018);
#1057=EDGE_LOOP('',(#2019,#2020,#2021,#2022));
#1058=AXIS2_PLACEMENT_3D('',#2023,#2024,#2025);
#1059=EDGE_LOOP('',(#2026,#2027,#2028,#2029));
#1060=AXIS2_PLACEMENT_3D('',#2030,#2031,#2032);
#1061=EDGE_LOOP('',(#2033,#2034,#2035,#2036));
#1062=AXIS2_PLACEMENT_3D('',#2037,#2038,#2039);
#1063=EDGE_LOOP('',(#2040,#2041,#2042,#2043));
#1064=AXIS2_PLACEMENT_3D('',#2044,#2045,#2046);
#1065=EDGE_LOOP('',(#2047,#2048,#2049,#2050));
#1066=AXIS2_PLACEMENT_3D('',#2051,#2052,#2053);
#1067=EDGE_LOOP('',(#2054,#2055,#2056,#2057));
#1068=AXIS2_PLACEMENT_3D('',#2058,#2059,#2060);
#1069=EDGE_LOOP('',(#2061,#2062,#2063,#2064));
#1070=AXIS2_PLACEMENT_3D('',#2065,#2066,#2067);
#1071=EDGE_LOOP('',(#2068,#2069,#2070,#2071));
#1072=AXIS2_PLACEMENT_3D('',#2072,#2073,#2074);
#1073=EDGE_LOOP('',(#2075,#2076,#2077,#2078));
#1074=AXIS2_PLACEMENT_3D('',#2079,#2080,#2081);
#1075=EDGE_LOOP('',(#2082,#2083,#2084,#2085));
#1076=AXIS2_PLACEMENT_3D('',#2086,#2087,#2088);
#1077=EDGE_LOOP('',(#2089,#2090,#2091,#2092));
#1078=AXIS2_PLACEMENT_3D('',#2093,#2094,#2095);
#1079=EDGE_LOOP('',(#2096,#2097,#2098,#2099));
#1080=AXIS2_PLACEMENT_3D('',#2100,#2101,#2102);
#1081=EDGE_LOOP('',(#2103,#2104,#2105,#2106));
#1082=AXIS2_PLACEMENT_3D('',#2107,#2108,#2109);
#1083=EDGE_LOOP('',(#2110,#2111,#2112,#2113));
#1084=AXIS2_PLACEMENT_3D('',#2114,#2115,#2116);
#1085=EDGE_LOOP('',(#2117,#2118,#2119,#2120));
#1086=AXIS2_PLACEMENT_3D('',#2121,#2122,#2123);
#1087=EDGE_LOOP('',(#2124,#2125,#2126,#2127));
#1088=AXIS2_PLACEMENT_3D('',#2128,#2129,#2130);
#1089=EDGE_LOOP('',(#2131,#2132,#2133,#2134));
#1090=AXIS2_PLACEMENT_3D('',#2135,#2136,#2137);
#1091=EDGE_LOOP('',(#2138,#2139,#2140,#2141));
#1092=AXIS2_PLACEMENT_3D('',#2142,#2143,#2144);
#1093=EDGE_LOOP('',(#2145,#2146,#2147,#2148));
#1094=AXIS2_PLACEMENT_3D('',#2149,#2150,#2151);
#1095=EDGE_LOOP('',(#2152,#2153,#2154,#2155));
#1096=AXIS2_PLACEMENT_3D('',#2156,#2157,#2158);
#1097=EDGE_LOOP('',(#2159,#2160,#2161,#2162));
#1098=AXIS2_PLACEMENT_3D('',#2163,#2164,#2165);
#1099=EDGE_LOOP('',(#2166,#2167,#2168,#2169));
#1100=AXIS2_PLACEMENT_3D('',#2170,#2171,#2172);
#1101=EDGE_LOOP('',(#2173,#2174,#2175,#2176));
#1102=AXIS2_PLACEMENT_3D('',#2177,#2178,#2179);
#1103=EDGE_LOOP('',(#2180,#2181,#2182,#2183));
#1104=AXIS2_PLACEMENT_3D('',#2184,#2185,#2186);
#1105=EDGE_LOOP('',(#2187,#2188,#2189,#2190));
#1106=AXIS2_PLACEMENT_3D('',#2191,#2192,#2193);
#1107=EDGE_LOOP('',(#2194,#2195,#2196,#2197,#2198,#2199,#2200,#2201,#2202,#2203,#2204,#2205,#2206,#2207,#2208,#2209));
#1108=AXIS2_PLACEMENT_3D('',#2210,#2211,#2212);
#1109=EDGE_LOOP('',(#2213,#2214,#2215,#2216));
#1110=AXIS2_PLACEMENT_3D('',#2217,#2218,#2219);
#1111=EDGE_LOOP('',(#2220,#2221,#2222,#2223));
#1112=AXIS2_PLACEMENT_3D('',#2224,#2225,#2226);
#1113=EDGE_LOOP('',(#2227,#2228,#2229,#2230,#2231,#2232,#2233,#2234,#2235,#2236,#2237,#2238,#2239,#2240,#2241,#2242));
#1114=AXIS2_PLACEMENT_3D('',#2243,#2244,#2245);
#1115=EDGE_LOOP('',(#2246,#2247,#2248,#2249));
#1116=AXIS2_PLACEMENT_3D('',#2250,#2251,#2252);
#1117=EDGE_LOOP('',(#2253,#2254,#2255,#2256));
#1118=AXIS2_PLACEMENT_3D('',#2257,#2258,#2259);
#1119=EDGE_LOOP('',(#2260,#2261,#2262,#2263,#2264,#2265));
#1120=AXIS2_PLACEMENT_3D('',#2266,#2267,#2268);
#1121=EDGE_LOOP('',(#2269,#2270,#2271,#2272,#2273,#2274));
#1122=AXIS2_PLACEMENT_3D('',#2275,#2276,#2277);
#1123=EDGE_LOOP('',(#2278,#2279,#2280,#2281));
#1124=AXIS2_PLACEMENT_3D('',#2282,#2283,#2284);
#1125=EDGE_LOOP('',(#2285,#2286,#2287,#2288));
#1126=AXIS2_PLACEMENT_3D('',#2289,#2290,#2291);
#1127=EDGE_LOOP('',(#2292,#2293,#2294,#2295));
#1128=AXIS2_PLACEMENT_3D('',#2296,#2297,#2298);
#1129=EDGE_LOOP('',(#2299,#2300,#2301,#2302,#2303,#2304));
#1130=AXIS2_PLACEMENT_3D('',#2305,#2306,#2307);
#1131=EDGE_LOOP('',(#2308,#2309,#2310,#2311,#2312,#2313));
#1132=AXIS2_PLACEMENT_3D('',#2314,#2315,#2316);
#1133=EDGE_LOOP('',(#2317,#2318,#2319,#2320,#2321,#2322,#2323,#2324,#2325,#2326,#2327,#2328));
#1134=AXIS2_PLACEMENT_3D('',#2329,#2330,#2331);
#1135=EDGE_LOOP('',(#2332,#2333,#2334,#2335));
#1136=AXIS2_PLACEMENT_3D('',#2336,#2337,#2338);
#1137=EDGE_LOOP('',(#2339,#2340,#2341,#2342));
#1138=AXIS2_PLACEMENT_3D('',#2343,#2344,#2345);
#1139=EDGE_LOOP('',(#2346,#2347,#2348,#2349,#2350,#2351));
#1140=AXIS2_PLACEMENT_3D('',#2352,#2353,#2354);
#1141=EDGE_LOOP('',(#2355,#2356,#2357,#2358,#2359));
#1142=AXIS2_PLACEMENT_3D('',#2360,#2361,#2362);
#1143=EDGE_LOOP('',(#2363,#2364,#2365,#2366,#2367));
#1144=AXIS2_PLACEMENT_3D('',#2368,#2369,#2370);
#1145=EDGE_LOOP('',(#2371,#2372,#2373,#2374));
#1146=AXIS2_PLACEMENT_3D('',#2375,#2376,#2377);
#1147=EDGE_LOOP('',(#2378,#2379,#2380,#2381));
#1148=AXIS2_PLACEMENT_3D('',#2382,#2383,#2384);
#1149=EDGE_LOOP('',(#2385,#2386,#2387,#2388));
#1150=AXIS2_PLACEMENT_3D('',#2389,#2390,#2391);
#1151=EDGE_LOOP('',(#2392,#2393,#2394,#2395));
#1152=AXIS2_PLACEMENT_3D('',#2396,#2397,#2398);
#1153=EDGE_LOOP('',(#2399,#2400,#2401,#2402,#2403,#2404,#2405));
#1154=AXIS2_PLACEMENT_3D('',#2406,#2407,#2408);
#1155=EDGE_LOOP('',(#2409,#2410,#2411,#2412,#2413,#2414,#2415));
#1156=AXIS2_PLACEMENT_3D('',#2416,#2417,#2418);
#1157=EDGE_LOOP('',(#2419,#2420,#2421,#2422));
#1158=AXIS2_PLACEMENT_3D('',#2423,#2424,#2425);
#1159=EDGE_LOOP('',(#2426,#2427,#2428,#2429));
#1160=AXIS2_PLACEMENT_3D('',#2430,#2431,#2432);
#1161=EDGE_LOOP('',(#2433,#2434,#2435,#2436,#2437));
#1162=AXIS2_PLACEMENT_3D('',#2438,#2439,#2440);
#1163=EDGE_LOOP('',(#2441,#2442,#2443,#2444,#2445));
#1164=AXIS2_PLACEMENT_3D('',#2446,#2447,#2448);
#1165=EDGE_LOOP('',(#2449,#2450,#2451,#2452,#2453,#2454));
#1166=AXIS2_PLACEMENT_3D('',#2455,#2456,#2457);
#1167=EDGE_LOOP('',(#2458,#2459));
#1168=AXIS2_PLACEMENT_3D('',#2460,#2461,#2462);
#1169=EDGE_LOOP('',(#2463,#2464,#2465,#2466,#2467,#2468));
#1170=AXIS2_PLACEMENT_3D('',#2469,#2470,#2471);
#1171=EDGE_LOOP('',(#2472,#2473,#2474,#2475));
#1172=AXIS2_PLACEMENT_3D('',#2476,#2477,#2478);
#1173=EDGE_LOOP('',(#2479,#2480,#2481,#2482));
#1174=AXIS2_PLACEMENT_3D('',#2483,#2484,#2485);
#1175=EDGE_LOOP('',(#2486,#2487,#2488,#2489));
#1176=AXIS2_PLACEMENT_3D('',#2490,#2491,#2492);
#1177=EDGE_LOOP('',(#2493,#2494,#2495,#2496));
#1178=AXIS2_PLACEMENT_3D('',#2497,#2498,#2499);
#1179=EDGE_LOOP('',(#2500,#2501,#2502,#2503));
#1180=AXIS2_PLACEMENT_3D('',#2504,#2505,#2506);
#1181=EDGE_LOOP('',(#2507,#2508,#2509,#2510));
#1182=AXIS2_PLACEMENT_3D('',#2511,#2512,#2513);
#1183=EDGE_LOOP('',(#2514,#2515,#2516,#2517));
#1184=AXIS2_PLACEMENT_3D('',#2518,#2519,#2520);
#1185=EDGE_LOOP('',(#2521,#2522,#2523,#2524));
#1186=AXIS2_PLACEMENT_3D('',#2525,#2526,#2527);
#1187=EDGE_LOOP('',(#2528,#2529,#2530,#2531));
#1188=AXIS2_PLACEMENT_3D('',#2532,#2533,#2534);
#1189=EDGE_LOOP('',(#2535,#2536,#2537,#2538));
#1190=AXIS2_PLACEMENT_3D('',#2539,#2540,#2541);
#1191=EDGE_LOOP('',(#2542,#2543,#2544,#2545));
#1192=AXIS2_PLACEMENT_3D('',#2546,#2547,#2548);
#1193=EDGE_LOOP('',(#2549,#2550,#2551,#2552));
#1194=AXIS2_PLACEMENT_3D('',#2553,#2554,#2555);
#1195=EDGE_LOOP('',(#2556,#2557,#2558,#2559,#2560,#2561));
#1196=AXIS2_PLACEMENT_3D('',#2562,#2563,#2564);
#1197=EDGE_LOOP('',(#2565,#2566,#2567,#2568,#2569,#2570));
#1198=AXIS2_PLACEMENT_3D('',#2571,#2572,#2573);
#1199=EDGE_LOOP('',(#2574,#2575,#2576,#2577,#2578,#2579,#2580,#2581,#2582,#2583,#2584,#2585));
#1200=AXIS2_PLACEMENT_3D('',#2586,#2587,#2588);
#1201=EDGE_LOOP('',(#2589,#2590,#2591,#2592));
#1202=AXIS2_PLACEMENT_3D('',#2593,#2594,#2595);
#1203=EDGE_LOOP('',(#2596,#2597,#2598,#2599));
#1204=AXIS2_PLACEMENT_3D('',#2600,#2601,#2602);
#1205=EDGE_LOOP('',(#2603,#2604,#2605,#2606,#2607,#2608));
#1206=AXIS2_PLACEMENT_3D('',#2609,#2610,#2611);
#1207=EDGE_LOOP('',(#2612,#2613,#2614,#2615));
#1208=AXIS2_PLACEMENT_3D('',#2616,#2617,#2618);
#1209=EDGE_LOOP('',(#2619,#2620,#2621,#2622));
#1210=AXIS2_PLACEMENT_3D('',#2623,#2624,#2625);
#1211=EDGE_LOOP('',(#2626,#2627,#2628,#2629));
#1212=AXIS2_PLACEMENT_3D('',#2630,#2631,#2632);
#1213=EDGE_LOOP('',(#2633,#2634,#2635,#2636));
#1214=AXIS2_PLACEMENT_3D('',#2637,#2638,#2639);
#1215=EDGE_LOOP('',(#2640,#2641,#2642,#2643));
#1216=AXIS2_PLACEMENT_3D('',#2644,#2645,#2646);
#1217=EDGE_LOOP('',(#2647,#2648,#2649,#2650));
#1218=AXIS2_PLACEMENT_3D('',#2651,#2652,#2653);
#1219=EDGE_LOOP('',(#2654,#2655,#2656,#2657,#2658));
#1220=AXIS2_PLACEMENT_3D('',#2659,#2660,#2661);
#1221=EDGE_LOOP('',(#2662,#2663,#2664,#2665,#2666));
#1222=AXIS2_PLACEMENT_3D('',#2667,#2668,#2669);
#1223=EDGE_LOOP('',(#2670,#2671,#2672,#2673,#2674,#2675,#2676));
#1224=AXIS2_PLACEMENT_3D('',#2677,#2678,#2679);
#1225=EDGE_LOOP('',(#2680,#2681,#2682,#2683,#2684,#2685,#2686));
#1226=AXIS2_PLACEMENT_3D('',#2687,#2688,#2689);
#1227=EDGE_LOOP('',(#2690,#2691,#2692,#2693,#2694,#2695));
#1228=AXIS2_PLACEMENT_3D('',#2696,#2697,#2698);
#1229=EDGE_LOOP('',(#2699,#2700));
#1230=AXIS2_PLACEMENT_3D('',#2701,#2702,#2703);
#1231=EDGE_LOOP('',(#2704,#2705,#2706,#2707,#2708,#2709));
#1232=AXIS2_PLACEMENT_3D('',#2710,#2711,#2712);
#1233=EDGE_LOOP('',(#2713,#2714,#2715,#2716,#2717));
#1234=AXIS2_PLACEMENT_3D('',#2718,#2719,#2720);
#1235=EDGE_LOOP('',(#2721,#2722,#2723,#2724,#2725));
#1236=AXIS2_PLACEMENT_3D('',#2726,#2727,#2728);
#1237=EDGE_LOOP('',(#2729,#2730,#2731,#2732));
#1238=AXIS2_PLACEMENT_3D('',#2733,#2734,#2735);
#1239=EDGE_LOOP('',(#2736,#2737,#2738,#2739));
#1240=AXIS2_PLACEMENT_3D('',#2740,#2741,#2742);
#1241=EDGE_LOOP('',(#2743,#2744,#2745,#2746));
#1242=AXIS2_PLACEMENT_3D('',#2747,#2748,#2749);
#1243=EDGE_LOOP('',(#2750,#2751,#2752,#2753));
#1244=AXIS2_PLACEMENT_3D('',#2754,#2755,#2756);
#1245=EDGE_LOOP('',(#2757,#2758,#2759,#2760));
#1246=AXIS2_PLACEMENT_3D('',#2761,#2762,#2763);
#1247=EDGE_LOOP('',(#2764,#2765,#2766,#2767));
#1248=AXIS2_PLACEMENT_3D('',#2768,#2769,#2770);
#1249=EDGE_LOOP('',(#2771,#2772,#2773,#2774));
#1250=AXIS2_PLACEMENT_3D('',#2775,#2776,#2777);
#1251=EDGE_LOOP('',(#2778,#2779,#2780,#2781));
#1252=AXIS2_PLACEMENT_3D('',#2782,#2783,#2784);
#1253=EDGE_LOOP('',(#2785,#2786,#2787,#2788));
#1254=AXIS2_PLACEMENT_3D('',#2789,#2790,#2791);
#1255=EDGE_LOOP('',(#2792,#2793,#2794,#2795));
#1256=AXIS2_PLACEMENT_3D('',#2796,#2797,#2798);
#1257=EDGE_LOOP('',(#2799,#2800,#2801,#2802));
#1258=AXIS2_PLACEMENT_3D('',#2803,#2804,#2805);
#1259=EDGE_LOOP('',(#2806,#2807,#2808,#2809));
#1260=AXIS2_PLACEMENT_3D('',#2810,#2811,#2812);
#1261=EDGE_LOOP('',(#2813,#2814,#2815,#2816));
#1262=AXIS2_PLACEMENT_3D('',#2817,#2818,#2819);
#1263=EDGE_LOOP('',(#2820,#2821,#2822,#2823));
#1264=AXIS2_PLACEMENT_3D('',#2824,#2825,#2826);
#1265=EDGE_LOOP('',(#2827,#2828,#2829,#2830));
#1266=AXIS2_PLACEMENT_3D('',#2831,#2832,#2833);
#1267=EDGE_LOOP('',(#2834,#2835,#2836,#2837));
#1268=AXIS2_PLACEMENT_3D('',#2838,#2839,#2840);
#1269=EDGE_LOOP('',(#2841,#2842,#2843,#2844));
#1270=AXIS2_PLACEMENT_3D('',#2845,#2846,#2847);
#1271=EDGE_LOOP('',(#2848,#2849,#2850,#2851));
#1272=AXIS2_PLACEMENT_3D('',#2852,#2853,#2854);
#1273=EDGE_LOOP('',(#2855,#2856,#2857,#2858));
#1274=AXIS2_PLACEMENT_3D('',#2859,#2860,#2861);
#1275=EDGE_LOOP('',(#2862,#2863,#2864,#2865));
#1276=AXIS2_PLACEMENT_3D('',#2866,#2867,#2868);
#1277=EDGE_LOOP('',(#2869,#2870,#2871,#2872));
#1278=AXIS2_PLACEMENT_3D('',#2873,#2874,#2875);
#1279=EDGE_LOOP('',(#2876,#2877,#2878,#2879));
#1280=AXIS2_PLACEMENT_3D('',#2880,#2881,#2882);
#1281=EDGE_LOOP('',(#2883,#2884,#2885,#2886));
#1282=AXIS2_PLACEMENT_3D('',#2887,#2888,#2889);
#1283=EDGE_LOOP('',(#2890,#2891,#2892,#2893));
#1284=AXIS2_PLACEMENT_3D('',#2894,#2895,#2896);
#1285=EDGE_LOOP('',(#2897,#2898,#2899,#2900));
#1286=AXIS2_PLACEMENT_3D('',#2901,#2902,#2903);
#1287=EDGE_LOOP('',(#2904,#2905,#2906,#2907));
#1288=AXIS2_PLACEMENT_3D('',#2908,#2909,#2910);
#1289=EDGE_LOOP('',(#2911,#2912,#2913,#2914));
#1290=AXIS2_PLACEMENT_3D('',#2915,#2916,#2917);
#1291=EDGE_LOOP('',(#2918,#2919,#2920,#2921));
#1292=AXIS2_PLACEMENT_3D('',#2922,#2923,#2924);
#1293=EDGE_LOOP('',(#2925,#2926,#2927,#2928));
#1294=AXIS2_PLACEMENT_3D('',#2929,#2930,#2931);
#1295=EDGE_LOOP('',(#2932,#2933,#2934,#2935));
#1296=AXIS2_PLACEMENT_3D('',#2936,#2937,#2938);
#1297=EDGE_LOOP('',(#2939,#2940,#2941,#2942));
#1298=AXIS2_PLACEMENT_3D('',#2943,#2944,#2945);
#1299=EDGE_LOOP('',(#2946,#2947,#2948,#2949));
#1300=AXIS2_PLACEMENT_3D('',#2950,#2951,#2952);
#1301=EDGE_LOOP('',(#2953,#2954,#2955,#2956));
#1302=AXIS2_PLACEMENT_3D('',#2957,#2958,#2959);
#1303=EDGE_LOOP('',(#2960,#2961,#2962,#2963));
#1304=AXIS2_PLACEMENT_3D('',#2964,#2965,#2966);
#1305=EDGE_LOOP('',(#2967,#2968,#2969,#2970));
#1306=AXIS2_PLACEMENT_3D('',#2971,#2972,#2973);
#1307=EDGE_LOOP('',(#2974,#2975,#2976,#2977));
#1308=AXIS2_PLACEMENT_3D('',#2978,#2979,#2980);
#1309=EDGE_LOOP('',(#2981,#2982,#2983,#2984));
#1310=AXIS2_PLACEMENT_3D('',#2985,#2986,#2987);
#1311=EDGE_LOOP('',(#2988,#2989,#2990,#2991));
#1312=AXIS2_PLACEMENT_3D('',#2992,#2993,#2994);
#1313=EDGE_LOOP('',(#2995,#2996,#2997,#2998));
#1314=AXIS2_PLACEMENT_3D('',#2999,#3000,#3001);
#1315=EDGE_LOOP('',(#3002,#3003,#3004,#3005));
#1316=AXIS2_PLACEMENT_3D('',#3006,#3007,#3008);
#1317=EDGE_LOOP('',(#3009,#3010,#3011,#3012));
#1318=AXIS2_PLACEMENT_3D('',#3013,#3014,#3015);
#1319=EDGE_LOOP('',(#3016,#3017,#3018,#3019));
#1320=AXIS2_PLACEMENT_3D('',#3020,#3021,#3022);
#1321=EDGE_LOOP('',(#3023,#3024,#3025,#3026));
#1322=AXIS2_PLACEMENT_3D('',#3027,#3028,#3029);
#1323=EDGE_LOOP('',(#3030,#3031,#3032,#3033));
#1324=AXIS2_PLACEMENT_3D('',#3034,#3035,#3036);
#1325=EDGE_LOOP('',(#3037,#3038,#3039,#3040));
#1326=AXIS2_PLACEMENT_3D('',#3041,#3042,#3043);
#1327=EDGE_LOOP('',(#3044,#3045,#3046,#3047));
#1328=AXIS2_PLACEMENT_3D('',#3048,#3049,#3050);
#1329=EDGE_LOOP('',(#3051,#3052,#3053,#3054));
#1330=AXIS2_PLACEMENT_3D('',#3055,#3056,#3057);
#1331=EDGE_LOOP('',(#3058,#3059,#3060,#3061));
#1332=AXIS2_PLACEMENT_3D('',#3062,#3063,#3064);
#1333=EDGE_LOOP('',(#3065,#3066,#3067,#3068));
#1334=AXIS2_PLACEMENT_3D('',#3069,#3070,#3071);
#1335=EDGE_LOOP('',(#3072,#3073,#3074,#3075));
#1336=AXIS2_PLACEMENT_3D('',#3076,#3077,#3078);
#1337=EDGE_LOOP('',(#3079,#3080,#3081,#3082));
#1338=AXIS2_PLACEMENT_3D('',#3083,#3084,#3085);
#1339=EDGE_LOOP('',(#3086,#3087,#3088,#3089));
#1340=AXIS2_PLACEMENT_3D('',#3090,#3091,#3092);
#1341=EDGE_LOOP('',(#3093,#3094,#3095,#3096));
#1342=AXIS2_PLACEMENT_3D('',#3097,#3098,#3099);
#1343=EDGE_LOOP('',(#3100,#3101,#3102,#3103));
#1344=AXIS2_PLACEMENT_3D('',#3104,#3105,#3106);
#1345=EDGE_LOOP('',(#3107,#3108,#3109,#3110));
#1346=AXIS2_PLACEMENT_3D('',#3111,#3112,#3113);
#1347=EDGE_LOOP('',(#3114,#3115,#3116,#3117));
#1348=AXIS2_PLACEMENT_3D('',#3118,#3119,#3120);
#1349=EDGE_LOOP('',(#3121,#3122,#3123,#3124));
#1350=AXIS2_PLACEMENT_3D('',#3125,#3126,#3127);
#1351=EDGE_LOOP('',(#3128,#3129,#3130,#3131));
#1352=AXIS2_PLACEMENT_3D('',#3132,#3133,#3134);
#1353=EDGE_LOOP('',(#3135,#3136,#3137,#3138));
#1354=AXIS2_PLACEMENT_3D('',#3139,#3140,#3141);
#1355=EDGE_LOOP('',(#3142,#3143,#3144,#3145));
#1356=AXIS2_PLACEMENT_3D('',#3146,#3147,#3148);
#1357=EDGE_LOOP('',(#3149,#3150,#3151,#3152));
#1358=AXIS2_PLACEMENT_3D('',#3153,#3154,#3155);
#1359=EDGE_LOOP('',(#3156,#3157,#3158,#3159));
#1360=AXIS2_PLACEMENT_3D('',#3160,#3161,#3162);
#1361=EDGE_LOOP('',(#3163,#3164,#3165,#3166));
#1362=AXIS2_PLACEMENT_3D('',#3167,#3168,#3169);
#1363=EDGE_LOOP('',(#3170,#3171,#3172,#3173));
#1364=AXIS2_PLACEMENT_3D('',#3174,#3175,#3176);
#1365=EDGE_LOOP('',(#3177,#3178,#3179,#3180,#3181,#3182,#3183,#3184));
#1366=AXIS2_PLACEMENT_3D('',#3185,#3186,#3187);
#1367=EDGE_LOOP('',(#3188,#3189,#3190,#3191));
#1368=AXIS2_PLACEMENT_3D('',#3192,#3193,#3194);
#1369=EDGE_LOOP('',(#3195,#3196,#3197,#3198));
#1370=AXIS2_PLACEMENT_3D('',#3199,#3200,#3201);
#1371=EDGE_LOOP('',(#3202,#3203,#3204,#3205,#3206,#3207,#3208,#3209));
#1372=AXIS2_PLACEMENT_3D('',#3210,#3211,#3212);
#1373=EDGE_LOOP('',(#3213,#3214,#3215,#3216));
#1374=AXIS2_PLACEMENT_3D('',#3217,#3218,#3219);
#1375=EDGE_LOOP('',(#3220,#3221,#3222,#3223));
#1376=AXIS2_PLACEMENT_3D('',#3224,#3225,#3226);
#1377=EDGE_LOOP('',(#3227,#3228,#3229,#3230));
#1378=AXIS2_PLACEMENT_3D('',#3231,#3232,#3233);
#1379=EDGE_LOOP('',(#3234,#3235,#3236,#3237,#3238,#3239));
#1380=EDGE_LOOP('',(#3240,#3241,#3242,#3243,#3244,#3245));
#1381=AXIS2_PLACEMENT_3D('',#3246,#3247,#3248);
#1382=EDGE_LOOP('',(#3249,#3250,#3251,#3252));
#1383=EDGE_LOOP('',(#3253,#3254,#3255,#3256,#3257,#3258));
#1384=AXIS2_PLACEMENT_3D('',#3259,#3260,#3261);
#1385=EDGE_LOOP('',(#3262,#3263,#3264,#3265));
#1386=AXIS2_PLACEMENT_3D('',#3266,#3267,#3268);
#1387=EDGE_LOOP('',(#3269,#3270,#3271,#3272));
#1388=AXIS2_PLACEMENT_3D('',#3273,#3274,#3275);
#1389=EDGE_LOOP('',(#3276,#3277,#3278,#3279));
#1390=AXIS2_PLACEMENT_3D('',#3280,#3281,#3282);
#1391=EDGE_LOOP('',(#3283,#3284,#3285,#3286));
#1392=AXIS2_PLACEMENT_3D('',#3287,#3288,#3289);
#1393=EDGE_LOOP('',(#3290,#3291,#3292,#3293));
#1394=AXIS2_PLACEMENT_3D('',#3294,#3295,#3296);
#1395=EDGE_LOOP('',(#3297,#3298,#3299,#3300));
#1396=AXIS2_PLACEMENT_3D('',#3301,#3302,#3303);
#1397=EDGE_LOOP('',(#3304,#3305,#3306,#3307));
#1398=AXIS2_PLACEMENT_3D('',#3308,#3309,#3310);
#1399=EDGE_LOOP('',(#3311,#3312,#3313,#3314));
#1400=AXIS2_PLACEMENT_3D('',#3315,#3316,#3317);
#1401=EDGE_LOOP('',(#3318,#3319,#3320,#3321));
#1402=AXIS2_PLACEMENT_3D('',#3322,#3323,#3324);
#1403=EDGE_LOOP('',(#3325,#3326,#3327,#3328));
#1404=AXIS2_PLACEMENT_3D('',#3329,#3330,#3331);
#1405=EDGE_LOOP('',(#3332,#3333,#3334,#3335));
#1406=AXIS2_PLACEMENT_3D('',#3336,#3337,#3338);
#1407=EDGE_LOOP('',(#3339,#3340,#3341,#3342,#3343,#3344));
#1408=AXIS2_PLACEMENT_3D('',#3345,#3346,#3347);
#1409=EDGE_LOOP('',(#3348,#3349,#3350,#3351,#3352,#3353));
#1410=AXIS2_PLACEMENT_3D('',#3354,#3355,#3356);
#1411=EDGE_LOOP('',(#3357,#3358,#3359,#3360));
#1412=AXIS2_PLACEMENT_3D('',#3361,#3362,#3363);
#1413=EDGE_LOOP('',(#3364,#3365,#3366,#3367));
#1414=AXIS2_PLACEMENT_3D('',#3368,#3369,#3370);
#1415=EDGE_LOOP('',(#3371,#3372,#3373,#3374));
#1416=AXIS2_PLACEMENT_3D('',#3375,#3376,#3377);
#1417=EDGE_LOOP('',(#3378,#3379,#3380,#3381));
#1418=AXIS2_PLACEMENT_3D('',#3382,#3383,#3384);
#1419=EDGE_LOOP('',(#3385,#3386,#3387,#3388));
#1420=AXIS2_PLACEMENT_3D('',#3389,#3390,#3391);
#1421=EDGE_LOOP('',(#3392,#3393,#3394,#3395));
#1422=AXIS2_PLACEMENT_3D('',#3396,#3397,#3398);
#1423=EDGE_LOOP('',(#3399,#3400,#3401,#3402));
#1424=AXIS2_PLACEMENT_3D('',#3403,#3404,#3405);
#1425=EDGE_LOOP('',(#3406,#3407,#3408,#3409,#3410,#3411,#3412,#3413));
#1426=AXIS2_PLACEMENT_3D('',#3414,#3415,#3416);
#1427=EDGE_LOOP('',(#3417,#3418,#3419,#3420));
#1428=AXIS2_PLACEMENT_3D('',#3421,#3422,#3423);
#1429=EDGE_LOOP('',(#3424,#3425,#3426,#3427,#3428,#3429,#3430,#3431));
#1430=AXIS2_PLACEMENT_3D('',#3432,#3433,#3434);
#1431=EDGE_LOOP('',(#3435,#3436,#3437,#3438));
#1432=AXIS2_PLACEMENT_3D('',#3439,#3440,#3441);
#1433=EDGE_LOOP('',(#3442,#3443,#3444,#3445));
#1434=AXIS2_PLACEMENT_3D('',#3446,#3447,#3448);
#1435=EDGE_LOOP('',(#3449,#3450,#3451,#3452));
#1436=AXIS2_PLACEMENT_3D('',#3453,#3454,#3455);
#1437=EDGE_LOOP('',(#3456,#3457,#3458,#3459));
#1438=AXIS2_PLACEMENT_3D('',#3460,#3461,#3462);
#1439=EDGE_LOOP('',(#3463,#3464,#3465,#3466));
#1440=AXIS2_PLACEMENT_3D('',#3467,#3468,#3469);
#1441=EDGE_LOOP('',(#3470,#3471,#3472,#3473));
#1442=AXIS2_PLACEMENT_3D('',#3474,#3475,#3476);
#1443=EDGE_LOOP('',(#3477,#3478,#3479,#3480,#3481,#3482));
#1444=EDGE_LOOP('',(#3483,#3484,#3485,#3486,#3487,#3488));
#1445=AXIS2_PLACEMENT_3D('',#3489,#3490,#3491);
#1446=EDGE_LOOP('',(#3492,#3493,#3494,#3495));
#1447=EDGE_LOOP('',(#3496,#3497,#3498,#3499,#3500,#3501));
#1448=AXIS2_PLACEMENT_3D('',#3502,#3503,#3504);
#1449=EDGE_LOOP('',(#3505,#3506,#3507,#3508,#3509,#3510));
#1450=EDGE_LOOP('',(#3511,#3512,#3513,#3514,#3515,#3516));
#1451=AXIS2_PLACEMENT_3D('',#3517,#3518,#3519);
#1452=EDGE_LOOP('',(#3520,#3521,#3522,#3523));
#1453=EDGE_LOOP('',(#3524,#3525,#3526,#3527,#3528,#3529));
#1454=AXIS2_PLACEMENT_3D('',#3530,#3531,#3532);
#1455=EDGE_LOOP('',(#3533,#3534,#3535,#3536));
#1456=AXIS2_PLACEMENT_3D('',#3537,#3538,#3539);
#1457=EDGE_LOOP('',(#3540,#3541,#3542,#3543));
#1458=AXIS2_PLACEMENT_3D('',#3544,#3545,#3546);
#1459=EDGE_LOOP('',(#3547,#3548,#3549,#3550));
#1460=AXIS2_PLACEMENT_3D('',#3551,#3552,#3553);
#1461=EDGE_LOOP('',(#3554,#3555,#3556,#3557));
#1462=AXIS2_PLACEMENT_3D('',#3558,#3559,#3560);
#1463=EDGE_LOOP('',(#3561,#3562,#3563,#3564));
#1464=AXIS2_PLACEMENT_3D('',#3565,#3566,#3567);
#1465=EDGE_LOOP('',(#3568,#3569,#3570,#3571));
#1466=AXIS2_PLACEMENT_3D('',#3572,#3573,#3574);
#1467=EDGE_LOOP('',(#3575,#3576,#3577,#3578));
#1468=AXIS2_PLACEMENT_3D('',#3579,#3580,#3581);
#1469=EDGE_LOOP('',(#3582,#3583,#3584,#3585,#3586,#3587,#3588,#3589));
#1470=AXIS2_PLACEMENT_3D('',#3590,#3591,#3592);
#1471=EDGE_LOOP('',(#3593,#3594,#3595,#3596));
#1472=AXIS2_PLACEMENT_3D('',#3597,#3598,#3599);
#1473=EDGE_LOOP('',(#3600,#3601,#3602,#3603));
#1474=AXIS2_PLACEMENT_3D('',#3604,#3605,#3606);
#1475=EDGE_LOOP('',(#3607,#3608,#3609,#3610,#3611,#3612,#3613,#3614));
#1476=AXIS2_PLACEMENT_3D('',#3615,#3616,#3617);
#1477=EDGE_LOOP('',(#3618,#3619,#3620,#3621));
#1478=AXIS2_PLACEMENT_3D('',#3622,#3623,#3624);
#1479=EDGE_LOOP('',(#3625,#3626,#3627,#3628));
#1480=AXIS2_PLACEMENT_3D('',#3629,#3630,#3631);
#1481=EDGE_LOOP('',(#3632,#3633,#3634,#3635));
#1482=AXIS2_PLACEMENT_3D('',#3636,#3637,#3638);
#1483=EDGE_LOOP('',(#3639,#3640,#3641,#3642));
#1484=AXIS2_PLACEMENT_3D('',#3643,#3644,#3645);
#1485=EDGE_LOOP('',(#3646,#3647,#3648,#3649));
#1486=AXIS2_PLACEMENT_3D('',#3650,#3651,#3652);
#1487=EDGE_LOOP('',(#3653,#3654,#3655,#3656));
#1488=AXIS2_PLACEMENT_3D('',#3657,#3658,#3659);
#1489=EDGE_LOOP('',(#3660,#3661,#3662,#3663));
#1490=AXIS2_PLACEMENT_3D('',#3664,#3665,#3666);
#1491=EDGE_LOOP('',(#3667,#3668,#3669,#3670));
#1492=AXIS2_PLACEMENT_3D('',#3671,#3672,#3673);
#1493=EDGE_LOOP('',(#3674,#3675,#3676,#3677));
#1494=AXIS2_PLACEMENT_3D('',#3678,#3679,#3680);
#1495=EDGE_LOOP('',(#3681,#3682,#3683,#3684));
#1496=AXIS2_PLACEMENT_3D('',#3685,#3686,#3687);
#1497=EDGE_LOOP('',(#3688,#3689,#3690,#3691));
#1498=AXIS2_PLACEMENT_3D('',#3692,#3693,#3694);
#1499=EDGE_LOOP('',(#3695,#3696,#3697,#3698,#3699,#3700));
#1500=AXIS2_PLACEMENT_3D('',#3701,#3702,#3703);
#1501=EDGE_LOOP('',(#3704,#3705,#3706,#3707,#3708,#3709));
#1502=AXIS2_PLACEMENT_3D('',#3710,#3711,#3712);
#1503=EDGE_LOOP('',(#3713,#3714,#3715,#3716));
#1504=AXIS2_PLACEMENT_3D('',#3717,#3718,#3719);
#1505=EDGE_LOOP('',(#3720,#3721,#3722,#3723));
#1506=AXIS2_PLACEMENT_3D('',#3724,#3725,#3726);
#1507=EDGE_LOOP('',(#3727,#3728,#3729,#3730));
#1508=AXIS2_PLACEMENT_3D('',#3731,#3732,#3733);
#1509=EDGE_LOOP('',(#3734,#3735,#3736,#3737));
#1510=AXIS2_PLACEMENT_3D('',#3738,#3739,#3740);
#1511=EDGE_LOOP('',(#3741,#3742,#3743,#3744));
#1512=AXIS2_PLACEMENT_3D('',#3745,#3746,#3747);
#1513=EDGE_LOOP('',(#3748,#3749,#3750,#3751));
#1514=AXIS2_PLACEMENT_3D('',#3752,#3753,#3754);
#1515=EDGE_LOOP('',(#3755,#3756,#3757,#3758));
#1516=AXIS2_PLACEMENT_3D('',#3759,#3760,#3761);
#1517=EDGE_LOOP('',(#3762,#3763,#3764,#3765));
#1518=AXIS2_PLACEMENT_3D('',#3766,#3767,#3768);
#1519=EDGE_LOOP('',(#3769,#3770,#3771,#3772));
#1520=AXIS2_PLACEMENT_3D('',#3773,#3774,#3775);
#1521=EDGE_LOOP('',(#3776,#3777,#3778,#3779));
#1522=AXIS2_PLACEMENT_3D('',#3780,#3781,#3782);
#1523=EDGE_LOOP('',(#3783,#3784,#3785,#3786));
#1524=AXIS2_PLACEMENT_3D('',#3787,#3788,#3789);
#1525=EDGE_LOOP('',(#3790,#3791,#3792,#3793));
#1526=AXIS2_PLACEMENT_3D('',#3794,#3795,#3796);
#1527=EDGE_LOOP('',(#3797,#3798,#3799,#3800,#3801,#3802));
#1528=AXIS2_PLACEMENT_3D('',#3803,#3804,#3805);
#1529=EDGE_LOOP('',(#3806,#3807,#3808,#3809,#3810,#3811));
#1530=AXIS2_PLACEMENT_3D('',#3812,#3813,#3814);
#1531=EDGE_LOOP('',(#3815,#3816,#3817,#3818));
#1532=AXIS2_PLACEMENT_3D('',#3819,#3820,#3821);
#1533=EDGE_LOOP('',(#3822,#3823,#3824,#3825));
#1534=AXIS2_PLACEMENT_3D('',#3826,#3827,#3828);
#1535=EDGE_LOOP('',(#3829,#3830,#3831,#3832));
#1536=AXIS2_PLACEMENT_3D('',#3833,#3834,#3835);
#1537=EDGE_LOOP('',(#3836,#3837,#3838,#3839));
#1538=AXIS2_PLACEMENT_3D('',#3840,#3841,#3842);
#1539=EDGE_LOOP('',(#3843,#3844,#3845,#3846));
#1540=AXIS2_PLACEMENT_3D('',#3847,#3848,#3849);
#1541=EDGE_LOOP('',(#3850,#3851,#3852,#3853));
#1542=AXIS2_PLACEMENT_3D('',#3854,#3855,#3856);
#1543=CIRCLE('',#3857,1.5);
#1544=CIRCLE('',#3858,1.5);
#1545=CIRCLE('',#3859,1.5);
#1546=CIRCLE('',#3860,1.5);
#1547=CIRCLE('',#3861,0.7);
#1548=CIRCLE('',#3862,0.7);
#1549=CIRCLE('',#3863,0.7);
#1550=CIRCLE('',#3864,0.7);
#1551=CIRCLE('',#3865,0.7);
#1552=CIRCLE('',#3866,0.7);
#1553=CIRCLE('',#3867,0.7);
#1554=CIRCLE('',#3868,0.7);
#1555=CIRCLE('',#3869,0.7);
#1556=CIRCLE('',#3870,0.7);
#1557=CIRCLE('',#3871,0.7);
#1558=CIRCLE('',#3872,0.7);
#1559=LINE('',#3873,#3874);
#1560=LINE('',#3875,#3876);
#1561=ORIENTED_EDGE('',*,*,#3877,.F.);
#1562=ORIENTED_EDGE('',*,*,#3878,.F.);
#1563=ORIENTED_EDGE('',*,*,#3879,.T.);
#1564=ORIENTED_EDGE('',*,*,#3880,.F.);
#1565=CARTESIAN_POINT('',(-8.9,2.5,-4.575));
#1566=DIRECTION('',(-0.0,0.0,1.0));
#1567=DIRECTION('',(0.0,1.0,0.0));
#1568=ORIENTED_EDGE('',*,*,#3881,.F.);
#1569=ORIENTED_EDGE('',*,*,#3882,.F.);
#1570=ORIENTED_EDGE('',*,*,#3883,.F.);
#1571=ORIENTED_EDGE('',*,*,#3884,.F.);
#1572=CARTESIAN_POINT('',(-8.9,2.5,-4.575));
#1573=DIRECTION('',(-0.0,0.0,1.0));
#1574=DIRECTION('',(0.0,1.0,0.0));
#1575=ORIENTED_EDGE('',*,*,#3885,.F.);
#1576=ORIENTED_EDGE('',*,*,#3886,.F.);
#1577=ORIENTED_EDGE('',*,*,#3887,.T.);
#1578=ORIENTED_EDGE('',*,*,#3882,.T.);
#1579=CARTESIAN_POINT('',(-8.9,2.5,-5.305));
#1580=DIRECTION('',(-0.0,0.0,1.0));
#1581=DIRECTION('',(0.0,-1.0,0.0));
#1582=ORIENTED_EDGE('',*,*,#3888,.F.);
#1583=ORIENTED_EDGE('',*,*,#3880,.T.);
#1584=ORIENTED_EDGE('',*,*,#3889,.T.);
#1585=ORIENTED_EDGE('',*,*,#3890,.F.);
#1586=CARTESIAN_POINT('',(-8.9,2.5,-5.305));
#1587=DIRECTION('',(-0.0,0.0,1.0));
#1588=DIRECTION('',(0.0,-1.0,0.0));
#1589=ORIENTED_EDGE('',*,*,#3891,.F.);
#1590=ORIENTED_EDGE('',*,*,#3892,.F.);
#1591=ORIENTED_EDGE('',*,*,#3893,.T.);
#1592=ORIENTED_EDGE('',*,*,#3894,.F.);
#1593=CARTESIAN_POINT('',(8.9,2.5,-4.575));
#1594=DIRECTION('',(-0.0,0.0,1.0));
#1595=DIRECTION('',(0.0,-1.0,0.0));
#1596=ORIENTED_EDGE('',*,*,#3895,.F.);
#1597=ORIENTED_EDGE('',*,*,#3896,.F.);
#1598=ORIENTED_EDGE('',*,*,#3897,.F.);
#1599=ORIENTED_EDGE('',*,*,#3898,.F.);
#1600=CARTESIAN_POINT('',(8.9,2.5,-4.575));
#1601=DIRECTION('',(-0.0,0.0,1.0));
#1602=DIRECTION('',(0.0,-1.0,0.0));
#1603=ORIENTED_EDGE('',*,*,#3899,.F.);
#1604=ORIENTED_EDGE('',*,*,#3900,.F.);
#1605=ORIENTED_EDGE('',*,*,#3901,.T.);
#1606=ORIENTED_EDGE('',*,*,#3896,.T.);
#1607=CARTESIAN_POINT('',(8.9,2.5,-5.305));
#1608=DIRECTION('',(-0.0,-0.0,1.0));
#1609=DIRECTION('',(0.0,1.0,0.0));
#1610=ORIENTED_EDGE('',*,*,#3902,.F.);
#1611=ORIENTED_EDGE('',*,*,#3894,.T.);
#1612=ORIENTED_EDGE('',*,*,#3903,.T.);
#1613=ORIENTED_EDGE('',*,*,#3904,.F.);
#1614=CARTESIAN_POINT('',(8.9,2.5,-5.305));
#1615=DIRECTION('',(-0.0,-0.0,1.0));
#1616=DIRECTION('',(0.0,1.0,0.0));
#1617=ORIENTED_EDGE('',*,*,#3905,.F.);
#1618=ORIENTED_EDGE('',*,*,#3906,.F.);
#1619=ORIENTED_EDGE('',*,*,#3907,.F.);
#1620=ORIENTED_EDGE('',*,*,#3908,.T.);
#1621=CARTESIAN_POINT('',(-6.9,-2.3,0.0));
#1622=DIRECTION('',(0.0,0.0,-1.0));
#1623=DIRECTION('',(1.0,0.0,0.0));
#1624=ORIENTED_EDGE('',*,*,#3909,.T.);
#1625=ORIENTED_EDGE('',*,*,#3910,.T.);
#1626=ORIENTED_EDGE('',*,*,#3911,.T.);
#1627=ORIENTED_EDGE('',*,*,#3912,.T.);
#1628=ORIENTED_EDGE('',*,*,#3913,.T.);
#1629=ORIENTED_EDGE('',*,*,#3914,.T.);
#1630=ORIENTED_EDGE('',*,*,#3915,.T.);
#1631=ORIENTED_EDGE('',*,*,#3916,.T.);
#1632=ORIENTED_EDGE('',*,*,#3917,.T.);
#1633=ORIENTED_EDGE('',*,*,#3918,.T.);
#1634=ORIENTED_EDGE('',*,*,#3919,.T.);
#1635=ORIENTED_EDGE('',*,*,#3920,.T.);
#1636=ORIENTED_EDGE('',*,*,#3921,.T.);
#1637=ORIENTED_EDGE('',*,*,#3922,.T.);
#1638=ORIENTED_EDGE('',*,*,#3923,.T.);
#1639=ORIENTED_EDGE('',*,*,#3924,.T.);
#1640=ORIENTED_EDGE('',*,*,#3925,.T.);
#1641=ORIENTED_EDGE('',*,*,#3926,.T.);
#1642=ORIENTED_EDGE('',*,*,#3927,.T.);
#1643=ORIENTED_EDGE('',*,*,#3928,.T.);
#1644=ORIENTED_EDGE('',*,*,#3929,.T.);
#1645=ORIENTED_EDGE('',*,*,#3930,.T.);
#1646=ORIENTED_EDGE('',*,*,#3931,.T.);
#1647=ORIENTED_EDGE('',*,*,#3932,.T.);
#1648=ORIENTED_EDGE('',*,*,#3906,.T.);
#1649=ORIENTED_EDGE('',*,*,#3933,.T.);
#1650=ORIENTED_EDGE('',*,*,#3934,.T.);
#1651=ORIENTED_EDGE('',*,*,#3935,.F.);
#1652=ORIENTED_EDGE('',*,*,#3936,.F.);
#1653=ORIENTED_EDGE('',*,*,#3937,.F.);
#1654=ORIENTED_EDGE('',*,*,#3938,.F.);
#1655=ORIENTED_EDGE('',*,*,#3939,.F.);
#1656=ORIENTED_EDGE('',*,*,#3940,.F.);
#1657=ORIENTED_EDGE('',*,*,#3941,.F.);
#1658=ORIENTED_EDGE('',*,*,#3942,.F.);
#1659=ORIENTED_EDGE('',*,*,#3943,.F.);
#1660=ORIENTED_EDGE('',*,*,#3944,.F.);
#1661=ORIENTED_EDGE('',*,*,#3945,.F.);
#1662=ORIENTED_EDGE('',*,*,#3946,.F.);
#1663=ORIENTED_EDGE('',*,*,#3947,.F.);
#1664=ORIENTED_EDGE('',*,*,#3948,.F.);
#1665=ORIENTED_EDGE('',*,*,#3949,.F.);
#1666=ORIENTED_EDGE('',*,*,#3950,.F.);
#1667=ORIENTED_EDGE('',*,*,#3951,.F.);
#1668=ORIENTED_EDGE('',*,*,#3952,.F.);
#1669=ORIENTED_EDGE('',*,*,#3953,.F.);
#1670=ORIENTED_EDGE('',*,*,#3954,.F.);
#1671=ORIENTED_EDGE('',*,*,#3955,.F.);
#1672=ORIENTED_EDGE('',*,*,#3956,.F.);
#1673=ORIENTED_EDGE('',*,*,#3957,.F.);
#1674=ORIENTED_EDGE('',*,*,#3958,.F.);
#1675=ORIENTED_EDGE('',*,*,#3959,.F.);
#1676=ORIENTED_EDGE('',*,*,#3960,.F.);
#1677=ORIENTED_EDGE('',*,*,#3961,.F.);
#1678=ORIENTED_EDGE('',*,*,#3962,.F.);
#1679=ORIENTED_EDGE('',*,*,#3963,.F.);
#1680=ORIENTED_EDGE('',*,*,#3964,.F.);
#1681=ORIENTED_EDGE('',*,*,#3965,.F.);
#1682=ORIENTED_EDGE('',*,*,#3966,.F.);
#1683=ORIENTED_EDGE('',*,*,#3967,.F.);
#1684=ORIENTED_EDGE('',*,*,#3968,.F.);
#1685=ORIENTED_EDGE('',*,*,#3969,.F.);
#1686=ORIENTED_EDGE('',*,*,#3970,.F.);
#1687=ORIENTED_EDGE('',*,*,#3971,.F.);
#1688=ORIENTED_EDGE('',*,*,#3972,.F.);
#1689=ORIENTED_EDGE('',*,*,#3973,.F.);
#1690=ORIENTED_EDGE('',*,*,#3974,.F.);
#1691=ORIENTED_EDGE('',*,*,#3975,.F.);
#1692=ORIENTED_EDGE('',*,*,#3976,.F.);
#1693=CARTESIAN_POINT('',(0.0,0.0,0.0));
#1694=DIRECTION('',(0.0,0.0,1.0));
#1695=DIRECTION('',(1.0,0.0,0.0));
#1696=ORIENTED_EDGE('',*,*,#3977,.T.);
#1697=ORIENTED_EDGE('',*,*,#3978,.F.);
#1698=ORIENTED_EDGE('',*,*,#3922,.F.);
#1699=ORIENTED_EDGE('',*,*,#3979,.T.);
#1700=ORIENTED_EDGE('',*,*,#3980,.F.);
#1701=ORIENTED_EDGE('',*,*,#3981,.T.);
#1702=CARTESIAN_POINT('',(-6.9,4.8,0.0));
#1703=DIRECTION('',(-1.0,0.0,0.0));
#1704=DIRECTION('',(0.0,0.0,1.0));
#1705=ORIENTED_EDGE('',*,*,#3932,.F.);
#1706=ORIENTED_EDGE('',*,*,#3982,.F.);
#1707=ORIENTED_EDGE('',*,*,#3983,.T.);
#1708=ORIENTED_EDGE('',*,*,#3907,.T.);
#1709=CARTESIAN_POINT('',(-6.9,4.8,0.0));
#1710=DIRECTION('',(-1.0,0.0,0.0));
#1711=DIRECTION('',(0.0,0.0,1.0));
#1712=ORIENTED_EDGE('',*,*,#3984,.T.);
#1713=ORIENTED_EDGE('',*,*,#3985,.F.);
#1714=ORIENTED_EDGE('',*,*,#3986,.F.);
#1715=ORIENTED_EDGE('',*,*,#3987,.F.);
#1716=ORIENTED_EDGE('',*,*,#3934,.F.);
#1717=ORIENTED_EDGE('',*,*,#3988,.F.);
#1718=CARTESIAN_POINT('',(-6.9,4.8,0.0));
#1719=DIRECTION('',(-1.0,0.0,0.0));
#1720=DIRECTION('',(0.0,0.0,1.0));
#1721=ORIENTED_EDGE('',*,*,#3989,.T.);
#1722=ORIENTED_EDGE('',*,*,#3981,.F.);
#1723=ORIENTED_EDGE('',*,*,#3990,.T.);
#1724=ORIENTED_EDGE('',*,*,#3991,.T.);
#1725=CARTESIAN_POINT('',(6.9,1.8,-2.43));
#1726=DIRECTION('',(-0.0,1.0,0.0));
#1727=DIRECTION('',(1.0,0.0,0.0));
#1728=ORIENTED_EDGE('',*,*,#3992,.T.);
#1729=ORIENTED_EDGE('',*,*,#3993,.F.);
#1730=ORIENTED_EDGE('',*,*,#3994,.T.);
#1731=ORIENTED_EDGE('',*,*,#3995,.T.);
#1732=CARTESIAN_POINT('',(6.9,1.8,-2.43));
#1733=DIRECTION('',(-0.0,1.0,0.0));
#1734=DIRECTION('',(1.0,0.0,0.0));
#1735=ORIENTED_EDGE('',*,*,#3996,.T.);
#1736=ORIENTED_EDGE('',*,*,#3997,.F.);
#1737=ORIENTED_EDGE('',*,*,#3998,.T.);
#1738=ORIENTED_EDGE('',*,*,#3999,.T.);
#1739=CARTESIAN_POINT('',(6.9,1.8,-2.43));
#1740=DIRECTION('',(-0.0,1.0,0.0));
#1741=DIRECTION('',(1.0,0.0,0.0));
#1742=ORIENTED_EDGE('',*,*,#4000,.T.);
#1743=ORIENTED_EDGE('',*,*,#4001,.T.);
#1744=ORIENTED_EDGE('',*,*,#4002,.T.);
#1745=ORIENTED_EDGE('',*,*,#4003,.F.);
#1746=CARTESIAN_POINT('',(6.9,1.8,-2.43));
#1747=DIRECTION('',(-0.0,1.0,0.0));
#1748=DIRECTION('',(1.0,0.0,0.0));
#1749=ORIENTED_EDGE('',*,*,#4004,.F.);
#1750=ORIENTED_EDGE('',*,*,#4005,.F.);
#1751=ORIENTED_EDGE('',*,*,#4006,.F.);
#1752=ORIENTED_EDGE('',*,*,#4007,.T.);
#1753=CARTESIAN_POINT('',(-5.645,-4.8,-2.03));
#1754=DIRECTION('',(-1.0,0.0,0.0));
#1755=DIRECTION('',(0.0,0.0,1.0));
#1756=ORIENTED_EDGE('',*,*,#4008,.T.);
#1757=ORIENTED_EDGE('',*,*,#4009,.F.);
#1758=ORIENTED_EDGE('',*,*,#3991,.F.);
#1759=ORIENTED_EDGE('',*,*,#4010,.T.);
#1760=CARTESIAN_POINT('',(-5.645,-4.8,-2.03));
#1761=DIRECTION('',(-1.0,0.0,0.0));
#1762=DIRECTION('',(0.0,0.0,1.0));
#1763=ORIENTED_EDGE('',*,*,#4011,.F.);
#1764=ORIENTED_EDGE('',*,*,#3986,.T.);
#1765=ORIENTED_EDGE('',*,*,#4012,.T.);
#1766=ORIENTED_EDGE('',*,*,#4007,.F.);
#1767=CARTESIAN_POINT('',(0.0,0.0,-2.43));
#1768=DIRECTION('',(0.0,0.0,1.0));
#1769=DIRECTION('',(1.0,0.0,0.0));
#1770=ORIENTED_EDGE('',*,*,#3990,.F.);
#1771=ORIENTED_EDGE('',*,*,#3980,.T.);
#1772=ORIENTED_EDGE('',*,*,#4013,.F.);
#1773=ORIENTED_EDGE('',*,*,#4010,.F.);
#1774=CARTESIAN_POINT('',(0.0,0.0,-2.43));
#1775=DIRECTION('',(0.0,0.0,1.0));
#1776=DIRECTION('',(1.0,0.0,0.0));
#1777=ORIENTED_EDGE('',*,*,#4014,.F.);
#1778=ORIENTED_EDGE('',*,*,#4015,.T.);
#1779=ORIENTED_EDGE('',*,*,#4016,.T.);
#1780=ORIENTED_EDGE('',*,*,#4017,.F.);
#1781=CARTESIAN_POINT('',(0.0,0.0,-2.43));
#1782=DIRECTION('',(0.0,0.0,1.0));
#1783=DIRECTION('',(1.0,0.0,0.0));
#1784=ORIENTED_EDGE('',*,*,#3994,.F.);
#1785=ORIENTED_EDGE('',*,*,#4018,.T.);
#1786=ORIENTED_EDGE('',*,*,#4019,.F.);
#1787=ORIENTED_EDGE('',*,*,#4020,.F.);
#1788=CARTESIAN_POINT('',(0.0,0.0,-2.43));
#1789=DIRECTION('',(0.0,0.0,1.0));
#1790=DIRECTION('',(1.0,0.0,0.0));
#1791=ORIENTED_EDGE('',*,*,#4021,.F.);
#1792=ORIENTED_EDGE('',*,*,#4022,.T.);
#1793=ORIENTED_EDGE('',*,*,#4023,.T.);
#1794=ORIENTED_EDGE('',*,*,#4024,.F.);
#1795=CARTESIAN_POINT('',(0.0,0.0,-2.43));
#1796=DIRECTION('',(0.0,0.0,1.0));
#1797=DIRECTION('',(1.0,0.0,0.0));
#1798=ORIENTED_EDGE('',*,*,#3998,.F.);
#1799=ORIENTED_EDGE('',*,*,#4025,.T.);
#1800=ORIENTED_EDGE('',*,*,#4026,.F.);
#1801=ORIENTED_EDGE('',*,*,#4027,.F.);
#1802=CARTESIAN_POINT('',(0.0,0.0,-2.43));
#1803=DIRECTION('',(0.0,0.0,1.0));
#1804=DIRECTION('',(1.0,0.0,0.0));
#1805=ORIENTED_EDGE('',*,*,#4028,.T.);
#1806=ORIENTED_EDGE('',*,*,#4029,.T.);
#1807=ORIENTED_EDGE('',*,*,#4030,.F.);
#1808=ORIENTED_EDGE('',*,*,#4031,.T.);
#1809=CARTESIAN_POINT('',(0.0,0.0,-2.43));
#1810=DIRECTION('',(0.0,0.0,1.0));
#1811=DIRECTION('',(1.0,0.0,0.0));
#1812=ORIENTED_EDGE('',*,*,#4032,.F.);
#1813=ORIENTED_EDGE('',*,*,#4033,.T.);
#1814=ORIENTED_EDGE('',*,*,#4000,.F.);
#1815=ORIENTED_EDGE('',*,*,#4034,.T.);
#1816=CARTESIAN_POINT('',(0.0,0.0,-2.43));
#1817=DIRECTION('',(0.0,0.0,1.0));
#1818=DIRECTION('',(1.0,0.0,0.0));
#1819=ORIENTED_EDGE('',*,*,#4012,.F.);
#1820=ORIENTED_EDGE('',*,*,#3985,.T.);
#1821=ORIENTED_EDGE('',*,*,#4035,.F.);
#1822=ORIENTED_EDGE('',*,*,#4004,.T.);
#1823=CARTESIAN_POINT('',(6.9,-3.8,-2.03));
#1824=DIRECTION('',(0.0,-1.0,0.0));
#1825=DIRECTION('',(0.0,0.0,-1.0));
#1826=ORIENTED_EDGE('',*,*,#4016,.F.);
#1827=ORIENTED_EDGE('',*,*,#4036,.F.);
#1828=ORIENTED_EDGE('',*,*,#4037,.F.);
#1829=ORIENTED_EDGE('',*,*,#4038,.T.);
#1830=CARTESIAN_POINT('',(6.9,-3.8,-2.03));
#1831=DIRECTION('',(0.0,-1.0,0.0));
#1832=DIRECTION('',(0.0,0.0,-1.0));
#1833=ORIENTED_EDGE('',*,*,#4023,.F.);
#1834=ORIENTED_EDGE('',*,*,#4039,.F.);
#1835=ORIENTED_EDGE('',*,*,#4040,.F.);
#1836=ORIENTED_EDGE('',*,*,#4041,.T.);
#1837=CARTESIAN_POINT('',(6.9,-3.8,-2.03));
#1838=DIRECTION('',(0.0,-1.0,0.0));
#1839=DIRECTION('',(0.0,0.0,-1.0));
#1840=ORIENTED_EDGE('',*,*,#4042,.F.);
#1841=ORIENTED_EDGE('',*,*,#4043,.F.);
#1842=ORIENTED_EDGE('',*,*,#4028,.F.);
#1843=ORIENTED_EDGE('',*,*,#4044,.F.);
#1844=CARTESIAN_POINT('',(6.9,-3.8,-2.03));
#1845=DIRECTION('',(0.0,-1.0,0.0));
#1846=DIRECTION('',(0.0,0.0,-1.0));
#1847=ORIENTED_EDGE('',*,*,#4045,.T.);
#1848=ORIENTED_EDGE('',*,*,#4046,.F.);
#1849=ORIENTED_EDGE('',*,*,#4047,.T.);
#1850=ORIENTED_EDGE('',*,*,#4048,.F.);
#1851=ORIENTED_EDGE('',*,*,#4049,.T.);
#1852=ORIENTED_EDGE('',*,*,#4050,.T.);
#1853=ORIENTED_EDGE('',*,*,#4051,.T.);
#1854=ORIENTED_EDGE('',*,*,#4052,.F.);
#1855=ORIENTED_EDGE('',*,*,#4053,.T.);
#1856=ORIENTED_EDGE('',*,*,#4054,.F.);
#1857=ORIENTED_EDGE('',*,*,#4055,.T.);
#1858=ORIENTED_EDGE('',*,*,#3977,.F.);
#1859=ORIENTED_EDGE('',*,*,#3989,.F.);
#1860=ORIENTED_EDGE('',*,*,#4009,.T.);
#1861=ORIENTED_EDGE('',*,*,#4056,.F.);
#1862=ORIENTED_EDGE('',*,*,#4057,.F.);
#1863=ORIENTED_EDGE('',*,*,#3992,.F.);
#1864=ORIENTED_EDGE('',*,*,#4058,.T.);
#1865=ORIENTED_EDGE('',*,*,#4059,.F.);
#1866=ORIENTED_EDGE('',*,*,#4060,.F.);
#1867=ORIENTED_EDGE('',*,*,#3996,.F.);
#1868=ORIENTED_EDGE('',*,*,#4061,.T.);
#1869=ORIENTED_EDGE('',*,*,#4062,.F.);
#1870=ORIENTED_EDGE('',*,*,#4063,.F.);
#1871=ORIENTED_EDGE('',*,*,#4002,.F.);
#1872=ORIENTED_EDGE('',*,*,#4064,.F.);
#1873=ORIENTED_EDGE('',*,*,#4065,.T.);
#1874=ORIENTED_EDGE('',*,*,#4066,.F.);
#1875=ORIENTED_EDGE('',*,*,#4067,.T.);
#1876=ORIENTED_EDGE('',*,*,#4068,.F.);
#1877=ORIENTED_EDGE('',*,*,#4069,.T.);
#1878=ORIENTED_EDGE('',*,*,#4070,.T.);
#1879=ORIENTED_EDGE('',*,*,#4071,.T.);
#1880=ORIENTED_EDGE('',*,*,#4072,.F.);
#1881=ORIENTED_EDGE('',*,*,#4073,.T.);
#1882=ORIENTED_EDGE('',*,*,#4074,.F.);
#1883=ORIENTED_EDGE('',*,*,#4075,.T.);
#1884=ORIENTED_EDGE('',*,*,#4076,.T.);
#1885=ORIENTED_EDGE('',*,*,#4042,.T.);
#1886=ORIENTED_EDGE('',*,*,#4077,.F.);
#1887=ORIENTED_EDGE('',*,*,#4078,.T.);
#1888=ORIENTED_EDGE('',*,*,#4079,.T.);
#1889=ORIENTED_EDGE('',*,*,#4040,.T.);
#1890=ORIENTED_EDGE('',*,*,#4080,.F.);
#1891=ORIENTED_EDGE('',*,*,#4081,.T.);
#1892=ORIENTED_EDGE('',*,*,#4082,.T.);
#1893=ORIENTED_EDGE('',*,*,#4037,.T.);
#1894=ORIENTED_EDGE('',*,*,#4083,.F.);
#1895=ORIENTED_EDGE('',*,*,#4084,.T.);
#1896=ORIENTED_EDGE('',*,*,#4005,.T.);
#1897=ORIENTED_EDGE('',*,*,#4035,.T.);
#1898=ORIENTED_EDGE('',*,*,#3984,.F.);
#1899=ORIENTED_EDGE('',*,*,#4085,.F.);
#1900=ORIENTED_EDGE('',*,*,#3908,.F.);
#1901=ORIENTED_EDGE('',*,*,#3983,.F.);
#1902=ORIENTED_EDGE('',*,*,#4086,.F.);
#1903=ORIENTED_EDGE('',*,*,#4087,.F.);
#1904=ORIENTED_EDGE('',*,*,#4088,.F.);
#1905=ORIENTED_EDGE('',*,*,#4089,.F.);
#1906=ORIENTED_EDGE('',*,*,#4090,.F.);
#1907=ORIENTED_EDGE('',*,*,#4091,.F.);
#1908=ORIENTED_EDGE('',*,*,#4092,.F.);
#1909=ORIENTED_EDGE('',*,*,#4093,.F.);
#1910=ORIENTED_EDGE('',*,*,#4094,.F.);
#1911=ORIENTED_EDGE('',*,*,#4095,.F.);
#1912=ORIENTED_EDGE('',*,*,#4096,.F.);
#1913=ORIENTED_EDGE('',*,*,#4097,.F.);
#1914=ORIENTED_EDGE('',*,*,#4098,.F.);
#1915=ORIENTED_EDGE('',*,*,#4099,.F.);
#1916=ORIENTED_EDGE('',*,*,#4100,.F.);
#1917=ORIENTED_EDGE('',*,*,#4101,.F.);
#1918=ORIENTED_EDGE('',*,*,#4102,.F.);
#1919=ORIENTED_EDGE('',*,*,#4103,.F.);
#1920=ORIENTED_EDGE('',*,*,#4104,.F.);
#1921=ORIENTED_EDGE('',*,*,#4105,.F.);
#1922=ORIENTED_EDGE('',*,*,#4106,.F.);
#1923=ORIENTED_EDGE('',*,*,#4107,.F.);
#1924=ORIENTED_EDGE('',*,*,#4108,.F.);
#1925=ORIENTED_EDGE('',*,*,#4109,.F.);
#1926=ORIENTED_EDGE('',*,*,#4110,.F.);
#1927=ORIENTED_EDGE('',*,*,#4111,.F.);
#1928=ORIENTED_EDGE('',*,*,#4112,.F.);
#1929=ORIENTED_EDGE('',*,*,#4113,.F.);
#1930=ORIENTED_EDGE('',*,*,#4114,.F.);
#1931=ORIENTED_EDGE('',*,*,#4115,.F.);
#1932=ORIENTED_EDGE('',*,*,#4116,.F.);
#1933=ORIENTED_EDGE('',*,*,#4117,.F.);
#1934=ORIENTED_EDGE('',*,*,#4118,.F.);
#1935=ORIENTED_EDGE('',*,*,#4119,.F.);
#1936=ORIENTED_EDGE('',*,*,#4120,.F.);
#1937=ORIENTED_EDGE('',*,*,#4121,.F.);
#1938=ORIENTED_EDGE('',*,*,#4122,.F.);
#1939=ORIENTED_EDGE('',*,*,#4123,.F.);
#1940=ORIENTED_EDGE('',*,*,#4124,.F.);
#1941=ORIENTED_EDGE('',*,*,#4125,.F.);
#1942=ORIENTED_EDGE('',*,*,#4126,.F.);
#1943=ORIENTED_EDGE('',*,*,#4127,.F.);
#1944=ORIENTED_EDGE('',*,*,#4128,.F.);
#1945=ORIENTED_EDGE('',*,*,#4129,.F.);
#1946=ORIENTED_EDGE('',*,*,#4130,.F.);
#1947=ORIENTED_EDGE('',*,*,#4131,.F.);
#1948=ORIENTED_EDGE('',*,*,#4132,.F.);
#1949=ORIENTED_EDGE('',*,*,#4133,.F.);
#1950=ORIENTED_EDGE('',*,*,#4134,.F.);
#1951=ORIENTED_EDGE('',*,*,#4135,.F.);
#1952=ORIENTED_EDGE('',*,*,#4136,.F.);
#1953=ORIENTED_EDGE('',*,*,#4137,.F.);
#1954=ORIENTED_EDGE('',*,*,#4138,.F.);
#1955=ORIENTED_EDGE('',*,*,#4139,.F.);
#1956=ORIENTED_EDGE('',*,*,#4140,.F.);
#1957=ORIENTED_EDGE('',*,*,#4141,.F.);
#1958=ORIENTED_EDGE('',*,*,#4142,.F.);
#1959=ORIENTED_EDGE('',*,*,#4143,.F.);
#1960=ORIENTED_EDGE('',*,*,#4144,.F.);
#1961=ORIENTED_EDGE('',*,*,#4145,.F.);
#1962=ORIENTED_EDGE('',*,*,#4146,.F.);
#1963=ORIENTED_EDGE('',*,*,#4147,.F.);
#1964=ORIENTED_EDGE('',*,*,#4148,.F.);
#1965=ORIENTED_EDGE('',*,*,#4149,.F.);
#1966=ORIENTED_EDGE('',*,*,#4150,.F.);
#1967=ORIENTED_EDGE('',*,*,#4151,.F.);
#1968=ORIENTED_EDGE('',*,*,#4152,.F.);
#1969=ORIENTED_EDGE('',*,*,#4153,.F.);
#1970=ORIENTED_EDGE('',*,*,#4154,.F.);
#1971=ORIENTED_EDGE('',*,*,#4155,.F.);
#1972=ORIENTED_EDGE('',*,*,#4156,.F.);
#1973=ORIENTED_EDGE('',*,*,#4157,.F.);
#1974=CARTESIAN_POINT('',(0.0,0.0,-2.03));
#1975=DIRECTION('',(0.0,0.0,-1.0));
#1976=DIRECTION('',(0.0,-1.0,0.0));
#1977=ORIENTED_EDGE('',*,*,#4158,.T.);
#1978=ORIENTED_EDGE('',*,*,#4159,.F.);
#1979=ORIENTED_EDGE('',*,*,#4160,.F.);
#1980=ORIENTED_EDGE('',*,*,#4109,.T.);
#1981=CARTESIAN_POINT('',(-4.76,-3.85,-2.03));
#1982=DIRECTION('',(-1.0,0.0,0.0));
#1983=DIRECTION('',(0.0,0.0,1.0));
#1984=ORIENTED_EDGE('',*,*,#4160,.T.);
#1985=ORIENTED_EDGE('',*,*,#4161,.F.);
#1986=ORIENTED_EDGE('',*,*,#4162,.F.);
#1987=ORIENTED_EDGE('',*,*,#4106,.T.);
#1988=CARTESIAN_POINT('',(-3.64,-3.85,-2.03));
#1989=DIRECTION('',(0.0,-1.0,0.0));
#1990=DIRECTION('',(0.0,0.0,-1.0));
#1991=ORIENTED_EDGE('',*,*,#4162,.T.);
#1992=ORIENTED_EDGE('',*,*,#4163,.F.);
#1993=ORIENTED_EDGE('',*,*,#4164,.F.);
#1994=ORIENTED_EDGE('',*,*,#4107,.T.);
#1995=CARTESIAN_POINT('',(-3.64,-3.35,-2.03));
#1996=DIRECTION('',(1.0,0.0,0.0));
#1997=DIRECTION('',(0.0,1.0,0.0));
#1998=ORIENTED_EDGE('',*,*,#4164,.T.);
#1999=ORIENTED_EDGE('',*,*,#4165,.F.);
#2000=ORIENTED_EDGE('',*,*,#4158,.F.);
#2001=ORIENTED_EDGE('',*,*,#4108,.T.);
#2002=CARTESIAN_POINT('',(-4.76,-3.35,-2.03));
#2003=DIRECTION('',(-0.0,1.0,0.0));
#2004=DIRECTION('',(1.0,0.0,0.0));
#2005=ORIENTED_EDGE('',*,*,#4165,.T.);
#2006=ORIENTED_EDGE('',*,*,#4163,.T.);
#2007=ORIENTED_EDGE('',*,*,#4161,.T.);
#2008=ORIENTED_EDGE('',*,*,#4159,.T.);
#2009=CARTESIAN_POINT('',(0.0,0.0,-5.93));
#2010=DIRECTION('',(0.0,0.0,-1.0));
#2011=DIRECTION('',(0.0,-1.0,0.0));
#2012=ORIENTED_EDGE('',*,*,#4166,.T.);
#2013=ORIENTED_EDGE('',*,*,#4167,.T.);
#2014=ORIENTED_EDGE('',*,*,#4168,.T.);
#2015=ORIENTED_EDGE('',*,*,#4169,.T.);
#2016=CARTESIAN_POINT('',(0.0,0.0,-5.93));
#2017=DIRECTION('',(0.0,0.0,-1.0));
#2018=DIRECTION('',(0.0,-1.0,0.0));
#2019=ORIENTED_EDGE('',*,*,#4170,.T.);
#2020=ORIENTED_EDGE('',*,*,#4169,.F.);
#2021=ORIENTED_EDGE('',*,*,#4171,.F.);
#2022=ORIENTED_EDGE('',*,*,#4089,.T.);
#2023=CARTESIAN_POINT('',(-4.76,1.65,-2.03));
#2024=DIRECTION('',(-1.0,0.0,0.0));
#2025=DIRECTION('',(0.0,0.0,1.0));
#2026=ORIENTED_EDGE('',*,*,#4171,.T.);
#2027=ORIENTED_EDGE('',*,*,#4168,.F.);
#2028=ORIENTED_EDGE('',*,*,#4172,.F.);
#2029=ORIENTED_EDGE('',*,*,#4086,.T.);
#2030=CARTESIAN_POINT('',(-3.64,1.65,-2.03));
#2031=DIRECTION('',(0.0,-1.0,0.0));
#2032=DIRECTION('',(0.0,0.0,-1.0));
#2033=ORIENTED_EDGE('',*,*,#4172,.T.);
#2034=ORIENTED_EDGE('',*,*,#4167,.F.);
#2035=ORIENTED_EDGE('',*,*,#4173,.F.);
#2036=ORIENTED_EDGE('',*,*,#4087,.T.);
#2037=CARTESIAN_POINT('',(-3.64,2.15,-2.03));
#2038=DIRECTION('',(1.0,0.0,0.0));
#2039=DIRECTION('',(0.0,1.0,0.0));
#2040=ORIENTED_EDGE('',*,*,#4173,.T.);
#2041=ORIENTED_EDGE('',*,*,#4166,.F.);
#2042=ORIENTED_EDGE('',*,*,#4170,.F.);
#2043=ORIENTED_EDGE('',*,*,#4088,.T.);
#2044=CARTESIAN_POINT('',(-4.76,2.15,-2.03));
#2045=DIRECTION('',(-0.0,1.0,0.0));
#2046=DIRECTION('',(1.0,0.0,0.0));
#2047=ORIENTED_EDGE('',*,*,#4174,.T.);
#2048=ORIENTED_EDGE('',*,*,#4175,.F.);
#2049=ORIENTED_EDGE('',*,*,#4176,.F.);
#2050=ORIENTED_EDGE('',*,*,#4093,.T.);
#2051=CARTESIAN_POINT('',(-0.56,-3.85,-2.03));
#2052=DIRECTION('',(-1.0,0.0,0.0));
#2053=DIRECTION('',(0.0,0.0,1.0));
#2054=ORIENTED_EDGE('',*,*,#4176,.T.);
#2055=ORIENTED_EDGE('',*,*,#4177,.F.);
#2056=ORIENTED_EDGE('',*,*,#4178,.F.);
#2057=ORIENTED_EDGE('',*,*,#4090,.T.);
#2058=CARTESIAN_POINT('',(0.56,-3.85,-2.03));
#2059=DIRECTION('',(0.0,-1.0,0.0));
#2060=DIRECTION('',(0.0,0.0,-1.0));
#2061=ORIENTED_EDGE('',*,*,#4178,.T.);
#2062=ORIENTED_EDGE('',*,*,#4179,.F.);
#2063=ORIENTED_EDGE('',*,*,#4180,.F.);
#2064=ORIENTED_EDGE('',*,*,#4091,.T.);
#2065=CARTESIAN_POINT('',(0.56,-3.35,-2.03));
#2066=DIRECTION('',(1.0,0.0,0.0));
#2067=DIRECTION('',(0.0,1.0,0.0));
#2068=ORIENTED_EDGE('',*,*,#4180,.T.);
#2069=ORIENTED_EDGE('',*,*,#4181,.F.);
#2070=ORIENTED_EDGE('',*,*,#4174,.F.);
#2071=ORIENTED_EDGE('',*,*,#4092,.T.);
#2072=CARTESIAN_POINT('',(-0.56,-3.35,-2.03));
#2073=DIRECTION('',(-0.0,1.0,0.0));
#2074=DIRECTION('',(1.0,0.0,0.0));
#2075=ORIENTED_EDGE('',*,*,#4181,.T.);
#2076=ORIENTED_EDGE('',*,*,#4179,.T.);
#2077=ORIENTED_EDGE('',*,*,#4177,.T.);
#2078=ORIENTED_EDGE('',*,*,#4175,.T.);
#2079=CARTESIAN_POINT('',(0.0,0.0,-5.93));
#2080=DIRECTION('',(0.0,0.0,-1.0));
#2081=DIRECTION('',(0.0,-1.0,0.0));
#2082=ORIENTED_EDGE('',*,*,#4182,.T.);
#2083=ORIENTED_EDGE('',*,*,#4183,.T.);
#2084=ORIENTED_EDGE('',*,*,#4184,.T.);
#2085=ORIENTED_EDGE('',*,*,#4185,.T.);
#2086=CARTESIAN_POINT('',(0.0,0.0,-5.93));
#2087=DIRECTION('',(0.0,0.0,-1.0));
#2088=DIRECTION('',(0.0,-1.0,0.0));
#2089=ORIENTED_EDGE('',*,*,#4186,.T.);
#2090=ORIENTED_EDGE('',*,*,#4185,.F.);
#2091=ORIENTED_EDGE('',*,*,#4187,.F.);
#2092=ORIENTED_EDGE('',*,*,#4097,.T.);
#2093=CARTESIAN_POINT('',(-0.56,1.65,-2.03));
#2094=DIRECTION('',(-1.0,0.0,0.0));
#2095=DIRECTION('',(0.0,0.0,1.0));
#2096=ORIENTED_EDGE('',*,*,#4187,.T.);
#2097=ORIENTED_EDGE('',*,*,#4184,.F.);
#2098=ORIENTED_EDGE('',*,*,#4188,.F.);
#2099=ORIENTED_EDGE('',*,*,#4094,.T.);
#2100=CARTESIAN_POINT('',(0.56,1.65,-2.03));
#2101=DIRECTION('',(0.0,-1.0,0.0));
#2102=DIRECTION('',(0.0,0.0,-1.0));
#2103=ORIENTED_EDGE('',*,*,#4188,.T.);
#2104=ORIENTED_EDGE('',*,*,#4183,.F.);
#2105=ORIENTED_EDGE('',*,*,#4189,.F.);
#2106=ORIENTED_EDGE('',*,*,#4095,.T.);
#2107=CARTESIAN_POINT('',(0.56,2.15,-2.03));
#2108=DIRECTION('',(1.0,0.0,0.0));
#2109=DIRECTION('',(0.0,1.0,0.0));
#2110=ORIENTED_EDGE('',*,*,#4189,.T.);
#2111=ORIENTED_EDGE('',*,*,#4182,.F.);
#2112=ORIENTED_EDGE('',*,*,#4186,.F.);
#2113=ORIENTED_EDGE('',*,*,#4096,.T.);
#2114=CARTESIAN_POINT('',(-0.56,2.15,-2.03));
#2115=DIRECTION('',(-0.0,1.0,0.0));
#2116=DIRECTION('',(1.0,0.0,0.0));
#2117=ORIENTED_EDGE('',*,*,#4190,.T.);
#2118=ORIENTED_EDGE('',*,*,#4191,.F.);
#2119=ORIENTED_EDGE('',*,*,#4192,.F.);
#2120=ORIENTED_EDGE('',*,*,#4101,.T.);
#2121=CARTESIAN_POINT('',(3.64,-3.85,-2.03));
#2122=DIRECTION('',(-1.0,0.0,0.0));
#2123=DIRECTION('',(0.0,0.0,1.0));
#2124=ORIENTED_EDGE('',*,*,#4192,.T.);
#2125=ORIENTED_EDGE('',*,*,#4193,.F.);
#2126=ORIENTED_EDGE('',*,*,#4194,.F.);
#2127=ORIENTED_EDGE('',*,*,#4098,.T.);
#2128=CARTESIAN_POINT('',(4.76,-3.85,-2.03));
#2129=DIRECTION('',(0.0,-1.0,0.0));
#2130=DIRECTION('',(0.0,0.0,-1.0));
#2131=ORIENTED_EDGE('',*,*,#4194,.T.);
#2132=ORIENTED_EDGE('',*,*,#4195,.F.);
#2133=ORIENTED_EDGE('',*,*,#4196,.F.);
#2134=ORIENTED_EDGE('',*,*,#4099,.T.);
#2135=CARTESIAN_POINT('',(4.76,-3.35,-2.03));
#2136=DIRECTION('',(1.0,0.0,0.0));
#2137=DIRECTION('',(0.0,1.0,0.0));
#2138=ORIENTED_EDGE('',*,*,#4196,.T.);
#2139=ORIENTED_EDGE('',*,*,#4197,.F.);
#2140=ORIENTED_EDGE('',*,*,#4190,.F.);
#2141=ORIENTED_EDGE('',*,*,#4100,.T.);
#2142=CARTESIAN_POINT('',(3.64,-3.35,-2.03));
#2143=DIRECTION('',(-0.0,1.0,0.0));
#2144=DIRECTION('',(1.0,0.0,0.0));
#2145=ORIENTED_EDGE('',*,*,#4197,.T.);
#2146=ORIENTED_EDGE('',*,*,#4195,.T.);
#2147=ORIENTED_EDGE('',*,*,#4193,.T.);
#2148=ORIENTED_EDGE('',*,*,#4191,.T.);
#2149=CARTESIAN_POINT('',(0.0,0.0,-5.93));
#2150=DIRECTION('',(0.0,0.0,-1.0));
#2151=DIRECTION('',(0.0,-1.0,0.0));
#2152=ORIENTED_EDGE('',*,*,#4198,.T.);
#2153=ORIENTED_EDGE('',*,*,#4199,.T.);
#2154=ORIENTED_EDGE('',*,*,#4200,.T.);
#2155=ORIENTED_EDGE('',*,*,#4201,.T.);
#2156=CARTESIAN_POINT('',(0.0,0.0,-5.93));
#2157=DIRECTION('',(0.0,0.0,-1.0));
#2158=DIRECTION('',(0.0,-1.0,0.0));
#2159=ORIENTED_EDGE('',*,*,#4202,.T.);
#2160=ORIENTED_EDGE('',*,*,#4201,.F.);
#2161=ORIENTED_EDGE('',*,*,#4203,.F.);
#2162=ORIENTED_EDGE('',*,*,#4105,.T.);
#2163=CARTESIAN_POINT('',(3.64,1.65,-2.03));
#2164=DIRECTION('',(-1.0,0.0,0.0));
#2165=DIRECTION('',(0.0,0.0,1.0));
#2166=ORIENTED_EDGE('',*,*,#4203,.T.);
#2167=ORIENTED_EDGE('',*,*,#4200,.F.);
#2168=ORIENTED_EDGE('',*,*,#4204,.F.);
#2169=ORIENTED_EDGE('',*,*,#4102,.T.);
#2170=CARTESIAN_POINT('',(4.76,1.65,-2.03));
#2171=DIRECTION('',(0.0,-1.0,0.0));
#2172=DIRECTION('',(0.0,0.0,-1.0));
#2173=ORIENTED_EDGE('',*,*,#4204,.T.);
#2174=ORIENTED_EDGE('',*,*,#4199,.F.);
#2175=ORIENTED_EDGE('',*,*,#4205,.F.);
#2176=ORIENTED_EDGE('',*,*,#4103,.T.);
#2177=CARTESIAN_POINT('',(4.76,2.15,-2.03));
#2178=DIRECTION('',(1.0,0.0,0.0));
#2179=DIRECTION('',(0.0,1.0,0.0));
#2180=ORIENTED_EDGE('',*,*,#4205,.T.);
#2181=ORIENTED_EDGE('',*,*,#4198,.F.);
#2182=ORIENTED_EDGE('',*,*,#4202,.F.);
#2183=ORIENTED_EDGE('',*,*,#4104,.T.);
#2184=CARTESIAN_POINT('',(3.64,2.15,-2.03));
#2185=DIRECTION('',(-0.0,1.0,0.0));
#2186=DIRECTION('',(1.0,0.0,0.0));
#2187=ORIENTED_EDGE('',*,*,#3905,.T.);
#2188=ORIENTED_EDGE('',*,*,#4085,.T.);
#2189=ORIENTED_EDGE('',*,*,#3988,.T.);
#2190=ORIENTED_EDGE('',*,*,#3933,.F.);
#2191=CARTESIAN_POINT('',(-6.9,-2.3,0.0));
#2192=DIRECTION('',(0.0,0.0,-1.0));
#2193=DIRECTION('',(1.0,0.0,0.0));
#2194=ORIENTED_EDGE('',*,*,#4078,.F.);
#2195=ORIENTED_EDGE('',*,*,#4206,.F.);
#2196=ORIENTED_EDGE('',*,*,#4030,.T.);
#2197=ORIENTED_EDGE('',*,*,#4207,.F.);
#2198=ORIENTED_EDGE('',*,*,#3909,.F.);
#2199=ORIENTED_EDGE('',*,*,#3987,.T.);
#2200=ORIENTED_EDGE('',*,*,#4011,.T.);
#2201=ORIENTED_EDGE('',*,*,#4006,.T.);
#2202=ORIENTED_EDGE('',*,*,#4084,.F.);
#2203=ORIENTED_EDGE('',*,*,#4208,.F.);
#2204=ORIENTED_EDGE('',*,*,#4014,.T.);
#2205=ORIENTED_EDGE('',*,*,#4209,.T.);
#2206=ORIENTED_EDGE('',*,*,#4081,.F.);
#2207=ORIENTED_EDGE('',*,*,#4210,.F.);
#2208=ORIENTED_EDGE('',*,*,#4021,.T.);
#2209=ORIENTED_EDGE('',*,*,#4211,.T.);
#2210=CARTESIAN_POINT('',(-6.9,-4.8,0.0));
#2211=DIRECTION('',(0.0,-1.0,0.0));
#2212=DIRECTION('',(0.0,0.0,-1.0));
#2213=ORIENTED_EDGE('',*,*,#4041,.F.);
#2214=ORIENTED_EDGE('',*,*,#4079,.F.);
#2215=ORIENTED_EDGE('',*,*,#4211,.F.);
#2216=ORIENTED_EDGE('',*,*,#4024,.T.);
#2217=CARTESIAN_POINT('',(2.755,-4.8,-2.03));
#2218=DIRECTION('',(-1.0,0.0,0.0));
#2219=DIRECTION('',(0.0,0.0,1.0));
#2220=ORIENTED_EDGE('',*,*,#4212,.T.);
#2221=ORIENTED_EDGE('',*,*,#4061,.F.);
#2222=ORIENTED_EDGE('',*,*,#3999,.F.);
#2223=ORIENTED_EDGE('',*,*,#4027,.T.);
#2224=CARTESIAN_POINT('',(2.755,-4.8,-2.03));
#2225=DIRECTION('',(-1.0,0.0,0.0));
#2226=DIRECTION('',(0.0,0.0,1.0));
#2227=ORIENTED_EDGE('',*,*,#4026,.T.);
#2228=ORIENTED_EDGE('',*,*,#4213,.T.);
#2229=ORIENTED_EDGE('',*,*,#4059,.T.);
#2230=ORIENTED_EDGE('',*,*,#4214,.F.);
#2231=ORIENTED_EDGE('',*,*,#4019,.T.);
#2232=ORIENTED_EDGE('',*,*,#4215,.T.);
#2233=ORIENTED_EDGE('',*,*,#4056,.T.);
#2234=ORIENTED_EDGE('',*,*,#4008,.F.);
#2235=ORIENTED_EDGE('',*,*,#4013,.T.);
#2236=ORIENTED_EDGE('',*,*,#3979,.F.);
#2237=ORIENTED_EDGE('',*,*,#3921,.F.);
#2238=ORIENTED_EDGE('',*,*,#4216,.T.);
#2239=ORIENTED_EDGE('',*,*,#4032,.T.);
#2240=ORIENTED_EDGE('',*,*,#4217,.T.);
#2241=ORIENTED_EDGE('',*,*,#4062,.T.);
#2242=ORIENTED_EDGE('',*,*,#4212,.F.);
#2243=CARTESIAN_POINT('',(6.9,4.8,0.0));
#2244=DIRECTION('',(-0.0,1.0,0.0));
#2245=DIRECTION('',(1.0,0.0,0.0));
#2246=ORIENTED_EDGE('',*,*,#4206,.T.);
#2247=ORIENTED_EDGE('',*,*,#4077,.T.);
#2248=ORIENTED_EDGE('',*,*,#4044,.T.);
#2249=ORIENTED_EDGE('',*,*,#4031,.F.);
#2250=CARTESIAN_POINT('',(5.645,-4.8,-2.43));
#2251=DIRECTION('',(1.0,0.0,0.0));
#2252=DIRECTION('',(0.0,1.0,0.0));
#2253=ORIENTED_EDGE('',*,*,#4003,.T.);
#2254=ORIENTED_EDGE('',*,*,#4063,.T.);
#2255=ORIENTED_EDGE('',*,*,#4217,.F.);
#2256=ORIENTED_EDGE('',*,*,#4034,.F.);
#2257=CARTESIAN_POINT('',(5.645,-4.8,-2.43));
#2258=DIRECTION('',(1.0,0.0,0.0));
#2259=DIRECTION('',(0.0,1.0,0.0));
#2260=ORIENTED_EDGE('',*,*,#4076,.F.);
#2261=ORIENTED_EDGE('',*,*,#4218,.F.);
#2262=ORIENTED_EDGE('',*,*,#3910,.F.);
#2263=ORIENTED_EDGE('',*,*,#4207,.T.);
#2264=ORIENTED_EDGE('',*,*,#4029,.F.);
#2265=ORIENTED_EDGE('',*,*,#4043,.T.);
#2266=CARTESIAN_POINT('',(6.9,-4.8,0.0));
#2267=DIRECTION('',(1.0,0.0,0.0));
#2268=DIRECTION('',(0.0,1.0,0.0));
#2269=ORIENTED_EDGE('',*,*,#4033,.F.);
#2270=ORIENTED_EDGE('',*,*,#4216,.F.);
#2271=ORIENTED_EDGE('',*,*,#3920,.F.);
#2272=ORIENTED_EDGE('',*,*,#4219,.F.);
#2273=ORIENTED_EDGE('',*,*,#4064,.T.);
#2274=ORIENTED_EDGE('',*,*,#4001,.F.);
#2275=CARTESIAN_POINT('',(6.9,-4.8,0.0));
#2276=DIRECTION('',(1.0,0.0,0.0));
#2277=DIRECTION('',(0.0,1.0,0.0));
#2278=ORIENTED_EDGE('',*,*,#4075,.F.);
#2279=ORIENTED_EDGE('',*,*,#4220,.F.);
#2280=ORIENTED_EDGE('',*,*,#3911,.F.);
#2281=ORIENTED_EDGE('',*,*,#4218,.T.);
#2282=CARTESIAN_POINT('',(7.4,1.0,7.469628));
#2283=DIRECTION('',(0.0,0.0,1.0));
#2284=DIRECTION('',(-1.0,0.0,0.0));
#2285=ORIENTED_EDGE('',*,*,#3912,.F.);
#2286=ORIENTED_EDGE('',*,*,#4220,.T.);
#2287=ORIENTED_EDGE('',*,*,#4074,.T.);
#2288=ORIENTED_EDGE('',*,*,#4221,.T.);
#2289=CARTESIAN_POINT('',(6.9,1.5,0.0));
#2290=DIRECTION('',(0.0,-1.0,0.0));
#2291=DIRECTION('',(0.0,0.0,-1.0));
#2292=ORIENTED_EDGE('',*,*,#3913,.F.);
#2293=ORIENTED_EDGE('',*,*,#4221,.F.);
#2294=ORIENTED_EDGE('',*,*,#4073,.F.);
#2295=ORIENTED_EDGE('',*,*,#4222,.T.);
#2296=CARTESIAN_POINT('',(7.615233484247,1.0,-13.199628));
#2297=DIRECTION('',(0.0,0.0,-1.0));
#2298=DIRECTION('',(0.650514691520482,0.759493670886079,0.0));
#2299=ORIENTED_EDGE('',*,*,#4072,.T.);
#2300=ORIENTED_EDGE('',*,*,#4223,.T.);
#2301=ORIENTED_EDGE('',*,*,#4224,.F.);
#2302=ORIENTED_EDGE('',*,*,#4225,.T.);
#2303=ORIENTED_EDGE('',*,*,#3914,.F.);
#2304=ORIENTED_EDGE('',*,*,#4222,.F.);
#2305=CARTESIAN_POINT('',(8.9,2.5,0.0));
#2306=DIRECTION('',(0.0,0.0,-1.0));
#2307=DIRECTION('',(1.0,0.0,0.0));
#2308=ORIENTED_EDGE('',*,*,#3916,.F.);
#2309=ORIENTED_EDGE('',*,*,#4226,.F.);
#2310=ORIENTED_EDGE('',*,*,#4227,.F.);
#2311=ORIENTED_EDGE('',*,*,#4228,.T.);
#2312=ORIENTED_EDGE('',*,*,#4068,.T.);
#2313=ORIENTED_EDGE('',*,*,#4229,.T.);
#2314=CARTESIAN_POINT('',(8.9,2.5,0.0));
#2315=DIRECTION('',(0.0,0.0,-1.0));
#2316=DIRECTION('',(1.0,0.0,0.0));
#2317=ORIENTED_EDGE('',*,*,#4230,.T.);
#2318=ORIENTED_EDGE('',*,*,#4231,.F.);
#2319=ORIENTED_EDGE('',*,*,#4232,.F.);
#2320=ORIENTED_EDGE('',*,*,#4233,.T.);
#2321=ORIENTED_EDGE('',*,*,#4234,.F.);
#2322=ORIENTED_EDGE('',*,*,#4235,.F.);
#2323=ORIENTED_EDGE('',*,*,#4226,.T.);
#2324=ORIENTED_EDGE('',*,*,#3915,.F.);
#2325=ORIENTED_EDGE('',*,*,#4225,.F.);
#2326=ORIENTED_EDGE('',*,*,#4236,.F.);
#2327=ORIENTED_EDGE('',*,*,#4237,.T.);
#2328=ORIENTED_EDGE('',*,*,#4238,.T.);
#2329=CARTESIAN_POINT('',(9.8,0.9700898719206,-5.73));
#2330=DIRECTION('',(-1.0,0.0,0.0));
#2331=DIRECTION('',(0.0,0.0,1.0));
#2332=ORIENTED_EDGE('',*,*,#4239,.F.);
#2333=ORIENTED_EDGE('',*,*,#4240,.F.);
#2334=ORIENTED_EDGE('',*,*,#4233,.F.);
#2335=ORIENTED_EDGE('',*,*,#4241,.T.);
#2336=CARTESIAN_POINT('',(9.8,-5.76,-4.88));
#2337=DIRECTION('',(-0.819152044289016,0.0,0.573576436351011));
#2338=DIRECTION('',(0.0,1.0,0.0));
#2339=ORIENTED_EDGE('',*,*,#4242,.F.);
#2340=ORIENTED_EDGE('',*,*,#4243,.F.);
#2341=ORIENTED_EDGE('',*,*,#4238,.F.);
#2342=ORIENTED_EDGE('',*,*,#4244,.F.);
#2343=CARTESIAN_POINT('',(9.8,-5.76,-4.88));
#2344=DIRECTION('',(-0.819152044289016,0.0,0.573576436351011));
#2345=DIRECTION('',(0.0,1.0,0.0));
#2346=ORIENTED_EDGE('',*,*,#4232,.T.);
#2347=ORIENTED_EDGE('',*,*,#4245,.T.);
#2348=ORIENTED_EDGE('',*,*,#4246,.F.);
#2349=ORIENTED_EDGE('',*,*,#4247,.F.);
#2350=ORIENTED_EDGE('',*,*,#4248,.F.);
#2351=ORIENTED_EDGE('',*,*,#4241,.F.);
#2352=CARTESIAN_POINT('',(9.8,3.0,-5.73));
#2353=DIRECTION('',(-0.0,1.0,0.0));
#2354=DIRECTION('',(1.0,0.0,0.0));
#2355=ORIENTED_EDGE('',*,*,#4248,.T.);
#2356=ORIENTED_EDGE('',*,*,#4249,.F.);
#2357=ORIENTED_EDGE('',*,*,#3900,.T.);
#2358=ORIENTED_EDGE('',*,*,#4250,.T.);
#2359=ORIENTED_EDGE('',*,*,#4239,.T.);
#2360=CARTESIAN_POINT('',(8.9,2.5,-5.73));
#2361=DIRECTION('',(0.0,0.0,-1.0));
#2362=DIRECTION('',(0.0,-1.0,0.0));
#2363=ORIENTED_EDGE('',*,*,#4251,.T.);
#2364=ORIENTED_EDGE('',*,*,#3904,.T.);
#2365=ORIENTED_EDGE('',*,*,#4252,.F.);
#2366=ORIENTED_EDGE('',*,*,#4253,.F.);
#2367=ORIENTED_EDGE('',*,*,#4242,.T.);
#2368=CARTESIAN_POINT('',(8.9,2.5,-5.73));
#2369=DIRECTION('',(0.0,0.0,-1.0));
#2370=DIRECTION('',(0.0,-1.0,0.0));
#2371=ORIENTED_EDGE('',*,*,#3902,.T.);
#2372=ORIENTED_EDGE('',*,*,#4251,.F.);
#2373=ORIENTED_EDGE('',*,*,#4244,.T.);
#2374=ORIENTED_EDGE('',*,*,#4254,.T.);
#2375=CARTESIAN_POINT('',(8.9,2.5,-5.305));
#2376=DIRECTION('',(-0.0,-0.0,1.0));
#2377=DIRECTION('',(0.0,1.0,0.0));
#2378=ORIENTED_EDGE('',*,*,#3899,.T.);
#2379=ORIENTED_EDGE('',*,*,#4255,.T.);
#2380=ORIENTED_EDGE('',*,*,#4240,.T.);
#2381=ORIENTED_EDGE('',*,*,#4250,.F.);
#2382=CARTESIAN_POINT('',(8.9,2.5,-5.305));
#2383=DIRECTION('',(-0.0,-0.0,1.0));
#2384=DIRECTION('',(0.0,1.0,0.0));
#2385=ORIENTED_EDGE('',*,*,#4249,.T.);
#2386=ORIENTED_EDGE('',*,*,#4247,.T.);
#2387=ORIENTED_EDGE('',*,*,#4256,.F.);
#2388=ORIENTED_EDGE('',*,*,#3901,.F.);
#2389=CARTESIAN_POINT('',(8.595176407478,-5.76,-5.73));
#2390=DIRECTION('',(0.819152044289016,0.0,0.573576436351011));
#2391=DIRECTION('',(0.0,-1.0,0.0));
#2392=ORIENTED_EDGE('',*,*,#4252,.T.);
#2393=ORIENTED_EDGE('',*,*,#3903,.F.);
#2394=ORIENTED_EDGE('',*,*,#4257,.F.);
#2395=ORIENTED_EDGE('',*,*,#4258,.F.);
#2396=CARTESIAN_POINT('',(8.595176407478,-5.76,-5.73));
#2397=DIRECTION('',(0.819152044289016,0.0,0.573576436351011));
#2398=DIRECTION('',(0.0,-1.0,0.0));
#2399=ORIENTED_EDGE('',*,*,#4246,.T.);
#2400=ORIENTED_EDGE('',*,*,#4259,.T.);
#2401=ORIENTED_EDGE('',*,*,#4069,.F.);
#2402=ORIENTED_EDGE('',*,*,#4228,.F.);
#2403=ORIENTED_EDGE('',*,*,#4260,.F.);
#2404=ORIENTED_EDGE('',*,*,#3897,.T.);
#2405=ORIENTED_EDGE('',*,*,#4256,.T.);
#2406=CARTESIAN_POINT('',(8.0,4.029910128079,-5.73));
#2407=DIRECTION('',(1.0,0.0,0.0));
#2408=DIRECTION('',(0.0,1.0,0.0));
#2409=ORIENTED_EDGE('',*,*,#3893,.F.);
#2410=ORIENTED_EDGE('',*,*,#4261,.F.);
#2411=ORIENTED_EDGE('',*,*,#4223,.F.);
#2412=ORIENTED_EDGE('',*,*,#4071,.F.);
#2413=ORIENTED_EDGE('',*,*,#4262,.T.);
#2414=ORIENTED_EDGE('',*,*,#4263,.F.);
#2415=ORIENTED_EDGE('',*,*,#4257,.T.);
#2416=CARTESIAN_POINT('',(8.0,4.029910128079,-5.73));
#2417=DIRECTION('',(1.0,0.0,0.0));
#2418=DIRECTION('',(0.0,1.0,0.0));
#2419=ORIENTED_EDGE('',*,*,#3895,.T.);
#2420=ORIENTED_EDGE('',*,*,#4264,.F.);
#2421=ORIENTED_EDGE('',*,*,#4234,.T.);
#2422=ORIENTED_EDGE('',*,*,#4255,.F.);
#2423=CARTESIAN_POINT('',(8.9,2.5,-4.575));
#2424=DIRECTION('',(-0.0,0.0,1.0));
#2425=DIRECTION('',(0.0,-1.0,0.0));
#2426=ORIENTED_EDGE('',*,*,#3891,.T.);
#2427=ORIENTED_EDGE('',*,*,#4254,.F.);
#2428=ORIENTED_EDGE('',*,*,#4237,.F.);
#2429=ORIENTED_EDGE('',*,*,#4265,.F.);
#2430=CARTESIAN_POINT('',(8.9,2.5,-4.575));
#2431=DIRECTION('',(-0.0,0.0,1.0));
#2432=DIRECTION('',(0.0,-1.0,0.0));
#2433=ORIENTED_EDGE('',*,*,#4227,.T.);
#2434=ORIENTED_EDGE('',*,*,#4235,.T.);
#2435=ORIENTED_EDGE('',*,*,#4264,.T.);
#2436=ORIENTED_EDGE('',*,*,#3898,.T.);
#2437=ORIENTED_EDGE('',*,*,#4260,.T.);
#2438=CARTESIAN_POINT('',(8.9,2.5,-4.63));
#2439=DIRECTION('',(0.0,0.0,-1.0));
#2440=DIRECTION('',(0.0,-1.0,0.0));
#2441=ORIENTED_EDGE('',*,*,#3892,.T.);
#2442=ORIENTED_EDGE('',*,*,#4265,.T.);
#2443=ORIENTED_EDGE('',*,*,#4236,.T.);
#2444=ORIENTED_EDGE('',*,*,#4224,.T.);
#2445=ORIENTED_EDGE('',*,*,#4261,.T.);
#2446=CARTESIAN_POINT('',(8.9,2.5,-4.63));
#2447=DIRECTION('',(0.0,0.0,-1.0));
#2448=DIRECTION('',(0.0,-1.0,0.0));
#2449=ORIENTED_EDGE('',*,*,#4266,.T.);
#2450=ORIENTED_EDGE('',*,*,#4262,.F.);
#2451=ORIENTED_EDGE('',*,*,#4267,.F.);
#2452=ORIENTED_EDGE('',*,*,#4259,.F.);
#2453=ORIENTED_EDGE('',*,*,#4245,.F.);
#2454=ORIENTED_EDGE('',*,*,#4231,.T.);
#2455=CARTESIAN_POINT('',(9.8,2.5,-2.43));
#2456=DIRECTION('',(-1.0,0.0,0.0));
#2457=DIRECTION('',(0.0,1.0,0.0));
#2458=ORIENTED_EDGE('',*,*,#4267,.T.);
#2459=ORIENTED_EDGE('',*,*,#4070,.F.);
#2460=CARTESIAN_POINT('',(8.0,4.029910128079,-5.73));
#2461=DIRECTION('',(1.0,0.0,0.0));
#2462=DIRECTION('',(0.0,1.0,0.0));
#2463=ORIENTED_EDGE('',*,*,#4253,.T.);
#2464=ORIENTED_EDGE('',*,*,#4258,.T.);
#2465=ORIENTED_EDGE('',*,*,#4263,.T.);
#2466=ORIENTED_EDGE('',*,*,#4266,.F.);
#2467=ORIENTED_EDGE('',*,*,#4230,.F.);
#2468=ORIENTED_EDGE('',*,*,#4243,.T.);
#2469=CARTESIAN_POINT('',(9.8,2.0,-2.43));
#2470=DIRECTION('',(0.0,-1.0,0.0));
#2471=DIRECTION('',(0.0,0.0,-1.0));
#2472=ORIENTED_EDGE('',*,*,#3917,.F.);
#2473=ORIENTED_EDGE('',*,*,#4229,.F.);
#2474=ORIENTED_EDGE('',*,*,#4067,.F.);
#2475=ORIENTED_EDGE('',*,*,#4268,.T.);
#2476=CARTESIAN_POINT('',(7.615233484247,4.0,-13.199628));
#2477=DIRECTION('',(0.0,-0.0,-1.0));
#2478=DIRECTION('',(0.0,-1.0,0.0));
#2479=ORIENTED_EDGE('',*,*,#4066,.T.);
#2480=ORIENTED_EDGE('',*,*,#4269,.T.);
#2481=ORIENTED_EDGE('',*,*,#3918,.F.);
#2482=ORIENTED_EDGE('',*,*,#4268,.F.);
#2483=CARTESIAN_POINT('',(7.81573757789,3.5,0.0));
#2484=DIRECTION('',(-0.0,1.0,0.0));
#2485=DIRECTION('',(1.0,0.0,0.0));
#2486=ORIENTED_EDGE('',*,*,#3919,.F.);
#2487=ORIENTED_EDGE('',*,*,#4269,.F.);
#2488=ORIENTED_EDGE('',*,*,#4065,.F.);
#2489=ORIENTED_EDGE('',*,*,#4219,.T.);
#2490=CARTESIAN_POINT('',(7.4,4.0,-13.199628));
#2491=DIRECTION('',(-0.0,0.0,-1.0));
#2492=DIRECTION('',(-1.0,0.0,0.0));
#2493=ORIENTED_EDGE('',*,*,#4208,.T.);
#2494=ORIENTED_EDGE('',*,*,#4083,.T.);
#2495=ORIENTED_EDGE('',*,*,#4036,.T.);
#2496=ORIENTED_EDGE('',*,*,#4015,.F.);
#2497=CARTESIAN_POINT('',(-2.755,-4.8,-2.43));
#2498=DIRECTION('',(1.0,0.0,0.0));
#2499=DIRECTION('',(0.0,1.0,0.0));
#2500=ORIENTED_EDGE('',*,*,#3993,.T.);
#2501=ORIENTED_EDGE('',*,*,#4057,.T.);
#2502=ORIENTED_EDGE('',*,*,#4215,.F.);
#2503=ORIENTED_EDGE('',*,*,#4018,.F.);
#2504=CARTESIAN_POINT('',(-2.755,-4.8,-2.43));
#2505=DIRECTION('',(1.0,0.0,0.0));
#2506=DIRECTION('',(0.0,1.0,0.0));
#2507=ORIENTED_EDGE('',*,*,#4038,.F.);
#2508=ORIENTED_EDGE('',*,*,#4082,.F.);
#2509=ORIENTED_EDGE('',*,*,#4209,.F.);
#2510=ORIENTED_EDGE('',*,*,#4017,.T.);
#2511=CARTESIAN_POINT('',(-1.445,-4.8,-2.03));
#2512=DIRECTION('',(-1.0,0.0,0.0));
#2513=DIRECTION('',(0.0,0.0,1.0));
#2514=ORIENTED_EDGE('',*,*,#4214,.T.);
#2515=ORIENTED_EDGE('',*,*,#4058,.F.);
#2516=ORIENTED_EDGE('',*,*,#3995,.F.);
#2517=ORIENTED_EDGE('',*,*,#4020,.T.);
#2518=CARTESIAN_POINT('',(-1.445,-4.8,-2.03));
#2519=DIRECTION('',(-1.0,0.0,0.0));
#2520=DIRECTION('',(0.0,0.0,1.0));
#2521=ORIENTED_EDGE('',*,*,#4210,.T.);
#2522=ORIENTED_EDGE('',*,*,#4080,.T.);
#2523=ORIENTED_EDGE('',*,*,#4039,.T.);
#2524=ORIENTED_EDGE('',*,*,#4022,.F.);
#2525=CARTESIAN_POINT('',(1.445,-4.8,-2.43));
#2526=DIRECTION('',(1.0,0.0,0.0));
#2527=DIRECTION('',(0.0,1.0,0.0));
#2528=ORIENTED_EDGE('',*,*,#3997,.T.);
#2529=ORIENTED_EDGE('',*,*,#4060,.T.);
#2530=ORIENTED_EDGE('',*,*,#4213,.F.);
#2531=ORIENTED_EDGE('',*,*,#4025,.F.);
#2532=CARTESIAN_POINT('',(1.445,-4.8,-2.43));
#2533=DIRECTION('',(1.0,0.0,0.0));
#2534=DIRECTION('',(0.0,1.0,0.0));
#2535=ORIENTED_EDGE('',*,*,#4055,.F.);
#2536=ORIENTED_EDGE('',*,*,#4270,.F.);
#2537=ORIENTED_EDGE('',*,*,#3923,.F.);
#2538=ORIENTED_EDGE('',*,*,#3978,.T.);
#2539=CARTESIAN_POINT('',(-7.4,4.0,7.469628));
#2540=DIRECTION('',(-0.0,0.0,1.0));
#2541=DIRECTION('',(1.0,0.0,0.0));
#2542=ORIENTED_EDGE('',*,*,#3924,.F.);
#2543=ORIENTED_EDGE('',*,*,#4270,.T.);
#2544=ORIENTED_EDGE('',*,*,#4054,.T.);
#2545=ORIENTED_EDGE('',*,*,#4271,.T.);
#2546=CARTESIAN_POINT('',(-6.9,3.5,0.0));
#2547=DIRECTION('',(-0.0,1.0,0.0));
#2548=DIRECTION('',(1.0,0.0,0.0));
#2549=ORIENTED_EDGE('',*,*,#3925,.F.);
#2550=ORIENTED_EDGE('',*,*,#4271,.F.);
#2551=ORIENTED_EDGE('',*,*,#4053,.F.);
#2552=ORIENTED_EDGE('',*,*,#4272,.T.);
#2553=CARTESIAN_POINT('',(-7.615233484247,4.0,-13.199628));
#2554=DIRECTION('',(0.0,-0.0,-1.0));
#2555=DIRECTION('',(-0.650514691520482,-0.759493670886079,0.0));
#2556=ORIENTED_EDGE('',*,*,#4052,.T.);
#2557=ORIENTED_EDGE('',*,*,#4273,.T.);
#2558=ORIENTED_EDGE('',*,*,#4274,.F.);
#2559=ORIENTED_EDGE('',*,*,#4275,.T.);
#2560=ORIENTED_EDGE('',*,*,#3926,.F.);
#2561=ORIENTED_EDGE('',*,*,#4272,.F.);
#2562=CARTESIAN_POINT('',(-8.9,2.5,0.0));
#2563=DIRECTION('',(0.0,0.0,-1.0));
#2564=DIRECTION('',(1.0,0.0,0.0));
#2565=ORIENTED_EDGE('',*,*,#3928,.F.);
#2566=ORIENTED_EDGE('',*,*,#4276,.F.);
#2567=ORIENTED_EDGE('',*,*,#4277,.F.);
#2568=ORIENTED_EDGE('',*,*,#4278,.T.);
#2569=ORIENTED_EDGE('',*,*,#4048,.T.);
#2570=ORIENTED_EDGE('',*,*,#4279,.T.);
#2571=CARTESIAN_POINT('',(-8.9,2.5,0.0));
#2572=DIRECTION('',(0.0,0.0,-1.0));
#2573=DIRECTION('',(1.0,0.0,0.0));
#2574=ORIENTED_EDGE('',*,*,#4280,.T.);
#2575=ORIENTED_EDGE('',*,*,#4281,.F.);
#2576=ORIENTED_EDGE('',*,*,#4282,.F.);
#2577=ORIENTED_EDGE('',*,*,#4283,.T.);
#2578=ORIENTED_EDGE('',*,*,#4284,.F.);
#2579=ORIENTED_EDGE('',*,*,#4285,.F.);
#2580=ORIENTED_EDGE('',*,*,#4276,.T.);
#2581=ORIENTED_EDGE('',*,*,#3927,.F.);
#2582=ORIENTED_EDGE('',*,*,#4275,.F.);
#2583=ORIENTED_EDGE('',*,*,#4286,.F.);
#2584=ORIENTED_EDGE('',*,*,#4287,.T.);
#2585=ORIENTED_EDGE('',*,*,#4288,.T.);
#2586=CARTESIAN_POINT('',(-9.8,4.029910128079,-5.73));
#2587=DIRECTION('',(1.0,0.0,0.0));
#2588=DIRECTION('',(0.0,1.0,0.0));
#2589=ORIENTED_EDGE('',*,*,#4289,.F.);
#2590=ORIENTED_EDGE('',*,*,#4290,.F.);
#2591=ORIENTED_EDGE('',*,*,#4283,.F.);
#2592=ORIENTED_EDGE('',*,*,#4291,.F.);
#2593=CARTESIAN_POINT('',(-9.204823592522,-5.76,-5.73));
#2594=DIRECTION('',(0.819152044289016,0.0,0.573576436351011));
#2595=DIRECTION('',(0.0,-1.0,0.0));
#2596=ORIENTED_EDGE('',*,*,#4292,.F.);
#2597=ORIENTED_EDGE('',*,*,#4293,.T.);
#2598=ORIENTED_EDGE('',*,*,#4288,.F.);
#2599=ORIENTED_EDGE('',*,*,#4294,.F.);
#2600=CARTESIAN_POINT('',(-9.204823592522,-5.76,-5.73));
#2601=DIRECTION('',(0.819152044289016,0.0,0.573576436351011));
#2602=DIRECTION('',(0.0,-1.0,0.0));
#2603=ORIENTED_EDGE('',*,*,#4295,.F.);
#2604=ORIENTED_EDGE('',*,*,#4291,.T.);
#2605=ORIENTED_EDGE('',*,*,#4282,.T.);
#2606=ORIENTED_EDGE('',*,*,#4296,.T.);
#2607=ORIENTED_EDGE('',*,*,#4297,.F.);
#2608=ORIENTED_EDGE('',*,*,#4298,.T.);
#2609=CARTESIAN_POINT('',(-9.8,2.0,-5.73));
#2610=DIRECTION('',(0.0,-1.0,0.0));
#2611=DIRECTION('',(0.0,0.0,-1.0));
#2612=ORIENTED_EDGE('',*,*,#4299,.T.);
#2613=ORIENTED_EDGE('',*,*,#4298,.F.);
#2614=ORIENTED_EDGE('',*,*,#4300,.F.);
#2615=ORIENTED_EDGE('',*,*,#3887,.F.);
#2616=CARTESIAN_POINT('',(-8.0,-5.76,-4.88));
#2617=DIRECTION('',(-0.819152044289016,0.0,0.573576436351011));
#2618=DIRECTION('',(0.0,1.0,0.0));
#2619=ORIENTED_EDGE('',*,*,#4301,.T.);
#2620=ORIENTED_EDGE('',*,*,#3889,.F.);
#2621=ORIENTED_EDGE('',*,*,#4302,.F.);
#2622=ORIENTED_EDGE('',*,*,#4303,.T.);
#2623=CARTESIAN_POINT('',(-8.0,-5.76,-4.88));
#2624=DIRECTION('',(-0.819152044289016,0.0,0.573576436351011));
#2625=DIRECTION('',(0.0,1.0,0.0));
#2626=ORIENTED_EDGE('',*,*,#3888,.T.);
#2627=ORIENTED_EDGE('',*,*,#4304,.F.);
#2628=ORIENTED_EDGE('',*,*,#4294,.T.);
#2629=ORIENTED_EDGE('',*,*,#4305,.T.);
#2630=CARTESIAN_POINT('',(-8.9,2.5,-5.305));
#2631=DIRECTION('',(-0.0,0.0,1.0));
#2632=DIRECTION('',(0.0,-1.0,0.0));
#2633=ORIENTED_EDGE('',*,*,#3885,.T.);
#2634=ORIENTED_EDGE('',*,*,#4306,.T.);
#2635=ORIENTED_EDGE('',*,*,#4290,.T.);
#2636=ORIENTED_EDGE('',*,*,#4307,.F.);
#2637=CARTESIAN_POINT('',(-8.9,2.5,-5.305));
#2638=DIRECTION('',(-0.0,0.0,1.0));
#2639=DIRECTION('',(0.0,-1.0,0.0));
#2640=ORIENTED_EDGE('',*,*,#3881,.T.);
#2641=ORIENTED_EDGE('',*,*,#4308,.F.);
#2642=ORIENTED_EDGE('',*,*,#4284,.T.);
#2643=ORIENTED_EDGE('',*,*,#4306,.F.);
#2644=CARTESIAN_POINT('',(-8.9,2.5,-4.575));
#2645=DIRECTION('',(-0.0,0.0,1.0));
#2646=DIRECTION('',(0.0,1.0,0.0));
#2647=ORIENTED_EDGE('',*,*,#3877,.T.);
#2648=ORIENTED_EDGE('',*,*,#4305,.F.);
#2649=ORIENTED_EDGE('',*,*,#4287,.F.);
#2650=ORIENTED_EDGE('',*,*,#4309,.F.);
#2651=CARTESIAN_POINT('',(-8.9,2.5,-4.575));
#2652=DIRECTION('',(-0.0,0.0,1.0));
#2653=DIRECTION('',(0.0,1.0,0.0));
#2654=ORIENTED_EDGE('',*,*,#4277,.T.);
#2655=ORIENTED_EDGE('',*,*,#4285,.T.);
#2656=ORIENTED_EDGE('',*,*,#4308,.T.);
#2657=ORIENTED_EDGE('',*,*,#3884,.T.);
#2658=ORIENTED_EDGE('',*,*,#4310,.T.);
#2659=CARTESIAN_POINT('',(-8.9,2.5,-4.63));
#2660=DIRECTION('',(0.0,0.0,-1.0));
#2661=DIRECTION('',(0.0,-1.0,0.0));
#2662=ORIENTED_EDGE('',*,*,#3878,.T.);
#2663=ORIENTED_EDGE('',*,*,#4309,.T.);
#2664=ORIENTED_EDGE('',*,*,#4286,.T.);
#2665=ORIENTED_EDGE('',*,*,#4274,.T.);
#2666=ORIENTED_EDGE('',*,*,#4311,.T.);
#2667=CARTESIAN_POINT('',(-8.9,2.5,-4.63));
#2668=DIRECTION('',(0.0,0.0,-1.0));
#2669=DIRECTION('',(0.0,-1.0,0.0));
#2670=ORIENTED_EDGE('',*,*,#4297,.T.);
#2671=ORIENTED_EDGE('',*,*,#4312,.T.);
#2672=ORIENTED_EDGE('',*,*,#4049,.F.);
#2673=ORIENTED_EDGE('',*,*,#4278,.F.);
#2674=ORIENTED_EDGE('',*,*,#4310,.F.);
#2675=ORIENTED_EDGE('',*,*,#3883,.T.);
#2676=ORIENTED_EDGE('',*,*,#4300,.T.);
#2677=CARTESIAN_POINT('',(-8.0,0.9700898719206,-5.73));
#2678=DIRECTION('',(-1.0,0.0,0.0));
#2679=DIRECTION('',(0.0,0.0,1.0));
#2680=ORIENTED_EDGE('',*,*,#3879,.F.);
#2681=ORIENTED_EDGE('',*,*,#4311,.F.);
#2682=ORIENTED_EDGE('',*,*,#4273,.F.);
#2683=ORIENTED_EDGE('',*,*,#4051,.F.);
#2684=ORIENTED_EDGE('',*,*,#4313,.T.);
#2685=ORIENTED_EDGE('',*,*,#4314,.F.);
#2686=ORIENTED_EDGE('',*,*,#4302,.T.);
#2687=CARTESIAN_POINT('',(-8.0,0.9700898719206,-5.73));
#2688=DIRECTION('',(-1.0,0.0,0.0));
#2689=DIRECTION('',(0.0,0.0,1.0));
#2690=ORIENTED_EDGE('',*,*,#4281,.T.);
#2691=ORIENTED_EDGE('',*,*,#4315,.T.);
#2692=ORIENTED_EDGE('',*,*,#4313,.F.);
#2693=ORIENTED_EDGE('',*,*,#4316,.F.);
#2694=ORIENTED_EDGE('',*,*,#4312,.F.);
#2695=ORIENTED_EDGE('',*,*,#4296,.F.);
#2696=CARTESIAN_POINT('',(-9.8,2.5,-2.43));
#2697=DIRECTION('',(1.0,0.0,0.0));
#2698=DIRECTION('',(0.0,-1.0,0.0));
#2699=ORIENTED_EDGE('',*,*,#4316,.T.);
#2700=ORIENTED_EDGE('',*,*,#4050,.F.);
#2701=CARTESIAN_POINT('',(-8.0,0.9700898719206,-5.73));
#2702=DIRECTION('',(-1.0,0.0,0.0));
#2703=DIRECTION('',(0.0,0.0,1.0));
#2704=ORIENTED_EDGE('',*,*,#4314,.T.);
#2705=ORIENTED_EDGE('',*,*,#4315,.F.);
#2706=ORIENTED_EDGE('',*,*,#4280,.F.);
#2707=ORIENTED_EDGE('',*,*,#4293,.F.);
#2708=ORIENTED_EDGE('',*,*,#4317,.T.);
#2709=ORIENTED_EDGE('',*,*,#4303,.F.);
#2710=CARTESIAN_POINT('',(-9.8,3.0,-2.43));
#2711=DIRECTION('',(-0.0,1.0,0.0));
#2712=DIRECTION('',(1.0,0.0,0.0));
#2713=ORIENTED_EDGE('',*,*,#3886,.T.);
#2714=ORIENTED_EDGE('',*,*,#4307,.T.);
#2715=ORIENTED_EDGE('',*,*,#4289,.T.);
#2716=ORIENTED_EDGE('',*,*,#4295,.T.);
#2717=ORIENTED_EDGE('',*,*,#4299,.F.);
#2718=CARTESIAN_POINT('',(-8.9,2.5,-5.73));
#2719=DIRECTION('',(0.0,0.0,-1.0));
#2720=DIRECTION('',(0.0,-1.0,0.0));
#2721=ORIENTED_EDGE('',*,*,#4317,.F.);
#2722=ORIENTED_EDGE('',*,*,#4292,.T.);
#2723=ORIENTED_EDGE('',*,*,#4304,.T.);
#2724=ORIENTED_EDGE('',*,*,#3890,.T.);
#2725=ORIENTED_EDGE('',*,*,#4301,.F.);
#2726=CARTESIAN_POINT('',(-8.9,2.5,-5.73));
#2727=DIRECTION('',(0.0,0.0,-1.0));
#2728=DIRECTION('',(0.0,-1.0,0.0));
#2729=ORIENTED_EDGE('',*,*,#3929,.F.);
#2730=ORIENTED_EDGE('',*,*,#4279,.F.);
#2731=ORIENTED_EDGE('',*,*,#4047,.F.);
#2732=ORIENTED_EDGE('',*,*,#4318,.T.);
#2733=CARTESIAN_POINT('',(-7.615233484247,1.0,-13.199628));
#2734=DIRECTION('',(0.0,0.0,-1.0));
#2735=DIRECTION('',(0.0,1.0,0.0));
#2736=ORIENTED_EDGE('',*,*,#4046,.T.);
#2737=ORIENTED_EDGE('',*,*,#4319,.T.);
#2738=ORIENTED_EDGE('',*,*,#3930,.F.);
#2739=ORIENTED_EDGE('',*,*,#4318,.F.);
#2740=CARTESIAN_POINT('',(-7.81573757789,1.5,0.0));
#2741=DIRECTION('',(0.0,-1.0,0.0));
#2742=DIRECTION('',(0.0,0.0,-1.0));
#2743=ORIENTED_EDGE('',*,*,#3931,.F.);
#2744=ORIENTED_EDGE('',*,*,#4319,.F.);
#2745=ORIENTED_EDGE('',*,*,#4045,.F.);
#2746=ORIENTED_EDGE('',*,*,#3982,.T.);
#2747=CARTESIAN_POINT('',(-7.4,1.0,-13.199628));
#2748=DIRECTION('',(0.0,0.0,-1.0));
#2749=DIRECTION('',(1.0,0.0,0.0));
#2750=ORIENTED_EDGE('',*,*,#4320,.T.);
#2751=ORIENTED_EDGE('',*,*,#4321,.F.);
#2752=ORIENTED_EDGE('',*,*,#4322,.F.);
#2753=ORIENTED_EDGE('',*,*,#4113,.T.);
#2754=CARTESIAN_POINT('',(-3.35,-0.68,-2.03));
#2755=DIRECTION('',(1.0,0.0,0.0));
#2756=DIRECTION('',(0.0,1.0,0.0));
#2757=ORIENTED_EDGE('',*,*,#4322,.T.);
#2758=ORIENTED_EDGE('',*,*,#4323,.F.);
#2759=ORIENTED_EDGE('',*,*,#4324,.F.);
#2760=ORIENTED_EDGE('',*,*,#4110,.T.);
#2761=CARTESIAN_POINT('',(-3.55,-0.68,-2.03));
#2762=DIRECTION('',(-0.0,1.0,0.0));
#2763=DIRECTION('',(1.0,0.0,0.0));
#2764=ORIENTED_EDGE('',*,*,#4324,.T.);
#2765=ORIENTED_EDGE('',*,*,#4325,.F.);
#2766=ORIENTED_EDGE('',*,*,#4326,.F.);
#2767=ORIENTED_EDGE('',*,*,#4111,.T.);
#2768=CARTESIAN_POINT('',(-3.55,-1.8,-2.03));
#2769=DIRECTION('',(-1.0,0.0,0.0));
#2770=DIRECTION('',(0.0,0.0,1.0));
#2771=ORIENTED_EDGE('',*,*,#4326,.T.);
#2772=ORIENTED_EDGE('',*,*,#4327,.F.);
#2773=ORIENTED_EDGE('',*,*,#4320,.F.);
#2774=ORIENTED_EDGE('',*,*,#4112,.T.);
#2775=CARTESIAN_POINT('',(-3.35,-1.8,-2.03));
#2776=DIRECTION('',(0.0,-1.0,0.0));
#2777=DIRECTION('',(0.0,0.0,-1.0));
#2778=ORIENTED_EDGE('',*,*,#4327,.T.);
#2779=ORIENTED_EDGE('',*,*,#4325,.T.);
#2780=ORIENTED_EDGE('',*,*,#4323,.T.);
#2781=ORIENTED_EDGE('',*,*,#4321,.T.);
#2782=CARTESIAN_POINT('',(-6.9,-4.8,-2.43));
#2783=DIRECTION('',(0.0,0.0,-1.0));
#2784=DIRECTION('',(0.0,-1.0,0.0));
#2785=ORIENTED_EDGE('',*,*,#4328,.T.);
#2786=ORIENTED_EDGE('',*,*,#4329,.T.);
#2787=ORIENTED_EDGE('',*,*,#4330,.T.);
#2788=ORIENTED_EDGE('',*,*,#4331,.T.);
#2789=CARTESIAN_POINT('',(-6.9,-4.8,-2.43));
#2790=DIRECTION('',(0.0,0.0,-1.0));
#2791=DIRECTION('',(0.0,-1.0,0.0));
#2792=ORIENTED_EDGE('',*,*,#4332,.T.);
#2793=ORIENTED_EDGE('',*,*,#4333,.T.);
#2794=ORIENTED_EDGE('',*,*,#4334,.T.);
#2795=ORIENTED_EDGE('',*,*,#4335,.T.);
#2796=CARTESIAN_POINT('',(-6.9,-4.8,-2.43));
#2797=DIRECTION('',(0.0,0.0,-1.0));
#2798=DIRECTION('',(0.0,-1.0,0.0));
#2799=ORIENTED_EDGE('',*,*,#4336,.T.);
#2800=ORIENTED_EDGE('',*,*,#4337,.T.);
#2801=ORIENTED_EDGE('',*,*,#4338,.T.);
#2802=ORIENTED_EDGE('',*,*,#4339,.T.);
#2803=CARTESIAN_POINT('',(-6.9,-4.8,-2.43));
#2804=DIRECTION('',(0.0,0.0,-1.0));
#2805=DIRECTION('',(0.0,-1.0,0.0));
#2806=ORIENTED_EDGE('',*,*,#4340,.T.);
#2807=ORIENTED_EDGE('',*,*,#4331,.F.);
#2808=ORIENTED_EDGE('',*,*,#4341,.F.);
#2809=ORIENTED_EDGE('',*,*,#4117,.T.);
#2810=CARTESIAN_POINT('',(-5.05,-0.68,-2.03));
#2811=DIRECTION('',(-0.0,1.0,0.0));
#2812=DIRECTION('',(1.0,0.0,0.0));
#2813=ORIENTED_EDGE('',*,*,#4341,.T.);
#2814=ORIENTED_EDGE('',*,*,#4330,.F.);
#2815=ORIENTED_EDGE('',*,*,#4342,.F.);
#2816=ORIENTED_EDGE('',*,*,#4114,.T.);
#2817=CARTESIAN_POINT('',(-5.05,-1.8,-2.03));
#2818=DIRECTION('',(-1.0,0.0,0.0));
#2819=DIRECTION('',(0.0,0.0,1.0));
#2820=ORIENTED_EDGE('',*,*,#4342,.T.);
#2821=ORIENTED_EDGE('',*,*,#4329,.F.);
#2822=ORIENTED_EDGE('',*,*,#4343,.F.);
#2823=ORIENTED_EDGE('',*,*,#4115,.T.);
#2824=CARTESIAN_POINT('',(-4.85,-1.8,-2.03));
#2825=DIRECTION('',(0.0,-1.0,0.0));
#2826=DIRECTION('',(0.0,0.0,-1.0));
#2827=ORIENTED_EDGE('',*,*,#4343,.T.);
#2828=ORIENTED_EDGE('',*,*,#4328,.F.);
#2829=ORIENTED_EDGE('',*,*,#4340,.F.);
#2830=ORIENTED_EDGE('',*,*,#4116,.T.);
#2831=CARTESIAN_POINT('',(-4.85,-0.68,-2.03));
#2832=DIRECTION('',(1.0,0.0,0.0));
#2833=DIRECTION('',(0.0,1.0,0.0));
#2834=ORIENTED_EDGE('',*,*,#4344,.T.);
#2835=ORIENTED_EDGE('',*,*,#4335,.F.);
#2836=ORIENTED_EDGE('',*,*,#4345,.F.);
#2837=ORIENTED_EDGE('',*,*,#4121,.T.);
#2838=CARTESIAN_POINT('',(-3.35,2.38,-2.03));
#2839=DIRECTION('',(0.0,-1.0,0.0));
#2840=DIRECTION('',(0.0,0.0,-1.0));
#2841=ORIENTED_EDGE('',*,*,#4345,.T.);
#2842=ORIENTED_EDGE('',*,*,#4334,.F.);
#2843=ORIENTED_EDGE('',*,*,#4346,.F.);
#2844=ORIENTED_EDGE('',*,*,#4118,.T.);
#2845=CARTESIAN_POINT('',(-3.35,3.5,-2.03));
#2846=DIRECTION('',(1.0,0.0,0.0));
#2847=DIRECTION('',(0.0,1.0,0.0));
#2848=ORIENTED_EDGE('',*,*,#4346,.T.);
#2849=ORIENTED_EDGE('',*,*,#4333,.F.);
#2850=ORIENTED_EDGE('',*,*,#4347,.F.);
#2851=ORIENTED_EDGE('',*,*,#4119,.T.);
#2852=CARTESIAN_POINT('',(-3.55,3.5,-2.03));
#2853=DIRECTION('',(-0.0,1.0,0.0));
#2854=DIRECTION('',(1.0,0.0,0.0));
#2855=ORIENTED_EDGE('',*,*,#4347,.T.);
#2856=ORIENTED_EDGE('',*,*,#4332,.F.);
#2857=ORIENTED_EDGE('',*,*,#4344,.F.);
#2858=ORIENTED_EDGE('',*,*,#4120,.T.);
#2859=CARTESIAN_POINT('',(-3.55,2.38,-2.03));
#2860=DIRECTION('',(-1.0,0.0,0.0));
#2861=DIRECTION('',(0.0,0.0,1.0));
#2862=ORIENTED_EDGE('',*,*,#4348,.T.);
#2863=ORIENTED_EDGE('',*,*,#4339,.F.);
#2864=ORIENTED_EDGE('',*,*,#4349,.F.);
#2865=ORIENTED_EDGE('',*,*,#4125,.T.);
#2866=CARTESIAN_POINT('',(-5.05,2.38,-2.03));
#2867=DIRECTION('',(-1.0,0.0,0.0));
#2868=DIRECTION('',(0.0,0.0,1.0));
#2869=ORIENTED_EDGE('',*,*,#4349,.T.);
#2870=ORIENTED_EDGE('',*,*,#4338,.F.);
#2871=ORIENTED_EDGE('',*,*,#4350,.F.);
#2872=ORIENTED_EDGE('',*,*,#4122,.T.);
#2873=CARTESIAN_POINT('',(-4.85,2.38,-2.03));
#2874=DIRECTION('',(0.0,-1.0,0.0));
#2875=DIRECTION('',(0.0,0.0,-1.0));
#2876=ORIENTED_EDGE('',*,*,#4350,.T.);
#2877=ORIENTED_EDGE('',*,*,#4337,.F.);
#2878=ORIENTED_EDGE('',*,*,#4351,.F.);
#2879=ORIENTED_EDGE('',*,*,#4123,.T.);
#2880=CARTESIAN_POINT('',(-4.85,3.5,-2.03));
#2881=DIRECTION('',(1.0,0.0,0.0));
#2882=DIRECTION('',(0.0,1.0,0.0));
#2883=ORIENTED_EDGE('',*,*,#4351,.T.);
#2884=ORIENTED_EDGE('',*,*,#4336,.F.);
#2885=ORIENTED_EDGE('',*,*,#4348,.F.);
#2886=ORIENTED_EDGE('',*,*,#4124,.T.);
#2887=CARTESIAN_POINT('',(-5.05,3.5,-2.03));
#2888=DIRECTION('',(-0.0,1.0,0.0));
#2889=DIRECTION('',(1.0,0.0,0.0));
#2890=ORIENTED_EDGE('',*,*,#4352,.T.);
#2891=ORIENTED_EDGE('',*,*,#4353,.F.);
#2892=ORIENTED_EDGE('',*,*,#4354,.F.);
#2893=ORIENTED_EDGE('',*,*,#4129,.T.);
#2894=CARTESIAN_POINT('',(0.85,-0.68,-2.03));
#2895=DIRECTION('',(1.0,0.0,0.0));
#2896=DIRECTION('',(0.0,1.0,0.0));
#2897=ORIENTED_EDGE('',*,*,#4354,.T.);
#2898=ORIENTED_EDGE('',*,*,#4355,.F.);
#2899=ORIENTED_EDGE('',*,*,#4356,.F.);
#2900=ORIENTED_EDGE('',*,*,#4126,.T.);
#2901=CARTESIAN_POINT('',(0.65,-0.68,-2.03));
#2902=DIRECTION('',(-0.0,1.0,0.0));
#2903=DIRECTION('',(1.0,0.0,0.0));
#2904=ORIENTED_EDGE('',*,*,#4356,.T.);
#2905=ORIENTED_EDGE('',*,*,#4357,.F.);
#2906=ORIENTED_EDGE('',*,*,#4358,.F.);
#2907=ORIENTED_EDGE('',*,*,#4127,.T.);
#2908=CARTESIAN_POINT('',(0.65,-1.8,-2.03));
#2909=DIRECTION('',(-1.0,0.0,0.0));
#2910=DIRECTION('',(0.0,0.0,1.0));
#2911=ORIENTED_EDGE('',*,*,#4358,.T.);
#2912=ORIENTED_EDGE('',*,*,#4359,.F.);
#2913=ORIENTED_EDGE('',*,*,#4352,.F.);
#2914=ORIENTED_EDGE('',*,*,#4128,.T.);
#2915=CARTESIAN_POINT('',(0.85,-1.8,-2.03));
#2916=DIRECTION('',(0.0,-1.0,0.0));
#2917=DIRECTION('',(0.0,0.0,-1.0));
#2918=ORIENTED_EDGE('',*,*,#4359,.T.);
#2919=ORIENTED_EDGE('',*,*,#4357,.T.);
#2920=ORIENTED_EDGE('',*,*,#4355,.T.);
#2921=ORIENTED_EDGE('',*,*,#4353,.T.);
#2922=CARTESIAN_POINT('',(-6.9,-4.8,-2.43));
#2923=DIRECTION('',(0.0,0.0,-1.0));
#2924=DIRECTION('',(0.0,-1.0,0.0));
#2925=ORIENTED_EDGE('',*,*,#4360,.T.);
#2926=ORIENTED_EDGE('',*,*,#4361,.T.);
#2927=ORIENTED_EDGE('',*,*,#4362,.T.);
#2928=ORIENTED_EDGE('',*,*,#4363,.T.);
#2929=CARTESIAN_POINT('',(-6.9,-4.8,-2.43));
#2930=DIRECTION('',(0.0,0.0,-1.0));
#2931=DIRECTION('',(0.0,-1.0,0.0));
#2932=ORIENTED_EDGE('',*,*,#4364,.T.);
#2933=ORIENTED_EDGE('',*,*,#4365,.T.);
#2934=ORIENTED_EDGE('',*,*,#4366,.T.);
#2935=ORIENTED_EDGE('',*,*,#4367,.T.);
#2936=CARTESIAN_POINT('',(-6.9,-4.8,-2.43));
#2937=DIRECTION('',(0.0,0.0,-1.0));
#2938=DIRECTION('',(0.0,-1.0,0.0));
#2939=ORIENTED_EDGE('',*,*,#4368,.T.);
#2940=ORIENTED_EDGE('',*,*,#4369,.T.);
#2941=ORIENTED_EDGE('',*,*,#4370,.T.);
#2942=ORIENTED_EDGE('',*,*,#4371,.T.);
#2943=CARTESIAN_POINT('',(-6.9,-4.8,-2.43));
#2944=DIRECTION('',(0.0,0.0,-1.0));
#2945=DIRECTION('',(0.0,-1.0,0.0));
#2946=ORIENTED_EDGE('',*,*,#4372,.T.);
#2947=ORIENTED_EDGE('',*,*,#4363,.F.);
#2948=ORIENTED_EDGE('',*,*,#4373,.F.);
#2949=ORIENTED_EDGE('',*,*,#4133,.T.);
#2950=CARTESIAN_POINT('',(-0.85,-0.68,-2.03));
#2951=DIRECTION('',(-0.0,1.0,0.0));
#2952=DIRECTION('',(1.0,0.0,0.0));
#2953=ORIENTED_EDGE('',*,*,#4373,.T.);
#2954=ORIENTED_EDGE('',*,*,#4362,.F.);
#2955=ORIENTED_EDGE('',*,*,#4374,.F.);
#2956=ORIENTED_EDGE('',*,*,#4130,.T.);
#2957=CARTESIAN_POINT('',(-0.85,-1.8,-2.03));
#2958=DIRECTION('',(-1.0,0.0,0.0));
#2959=DIRECTION('',(0.0,0.0,1.0));
#2960=ORIENTED_EDGE('',*,*,#4374,.T.);
#2961=ORIENTED_EDGE('',*,*,#4361,.F.);
#2962=ORIENTED_EDGE('',*,*,#4375,.F.);
#2963=ORIENTED_EDGE('',*,*,#4131,.T.);
#2964=CARTESIAN_POINT('',(-0.65,-1.8,-2.03));
#2965=DIRECTION('',(0.0,-1.0,0.0));
#2966=DIRECTION('',(0.0,0.0,-1.0));
#2967=ORIENTED_EDGE('',*,*,#4375,.T.);
#2968=ORIENTED_EDGE('',*,*,#4360,.F.);
#2969=ORIENTED_EDGE('',*,*,#4372,.F.);
#2970=ORIENTED_EDGE('',*,*,#4132,.T.);
#2971=CARTESIAN_POINT('',(-0.65,-0.68,-2.03));
#2972=DIRECTION('',(1.0,0.0,0.0));
#2973=DIRECTION('',(0.0,1.0,0.0));
#2974=ORIENTED_EDGE('',*,*,#4376,.T.);
#2975=ORIENTED_EDGE('',*,*,#4367,.F.);
#2976=ORIENTED_EDGE('',*,*,#4377,.F.);
#2977=ORIENTED_EDGE('',*,*,#4137,.T.);
#2978=CARTESIAN_POINT('',(0.85,2.38,-2.03));
#2979=DIRECTION('',(0.0,-1.0,0.0));
#2980=DIRECTION('',(0.0,0.0,-1.0));
#2981=ORIENTED_EDGE('',*,*,#4377,.T.);
#2982=ORIENTED_EDGE('',*,*,#4366,.F.);
#2983=ORIENTED_EDGE('',*,*,#4378,.F.);
#2984=ORIENTED_EDGE('',*,*,#4134,.T.);
#2985=CARTESIAN_POINT('',(0.85,3.5,-2.03));
#2986=DIRECTION('',(1.0,0.0,0.0));
#2987=DIRECTION('',(0.0,1.0,0.0));
#2988=ORIENTED_EDGE('',*,*,#4378,.T.);
#2989=ORIENTED_EDGE('',*,*,#4365,.F.);
#2990=ORIENTED_EDGE('',*,*,#4379,.F.);
#2991=ORIENTED_EDGE('',*,*,#4135,.T.);
#2992=CARTESIAN_POINT('',(0.65,3.5,-2.03));
#2993=DIRECTION('',(-0.0,1.0,0.0));
#2994=DIRECTION('',(1.0,0.0,0.0));
#2995=ORIENTED_EDGE('',*,*,#4379,.T.);
#2996=ORIENTED_EDGE('',*,*,#4364,.F.);
#2997=ORIENTED_EDGE('',*,*,#4376,.F.);
#2998=ORIENTED_EDGE('',*,*,#4136,.T.);
#2999=CARTESIAN_POINT('',(0.65,2.38,-2.03));
#3000=DIRECTION('',(-1.0,0.0,0.0));
#3001=DIRECTION('',(0.0,0.0,1.0));
#3002=ORIENTED_EDGE('',*,*,#4380,.T.);
#3003=ORIENTED_EDGE('',*,*,#4371,.F.);
#3004=ORIENTED_EDGE('',*,*,#4381,.F.);
#3005=ORIENTED_EDGE('',*,*,#4141,.T.);
#3006=CARTESIAN_POINT('',(-0.85,2.38,-2.03));
#3007=DIRECTION('',(-1.0,0.0,0.0));
#3008=DIRECTION('',(0.0,0.0,1.0));
#3009=ORIENTED_EDGE('',*,*,#4381,.T.);
#3010=ORIENTED_EDGE('',*,*,#4370,.F.);
#3011=ORIENTED_EDGE('',*,*,#4382,.F.);
#3012=ORIENTED_EDGE('',*,*,#4138,.T.);
#3013=CARTESIAN_POINT('',(-0.65,2.38,-2.03));
#3014=DIRECTION('',(0.0,-1.0,0.0));
#3015=DIRECTION('',(0.0,0.0,-1.0));
#3016=ORIENTED_EDGE('',*,*,#4382,.T.);
#3017=ORIENTED_EDGE('',*,*,#4369,.F.);
#3018=ORIENTED_EDGE('',*,*,#4383,.F.);
#3019=ORIENTED_EDGE('',*,*,#4139,.T.);
#3020=CARTESIAN_POINT('',(-0.65,3.5,-2.03));
#3021=DIRECTION('',(1.0,0.0,0.0));
#3022=DIRECTION('',(0.0,1.0,0.0));
#3023=ORIENTED_EDGE('',*,*,#4383,.T.);
#3024=ORIENTED_EDGE('',*,*,#4368,.F.);
#3025=ORIENTED_EDGE('',*,*,#4380,.F.);
#3026=ORIENTED_EDGE('',*,*,#4140,.T.);
#3027=CARTESIAN_POINT('',(-0.85,3.5,-2.03));
#3028=DIRECTION('',(-0.0,1.0,0.0));
#3029=DIRECTION('',(1.0,0.0,0.0));
#3030=ORIENTED_EDGE('',*,*,#4384,.T.);
#3031=ORIENTED_EDGE('',*,*,#4385,.F.);
#3032=ORIENTED_EDGE('',*,*,#4386,.F.);
#3033=ORIENTED_EDGE('',*,*,#4145,.T.);
#3034=CARTESIAN_POINT('',(5.05,-0.68,-2.03));
#3035=DIRECTION('',(1.0,0.0,0.0));
#3036=DIRECTION('',(0.0,1.0,0.0));
#3037=ORIENTED_EDGE('',*,*,#4386,.T.);
#3038=ORIENTED_EDGE('',*,*,#4387,.F.);
#3039=ORIENTED_EDGE('',*,*,#4388,.F.);
#3040=ORIENTED_EDGE('',*,*,#4142,.T.);
#3041=CARTESIAN_POINT('',(4.85,-0.68,-2.03));
#3042=DIRECTION('',(-0.0,1.0,0.0));
#3043=DIRECTION('',(1.0,0.0,0.0));
#3044=ORIENTED_EDGE('',*,*,#4388,.T.);
#3045=ORIENTED_EDGE('',*,*,#4389,.F.);
#3046=ORIENTED_EDGE('',*,*,#4390,.F.);
#3047=ORIENTED_EDGE('',*,*,#4143,.T.);
#3048=CARTESIAN_POINT('',(4.85,-1.8,-2.03));
#3049=DIRECTION('',(-1.0,0.0,0.0));
#3050=DIRECTION('',(0.0,0.0,1.0));
#3051=ORIENTED_EDGE('',*,*,#4390,.T.);
#3052=ORIENTED_EDGE('',*,*,#4391,.F.);
#3053=ORIENTED_EDGE('',*,*,#4384,.F.);
#3054=ORIENTED_EDGE('',*,*,#4144,.T.);
#3055=CARTESIAN_POINT('',(5.05,-1.8,-2.03));
#3056=DIRECTION('',(0.0,-1.0,0.0));
#3057=DIRECTION('',(0.0,0.0,-1.0));
#3058=ORIENTED_EDGE('',*,*,#4391,.T.);
#3059=ORIENTED_EDGE('',*,*,#4389,.T.);
#3060=ORIENTED_EDGE('',*,*,#4387,.T.);
#3061=ORIENTED_EDGE('',*,*,#4385,.T.);
#3062=CARTESIAN_POINT('',(-6.9,-4.8,-2.43));
#3063=DIRECTION('',(0.0,0.0,-1.0));
#3064=DIRECTION('',(0.0,-1.0,0.0));
#3065=ORIENTED_EDGE('',*,*,#4392,.T.);
#3066=ORIENTED_EDGE('',*,*,#4393,.T.);
#3067=ORIENTED_EDGE('',*,*,#4394,.T.);
#3068=ORIENTED_EDGE('',*,*,#4395,.T.);
#3069=CARTESIAN_POINT('',(-6.9,-4.8,-2.43));
#3070=DIRECTION('',(0.0,0.0,-1.0));
#3071=DIRECTION('',(0.0,-1.0,0.0));
#3072=ORIENTED_EDGE('',*,*,#4396,.T.);
#3073=ORIENTED_EDGE('',*,*,#4397,.T.);
#3074=ORIENTED_EDGE('',*,*,#4398,.T.);
#3075=ORIENTED_EDGE('',*,*,#4399,.T.);
#3076=CARTESIAN_POINT('',(-6.9,-4.8,-2.43));
#3077=DIRECTION('',(0.0,0.0,-1.0));
#3078=DIRECTION('',(0.0,-1.0,0.0));
#3079=ORIENTED_EDGE('',*,*,#4400,.T.);
#3080=ORIENTED_EDGE('',*,*,#4401,.T.);
#3081=ORIENTED_EDGE('',*,*,#4402,.T.);
#3082=ORIENTED_EDGE('',*,*,#4403,.T.);
#3083=CARTESIAN_POINT('',(-6.9,-4.8,-2.43));
#3084=DIRECTION('',(0.0,0.0,-1.0));
#3085=DIRECTION('',(0.0,-1.0,0.0));
#3086=ORIENTED_EDGE('',*,*,#4404,.T.);
#3087=ORIENTED_EDGE('',*,*,#4395,.F.);
#3088=ORIENTED_EDGE('',*,*,#4405,.F.);
#3089=ORIENTED_EDGE('',*,*,#4149,.T.);
#3090=CARTESIAN_POINT('',(3.35,-0.68,-2.03));
#3091=DIRECTION('',(-0.0,1.0,0.0));
#3092=DIRECTION('',(1.0,0.0,0.0));
#3093=ORIENTED_EDGE('',*,*,#4405,.T.);
#3094=ORIENTED_EDGE('',*,*,#4394,.F.);
#3095=ORIENTED_EDGE('',*,*,#4406,.F.);
#3096=ORIENTED_EDGE('',*,*,#4146,.T.);
#3097=CARTESIAN_POINT('',(3.35,-1.8,-2.03));
#3098=DIRECTION('',(-1.0,0.0,0.0));
#3099=DIRECTION('',(0.0,0.0,1.0));
#3100=ORIENTED_EDGE('',*,*,#4406,.T.);
#3101=ORIENTED_EDGE('',*,*,#4393,.F.);
#3102=ORIENTED_EDGE('',*,*,#4407,.F.);
#3103=ORIENTED_EDGE('',*,*,#4147,.T.);
#3104=CARTESIAN_POINT('',(3.55,-1.8,-2.03));
#3105=DIRECTION('',(0.0,-1.0,0.0));
#3106=DIRECTION('',(0.0,0.0,-1.0));
#3107=ORIENTED_EDGE('',*,*,#4407,.T.);
#3108=ORIENTED_EDGE('',*,*,#4392,.F.);
#3109=ORIENTED_EDGE('',*,*,#4404,.F.);
#3110=ORIENTED_EDGE('',*,*,#4148,.T.);
#3111=CARTESIAN_POINT('',(3.55,-0.68,-2.03));
#3112=DIRECTION('',(1.0,0.0,0.0));
#3113=DIRECTION('',(0.0,1.0,0.0));
#3114=ORIENTED_EDGE('',*,*,#4408,.T.);
#3115=ORIENTED_EDGE('',*,*,#4399,.F.);
#3116=ORIENTED_EDGE('',*,*,#4409,.F.);
#3117=ORIENTED_EDGE('',*,*,#4153,.T.);
#3118=CARTESIAN_POINT('',(5.05,2.38,-2.03));
#3119=DIRECTION('',(0.0,-1.0,0.0));
#3120=DIRECTION('',(0.0,0.0,-1.0));
#3121=ORIENTED_EDGE('',*,*,#4409,.T.);
#3122=ORIENTED_EDGE('',*,*,#4398,.F.);
#3123=ORIENTED_EDGE('',*,*,#4410,.F.);
#3124=ORIENTED_EDGE('',*,*,#4150,.T.);
#3125=CARTESIAN_POINT('',(5.05,3.5,-2.03));
#3126=DIRECTION('',(1.0,0.0,0.0));
#3127=DIRECTION('',(0.0,1.0,0.0));
#3128=ORIENTED_EDGE('',*,*,#4410,.T.);
#3129=ORIENTED_EDGE('',*,*,#4397,.F.);
#3130=ORIENTED_EDGE('',*,*,#4411,.F.);
#3131=ORIENTED_EDGE('',*,*,#4151,.T.);
#3132=CARTESIAN_POINT('',(4.85,3.5,-2.03));
#3133=DIRECTION('',(-0.0,1.0,0.0));
#3134=DIRECTION('',(1.0,0.0,0.0));
#3135=ORIENTED_EDGE('',*,*,#4411,.T.);
#3136=ORIENTED_EDGE('',*,*,#4396,.F.);
#3137=ORIENTED_EDGE('',*,*,#4408,.F.);
#3138=ORIENTED_EDGE('',*,*,#4152,.T.);
#3139=CARTESIAN_POINT('',(4.85,2.38,-2.03));
#3140=DIRECTION('',(-1.0,0.0,0.0));
#3141=DIRECTION('',(0.0,0.0,1.0));
#3142=ORIENTED_EDGE('',*,*,#4412,.T.);
#3143=ORIENTED_EDGE('',*,*,#4403,.F.);
#3144=ORIENTED_EDGE('',*,*,#4413,.F.);
#3145=ORIENTED_EDGE('',*,*,#4157,.T.);
#3146=CARTESIAN_POINT('',(3.35,2.38,-2.03));
#3147=DIRECTION('',(-1.0,0.0,0.0));
#3148=DIRECTION('',(0.0,0.0,1.0));
#3149=ORIENTED_EDGE('',*,*,#4413,.T.);
#3150=ORIENTED_EDGE('',*,*,#4402,.F.);
#3151=ORIENTED_EDGE('',*,*,#4414,.F.);
#3152=ORIENTED_EDGE('',*,*,#4154,.T.);
#3153=CARTESIAN_POINT('',(3.55,2.38,-2.03));
#3154=DIRECTION('',(0.0,-1.0,0.0));
#3155=DIRECTION('',(0.0,0.0,-1.0));
#3156=ORIENTED_EDGE('',*,*,#4414,.T.);
#3157=ORIENTED_EDGE('',*,*,#4401,.F.);
#3158=ORIENTED_EDGE('',*,*,#4415,.F.);
#3159=ORIENTED_EDGE('',*,*,#4155,.T.);
#3160=CARTESIAN_POINT('',(3.55,3.5,-2.03));
#3161=DIRECTION('',(1.0,0.0,0.0));
#3162=DIRECTION('',(0.0,1.0,0.0));
#3163=ORIENTED_EDGE('',*,*,#4415,.T.);
#3164=ORIENTED_EDGE('',*,*,#4400,.F.);
#3165=ORIENTED_EDGE('',*,*,#4412,.F.);
#3166=ORIENTED_EDGE('',*,*,#4156,.T.);
#3167=CARTESIAN_POINT('',(3.35,3.5,-2.03));
#3168=DIRECTION('',(-0.0,1.0,0.0));
#3169=DIRECTION('',(1.0,0.0,0.0));
#3170=ORIENTED_EDGE('',*,*,#4416,.T.);
#3171=ORIENTED_EDGE('',*,*,#4417,.F.);
#3172=ORIENTED_EDGE('',*,*,#4418,.F.);
#3173=ORIENTED_EDGE('',*,*,#3948,.T.);
#3174=CARTESIAN_POINT('',(-4.7,0.4,0.0));
#3175=DIRECTION('',(-1.0,0.0,0.0));
#3176=DIRECTION('',(0.0,0.0,1.0));
#3177=ORIENTED_EDGE('',*,*,#4419,.F.);
#3178=ORIENTED_EDGE('',*,*,#3941,.T.);
#3179=ORIENTED_EDGE('',*,*,#4420,.T.);
#3180=ORIENTED_EDGE('',*,*,#4421,.F.);
#3181=ORIENTED_EDGE('',*,*,#4422,.F.);
#3182=ORIENTED_EDGE('',*,*,#3935,.T.);
#3183=ORIENTED_EDGE('',*,*,#4418,.T.);
#3184=ORIENTED_EDGE('',*,*,#4423,.T.);
#3185=CARTESIAN_POINT('',(-4.9,0.4,0.0));
#3186=DIRECTION('',(0.0,-1.0,0.0));
#3187=DIRECTION('',(0.0,0.0,-1.0));
#3188=ORIENTED_EDGE('',*,*,#4417,.T.);
#3189=ORIENTED_EDGE('',*,*,#4424,.T.);
#3190=ORIENTED_EDGE('',*,*,#4425,.T.);
#3191=ORIENTED_EDGE('',*,*,#4423,.F.);
#3192=CARTESIAN_POINT('',(0.0,0.0,1.52));
#3193=DIRECTION('',(0.0,0.0,1.0));
#3194=DIRECTION('',(1.0,0.0,0.0));
#3195=ORIENTED_EDGE('',*,*,#4419,.T.);
#3196=ORIENTED_EDGE('',*,*,#4425,.F.);
#3197=ORIENTED_EDGE('',*,*,#4426,.F.);
#3198=ORIENTED_EDGE('',*,*,#3942,.T.);
#3199=CARTESIAN_POINT('',(-3.7,-0.4,0.0));
#3200=DIRECTION('',(1.0,0.0,0.0));
#3201=DIRECTION('',(0.0,1.0,0.0));
#3202=ORIENTED_EDGE('',*,*,#4416,.F.);
#3203=ORIENTED_EDGE('',*,*,#3947,.T.);
#3204=ORIENTED_EDGE('',*,*,#4427,.T.);
#3205=ORIENTED_EDGE('',*,*,#4428,.F.);
#3206=ORIENTED_EDGE('',*,*,#4429,.F.);
#3207=ORIENTED_EDGE('',*,*,#3943,.T.);
#3208=ORIENTED_EDGE('',*,*,#4426,.T.);
#3209=ORIENTED_EDGE('',*,*,#4424,.F.);
#3210=CARTESIAN_POINT('',(-2.5,-0.4,0.0));
#3211=DIRECTION('',(-0.0,1.0,0.0));
#3212=DIRECTION('',(1.0,0.0,0.0));
#3213=ORIENTED_EDGE('',*,*,#4429,.T.);
#3214=ORIENTED_EDGE('',*,*,#4430,.F.);
#3215=ORIENTED_EDGE('',*,*,#4431,.F.);
#3216=ORIENTED_EDGE('',*,*,#3944,.T.);
#3217=CARTESIAN_POINT('',(-2.5,-3.8,0.0));
#3218=DIRECTION('',(1.0,0.0,0.0));
#3219=DIRECTION('',(0.0,1.0,0.0));
#3220=ORIENTED_EDGE('',*,*,#4431,.T.);
#3221=ORIENTED_EDGE('',*,*,#4432,.F.);
#3222=ORIENTED_EDGE('',*,*,#4433,.F.);
#3223=ORIENTED_EDGE('',*,*,#3945,.T.);
#3224=CARTESIAN_POINT('',(-5.9,-3.8,0.0));
#3225=DIRECTION('',(0.0,-1.0,0.0));
#3226=DIRECTION('',(0.0,0.0,-1.0));
#3227=ORIENTED_EDGE('',*,*,#4433,.T.);
#3228=ORIENTED_EDGE('',*,*,#4434,.F.);
#3229=ORIENTED_EDGE('',*,*,#4427,.F.);
#3230=ORIENTED_EDGE('',*,*,#3946,.T.);
#3231=CARTESIAN_POINT('',(-5.9,-0.4,0.0));
#3232=DIRECTION('',(-1.0,0.0,0.0));
#3233=DIRECTION('',(0.0,0.0,1.0));
#3234=ORIENTED_EDGE('',*,*,#4435,.T.);
#3235=ORIENTED_EDGE('',*,*,#4421,.T.);
#3236=ORIENTED_EDGE('',*,*,#4436,.T.);
#3237=ORIENTED_EDGE('',*,*,#4437,.T.);
#3238=ORIENTED_EDGE('',*,*,#4438,.T.);
#3239=ORIENTED_EDGE('',*,*,#4439,.T.);
#3240=ORIENTED_EDGE('',*,*,#4440,.F.);
#3241=ORIENTED_EDGE('',*,*,#4441,.F.);
#3242=ORIENTED_EDGE('',*,*,#4442,.F.);
#3243=ORIENTED_EDGE('',*,*,#4443,.F.);
#3244=ORIENTED_EDGE('',*,*,#4444,.F.);
#3245=ORIENTED_EDGE('',*,*,#4445,.F.);
#3246=CARTESIAN_POINT('',(0.0,0.0,8.9));
#3247=DIRECTION('',(0.0,0.0,1.0));
#3248=DIRECTION('',(1.0,0.0,0.0));
#3249=ORIENTED_EDGE('',*,*,#4432,.T.);
#3250=ORIENTED_EDGE('',*,*,#4430,.T.);
#3251=ORIENTED_EDGE('',*,*,#4428,.T.);
#3252=ORIENTED_EDGE('',*,*,#4434,.T.);
#3253=ORIENTED_EDGE('',*,*,#4446,.F.);
#3254=ORIENTED_EDGE('',*,*,#4447,.F.);
#3255=ORIENTED_EDGE('',*,*,#4448,.F.);
#3256=ORIENTED_EDGE('',*,*,#4449,.F.);
#3257=ORIENTED_EDGE('',*,*,#4450,.F.);
#3258=ORIENTED_EDGE('',*,*,#4451,.F.);
#3259=CARTESIAN_POINT('',(0.0,0.0,8.9));
#3260=DIRECTION('',(0.0,0.0,1.0));
#3261=DIRECTION('',(1.0,0.0,0.0));
#3262=ORIENTED_EDGE('',*,*,#4452,.T.);
#3263=ORIENTED_EDGE('',*,*,#4439,.F.);
#3264=ORIENTED_EDGE('',*,*,#4453,.F.);
#3265=ORIENTED_EDGE('',*,*,#3937,.T.);
#3266=CARTESIAN_POINT('',(-5.9,3.8,0.0));
#3267=DIRECTION('',(-1.0,0.0,0.0));
#3268=DIRECTION('',(0.0,0.0,1.0));
#3269=ORIENTED_EDGE('',*,*,#4453,.T.);
#3270=ORIENTED_EDGE('',*,*,#4438,.F.);
#3271=ORIENTED_EDGE('',*,*,#4454,.F.);
#3272=ORIENTED_EDGE('',*,*,#3938,.T.);
#3273=CARTESIAN_POINT('',(-2.5,3.8,0.0));
#3274=DIRECTION('',(-0.0,1.0,0.0));
#3275=DIRECTION('',(1.0,0.0,0.0));
#3276=ORIENTED_EDGE('',*,*,#4454,.T.);
#3277=ORIENTED_EDGE('',*,*,#4437,.F.);
#3278=ORIENTED_EDGE('',*,*,#4455,.F.);
#3279=ORIENTED_EDGE('',*,*,#3939,.T.);
#3280=CARTESIAN_POINT('',(-2.5,1.4,0.0));
#3281=DIRECTION('',(1.0,0.0,0.0));
#3282=DIRECTION('',(0.0,1.0,0.0));
#3283=ORIENTED_EDGE('',*,*,#4455,.T.);
#3284=ORIENTED_EDGE('',*,*,#4436,.F.);
#3285=ORIENTED_EDGE('',*,*,#4420,.F.);
#3286=ORIENTED_EDGE('',*,*,#3940,.T.);
#3287=CARTESIAN_POINT('',(-3.5,0.4,0.0));
#3288=DIRECTION('',(0.707106781186548,-0.707106781186548,0.0));
#3289=DIRECTION('',(0.0,0.0,-1.0));
#3290=ORIENTED_EDGE('',*,*,#4422,.T.);
#3291=ORIENTED_EDGE('',*,*,#4435,.F.);
#3292=ORIENTED_EDGE('',*,*,#4452,.F.);
#3293=ORIENTED_EDGE('',*,*,#3936,.T.);
#3294=CARTESIAN_POINT('',(-5.9,1.4,0.0));
#3295=DIRECTION('',(-0.707106781186548,-0.707106781186548,0.0));
#3296=DIRECTION('',(-0.707106781186548,0.707106781186548,0.0));
#3297=ORIENTED_EDGE('',*,*,#4456,.T.);
#3298=ORIENTED_EDGE('',*,*,#4457,.F.);
#3299=ORIENTED_EDGE('',*,*,#4458,.F.);
#3300=ORIENTED_EDGE('',*,*,#4445,.T.);
#3301=CARTESIAN_POINT('',(-5.075,3.2,8.9));
#3302=DIRECTION('',(-1.0,0.0,0.0));
#3303=DIRECTION('',(0.0,0.0,1.0));
#3304=ORIENTED_EDGE('',*,*,#4458,.T.);
#3305=ORIENTED_EDGE('',*,*,#4459,.F.);
#3306=ORIENTED_EDGE('',*,*,#4460,.F.);
#3307=ORIENTED_EDGE('',*,*,#4440,.T.);
#3308=CARTESIAN_POINT('',(-3.325,3.2,8.9));
#3309=DIRECTION('',(-0.0,1.0,0.0));
#3310=DIRECTION('',(1.0,0.0,0.0));
#3311=ORIENTED_EDGE('',*,*,#4460,.T.);
#3312=ORIENTED_EDGE('',*,*,#4461,.F.);
#3313=ORIENTED_EDGE('',*,*,#4462,.F.);
#3314=ORIENTED_EDGE('',*,*,#4441,.T.);
#3315=CARTESIAN_POINT('',(-3.325,1.425,8.9));
#3316=DIRECTION('',(1.0,0.0,0.0));
#3317=DIRECTION('',(0.0,1.0,0.0));
#3318=ORIENTED_EDGE('',*,*,#4462,.T.);
#3319=ORIENTED_EDGE('',*,*,#4463,.F.);
#3320=ORIENTED_EDGE('',*,*,#4464,.F.);
#3321=ORIENTED_EDGE('',*,*,#4442,.T.);
#3322=CARTESIAN_POINT('',(-3.8,0.95,8.9));
#3323=DIRECTION('',(0.707106781186548,-0.707106781186548,0.0));
#3324=DIRECTION('',(0.0,0.0,-1.0));
#3325=ORIENTED_EDGE('',*,*,#4464,.T.);
#3326=ORIENTED_EDGE('',*,*,#4465,.F.);
#3327=ORIENTED_EDGE('',*,*,#4466,.F.);
#3328=ORIENTED_EDGE('',*,*,#4443,.T.);
#3329=CARTESIAN_POINT('',(-4.6,0.95,8.9));
#3330=DIRECTION('',(0.0,-1.0,0.0));
#3331=DIRECTION('',(0.0,0.0,-1.0));
#3332=ORIENTED_EDGE('',*,*,#4466,.T.);
#3333=ORIENTED_EDGE('',*,*,#4467,.F.);
#3334=ORIENTED_EDGE('',*,*,#4456,.F.);
#3335=ORIENTED_EDGE('',*,*,#4444,.T.);
#3336=CARTESIAN_POINT('',(-5.075,1.425,8.9));
#3337=DIRECTION('',(-0.707106781186598,-0.707106781186498,0.0));
#3338=DIRECTION('',(-0.707106781186498,0.707106781186598,0.0));
#3339=ORIENTED_EDGE('',*,*,#4467,.T.);
#3340=ORIENTED_EDGE('',*,*,#4465,.T.);
#3341=ORIENTED_EDGE('',*,*,#4463,.T.);
#3342=ORIENTED_EDGE('',*,*,#4461,.T.);
#3343=ORIENTED_EDGE('',*,*,#4459,.T.);
#3344=ORIENTED_EDGE('',*,*,#4457,.T.);
#3345=CARTESIAN_POINT('',(0.0,0.0,7.4));
#3346=DIRECTION('',(0.0,0.0,1.0));
#3347=DIRECTION('',(1.0,0.0,0.0));
#3348=ORIENTED_EDGE('',*,*,#4468,.T.);
#3349=ORIENTED_EDGE('',*,*,#4469,.T.);
#3350=ORIENTED_EDGE('',*,*,#4470,.T.);
#3351=ORIENTED_EDGE('',*,*,#4471,.T.);
#3352=ORIENTED_EDGE('',*,*,#4472,.T.);
#3353=ORIENTED_EDGE('',*,*,#4473,.T.);
#3354=CARTESIAN_POINT('',(0.0,0.0,7.4));
#3355=DIRECTION('',(0.0,0.0,1.0));
#3356=DIRECTION('',(1.0,0.0,0.0));
#3357=ORIENTED_EDGE('',*,*,#4474,.T.);
#3358=ORIENTED_EDGE('',*,*,#4473,.F.);
#3359=ORIENTED_EDGE('',*,*,#4475,.F.);
#3360=ORIENTED_EDGE('',*,*,#4451,.T.);
#3361=CARTESIAN_POINT('',(-5.075,-1.0,8.9));
#3362=DIRECTION('',(-1.0,0.0,0.0));
#3363=DIRECTION('',(0.0,0.0,1.0));
#3364=ORIENTED_EDGE('',*,*,#4475,.T.);
#3365=ORIENTED_EDGE('',*,*,#4472,.F.);
#3366=ORIENTED_EDGE('',*,*,#4476,.F.);
#3367=ORIENTED_EDGE('',*,*,#4446,.T.);
#3368=CARTESIAN_POINT('',(-3.325,-1.0,8.9));
#3369=DIRECTION('',(-0.0,1.0,0.0));
#3370=DIRECTION('',(1.0,0.0,0.0));
#3371=ORIENTED_EDGE('',*,*,#4476,.T.);
#3372=ORIENTED_EDGE('',*,*,#4471,.F.);
#3373=ORIENTED_EDGE('',*,*,#4477,.F.);
#3374=ORIENTED_EDGE('',*,*,#4447,.T.);
#3375=CARTESIAN_POINT('',(-3.325,-2.775,8.9));
#3376=DIRECTION('',(1.0,0.0,0.0));
#3377=DIRECTION('',(0.0,1.0,0.0));
#3378=ORIENTED_EDGE('',*,*,#4477,.T.);
#3379=ORIENTED_EDGE('',*,*,#4470,.F.);
#3380=ORIENTED_EDGE('',*,*,#4478,.F.);
#3381=ORIENTED_EDGE('',*,*,#4448,.T.);
#3382=CARTESIAN_POINT('',(-3.8,-3.25,8.9));
#3383=DIRECTION('',(0.707106781186598,-0.707106781186498,0.0));
#3384=DIRECTION('',(0.0,0.0,-1.0));
#3385=ORIENTED_EDGE('',*,*,#4478,.T.);
#3386=ORIENTED_EDGE('',*,*,#4469,.F.);
#3387=ORIENTED_EDGE('',*,*,#4479,.F.);
#3388=ORIENTED_EDGE('',*,*,#4449,.T.);
#3389=CARTESIAN_POINT('',(-4.6,-3.25,8.9));
#3390=DIRECTION('',(0.0,-1.0,0.0));
#3391=DIRECTION('',(0.0,0.0,-1.0));
#3392=ORIENTED_EDGE('',*,*,#4479,.T.);
#3393=ORIENTED_EDGE('',*,*,#4468,.F.);
#3394=ORIENTED_EDGE('',*,*,#4474,.F.);
#3395=ORIENTED_EDGE('',*,*,#4450,.T.);
#3396=CARTESIAN_POINT('',(-5.075,-2.775,8.9));
#3397=DIRECTION('',(-0.707106781186598,-0.707106781186498,0.0));
#3398=DIRECTION('',(-0.707106781186498,0.707106781186598,0.0));
#3399=ORIENTED_EDGE('',*,*,#4480,.T.);
#3400=ORIENTED_EDGE('',*,*,#4481,.F.);
#3401=ORIENTED_EDGE('',*,*,#4482,.F.);
#3402=ORIENTED_EDGE('',*,*,#3962,.T.);
#3403=CARTESIAN_POINT('',(-0.5,0.4,0.0));
#3404=DIRECTION('',(-1.0,0.0,0.0));
#3405=DIRECTION('',(0.0,0.0,1.0));
#3406=ORIENTED_EDGE('',*,*,#4483,.F.);
#3407=ORIENTED_EDGE('',*,*,#3953,.T.);
#3408=ORIENTED_EDGE('',*,*,#4484,.T.);
#3409=ORIENTED_EDGE('',*,*,#4485,.F.);
#3410=ORIENTED_EDGE('',*,*,#4486,.F.);
#3411=ORIENTED_EDGE('',*,*,#3949,.T.);
#3412=ORIENTED_EDGE('',*,*,#4482,.T.);
#3413=ORIENTED_EDGE('',*,*,#4487,.T.);
#3414=CARTESIAN_POINT('',(-1.7,0.4,0.0));
#3415=DIRECTION('',(0.0,-1.0,0.0));
#3416=DIRECTION('',(0.0,0.0,-1.0));
#3417=ORIENTED_EDGE('',*,*,#4488,.T.);
#3418=ORIENTED_EDGE('',*,*,#4487,.F.);
#3419=ORIENTED_EDGE('',*,*,#4481,.T.);
#3420=ORIENTED_EDGE('',*,*,#4489,.T.);
#3421=CARTESIAN_POINT('',(0.0,0.0,1.52));
#3422=DIRECTION('',(0.0,0.0,1.0));
#3423=DIRECTION('',(1.0,0.0,0.0));
#3424=ORIENTED_EDGE('',*,*,#4480,.F.);
#3425=ORIENTED_EDGE('',*,*,#3961,.T.);
#3426=ORIENTED_EDGE('',*,*,#4490,.T.);
#3427=ORIENTED_EDGE('',*,*,#4491,.F.);
#3428=ORIENTED_EDGE('',*,*,#4492,.F.);
#3429=ORIENTED_EDGE('',*,*,#3955,.T.);
#3430=ORIENTED_EDGE('',*,*,#4493,.T.);
#3431=ORIENTED_EDGE('',*,*,#4489,.F.);
#3432=CARTESIAN_POINT('',(1.7,-0.4,0.0));
#3433=DIRECTION('',(-0.0,1.0,0.0));
#3434=DIRECTION('',(1.0,0.0,0.0));
#3435=ORIENTED_EDGE('',*,*,#4483,.T.);
#3436=ORIENTED_EDGE('',*,*,#4488,.F.);
#3437=ORIENTED_EDGE('',*,*,#4493,.F.);
#3438=ORIENTED_EDGE('',*,*,#3954,.T.);
#3439=CARTESIAN_POINT('',(0.5,-0.4,0.0));
#3440=DIRECTION('',(1.0,0.0,0.0));
#3441=DIRECTION('',(0.0,1.0,0.0));
#3442=ORIENTED_EDGE('',*,*,#4492,.T.);
#3443=ORIENTED_EDGE('',*,*,#4494,.F.);
#3444=ORIENTED_EDGE('',*,*,#4495,.F.);
#3445=ORIENTED_EDGE('',*,*,#3956,.T.);
#3446=CARTESIAN_POINT('',(1.7,-2.8,0.0));
#3447=DIRECTION('',(1.0,0.0,0.0));
#3448=DIRECTION('',(0.0,1.0,0.0));
#3449=ORIENTED_EDGE('',*,*,#4495,.T.);
#3450=ORIENTED_EDGE('',*,*,#4496,.F.);
#3451=ORIENTED_EDGE('',*,*,#4497,.F.);
#3452=ORIENTED_EDGE('',*,*,#3957,.T.);
#3453=CARTESIAN_POINT('',(0.7,-3.8,0.0));
#3454=DIRECTION('',(0.707106781186548,-0.707106781186548,0.0));
#3455=DIRECTION('',(0.0,0.0,-1.0));
#3456=ORIENTED_EDGE('',*,*,#4497,.T.);
#3457=ORIENTED_EDGE('',*,*,#4498,.F.);
#3458=ORIENTED_EDGE('',*,*,#4499,.F.);
#3459=ORIENTED_EDGE('',*,*,#3958,.T.);
#3460=CARTESIAN_POINT('',(-0.7,-3.8,0.0));
#3461=DIRECTION('',(0.0,-1.0,0.0));
#3462=DIRECTION('',(0.0,0.0,-1.0));
#3463=ORIENTED_EDGE('',*,*,#4499,.T.);
#3464=ORIENTED_EDGE('',*,*,#4500,.F.);
#3465=ORIENTED_EDGE('',*,*,#4501,.F.);
#3466=ORIENTED_EDGE('',*,*,#3959,.T.);
#3467=CARTESIAN_POINT('',(-1.7,-2.8,0.0));
#3468=DIRECTION('',(-0.707106781186548,-0.707106781186548,0.0));
#3469=DIRECTION('',(-0.707106781186548,0.707106781186548,0.0));
#3470=ORIENTED_EDGE('',*,*,#4501,.T.);
#3471=ORIENTED_EDGE('',*,*,#4502,.F.);
#3472=ORIENTED_EDGE('',*,*,#4490,.F.);
#3473=ORIENTED_EDGE('',*,*,#3960,.T.);
#3474=CARTESIAN_POINT('',(-1.7,-0.4,0.0));
#3475=DIRECTION('',(-1.0,0.0,0.0));
#3476=DIRECTION('',(0.0,0.0,1.0));
#3477=ORIENTED_EDGE('',*,*,#4500,.T.);
#3478=ORIENTED_EDGE('',*,*,#4498,.T.);
#3479=ORIENTED_EDGE('',*,*,#4496,.T.);
#3480=ORIENTED_EDGE('',*,*,#4494,.T.);
#3481=ORIENTED_EDGE('',*,*,#4491,.T.);
#3482=ORIENTED_EDGE('',*,*,#4502,.T.);
#3483=ORIENTED_EDGE('',*,*,#4503,.F.);
#3484=ORIENTED_EDGE('',*,*,#4504,.F.);
#3485=ORIENTED_EDGE('',*,*,#4505,.F.);
#3486=ORIENTED_EDGE('',*,*,#4506,.F.);
#3487=ORIENTED_EDGE('',*,*,#4507,.F.);
#3488=ORIENTED_EDGE('',*,*,#4508,.F.);
#3489=CARTESIAN_POINT('',(0.0,0.0,8.9));
#3490=DIRECTION('',(0.0,0.0,1.0));
#3491=DIRECTION('',(1.0,0.0,0.0));
#3492=ORIENTED_EDGE('',*,*,#4509,.T.);
#3493=ORIENTED_EDGE('',*,*,#4510,.T.);
#3494=ORIENTED_EDGE('',*,*,#4485,.T.);
#3495=ORIENTED_EDGE('',*,*,#4511,.T.);
#3496=ORIENTED_EDGE('',*,*,#4512,.F.);
#3497=ORIENTED_EDGE('',*,*,#4513,.F.);
#3498=ORIENTED_EDGE('',*,*,#4514,.F.);
#3499=ORIENTED_EDGE('',*,*,#4515,.F.);
#3500=ORIENTED_EDGE('',*,*,#4516,.F.);
#3501=ORIENTED_EDGE('',*,*,#4517,.F.);
#3502=CARTESIAN_POINT('',(0.0,0.0,8.9));
#3503=DIRECTION('',(0.0,0.0,1.0));
#3504=DIRECTION('',(1.0,0.0,0.0));
#3505=ORIENTED_EDGE('',*,*,#4518,.T.);
#3506=ORIENTED_EDGE('',*,*,#4519,.T.);
#3507=ORIENTED_EDGE('',*,*,#4520,.T.);
#3508=ORIENTED_EDGE('',*,*,#4521,.T.);
#3509=ORIENTED_EDGE('',*,*,#4522,.T.);
#3510=ORIENTED_EDGE('',*,*,#4523,.T.);
#3511=ORIENTED_EDGE('',*,*,#4524,.F.);
#3512=ORIENTED_EDGE('',*,*,#4525,.F.);
#3513=ORIENTED_EDGE('',*,*,#4526,.F.);
#3514=ORIENTED_EDGE('',*,*,#4527,.F.);
#3515=ORIENTED_EDGE('',*,*,#4528,.F.);
#3516=ORIENTED_EDGE('',*,*,#4529,.F.);
#3517=CARTESIAN_POINT('',(0.0,0.0,8.9));
#3518=DIRECTION('',(0.0,0.0,1.0));
#3519=DIRECTION('',(1.0,0.0,0.0));
#3520=ORIENTED_EDGE('',*,*,#4530,.T.);
#3521=ORIENTED_EDGE('',*,*,#4531,.T.);
#3522=ORIENTED_EDGE('',*,*,#4532,.T.);
#3523=ORIENTED_EDGE('',*,*,#4533,.T.);
#3524=ORIENTED_EDGE('',*,*,#4534,.F.);
#3525=ORIENTED_EDGE('',*,*,#4535,.F.);
#3526=ORIENTED_EDGE('',*,*,#4536,.F.);
#3527=ORIENTED_EDGE('',*,*,#4537,.F.);
#3528=ORIENTED_EDGE('',*,*,#4538,.F.);
#3529=ORIENTED_EDGE('',*,*,#4539,.F.);
#3530=CARTESIAN_POINT('',(0.0,0.0,8.9));
#3531=DIRECTION('',(0.0,0.0,1.0));
#3532=DIRECTION('',(1.0,0.0,0.0));
#3533=ORIENTED_EDGE('',*,*,#4540,.T.);
#3534=ORIENTED_EDGE('',*,*,#4511,.F.);
#3535=ORIENTED_EDGE('',*,*,#4484,.F.);
#3536=ORIENTED_EDGE('',*,*,#3952,.T.);
#3537=CARTESIAN_POINT('',(1.7,0.4,0.0));
#3538=DIRECTION('',(1.0,0.0,0.0));
#3539=DIRECTION('',(0.0,1.0,0.0));
#3540=ORIENTED_EDGE('',*,*,#4541,.T.);
#3541=ORIENTED_EDGE('',*,*,#4509,.F.);
#3542=ORIENTED_EDGE('',*,*,#4540,.F.);
#3543=ORIENTED_EDGE('',*,*,#3951,.T.);
#3544=CARTESIAN_POINT('',(1.7,3.8,0.0));
#3545=DIRECTION('',(-0.0,1.0,0.0));
#3546=DIRECTION('',(1.0,0.0,0.0));
#3547=ORIENTED_EDGE('',*,*,#4486,.T.);
#3548=ORIENTED_EDGE('',*,*,#4510,.F.);
#3549=ORIENTED_EDGE('',*,*,#4541,.F.);
#3550=ORIENTED_EDGE('',*,*,#3950,.T.);
#3551=CARTESIAN_POINT('',(-1.7,3.8,0.0));
#3552=DIRECTION('',(-1.0,0.0,0.0));
#3553=DIRECTION('',(0.0,0.0,1.0));
#3554=ORIENTED_EDGE('',*,*,#4542,.T.);
#3555=ORIENTED_EDGE('',*,*,#4523,.F.);
#3556=ORIENTED_EDGE('',*,*,#4543,.F.);
#3557=ORIENTED_EDGE('',*,*,#3971,.T.);
#3558=CARTESIAN_POINT('',(4.9,-3.8,0.0));
#3559=DIRECTION('',(0.707106781186548,-0.707106781186548,0.0));
#3560=DIRECTION('',(0.0,0.0,-1.0));
#3561=ORIENTED_EDGE('',*,*,#4543,.T.);
#3562=ORIENTED_EDGE('',*,*,#4522,.F.);
#3563=ORIENTED_EDGE('',*,*,#4544,.F.);
#3564=ORIENTED_EDGE('',*,*,#3972,.T.);
#3565=CARTESIAN_POINT('',(3.5,-3.8,0.0));
#3566=DIRECTION('',(0.0,-1.0,0.0));
#3567=DIRECTION('',(0.0,0.0,-1.0));
#3568=ORIENTED_EDGE('',*,*,#4544,.T.);
#3569=ORIENTED_EDGE('',*,*,#4521,.F.);
#3570=ORIENTED_EDGE('',*,*,#4545,.F.);
#3571=ORIENTED_EDGE('',*,*,#3973,.T.);
#3572=CARTESIAN_POINT('',(2.5,-2.8,0.0));
#3573=DIRECTION('',(-0.707106781186548,-0.707106781186548,0.0));
#3574=DIRECTION('',(-0.707106781186548,0.707106781186548,0.0));
#3575=ORIENTED_EDGE('',*,*,#4545,.T.);
#3576=ORIENTED_EDGE('',*,*,#4520,.F.);
#3577=ORIENTED_EDGE('',*,*,#4546,.F.);
#3578=ORIENTED_EDGE('',*,*,#3974,.T.);
#3579=CARTESIAN_POINT('',(2.5,-0.4,0.0));
#3580=DIRECTION('',(-1.0,0.0,0.0));
#3581=DIRECTION('',(0.0,0.0,1.0));
#3582=ORIENTED_EDGE('',*,*,#4547,.F.);
#3583=ORIENTED_EDGE('',*,*,#3975,.T.);
#3584=ORIENTED_EDGE('',*,*,#4546,.T.);
#3585=ORIENTED_EDGE('',*,*,#4519,.F.);
#3586=ORIENTED_EDGE('',*,*,#4548,.F.);
#3587=ORIENTED_EDGE('',*,*,#3969,.T.);
#3588=ORIENTED_EDGE('',*,*,#4549,.T.);
#3589=ORIENTED_EDGE('',*,*,#4550,.F.);
#3590=CARTESIAN_POINT('',(5.9,-0.4,0.0));
#3591=DIRECTION('',(-0.0,1.0,0.0));
#3592=DIRECTION('',(1.0,0.0,0.0));
#3593=ORIENTED_EDGE('',*,*,#4551,.T.);
#3594=ORIENTED_EDGE('',*,*,#4552,.F.);
#3595=ORIENTED_EDGE('',*,*,#4553,.T.);
#3596=ORIENTED_EDGE('',*,*,#4550,.T.);
#3597=CARTESIAN_POINT('',(0.0,0.0,1.52));
#3598=DIRECTION('',(0.0,0.0,1.0));
#3599=DIRECTION('',(1.0,0.0,0.0));
#3600=ORIENTED_EDGE('',*,*,#4547,.T.);
#3601=ORIENTED_EDGE('',*,*,#4553,.F.);
#3602=ORIENTED_EDGE('',*,*,#4554,.F.);
#3603=ORIENTED_EDGE('',*,*,#3976,.T.);
#3604=CARTESIAN_POINT('',(3.7,0.4,0.0));
#3605=DIRECTION('',(-1.0,0.0,0.0));
#3606=DIRECTION('',(0.0,0.0,1.0));
#3607=ORIENTED_EDGE('',*,*,#4555,.F.);
#3608=ORIENTED_EDGE('',*,*,#3967,.T.);
#3609=ORIENTED_EDGE('',*,*,#4556,.T.);
#3610=ORIENTED_EDGE('',*,*,#4532,.F.);
#3611=ORIENTED_EDGE('',*,*,#4557,.F.);
#3612=ORIENTED_EDGE('',*,*,#3963,.T.);
#3613=ORIENTED_EDGE('',*,*,#4554,.T.);
#3614=ORIENTED_EDGE('',*,*,#4552,.T.);
#3615=CARTESIAN_POINT('',(2.5,0.4,0.0));
#3616=DIRECTION('',(0.0,-1.0,0.0));
#3617=DIRECTION('',(0.0,0.0,-1.0));
#3618=ORIENTED_EDGE('',*,*,#4557,.T.);
#3619=ORIENTED_EDGE('',*,*,#4531,.F.);
#3620=ORIENTED_EDGE('',*,*,#4558,.F.);
#3621=ORIENTED_EDGE('',*,*,#3964,.T.);
#3622=CARTESIAN_POINT('',(2.5,3.8,0.0));
#3623=DIRECTION('',(-1.0,0.0,0.0));
#3624=DIRECTION('',(0.0,0.0,1.0));
#3625=ORIENTED_EDGE('',*,*,#4558,.T.);
#3626=ORIENTED_EDGE('',*,*,#4530,.F.);
#3627=ORIENTED_EDGE('',*,*,#4559,.F.);
#3628=ORIENTED_EDGE('',*,*,#3965,.T.);
#3629=CARTESIAN_POINT('',(5.9,3.8,0.0));
#3630=DIRECTION('',(-0.0,1.0,0.0));
#3631=DIRECTION('',(1.0,0.0,0.0));
#3632=ORIENTED_EDGE('',*,*,#4559,.T.);
#3633=ORIENTED_EDGE('',*,*,#4533,.F.);
#3634=ORIENTED_EDGE('',*,*,#4556,.F.);
#3635=ORIENTED_EDGE('',*,*,#3966,.T.);
#3636=CARTESIAN_POINT('',(5.9,0.4,0.0));
#3637=DIRECTION('',(1.0,0.0,0.0));
#3638=DIRECTION('',(0.0,1.0,0.0));
#3639=ORIENTED_EDGE('',*,*,#4555,.T.);
#3640=ORIENTED_EDGE('',*,*,#4551,.F.);
#3641=ORIENTED_EDGE('',*,*,#4549,.F.);
#3642=ORIENTED_EDGE('',*,*,#3968,.T.);
#3643=CARTESIAN_POINT('',(4.7,-0.4,0.0));
#3644=DIRECTION('',(1.0,0.0,0.0));
#3645=DIRECTION('',(0.0,1.0,0.0));
#3646=ORIENTED_EDGE('',*,*,#4548,.T.);
#3647=ORIENTED_EDGE('',*,*,#4518,.F.);
#3648=ORIENTED_EDGE('',*,*,#4542,.F.);
#3649=ORIENTED_EDGE('',*,*,#3970,.T.);
#3650=CARTESIAN_POINT('',(5.9,-2.8,0.0));
#3651=DIRECTION('',(1.0,0.0,0.0));
#3652=DIRECTION('',(0.0,1.0,0.0));
#3653=ORIENTED_EDGE('',*,*,#4560,.T.);
#3654=ORIENTED_EDGE('',*,*,#4561,.F.);
#3655=ORIENTED_EDGE('',*,*,#4562,.F.);
#3656=ORIENTED_EDGE('',*,*,#4517,.T.);
#3657=CARTESIAN_POINT('',(-0.875,3.2,8.9));
#3658=DIRECTION('',(-1.0,0.0,0.0));
#3659=DIRECTION('',(0.0,0.0,1.0));
#3660=ORIENTED_EDGE('',*,*,#4562,.T.);
#3661=ORIENTED_EDGE('',*,*,#4563,.F.);
#3662=ORIENTED_EDGE('',*,*,#4564,.F.);
#3663=ORIENTED_EDGE('',*,*,#4512,.T.);
#3664=CARTESIAN_POINT('',(0.875,3.2,8.9));
#3665=DIRECTION('',(-0.0,1.0,0.0));
#3666=DIRECTION('',(1.0,0.0,0.0));
#3667=ORIENTED_EDGE('',*,*,#4564,.T.);
#3668=ORIENTED_EDGE('',*,*,#4565,.F.);
#3669=ORIENTED_EDGE('',*,*,#4566,.F.);
#3670=ORIENTED_EDGE('',*,*,#4513,.T.);
#3671=CARTESIAN_POINT('',(0.875,1.425,8.9));
#3672=DIRECTION('',(1.0,0.0,0.0));
#3673=DIRECTION('',(0.0,1.0,0.0));
#3674=ORIENTED_EDGE('',*,*,#4566,.T.);
#3675=ORIENTED_EDGE('',*,*,#4567,.F.);
#3676=ORIENTED_EDGE('',*,*,#4568,.F.);
#3677=ORIENTED_EDGE('',*,*,#4514,.T.);
#3678=CARTESIAN_POINT('',(0.4,0.95,8.9));
#3679=DIRECTION('',(0.707106781186548,-0.707106781186548,0.0));
#3680=DIRECTION('',(0.0,0.0,-1.0));
#3681=ORIENTED_EDGE('',*,*,#4568,.T.);
#3682=ORIENTED_EDGE('',*,*,#4569,.F.);
#3683=ORIENTED_EDGE('',*,*,#4570,.F.);
#3684=ORIENTED_EDGE('',*,*,#4515,.T.);
#3685=CARTESIAN_POINT('',(-0.4,0.95,8.9));
#3686=DIRECTION('',(0.0,-1.0,0.0));
#3687=DIRECTION('',(0.0,0.0,-1.0));
#3688=ORIENTED_EDGE('',*,*,#4570,.T.);
#3689=ORIENTED_EDGE('',*,*,#4571,.F.);
#3690=ORIENTED_EDGE('',*,*,#4560,.F.);
#3691=ORIENTED_EDGE('',*,*,#4516,.T.);
#3692=CARTESIAN_POINT('',(-0.875,1.425,8.9));
#3693=DIRECTION('',(-0.707106781186548,-0.707106781186548,0.0));
#3694=DIRECTION('',(-0.707106781186548,0.707106781186548,0.0));
#3695=ORIENTED_EDGE('',*,*,#4571,.T.);
#3696=ORIENTED_EDGE('',*,*,#4569,.T.);
#3697=ORIENTED_EDGE('',*,*,#4567,.T.);
#3698=ORIENTED_EDGE('',*,*,#4565,.T.);
#3699=ORIENTED_EDGE('',*,*,#4563,.T.);
#3700=ORIENTED_EDGE('',*,*,#4561,.T.);
#3701=CARTESIAN_POINT('',(0.0,0.0,7.4));
#3702=DIRECTION('',(0.0,0.0,1.0));
#3703=DIRECTION('',(1.0,0.0,0.0));
#3704=ORIENTED_EDGE('',*,*,#4572,.T.);
#3705=ORIENTED_EDGE('',*,*,#4573,.T.);
#3706=ORIENTED_EDGE('',*,*,#4574,.T.);
#3707=ORIENTED_EDGE('',*,*,#4575,.T.);
#3708=ORIENTED_EDGE('',*,*,#4576,.T.);
#3709=ORIENTED_EDGE('',*,*,#4577,.T.);
#3710=CARTESIAN_POINT('',(0.0,0.0,7.4));
#3711=DIRECTION('',(0.0,0.0,1.0));
#3712=DIRECTION('',(1.0,0.0,0.0));
#3713=ORIENTED_EDGE('',*,*,#4578,.T.);
#3714=ORIENTED_EDGE('',*,*,#4577,.F.);
#3715=ORIENTED_EDGE('',*,*,#4579,.F.);
#3716=ORIENTED_EDGE('',*,*,#4508,.T.);
#3717=CARTESIAN_POINT('',(-0.875,-1.0,8.9));
#3718=DIRECTION('',(-1.0,0.0,0.0));
#3719=DIRECTION('',(0.0,0.0,1.0));
#3720=ORIENTED_EDGE('',*,*,#4579,.T.);
#3721=ORIENTED_EDGE('',*,*,#4576,.F.);
#3722=ORIENTED_EDGE('',*,*,#4580,.F.);
#3723=ORIENTED_EDGE('',*,*,#4503,.T.);
#3724=CARTESIAN_POINT('',(0.875,-1.0,8.9));
#3725=DIRECTION('',(-0.0,1.0,0.0));
#3726=DIRECTION('',(1.0,0.0,0.0));
#3727=ORIENTED_EDGE('',*,*,#4580,.T.);
#3728=ORIENTED_EDGE('',*,*,#4575,.F.);
#3729=ORIENTED_EDGE('',*,*,#4581,.F.);
#3730=ORIENTED_EDGE('',*,*,#4504,.T.);
#3731=CARTESIAN_POINT('',(0.875,-2.775,8.9));
#3732=DIRECTION('',(1.0,0.0,0.0));
#3733=DIRECTION('',(0.0,1.0,0.0));
#3734=ORIENTED_EDGE('',*,*,#4581,.T.);
#3735=ORIENTED_EDGE('',*,*,#4574,.F.);
#3736=ORIENTED_EDGE('',*,*,#4582,.F.);
#3737=ORIENTED_EDGE('',*,*,#4505,.T.);
#3738=CARTESIAN_POINT('',(0.4,-3.25,8.9));
#3739=DIRECTION('',(0.707106781186598,-0.707106781186498,0.0));
#3740=DIRECTION('',(0.0,0.0,-1.0));
#3741=ORIENTED_EDGE('',*,*,#4582,.T.);
#3742=ORIENTED_EDGE('',*,*,#4573,.F.);
#3743=ORIENTED_EDGE('',*,*,#4583,.F.);
#3744=ORIENTED_EDGE('',*,*,#4506,.T.);
#3745=CARTESIAN_POINT('',(-0.4,-3.25,8.9));
#3746=DIRECTION('',(0.0,-1.0,0.0));
#3747=DIRECTION('',(0.0,0.0,-1.0));
#3748=ORIENTED_EDGE('',*,*,#4583,.T.);
#3749=ORIENTED_EDGE('',*,*,#4572,.F.);
#3750=ORIENTED_EDGE('',*,*,#4578,.F.);
#3751=ORIENTED_EDGE('',*,*,#4507,.T.);
#3752=CARTESIAN_POINT('',(-0.875,-2.775,8.9));
#3753=DIRECTION('',(-0.707106781186548,-0.707106781186548,0.0));
#3754=DIRECTION('',(-0.707106781186548,0.707106781186548,0.0));
#3755=ORIENTED_EDGE('',*,*,#4584,.T.);
#3756=ORIENTED_EDGE('',*,*,#4585,.F.);
#3757=ORIENTED_EDGE('',*,*,#4586,.F.);
#3758=ORIENTED_EDGE('',*,*,#4539,.T.);
#3759=CARTESIAN_POINT('',(3.325,3.2,8.9));
#3760=DIRECTION('',(-1.0,0.0,0.0));
#3761=DIRECTION('',(0.0,0.0,1.0));
#3762=ORIENTED_EDGE('',*,*,#4586,.T.);
#3763=ORIENTED_EDGE('',*,*,#4587,.F.);
#3764=ORIENTED_EDGE('',*,*,#4588,.F.);
#3765=ORIENTED_EDGE('',*,*,#4534,.T.);
#3766=CARTESIAN_POINT('',(5.075,3.2,8.9));
#3767=DIRECTION('',(-0.0,1.0,0.0));
#3768=DIRECTION('',(1.0,0.0,0.0));
#3769=ORIENTED_EDGE('',*,*,#4588,.T.);
#3770=ORIENTED_EDGE('',*,*,#4589,.F.);
#3771=ORIENTED_EDGE('',*,*,#4590,.F.);
#3772=ORIENTED_EDGE('',*,*,#4535,.T.);
#3773=CARTESIAN_POINT('',(5.075,1.425,8.9));
#3774=DIRECTION('',(1.0,0.0,0.0));
#3775=DIRECTION('',(0.0,1.0,0.0));
#3776=ORIENTED_EDGE('',*,*,#4590,.T.);
#3777=ORIENTED_EDGE('',*,*,#4591,.F.);
#3778=ORIENTED_EDGE('',*,*,#4592,.F.);
#3779=ORIENTED_EDGE('',*,*,#4536,.T.);
#3780=CARTESIAN_POINT('',(4.6,0.95,8.9));
#3781=DIRECTION('',(0.707106781186548,-0.707106781186548,0.0));
#3782=DIRECTION('',(0.0,0.0,-1.0));
#3783=ORIENTED_EDGE('',*,*,#4592,.T.);
#3784=ORIENTED_EDGE('',*,*,#4593,.F.);
#3785=ORIENTED_EDGE('',*,*,#4594,.F.);
#3786=ORIENTED_EDGE('',*,*,#4537,.T.);
#3787=CARTESIAN_POINT('',(3.8,0.95,8.9));
#3788=DIRECTION('',(0.0,-1.0,0.0));
#3789=DIRECTION('',(0.0,0.0,-1.0));
#3790=ORIENTED_EDGE('',*,*,#4594,.T.);
#3791=ORIENTED_EDGE('',*,*,#4595,.F.);
#3792=ORIENTED_EDGE('',*,*,#4584,.F.);
#3793=ORIENTED_EDGE('',*,*,#4538,.T.);
#3794=CARTESIAN_POINT('',(3.325,1.425,8.9));
#3795=DIRECTION('',(-0.707106781186598,-0.707106781186498,0.0));
#3796=DIRECTION('',(-0.707106781186498,0.707106781186598,0.0));
#3797=ORIENTED_EDGE('',*,*,#4595,.T.);
#3798=ORIENTED_EDGE('',*,*,#4593,.T.);
#3799=ORIENTED_EDGE('',*,*,#4591,.T.);
#3800=ORIENTED_EDGE('',*,*,#4589,.T.);
#3801=ORIENTED_EDGE('',*,*,#4587,.T.);
#3802=ORIENTED_EDGE('',*,*,#4585,.T.);
#3803=CARTESIAN_POINT('',(0.0,0.0,7.4));
#3804=DIRECTION('',(0.0,0.0,1.0));
#3805=DIRECTION('',(1.0,0.0,0.0));
#3806=ORIENTED_EDGE('',*,*,#4596,.T.);
#3807=ORIENTED_EDGE('',*,*,#4597,.T.);
#3808=ORIENTED_EDGE('',*,*,#4598,.T.);
#3809=ORIENTED_EDGE('',*,*,#4599,.T.);
#3810=ORIENTED_EDGE('',*,*,#4600,.T.);
#3811=ORIENTED_EDGE('',*,*,#4601,.T.);
#3812=CARTESIAN_POINT('',(0.0,0.0,7.4));
#3813=DIRECTION('',(0.0,0.0,1.0));
#3814=DIRECTION('',(1.0,0.0,0.0));
#3815=ORIENTED_EDGE('',*,*,#4602,.T.);
#3816=ORIENTED_EDGE('',*,*,#4601,.F.);
#3817=ORIENTED_EDGE('',*,*,#4603,.F.);
#3818=ORIENTED_EDGE('',*,*,#4529,.T.);
#3819=CARTESIAN_POINT('',(3.325,-1.0,8.9));
#3820=DIRECTION('',(-1.0,0.0,0.0));
#3821=DIRECTION('',(0.0,0.0,1.0));
#3822=ORIENTED_EDGE('',*,*,#4603,.T.);
#3823=ORIENTED_EDGE('',*,*,#4600,.F.);
#3824=ORIENTED_EDGE('',*,*,#4604,.F.);
#3825=ORIENTED_EDGE('',*,*,#4524,.T.);
#3826=CARTESIAN_POINT('',(5.075,-1.0,8.9));
#3827=DIRECTION('',(-0.0,1.0,0.0));
#3828=DIRECTION('',(1.0,0.0,0.0));
#3829=ORIENTED_EDGE('',*,*,#4604,.T.);
#3830=ORIENTED_EDGE('',*,*,#4599,.F.);
#3831=ORIENTED_EDGE('',*,*,#4605,.F.);
#3832=ORIENTED_EDGE('',*,*,#4525,.T.);
#3833=CARTESIAN_POINT('',(5.075,-2.775,8.9));
#3834=DIRECTION('',(1.0,0.0,0.0));
#3835=DIRECTION('',(0.0,1.0,0.0));
#3836=ORIENTED_EDGE('',*,*,#4605,.T.);
#3837=ORIENTED_EDGE('',*,*,#4598,.F.);
#3838=ORIENTED_EDGE('',*,*,#4606,.F.);
#3839=ORIENTED_EDGE('',*,*,#4526,.T.);
#3840=CARTESIAN_POINT('',(4.6,-3.25,8.9));
#3841=DIRECTION('',(0.707106781186548,-0.707106781186548,0.0));
#3842=DIRECTION('',(0.0,0.0,-1.0));
#3843=ORIENTED_EDGE('',*,*,#4606,.T.);
#3844=ORIENTED_EDGE('',*,*,#4597,.F.);
#3845=ORIENTED_EDGE('',*,*,#4607,.F.);
#3846=ORIENTED_EDGE('',*,*,#4527,.T.);
#3847=CARTESIAN_POINT('',(3.8,-3.25,8.9));
#3848=DIRECTION('',(0.0,-1.0,0.0));
#3849=DIRECTION('',(0.0,0.0,-1.0));
#3850=ORIENTED_EDGE('',*,*,#4607,.T.);
#3851=ORIENTED_EDGE('',*,*,#4596,.F.);
#3852=ORIENTED_EDGE('',*,*,#4602,.F.);
#3853=ORIENTED_EDGE('',*,*,#4528,.T.);
#3854=CARTESIAN_POINT('',(3.325,-2.775,8.9));
#3855=DIRECTION('',(-0.707106781186598,-0.707106781186498,0.0));
#3856=DIRECTION('',(-0.707106781186498,0.707106781186598,0.0));
#3857=AXIS2_PLACEMENT_3D('',#4608,#4609,#4610);
#3858=AXIS2_PLACEMENT_3D('',#4611,#4612,#4613);
#3859=AXIS2_PLACEMENT_3D('',#4614,#4615,#4616);
#3860=AXIS2_PLACEMENT_3D('',#4617,#4618,#4619);
#3861=AXIS2_PLACEMENT_3D('',#4620,#4621,#4622);
#3862=AXIS2_PLACEMENT_3D('',#4623,#4624,#4625);
#3863=AXIS2_PLACEMENT_3D('',#4626,#4627,#4628);
#3864=AXIS2_PLACEMENT_3D('',#4629,#4630,#4631);
#3865=AXIS2_PLACEMENT_3D('',#4632,#4633,#4634);
#3866=AXIS2_PLACEMENT_3D('',#4635,#4636,#4637);
#3867=AXIS2_PLACEMENT_3D('',#4638,#4639,#4640);
#3868=AXIS2_PLACEMENT_3D('',#4641,#4642,#4643);
#3869=AXIS2_PLACEMENT_3D('',#4644,#4645,#4646);
#3870=AXIS2_PLACEMENT_3D('',#4647,#4648,#4649);
#3871=AXIS2_PLACEMENT_3D('',#4650,#4651,#4652);
#3872=AXIS2_PLACEMENT_3D('',#4653,#4654,#4655);
#3873=CARTESIAN_POINT('',(8.9,2.5,-4.63));
#3874=VECTOR('',#4656,1.1);
#3875=CARTESIAN_POINT('',(-8.9,2.5,-4.63));
#3876=VECTOR('',#4657,1.1);
#3877=EDGE_CURVE('',#4658,#4659,#4660,.T.);
#3878=EDGE_CURVE('',#4661,#4658,#4662,.T.);
#3879=EDGE_CURVE('',#4661,#4663,#4664,.T.);
#3880=EDGE_CURVE('',#4659,#4663,#4665,.T.);
#3881=EDGE_CURVE('',#4666,#4667,#4668,.T.);
#3882=EDGE_CURVE('',#4669,#4666,#4670,.T.);
#3883=EDGE_CURVE('',#4671,#4669,#4672,.T.);
#3884=EDGE_CURVE('',#4667,#4671,#4673,.T.);
#3885=EDGE_CURVE('',#4674,#4666,#4675,.T.);
#3886=EDGE_CURVE('',#4676,#4674,#4677,.T.);
#3887=EDGE_CURVE('',#4676,#4669,#4678,.T.);
#3888=EDGE_CURVE('',#4659,#4679,#4680,.T.);
#3889=EDGE_CURVE('',#4663,#4681,#4682,.T.);
#3890=EDGE_CURVE('',#4679,#4681,#4683,.T.);
#3891=EDGE_CURVE('',#4684,#4685,#4686,.T.);
#3892=EDGE_CURVE('',#4687,#4684,#4688,.T.);
#3893=EDGE_CURVE('',#4687,#4689,#4690,.T.);
#3894=EDGE_CURVE('',#4685,#4689,#4691,.T.);
#3895=EDGE_CURVE('',#4692,#4693,#4694,.T.);
#3896=EDGE_CURVE('',#4695,#4692,#4696,.T.);
#3897=EDGE_CURVE('',#4697,#4695,#4698,.T.);
#3898=EDGE_CURVE('',#4693,#4697,#4699,.T.);
#3899=EDGE_CURVE('',#4700,#4692,#4701,.T.);
#3900=EDGE_CURVE('',#4702,#4700,#4703,.T.);
#3901=EDGE_CURVE('',#4702,#4695,#4704,.T.);
#3902=EDGE_CURVE('',#4685,#4705,#4706,.T.);
#3903=EDGE_CURVE('',#4689,#4707,#4708,.T.);
#3904=EDGE_CURVE('',#4705,#4707,#4709,.T.);
#3905=EDGE_CURVE('',#4710,#4711,#4712,.T.);
#3906=EDGE_CURVE('',#4713,#4710,#4714,.T.);
#3907=EDGE_CURVE('',#4715,#4713,#4716,.T.);
#3908=EDGE_CURVE('',#4715,#4711,#4717,.T.);
#3909=EDGE_CURVE('',#4718,#4719,#4720,.T.);
#3910=EDGE_CURVE('',#4719,#4721,#4722,.T.);
#3911=EDGE_CURVE('',#4721,#4723,#4724,.T.);
#3912=EDGE_CURVE('',#4723,#4725,#4726,.T.);
#3913=EDGE_CURVE('',#4725,#4727,#4728,.T.);
#3914=EDGE_CURVE('',#4727,#4729,#4730,.T.);
#3915=EDGE_CURVE('',#4729,#4731,#4732,.T.);
#3916=EDGE_CURVE('',#4731,#4733,#4734,.T.);
#3917=EDGE_CURVE('',#4733,#4735,#4736,.T.);
#3918=EDGE_CURVE('',#4735,#4737,#4738,.T.);
#3919=EDGE_CURVE('',#4737,#4739,#4740,.T.);
#3920=EDGE_CURVE('',#4739,#4741,#4742,.T.);
#3921=EDGE_CURVE('',#4741,#4743,#4744,.T.);
#3922=EDGE_CURVE('',#4743,#4745,#4746,.T.);
#3923=EDGE_CURVE('',#4745,#4747,#4748,.T.);
#3924=EDGE_CURVE('',#4747,#4749,#4750,.T.);
#3925=EDGE_CURVE('',#4749,#4751,#4752,.T.);
#3926=EDGE_CURVE('',#4751,#4753,#4754,.T.);
#3927=EDGE_CURVE('',#4753,#4755,#4756,.T.);
#3928=EDGE_CURVE('',#4755,#4757,#4758,.T.);
#3929=EDGE_CURVE('',#4757,#4759,#4760,.T.);
#3930=EDGE_CURVE('',#4759,#4761,#4762,.T.);
#3931=EDGE_CURVE('',#4761,#4763,#4764,.T.);
#3932=EDGE_CURVE('',#4763,#4713,#4765,.T.);
#3933=EDGE_CURVE('',#4710,#4766,#4767,.T.);
#3934=EDGE_CURVE('',#4766,#4718,#4768,.T.);
#3935=EDGE_CURVE('',#4769,#4770,#4771,.T.);
#3936=EDGE_CURVE('',#4772,#4769,#4773,.T.);
#3937=EDGE_CURVE('',#4774,#4772,#4775,.T.);
#3938=EDGE_CURVE('',#4776,#4774,#4777,.T.);
#3939=EDGE_CURVE('',#4778,#4776,#4779,.T.);
#3940=EDGE_CURVE('',#4780,#4778,#4781,.T.);
#3941=EDGE_CURVE('',#4782,#4780,#4783,.T.);
#3942=EDGE_CURVE('',#4784,#4782,#4785,.T.);
#3943=EDGE_CURVE('',#4786,#4784,#4787,.T.);
#3944=EDGE_CURVE('',#4788,#4786,#4789,.T.);
#3945=EDGE_CURVE('',#4790,#4788,#4791,.T.);
#3946=EDGE_CURVE('',#4792,#4790,#4793,.T.);
#3947=EDGE_CURVE('',#4794,#4792,#4795,.T.);
#3948=EDGE_CURVE('',#4770,#4794,#4796,.T.);
#3949=EDGE_CURVE('',#4797,#4798,#4799,.T.);
#3950=EDGE_CURVE('',#4800,#4797,#4801,.T.);
#3951=EDGE_CURVE('',#4802,#4800,#4803,.T.);
#3952=EDGE_CURVE('',#4804,#4802,#4805,.T.);
#3953=EDGE_CURVE('',#4806,#4804,#4807,.T.);
#3954=EDGE_CURVE('',#4808,#4806,#4809,.T.);
#3955=EDGE_CURVE('',#4810,#4808,#4811,.T.);
#3956=EDGE_CURVE('',#4812,#4810,#4813,.T.);
#3957=EDGE_CURVE('',#4814,#4812,#4815,.T.);
#3958=EDGE_CURVE('',#4816,#4814,#4817,.T.);
#3959=EDGE_CURVE('',#4818,#4816,#4819,.T.);
#3960=EDGE_CURVE('',#4820,#4818,#4821,.T.);
#3961=EDGE_CURVE('',#4822,#4820,#4823,.T.);
#3962=EDGE_CURVE('',#4798,#4822,#4824,.T.);
#3963=EDGE_CURVE('',#4825,#4826,#4827,.T.);
#3964=EDGE_CURVE('',#4828,#4825,#4829,.T.);
#3965=EDGE_CURVE('',#4830,#4828,#4831,.T.);
#3966=EDGE_CURVE('',#4832,#4830,#4833,.T.);
#3967=EDGE_CURVE('',#4834,#4832,#4835,.T.);
#3968=EDGE_CURVE('',#4836,#4834,#4837,.T.);
#3969=EDGE_CURVE('',#4838,#4836,#4839,.T.);
#3970=EDGE_CURVE('',#4840,#4838,#4841,.T.);
#3971=EDGE_CURVE('',#4842,#4840,#4843,.T.);
#3972=EDGE_CURVE('',#4844,#4842,#4845,.T.);
#3973=EDGE_CURVE('',#4846,#4844,#4847,.T.);
#3974=EDGE_CURVE('',#4848,#4846,#4849,.T.);
#3975=EDGE_CURVE('',#4850,#4848,#4851,.T.);
#3976=EDGE_CURVE('',#4826,#4850,#4852,.T.);
#3977=EDGE_CURVE('',#4853,#4854,#4855,.T.);
#3978=EDGE_CURVE('',#4745,#4854,#4856,.T.);
#3979=EDGE_CURVE('',#4743,#4857,#4858,.T.);
#3980=EDGE_CURVE('',#4859,#4857,#4860,.T.);
#3981=EDGE_CURVE('',#4859,#4853,#4861,.T.);
#3982=EDGE_CURVE('',#4862,#4763,#4863,.T.);
#3983=EDGE_CURVE('',#4862,#4715,#4864,.T.);
#3984=EDGE_CURVE('',#4865,#4866,#4867,.T.);
#3985=EDGE_CURVE('',#4868,#4866,#4869,.T.);
#3986=EDGE_CURVE('',#4870,#4868,#4871,.T.);
#3987=EDGE_CURVE('',#4718,#4870,#4872,.T.);
#3988=EDGE_CURVE('',#4865,#4766,#4873,.T.);
#3989=EDGE_CURVE('',#4874,#4853,#4875,.T.);
#3990=EDGE_CURVE('',#4859,#4876,#4877,.T.);
#3991=EDGE_CURVE('',#4876,#4874,#4878,.T.);
#3992=EDGE_CURVE('',#4879,#4880,#4881,.T.);
#3993=EDGE_CURVE('',#4882,#4880,#4883,.T.);
#3994=EDGE_CURVE('',#4882,#4884,#4885,.T.);
#3995=EDGE_CURVE('',#4884,#4879,#4886,.T.);
#3996=EDGE_CURVE('',#4887,#4888,#4889,.T.);
#3997=EDGE_CURVE('',#4890,#4888,#4891,.T.);
#3998=EDGE_CURVE('',#4890,#4892,#4893,.T.);
#3999=EDGE_CURVE('',#4892,#4887,#4894,.T.);
#4000=EDGE_CURVE('',#4895,#4896,#4897,.T.);
#4001=EDGE_CURVE('',#4896,#4898,#4899,.T.);
#4002=EDGE_CURVE('',#4898,#4900,#4901,.T.);
#4003=EDGE_CURVE('',#4895,#4900,#4902,.T.);
#4004=EDGE_CURVE('',#4903,#4904,#4905,.T.);
#4005=EDGE_CURVE('',#4906,#4903,#4907,.T.);
#4006=EDGE_CURVE('',#4908,#4906,#4909,.T.);
#4007=EDGE_CURVE('',#4908,#4904,#4910,.T.);
#4008=EDGE_CURVE('',#4911,#4912,#4913,.T.);
#4009=EDGE_CURVE('',#4874,#4912,#4914,.T.);
#4010=EDGE_CURVE('',#4876,#4911,#4915,.T.);
#4011=EDGE_CURVE('',#4870,#4908,#4916,.T.);
#4012=EDGE_CURVE('',#4868,#4904,#4917,.T.);
#4013=EDGE_CURVE('',#4911,#4857,#4918,.T.);
#4014=EDGE_CURVE('',#4919,#4920,#4921,.T.);
#4015=EDGE_CURVE('',#4919,#4922,#4923,.T.);
#4016=EDGE_CURVE('',#4922,#4924,#4925,.T.);
#4017=EDGE_CURVE('',#4920,#4924,#4926,.T.);
#4018=EDGE_CURVE('',#4882,#4927,#4928,.T.);
#4019=EDGE_CURVE('',#4929,#4927,#4930,.T.);
#4020=EDGE_CURVE('',#4884,#4929,#4931,.T.);
#4021=EDGE_CURVE('',#4932,#4933,#4934,.T.);
#4022=EDGE_CURVE('',#4932,#4935,#4936,.T.);
#4023=EDGE_CURVE('',#4935,#4937,#4938,.T.);
#4024=EDGE_CURVE('',#4933,#4937,#4939,.T.);
#4025=EDGE_CURVE('',#4890,#4940,#4941,.T.);
#4026=EDGE_CURVE('',#4942,#4940,#4943,.T.);
#4027=EDGE_CURVE('',#4892,#4942,#4944,.T.);
#4028=EDGE_CURVE('',#4945,#4946,#4947,.T.);
#4029=EDGE_CURVE('',#4946,#4948,#4949,.T.);
#4030=EDGE_CURVE('',#4950,#4948,#4951,.T.);
#4031=EDGE_CURVE('',#4950,#4945,#4952,.T.);
#4032=EDGE_CURVE('',#4953,#4954,#4955,.T.);
#4033=EDGE_CURVE('',#4953,#4896,#4956,.T.);
#4034=EDGE_CURVE('',#4895,#4954,#4957,.T.);
#4035=EDGE_CURVE('',#4903,#4866,#4958,.T.);
#4036=EDGE_CURVE('',#4959,#4922,#4960,.T.);
#4037=EDGE_CURVE('',#4961,#4959,#4962,.T.);
#4038=EDGE_CURVE('',#4961,#4924,#4963,.T.);
#4039=EDGE_CURVE('',#4964,#4935,#4965,.T.);
#4040=EDGE_CURVE('',#4966,#4964,#4967,.T.);
#4041=EDGE_CURVE('',#4966,#4937,#4968,.T.);
#4042=EDGE_CURVE('',#4969,#4970,#4971,.T.);
#4043=EDGE_CURVE('',#4946,#4969,#4972,.T.);
#4044=EDGE_CURVE('',#4970,#4945,#4973,.T.);
#4045=EDGE_CURVE('',#4862,#4974,#4975,.T.);
#4046=EDGE_CURVE('',#4976,#4974,#4977,.T.);
#4047=EDGE_CURVE('',#4976,#4978,#4979,.T.);
#4048=EDGE_CURVE('',#4980,#4978,#4981,.T.);
#4049=EDGE_CURVE('',#4980,#4982,#4983,.T.);
#4050=EDGE_CURVE('',#4982,#4984,#4985,.T.);
#4051=EDGE_CURVE('',#4984,#4986,#4987,.T.);
#4052=EDGE_CURVE('',#4988,#4986,#4989,.T.);
#4053=EDGE_CURVE('',#4988,#4990,#4991,.T.);
#4054=EDGE_CURVE('',#4992,#4990,#4993,.T.);
#4055=EDGE_CURVE('',#4992,#4854,#4994,.T.);
#4056=EDGE_CURVE('',#4995,#4912,#4996,.T.);
#4057=EDGE_CURVE('',#4880,#4995,#4997,.T.);
#4058=EDGE_CURVE('',#4879,#4998,#4999,.T.);
#4059=EDGE_CURVE('',#5000,#4998,#5001,.T.);
#4060=EDGE_CURVE('',#4888,#5000,#5002,.T.);
#4061=EDGE_CURVE('',#4887,#5003,#5004,.T.);
#4062=EDGE_CURVE('',#5005,#5003,#5006,.T.);
#4063=EDGE_CURVE('',#4900,#5005,#5007,.T.);
#4064=EDGE_CURVE('',#5008,#4898,#5009,.T.);
#4065=EDGE_CURVE('',#5008,#5010,#5011,.T.);
#4066=EDGE_CURVE('',#5012,#5010,#5013,.T.);
#4067=EDGE_CURVE('',#5012,#5014,#5015,.T.);
#4068=EDGE_CURVE('',#5016,#5014,#5017,.T.);
#4069=EDGE_CURVE('',#5016,#5018,#5019,.T.);
#4070=EDGE_CURVE('',#5018,#5020,#5021,.T.);
#4071=EDGE_CURVE('',#5020,#5022,#5023,.T.);
#4072=EDGE_CURVE('',#5024,#5022,#5025,.T.);
#4073=EDGE_CURVE('',#5024,#5026,#5027,.T.);
#4074=EDGE_CURVE('',#5028,#5026,#5029,.T.);
#4075=EDGE_CURVE('',#5028,#5030,#5031,.T.);
#4076=EDGE_CURVE('',#5030,#4969,#5032,.T.);
#4077=EDGE_CURVE('',#5033,#4970,#5034,.T.);
#4078=EDGE_CURVE('',#5033,#5035,#5036,.T.);
#4079=EDGE_CURVE('',#5035,#4966,#5037,.T.);
#4080=EDGE_CURVE('',#5038,#4964,#5039,.T.);
#4081=EDGE_CURVE('',#5038,#5040,#5041,.T.);
#4082=EDGE_CURVE('',#5040,#4961,#5042,.T.);
#4083=EDGE_CURVE('',#5043,#4959,#5044,.T.);
#4084=EDGE_CURVE('',#5043,#4906,#5045,.T.);
#4085=EDGE_CURVE('',#4711,#4865,#5046,.T.);
#4086=EDGE_CURVE('',#5047,#5048,#5049,.T.);
#4087=EDGE_CURVE('',#5050,#5047,#5051,.T.);
#4088=EDGE_CURVE('',#5052,#5050,#5053,.T.);
#4089=EDGE_CURVE('',#5048,#5052,#5054,.T.);
#4090=EDGE_CURVE('',#5055,#5056,#5057,.T.);
#4091=EDGE_CURVE('',#5058,#5055,#5059,.T.);
#4092=EDGE_CURVE('',#5060,#5058,#5061,.T.);
#4093=EDGE_CURVE('',#5056,#5060,#5062,.T.);
#4094=EDGE_CURVE('',#5063,#5064,#5065,.T.);
#4095=EDGE_CURVE('',#5066,#5063,#5067,.T.);
#4096=EDGE_CURVE('',#5068,#5066,#5069,.T.);
#4097=EDGE_CURVE('',#5064,#5068,#5070,.T.);
#4098=EDGE_CURVE('',#5071,#5072,#5073,.T.);
#4099=EDGE_CURVE('',#5074,#5071,#5075,.T.);
#4100=EDGE_CURVE('',#5076,#5074,#5077,.T.);
#4101=EDGE_CURVE('',#5072,#5076,#5078,.T.);
#4102=EDGE_CURVE('',#5079,#5080,#5081,.T.);
#4103=EDGE_CURVE('',#5082,#5079,#5083,.T.);
#4104=EDGE_CURVE('',#5084,#5082,#5085,.T.);
#4105=EDGE_CURVE('',#5080,#5084,#5086,.T.);
#4106=EDGE_CURVE('',#5087,#5088,#5089,.T.);
#4107=EDGE_CURVE('',#5090,#5087,#5091,.T.);
#4108=EDGE_CURVE('',#5092,#5090,#5093,.T.);
#4109=EDGE_CURVE('',#5088,#5092,#5094,.T.);
#4110=EDGE_CURVE('',#5095,#5096,#5097,.T.);
#4111=EDGE_CURVE('',#5098,#5095,#5099,.T.);
#4112=EDGE_CURVE('',#5100,#5098,#5101,.T.);
#4113=EDGE_CURVE('',#5096,#5100,#5102,.T.);
#4114=EDGE_CURVE('',#5103,#5104,#5105,.T.);
#4115=EDGE_CURVE('',#5106,#5103,#5107,.T.);
#4116=EDGE_CURVE('',#5108,#5106,#5109,.T.);
#4117=EDGE_CURVE('',#5104,#5108,#5110,.T.);
#4118=EDGE_CURVE('',#5111,#5112,#5113,.T.);
#4119=EDGE_CURVE('',#5114,#5111,#5115,.T.);
#4120=EDGE_CURVE('',#5116,#5114,#5117,.T.);
#4121=EDGE_CURVE('',#5112,#5116,#5118,.T.);
#4122=EDGE_CURVE('',#5119,#5120,#5121,.T.);
#4123=EDGE_CURVE('',#5122,#5119,#5123,.T.);
#4124=EDGE_CURVE('',#5124,#5122,#5125,.T.);
#4125=EDGE_CURVE('',#5120,#5124,#5126,.T.);
#4126=EDGE_CURVE('',#5127,#5128,#5129,.T.);
#4127=EDGE_CURVE('',#5130,#5127,#5131,.T.);
#4128=EDGE_CURVE('',#5132,#5130,#5133,.T.);
#4129=EDGE_CURVE('',#5128,#5132,#5134,.T.);
#4130=EDGE_CURVE('',#5135,#5136,#5137,.T.);
#4131=EDGE_CURVE('',#5138,#5135,#5139,.T.);
#4132=EDGE_CURVE('',#5140,#5138,#5141,.T.);
#4133=EDGE_CURVE('',#5136,#5140,#5142,.T.);
#4134=EDGE_CURVE('',#5143,#5144,#5145,.T.);
#4135=EDGE_CURVE('',#5146,#5143,#5147,.T.);
#4136=EDGE_CURVE('',#5148,#5146,#5149,.T.);
#4137=EDGE_CURVE('',#5144,#5148,#5150,.T.);
#4138=EDGE_CURVE('',#5151,#5152,#5153,.T.);
#4139=EDGE_CURVE('',#5154,#5151,#5155,.T.);
#4140=EDGE_CURVE('',#5156,#5154,#5157,.T.);
#4141=EDGE_CURVE('',#5152,#5156,#5158,.T.);
#4142=EDGE_CURVE('',#5159,#5160,#5161,.T.);
#4143=EDGE_CURVE('',#5162,#5159,#5163,.T.);
#4144=EDGE_CURVE('',#5164,#5162,#5165,.T.);
#4145=EDGE_CURVE('',#5160,#5164,#5166,.T.);
#4146=EDGE_CURVE('',#5167,#5168,#5169,.T.);
#4147=EDGE_CURVE('',#5170,#5167,#5171,.T.);
#4148=EDGE_CURVE('',#5172,#5170,#5173,.T.);
#4149=EDGE_CURVE('',#5168,#5172,#5174,.T.);
#4150=EDGE_CURVE('',#5175,#5176,#5177,.T.);
#4151=EDGE_CURVE('',#5178,#5175,#5179,.T.);
#4152=EDGE_CURVE('',#5180,#5178,#5181,.T.);
#4153=EDGE_CURVE('',#5176,#5180,#5182,.T.);
#4154=EDGE_CURVE('',#5183,#5184,#5185,.T.);
#4155=EDGE_CURVE('',#5186,#5183,#5187,.T.);
#4156=EDGE_CURVE('',#5188,#5186,#5189,.T.);
#4157=EDGE_CURVE('',#5184,#5188,#5190,.T.);
#4158=EDGE_CURVE('',#5092,#5191,#5192,.T.);
#4159=EDGE_CURVE('',#5193,#5191,#5194,.T.);
#4160=EDGE_CURVE('',#5088,#5193,#5195,.T.);
#4161=EDGE_CURVE('',#5196,#5193,#5197,.T.);
#4162=EDGE_CURVE('',#5087,#5196,#5198,.T.);
#4163=EDGE_CURVE('',#5199,#5196,#5200,.T.);
#4164=EDGE_CURVE('',#5090,#5199,#5201,.T.);
#4165=EDGE_CURVE('',#5191,#5199,#5202,.T.);
#4166=EDGE_CURVE('',#5203,#5204,#5205,.T.);
#4167=EDGE_CURVE('',#5204,#5206,#5207,.T.);
#4168=EDGE_CURVE('',#5206,#5208,#5209,.T.);
#4169=EDGE_CURVE('',#5208,#5203,#5210,.T.);
#4170=EDGE_CURVE('',#5052,#5203,#5211,.T.);
#4171=EDGE_CURVE('',#5048,#5208,#5212,.T.);
#4172=EDGE_CURVE('',#5047,#5206,#5213,.T.);
#4173=EDGE_CURVE('',#5050,#5204,#5214,.T.);
#4174=EDGE_CURVE('',#5060,#5215,#5216,.T.);
#4175=EDGE_CURVE('',#5217,#5215,#5218,.T.);
#4176=EDGE_CURVE('',#5056,#5217,#5219,.T.);
#4177=EDGE_CURVE('',#5220,#5217,#5221,.T.);
#4178=EDGE_CURVE('',#5055,#5220,#5222,.T.);
#4179=EDGE_CURVE('',#5223,#5220,#5224,.T.);
#4180=EDGE_CURVE('',#5058,#5223,#5225,.T.);
#4181=EDGE_CURVE('',#5215,#5223,#5226,.T.);
#4182=EDGE_CURVE('',#5227,#5228,#5229,.T.);
#4183=EDGE_CURVE('',#5228,#5230,#5231,.T.);
#4184=EDGE_CURVE('',#5230,#5232,#5233,.T.);
#4185=EDGE_CURVE('',#5232,#5227,#5234,.T.);
#4186=EDGE_CURVE('',#5068,#5227,#5235,.T.);
#4187=EDGE_CURVE('',#5064,#5232,#5236,.T.);
#4188=EDGE_CURVE('',#5063,#5230,#5237,.T.);
#4189=EDGE_CURVE('',#5066,#5228,#5238,.T.);
#4190=EDGE_CURVE('',#5076,#5239,#5240,.T.);
#4191=EDGE_CURVE('',#5241,#5239,#5242,.T.);
#4192=EDGE_CURVE('',#5072,#5241,#5243,.T.);
#4193=EDGE_CURVE('',#5244,#5241,#5245,.T.);
#4194=EDGE_CURVE('',#5071,#5244,#5246,.T.);
#4195=EDGE_CURVE('',#5247,#5244,#5248,.T.);
#4196=EDGE_CURVE('',#5074,#5247,#5249,.T.);
#4197=EDGE_CURVE('',#5239,#5247,#5250,.T.);
#4198=EDGE_CURVE('',#5251,#5252,#5253,.T.);
#4199=EDGE_CURVE('',#5252,#5254,#5255,.T.);
#4200=EDGE_CURVE('',#5254,#5256,#5257,.T.);
#4201=EDGE_CURVE('',#5256,#5251,#5258,.T.);
#4202=EDGE_CURVE('',#5084,#5251,#5259,.T.);
#4203=EDGE_CURVE('',#5080,#5256,#5260,.T.);
#4204=EDGE_CURVE('',#5079,#5254,#5261,.T.);
#4205=EDGE_CURVE('',#5082,#5252,#5262,.T.);
#4206=EDGE_CURVE('',#4950,#5033,#5263,.T.);
#4207=EDGE_CURVE('',#4719,#4948,#5264,.T.);
#4208=EDGE_CURVE('',#4919,#5043,#5265,.T.);
#4209=EDGE_CURVE('',#4920,#5040,#5266,.T.);
#4210=EDGE_CURVE('',#4932,#5038,#5267,.T.);
#4211=EDGE_CURVE('',#4933,#5035,#5268,.T.);
#4212=EDGE_CURVE('',#4942,#5003,#5269,.T.);
#4213=EDGE_CURVE('',#4940,#5000,#5270,.T.);
#4214=EDGE_CURVE('',#4929,#4998,#5271,.T.);
#4215=EDGE_CURVE('',#4927,#4995,#5272,.T.);
#4216=EDGE_CURVE('',#4741,#4953,#5273,.T.);
#4217=EDGE_CURVE('',#4954,#5005,#5274,.T.);
#4218=EDGE_CURVE('',#4721,#5030,#5275,.T.);
#4219=EDGE_CURVE('',#5008,#4739,#5276,.T.);
#4220=EDGE_CURVE('',#4723,#5028,#5277,.T.);
#4221=EDGE_CURVE('',#5026,#4725,#5278,.T.);
#4222=EDGE_CURVE('',#5024,#4727,#5279,.T.);
#4223=EDGE_CURVE('',#5022,#5280,#5281,.T.);
#4224=EDGE_CURVE('',#5282,#5280,#5283,.T.);
#4225=EDGE_CURVE('',#5282,#4729,#5284,.T.);
#4226=EDGE_CURVE('',#5285,#4731,#5286,.T.);
#4227=EDGE_CURVE('',#5287,#5285,#5288,.T.);
#4228=EDGE_CURVE('',#5287,#5016,#5289,.T.);
#4229=EDGE_CURVE('',#5014,#4733,#5290,.T.);
#4230=EDGE_CURVE('',#5291,#5292,#5293,.T.);
#4231=EDGE_CURVE('',#5294,#5292,#5295,.T.);
#4232=EDGE_CURVE('',#5296,#5294,#5297,.T.);
#4233=EDGE_CURVE('',#5296,#5298,#5299,.T.);
#4234=EDGE_CURVE('',#5300,#5298,#5301,.T.);
#4235=EDGE_CURVE('',#5285,#5300,#5302,.T.);
#4236=EDGE_CURVE('',#5303,#5282,#5304,.T.);
#4237=EDGE_CURVE('',#5303,#5305,#5306,.T.);
#4238=EDGE_CURVE('',#5305,#5291,#5307,.T.);
#4239=EDGE_CURVE('',#5308,#5309,#5310,.T.);
#4240=EDGE_CURVE('',#5298,#5308,#5311,.T.);
#4241=EDGE_CURVE('',#5296,#5309,#5312,.T.);
#4242=EDGE_CURVE('',#5313,#5314,#5315,.T.);
#4243=EDGE_CURVE('',#5291,#5313,#5316,.T.);
#4244=EDGE_CURVE('',#5314,#5305,#5317,.T.);
#4245=EDGE_CURVE('',#5294,#5318,#5319,.T.);
#4246=EDGE_CURVE('',#5320,#5318,#5321,.T.);
#4247=EDGE_CURVE('',#5322,#5320,#5323,.T.);
#4248=EDGE_CURVE('',#5309,#5322,#5324,.T.);
#4249=EDGE_CURVE('',#4702,#5322,#5325,.T.);
#4250=EDGE_CURVE('',#4700,#5308,#5326,.T.);
#4251=EDGE_CURVE('',#5314,#4705,#5327,.T.);
#4252=EDGE_CURVE('',#5328,#4707,#5329,.T.);
#4253=EDGE_CURVE('',#5313,#5328,#5330,.T.);
#4254=EDGE_CURVE('',#5305,#4685,#5331,.T.);
#4255=EDGE_CURVE('',#4692,#5298,#5332,.T.);
#4256=EDGE_CURVE('',#4695,#5320,#5333,.T.);
#4257=EDGE_CURVE('',#5334,#4689,#5335,.T.);
#4258=EDGE_CURVE('',#5328,#5334,#5336,.T.);
#4259=EDGE_CURVE('',#5318,#5018,#5337,.T.);
#4260=EDGE_CURVE('',#4697,#5287,#5338,.T.);
#4261=EDGE_CURVE('',#5280,#4687,#5339,.T.);
#4262=EDGE_CURVE('',#5020,#5340,#5341,.T.);
#4263=EDGE_CURVE('',#5334,#5340,#5342,.T.);
#4264=EDGE_CURVE('',#5300,#4693,#5343,.T.);
#4265=EDGE_CURVE('',#4684,#5303,#5344,.T.);
#4266=EDGE_CURVE('',#5292,#5340,#5345,.T.);
#4267=EDGE_CURVE('',#5018,#5020,#5346,.T.);
#4268=EDGE_CURVE('',#5012,#4735,#5347,.T.);
#4269=EDGE_CURVE('',#5010,#4737,#5348,.T.);
#4270=EDGE_CURVE('',#4747,#4992,#5349,.T.);
#4271=EDGE_CURVE('',#4990,#4749,#5350,.T.);
#4272=EDGE_CURVE('',#4988,#4751,#5351,.T.);
#4273=EDGE_CURVE('',#4986,#5352,#5353,.T.);
#4274=EDGE_CURVE('',#5354,#5352,#5355,.T.);
#4275=EDGE_CURVE('',#5354,#4753,#5356,.T.);
#4276=EDGE_CURVE('',#5357,#4755,#5358,.T.);
#4277=EDGE_CURVE('',#5359,#5357,#5360,.T.);
#4278=EDGE_CURVE('',#5359,#4980,#5361,.T.);
#4279=EDGE_CURVE('',#4978,#4757,#5362,.T.);
#4280=EDGE_CURVE('',#5363,#5364,#5365,.T.);
#4281=EDGE_CURVE('',#5366,#5364,#5367,.T.);
#4282=EDGE_CURVE('',#5368,#5366,#5369,.T.);
#4283=EDGE_CURVE('',#5368,#5370,#5371,.T.);
#4284=EDGE_CURVE('',#5372,#5370,#5373,.T.);
#4285=EDGE_CURVE('',#5357,#5372,#5374,.T.);
#4286=EDGE_CURVE('',#5375,#5354,#5376,.T.);
#4287=EDGE_CURVE('',#5375,#5377,#5378,.T.);
#4288=EDGE_CURVE('',#5377,#5363,#5379,.T.);
#4289=EDGE_CURVE('',#5380,#5381,#5382,.T.);
#4290=EDGE_CURVE('',#5370,#5380,#5383,.T.);
#4291=EDGE_CURVE('',#5381,#5368,#5384,.T.);
#4292=EDGE_CURVE('',#5385,#5386,#5387,.T.);
#4293=EDGE_CURVE('',#5385,#5363,#5388,.T.);
#4294=EDGE_CURVE('',#5386,#5377,#5389,.T.);
#4295=EDGE_CURVE('',#5381,#5390,#5391,.T.);
#4296=EDGE_CURVE('',#5366,#5392,#5393,.T.);
#4297=EDGE_CURVE('',#5394,#5392,#5395,.T.);
#4298=EDGE_CURVE('',#5394,#5390,#5396,.T.);
#4299=EDGE_CURVE('',#4676,#5390,#5397,.T.);
#4300=EDGE_CURVE('',#4669,#5394,#5398,.T.);
#4301=EDGE_CURVE('',#5399,#4681,#5400,.T.);
#4302=EDGE_CURVE('',#5401,#4663,#5402,.T.);
#4303=EDGE_CURVE('',#5401,#5399,#5403,.T.);
#4304=EDGE_CURVE('',#5386,#4679,#5404,.T.);
#4305=EDGE_CURVE('',#5377,#4659,#5405,.T.);
#4306=EDGE_CURVE('',#4666,#5370,#5406,.T.);
#4307=EDGE_CURVE('',#4674,#5380,#5407,.T.);
#4308=EDGE_CURVE('',#5372,#4667,#5408,.T.);
#4309=EDGE_CURVE('',#4658,#5375,#5409,.T.);
#4310=EDGE_CURVE('',#4671,#5359,#5410,.T.);
#4311=EDGE_CURVE('',#5352,#4661,#5411,.T.);
#4312=EDGE_CURVE('',#5392,#4982,#5412,.T.);
#4313=EDGE_CURVE('',#4984,#5413,#5414,.T.);
#4314=EDGE_CURVE('',#5401,#5413,#5415,.T.);
#4315=EDGE_CURVE('',#5364,#5413,#5416,.T.);
#4316=EDGE_CURVE('',#4982,#4984,#5417,.T.);
#4317=EDGE_CURVE('',#5385,#5399,#5418,.T.);
#4318=EDGE_CURVE('',#4976,#4759,#5419,.T.);
#4319=EDGE_CURVE('',#4974,#4761,#5420,.T.);
#4320=EDGE_CURVE('',#5100,#5421,#5422,.T.);
#4321=EDGE_CURVE('',#5423,#5421,#5424,.T.);
#4322=EDGE_CURVE('',#5096,#5423,#5425,.T.);
#4323=EDGE_CURVE('',#5426,#5423,#5427,.T.);
#4324=EDGE_CURVE('',#5095,#5426,#5428,.T.);
#4325=EDGE_CURVE('',#5429,#5426,#5430,.T.);
#4326=EDGE_CURVE('',#5098,#5429,#5431,.T.);
#4327=EDGE_CURVE('',#5421,#5429,#5432,.T.);
#4328=EDGE_CURVE('',#5433,#5434,#5435,.T.);
#4329=EDGE_CURVE('',#5434,#5436,#5437,.T.);
#4330=EDGE_CURVE('',#5436,#5438,#5439,.T.);
#4331=EDGE_CURVE('',#5438,#5433,#5440,.T.);
#4332=EDGE_CURVE('',#5441,#5442,#5443,.T.);
#4333=EDGE_CURVE('',#5442,#5444,#5445,.T.);
#4334=EDGE_CURVE('',#5444,#5446,#5447,.T.);
#4335=EDGE_CURVE('',#5446,#5441,#5448,.T.);
#4336=EDGE_CURVE('',#5449,#5450,#5451,.T.);
#4337=EDGE_CURVE('',#5450,#5452,#5453,.T.);
#4338=EDGE_CURVE('',#5452,#5454,#5455,.T.);
#4339=EDGE_CURVE('',#5454,#5449,#5456,.T.);
#4340=EDGE_CURVE('',#5108,#5433,#5457,.T.);
#4341=EDGE_CURVE('',#5104,#5438,#5458,.T.);
#4342=EDGE_CURVE('',#5103,#5436,#5459,.T.);
#4343=EDGE_CURVE('',#5106,#5434,#5460,.T.);
#4344=EDGE_CURVE('',#5116,#5441,#5461,.T.);
#4345=EDGE_CURVE('',#5112,#5446,#5462,.T.);
#4346=EDGE_CURVE('',#5111,#5444,#5463,.T.);
#4347=EDGE_CURVE('',#5114,#5442,#5464,.T.);
#4348=EDGE_CURVE('',#5124,#5449,#5465,.T.);
#4349=EDGE_CURVE('',#5120,#5454,#5466,.T.);
#4350=EDGE_CURVE('',#5119,#5452,#5467,.T.);
#4351=EDGE_CURVE('',#5122,#5450,#5468,.T.);
#4352=EDGE_CURVE('',#5132,#5469,#5470,.T.);
#4353=EDGE_CURVE('',#5471,#5469,#5472,.T.);
#4354=EDGE_CURVE('',#5128,#5471,#5473,.T.);
#4355=EDGE_CURVE('',#5474,#5471,#5475,.T.);
#4356=EDGE_CURVE('',#5127,#5474,#5476,.T.);
#4357=EDGE_CURVE('',#5477,#5474,#5478,.T.);
#4358=EDGE_CURVE('',#5130,#5477,#5479,.T.);
#4359=EDGE_CURVE('',#5469,#5477,#5480,.T.);
#4360=EDGE_CURVE('',#5481,#5482,#5483,.T.);
#4361=EDGE_CURVE('',#5482,#5484,#5485,.T.);
#4362=EDGE_CURVE('',#5484,#5486,#5487,.T.);
#4363=EDGE_CURVE('',#5486,#5481,#5488,.T.);
#4364=EDGE_CURVE('',#5489,#5490,#5491,.T.);
#4365=EDGE_CURVE('',#5490,#5492,#5493,.T.);
#4366=EDGE_CURVE('',#5492,#5494,#5495,.T.);
#4367=EDGE_CURVE('',#5494,#5489,#5496,.T.);
#4368=EDGE_CURVE('',#5497,#5498,#5499,.T.);
#4369=EDGE_CURVE('',#5498,#5500,#5501,.T.);
#4370=EDGE_CURVE('',#5500,#5502,#5503,.T.);
#4371=EDGE_CURVE('',#5502,#5497,#5504,.T.);
#4372=EDGE_CURVE('',#5140,#5481,#5505,.T.);
#4373=EDGE_CURVE('',#5136,#5486,#5506,.T.);
#4374=EDGE_CURVE('',#5135,#5484,#5507,.T.);
#4375=EDGE_CURVE('',#5138,#5482,#5508,.T.);
#4376=EDGE_CURVE('',#5148,#5489,#5509,.T.);
#4377=EDGE_CURVE('',#5144,#5494,#5510,.T.);
#4378=EDGE_CURVE('',#5143,#5492,#5511,.T.);
#4379=EDGE_CURVE('',#5146,#5490,#5512,.T.);
#4380=EDGE_CURVE('',#5156,#5497,#5513,.T.);
#4381=EDGE_CURVE('',#5152,#5502,#5514,.T.);
#4382=EDGE_CURVE('',#5151,#5500,#5515,.T.);
#4383=EDGE_CURVE('',#5154,#5498,#5516,.T.);
#4384=EDGE_CURVE('',#5164,#5517,#5518,.T.);
#4385=EDGE_CURVE('',#5519,#5517,#5520,.T.);
#4386=EDGE_CURVE('',#5160,#5519,#5521,.T.);
#4387=EDGE_CURVE('',#5522,#5519,#5523,.T.);
#4388=EDGE_CURVE('',#5159,#5522,#5524,.T.);
#4389=EDGE_CURVE('',#5525,#5522,#5526,.T.);
#4390=EDGE_CURVE('',#5162,#5525,#5527,.T.);
#4391=EDGE_CURVE('',#5517,#5525,#5528,.T.);
#4392=EDGE_CURVE('',#5529,#5530,#5531,.T.);
#4393=EDGE_CURVE('',#5530,#5532,#5533,.T.);
#4394=EDGE_CURVE('',#5532,#5534,#5535,.T.);
#4395=EDGE_CURVE('',#5534,#5529,#5536,.T.);
#4396=EDGE_CURVE('',#5537,#5538,#5539,.T.);
#4397=EDGE_CURVE('',#5538,#5540,#5541,.T.);
#4398=EDGE_CURVE('',#5540,#5542,#5543,.T.);
#4399=EDGE_CURVE('',#5542,#5537,#5544,.T.);
#4400=EDGE_CURVE('',#5545,#5546,#5547,.T.);
#4401=EDGE_CURVE('',#5546,#5548,#5549,.T.);
#4402=EDGE_CURVE('',#5548,#5550,#5551,.T.);
#4403=EDGE_CURVE('',#5550,#5545,#5552,.T.);
#4404=EDGE_CURVE('',#5172,#5529,#5553,.T.);
#4405=EDGE_CURVE('',#5168,#5534,#5554,.T.);
#4406=EDGE_CURVE('',#5167,#5532,#5555,.T.);
#4407=EDGE_CURVE('',#5170,#5530,#5556,.T.);
#4408=EDGE_CURVE('',#5180,#5537,#5557,.T.);
#4409=EDGE_CURVE('',#5176,#5542,#5558,.T.);
#4410=EDGE_CURVE('',#5175,#5540,#5559,.T.);
#4411=EDGE_CURVE('',#5178,#5538,#5560,.T.);
#4412=EDGE_CURVE('',#5188,#5545,#5561,.T.);
#4413=EDGE_CURVE('',#5184,#5550,#5562,.T.);
#4414=EDGE_CURVE('',#5183,#5548,#5563,.T.);
#4415=EDGE_CURVE('',#5186,#5546,#5564,.T.);
#4416=EDGE_CURVE('',#4794,#5565,#5566,.T.);
#4417=EDGE_CURVE('',#5567,#5565,#5568,.T.);
#4418=EDGE_CURVE('',#4770,#5567,#5569,.T.);
#4419=EDGE_CURVE('',#4782,#5570,#5571,.T.);
#4420=EDGE_CURVE('',#4780,#5572,#5573,.T.);
#4421=EDGE_CURVE('',#5574,#5572,#5575,.T.);
#4422=EDGE_CURVE('',#4769,#5574,#5576,.T.);
#4423=EDGE_CURVE('',#5567,#5570,#5577,.T.);
#4424=EDGE_CURVE('',#5565,#5578,#5579,.T.);
#4425=EDGE_CURVE('',#5578,#5570,#5580,.T.);
#4426=EDGE_CURVE('',#4784,#5578,#5581,.T.);
#4427=EDGE_CURVE('',#4792,#5582,#5583,.T.);
#4428=EDGE_CURVE('',#5584,#5582,#5585,.T.);
#4429=EDGE_CURVE('',#4786,#5584,#5586,.T.);
#4430=EDGE_CURVE('',#5587,#5584,#5588,.T.);
#4431=EDGE_CURVE('',#4788,#5587,#5589,.T.);
#4432=EDGE_CURVE('',#5590,#5587,#5591,.T.);
#4433=EDGE_CURVE('',#4790,#5590,#5592,.T.);
#4434=EDGE_CURVE('',#5582,#5590,#5593,.T.);
#4435=EDGE_CURVE('',#5594,#5574,#5595,.T.);
#4436=EDGE_CURVE('',#5572,#5596,#5597,.T.);
#4437=EDGE_CURVE('',#5596,#5598,#5599,.T.);
#4438=EDGE_CURVE('',#5598,#5600,#5601,.T.);
#4439=EDGE_CURVE('',#5600,#5594,#5602,.T.);
#4440=EDGE_CURVE('',#5603,#5604,#5605,.T.);
#4441=EDGE_CURVE('',#5606,#5603,#5607,.T.);
#4442=EDGE_CURVE('',#5608,#5606,#5609,.T.);
#4443=EDGE_CURVE('',#5610,#5608,#5611,.T.);
#4444=EDGE_CURVE('',#5612,#5610,#5613,.T.);
#4445=EDGE_CURVE('',#5604,#5612,#5614,.T.);
#4446=EDGE_CURVE('',#5615,#5616,#5617,.T.);
#4447=EDGE_CURVE('',#5618,#5615,#5619,.T.);
#4448=EDGE_CURVE('',#5620,#5618,#5621,.T.);
#4449=EDGE_CURVE('',#5622,#5620,#5623,.T.);
#4450=EDGE_CURVE('',#5624,#5622,#5625,.T.);
#4451=EDGE_CURVE('',#5616,#5624,#5626,.T.);
#4452=EDGE_CURVE('',#4772,#5594,#5627,.T.);
#4453=EDGE_CURVE('',#4774,#5600,#5628,.T.);
#4454=EDGE_CURVE('',#4776,#5598,#5629,.T.);
#4455=EDGE_CURVE('',#4778,#5596,#5630,.T.);
#4456=EDGE_CURVE('',#5612,#5631,#5632,.T.);
#4457=EDGE_CURVE('',#5633,#5631,#5634,.T.);
#4458=EDGE_CURVE('',#5604,#5633,#5635,.T.);
#4459=EDGE_CURVE('',#5636,#5633,#5637,.T.);
#4460=EDGE_CURVE('',#5603,#5636,#5638,.T.);
#4461=EDGE_CURVE('',#5639,#5636,#5640,.T.);
#4462=EDGE_CURVE('',#5606,#5639,#5641,.T.);
#4463=EDGE_CURVE('',#5642,#5639,#5643,.T.);
#4464=EDGE_CURVE('',#5608,#5642,#5644,.T.);
#4465=EDGE_CURVE('',#5645,#5642,#5646,.T.);
#4466=EDGE_CURVE('',#5610,#5645,#5647,.T.);
#4467=EDGE_CURVE('',#5631,#5645,#5648,.T.);
#4468=EDGE_CURVE('',#5649,#5650,#5651,.T.);
#4469=EDGE_CURVE('',#5650,#5652,#5653,.T.);
#4470=EDGE_CURVE('',#5652,#5654,#5655,.T.);
#4471=EDGE_CURVE('',#5654,#5656,#5657,.T.);
#4472=EDGE_CURVE('',#5656,#5658,#5659,.T.);
#4473=EDGE_CURVE('',#5658,#5649,#5660,.T.);
#4474=EDGE_CURVE('',#5624,#5649,#5661,.T.);
#4475=EDGE_CURVE('',#5616,#5658,#5662,.T.);
#4476=EDGE_CURVE('',#5615,#5656,#5663,.T.);
#4477=EDGE_CURVE('',#5618,#5654,#5664,.T.);
#4478=EDGE_CURVE('',#5620,#5652,#5665,.T.);
#4479=EDGE_CURVE('',#5622,#5650,#5666,.T.);
#4480=EDGE_CURVE('',#4822,#5667,#5668,.T.);
#4481=EDGE_CURVE('',#5669,#5667,#5670,.T.);
#4482=EDGE_CURVE('',#4798,#5669,#5671,.T.);
#4483=EDGE_CURVE('',#4806,#5672,#5673,.T.);
#4484=EDGE_CURVE('',#4804,#5674,#5675,.T.);
#4485=EDGE_CURVE('',#5676,#5674,#5677,.T.);
#4486=EDGE_CURVE('',#4797,#5676,#5678,.T.);
#4487=EDGE_CURVE('',#5669,#5672,#5679,.T.);
#4488=EDGE_CURVE('',#5680,#5672,#5681,.T.);
#4489=EDGE_CURVE('',#5667,#5680,#5682,.T.);
#4490=EDGE_CURVE('',#4820,#5683,#5684,.T.);
#4491=EDGE_CURVE('',#5685,#5683,#5686,.T.);
#4492=EDGE_CURVE('',#4810,#5685,#5687,.T.);
#4493=EDGE_CURVE('',#4808,#5680,#5688,.T.);
#4494=EDGE_CURVE('',#5689,#5685,#5690,.T.);
#4495=EDGE_CURVE('',#4812,#5689,#5691,.T.);
#4496=EDGE_CURVE('',#5692,#5689,#5693,.T.);
#4497=EDGE_CURVE('',#4814,#5692,#5694,.T.);
#4498=EDGE_CURVE('',#5695,#5692,#5696,.T.);
#4499=EDGE_CURVE('',#4816,#5695,#5697,.T.);
#4500=EDGE_CURVE('',#5698,#5695,#5699,.T.);
#4501=EDGE_CURVE('',#4818,#5698,#5700,.T.);
#4502=EDGE_CURVE('',#5683,#5698,#5701,.T.);
#4503=EDGE_CURVE('',#5702,#5703,#5704,.T.);
#4504=EDGE_CURVE('',#5705,#5702,#5706,.T.);
#4505=EDGE_CURVE('',#5707,#5705,#5708,.T.);
#4506=EDGE_CURVE('',#5709,#5707,#5710,.T.);
#4507=EDGE_CURVE('',#5711,#5709,#5712,.T.);
#4508=EDGE_CURVE('',#5703,#5711,#5713,.T.);
#4509=EDGE_CURVE('',#5714,#5715,#5716,.T.);
#4510=EDGE_CURVE('',#5715,#5676,#5717,.T.);
#4511=EDGE_CURVE('',#5674,#5714,#5718,.T.);
#4512=EDGE_CURVE('',#5719,#5720,#5721,.T.);
#4513=EDGE_CURVE('',#5722,#5719,#5723,.T.);
#4514=EDGE_CURVE('',#5724,#5722,#5725,.T.);
#4515=EDGE_CURVE('',#5726,#5724,#5727,.T.);
#4516=EDGE_CURVE('',#5728,#5726,#5729,.T.);
#4517=EDGE_CURVE('',#5720,#5728,#5730,.T.);
#4518=EDGE_CURVE('',#5731,#5732,#5733,.T.);
#4519=EDGE_CURVE('',#5732,#5734,#5735,.T.);
#4520=EDGE_CURVE('',#5734,#5736,#5737,.T.);
#4521=EDGE_CURVE('',#5736,#5738,#5739,.T.);
#4522=EDGE_CURVE('',#5738,#5740,#5741,.T.);
#4523=EDGE_CURVE('',#5740,#5731,#5742,.T.);
#4524=EDGE_CURVE('',#5743,#5744,#5745,.T.);
#4525=EDGE_CURVE('',#5746,#5743,#5747,.T.);
#4526=EDGE_CURVE('',#5748,#5746,#5749,.T.);
#4527=EDGE_CURVE('',#5750,#5748,#5751,.T.);
#4528=EDGE_CURVE('',#5752,#5750,#5753,.T.);
#4529=EDGE_CURVE('',#5744,#5752,#5754,.T.);
#4530=EDGE_CURVE('',#5755,#5756,#5757,.T.);
#4531=EDGE_CURVE('',#5756,#5758,#5759,.T.);
#4532=EDGE_CURVE('',#5758,#5760,#5761,.T.);
#4533=EDGE_CURVE('',#5760,#5755,#5762,.T.);
#4534=EDGE_CURVE('',#5763,#5764,#5765,.T.);
#4535=EDGE_CURVE('',#5766,#5763,#5767,.T.);
#4536=EDGE_CURVE('',#5768,#5766,#5769,.T.);
#4537=EDGE_CURVE('',#5770,#5768,#5771,.T.);
#4538=EDGE_CURVE('',#5772,#5770,#5773,.T.);
#4539=EDGE_CURVE('',#5764,#5772,#5774,.T.);
#4540=EDGE_CURVE('',#4802,#5714,#5775,.T.);
#4541=EDGE_CURVE('',#4800,#5715,#5776,.T.);
#4542=EDGE_CURVE('',#4840,#5731,#5777,.T.);
#4543=EDGE_CURVE('',#4842,#5740,#5778,.T.);
#4544=EDGE_CURVE('',#4844,#5738,#5779,.T.);
#4545=EDGE_CURVE('',#4846,#5736,#5780,.T.);
#4546=EDGE_CURVE('',#4848,#5734,#5781,.T.);
#4547=EDGE_CURVE('',#4850,#5782,#5783,.T.);
#4548=EDGE_CURVE('',#4838,#5732,#5784,.T.);
#4549=EDGE_CURVE('',#4836,#5785,#5786,.T.);
#4550=EDGE_CURVE('',#5782,#5785,#5787,.T.);
#4551=EDGE_CURVE('',#5785,#5788,#5789,.T.);
#4552=EDGE_CURVE('',#5790,#5788,#5791,.T.);
#4553=EDGE_CURVE('',#5790,#5782,#5792,.T.);
#4554=EDGE_CURVE('',#4826,#5790,#5793,.T.);
#4555=EDGE_CURVE('',#4834,#5788,#5794,.T.);
#4556=EDGE_CURVE('',#4832,#5760,#5795,.T.);
#4557=EDGE_CURVE('',#4825,#5758,#5796,.T.);
#4558=EDGE_CURVE('',#4828,#5756,#5797,.T.);
#4559=EDGE_CURVE('',#4830,#5755,#5798,.T.);
#4560=EDGE_CURVE('',#5728,#5799,#5800,.T.);
#4561=EDGE_CURVE('',#5801,#5799,#5802,.T.);
#4562=EDGE_CURVE('',#5720,#5801,#5803,.T.);
#4563=EDGE_CURVE('',#5804,#5801,#5805,.T.);
#4564=EDGE_CURVE('',#5719,#5804,#5806,.T.);
#4565=EDGE_CURVE('',#5807,#5804,#5808,.T.);
#4566=EDGE_CURVE('',#5722,#5807,#5809,.T.);
#4567=EDGE_CURVE('',#5810,#5807,#5811,.T.);
#4568=EDGE_CURVE('',#5724,#5810,#5812,.T.);
#4569=EDGE_CURVE('',#5813,#5810,#5814,.T.);
#4570=EDGE_CURVE('',#5726,#5813,#5815,.T.);
#4571=EDGE_CURVE('',#5799,#5813,#5816,.T.);
#4572=EDGE_CURVE('',#5817,#5818,#5819,.T.);
#4573=EDGE_CURVE('',#5818,#5820,#5821,.T.);
#4574=EDGE_CURVE('',#5820,#5822,#5823,.T.);
#4575=EDGE_CURVE('',#5822,#5824,#5825,.T.);
#4576=EDGE_CURVE('',#5824,#5826,#5827,.T.);
#4577=EDGE_CURVE('',#5826,#5817,#5828,.T.);
#4578=EDGE_CURVE('',#5711,#5817,#5829,.T.);
#4579=EDGE_CURVE('',#5703,#5826,#5830,.T.);
#4580=EDGE_CURVE('',#5702,#5824,#5831,.T.);
#4581=EDGE_CURVE('',#5705,#5822,#5832,.T.);
#4582=EDGE_CURVE('',#5707,#5820,#5833,.T.);
#4583=EDGE_CURVE('',#5709,#5818,#5834,.T.);
#4584=EDGE_CURVE('',#5772,#5835,#5836,.T.);
#4585=EDGE_CURVE('',#5837,#5835,#5838,.T.);
#4586=EDGE_CURVE('',#5764,#5837,#5839,.T.);
#4587=EDGE_CURVE('',#5840,#5837,#5841,.T.);
#4588=EDGE_CURVE('',#5763,#5840,#5842,.T.);
#4589=EDGE_CURVE('',#5843,#5840,#5844,.T.);
#4590=EDGE_CURVE('',#5766,#5843,#5845,.T.);
#4591=EDGE_CURVE('',#5846,#5843,#5847,.T.);
#4592=EDGE_CURVE('',#5768,#5846,#5848,.T.);
#4593=EDGE_CURVE('',#5849,#5846,#5850,.T.);
#4594=EDGE_CURVE('',#5770,#5849,#5851,.T.);
#4595=EDGE_CURVE('',#5835,#5849,#5852,.T.);
#4596=EDGE_CURVE('',#5853,#5854,#5855,.T.);
#4597=EDGE_CURVE('',#5854,#5856,#5857,.T.);
#4598=EDGE_CURVE('',#5856,#5858,#5859,.T.);
#4599=EDGE_CURVE('',#5858,#5860,#5861,.T.);
#4600=EDGE_CURVE('',#5860,#5862,#5863,.T.);
#4601=EDGE_CURVE('',#5862,#5853,#5864,.T.);
#4602=EDGE_CURVE('',#5752,#5853,#5865,.T.);
#4603=EDGE_CURVE('',#5744,#5862,#5866,.T.);
#4604=EDGE_CURVE('',#5743,#5860,#5867,.T.);
#4605=EDGE_CURVE('',#5746,#5858,#5868,.T.);
#4606=EDGE_CURVE('',#5748,#5856,#5869,.T.);
#4607=EDGE_CURVE('',#5750,#5854,#5870,.T.);
#4608=CARTESIAN_POINT('',(8.9,2.5,-2.43));
#4609=DIRECTION('',(0.0,0.0,1.0));
#4610=DIRECTION('',(1.0,0.0,0.0));
#4611=CARTESIAN_POINT('',(8.9,2.5,-2.43));
#4612=DIRECTION('',(0.0,0.0,1.0));
#4613=DIRECTION('',(-1.0,0.0,0.0));
#4614=CARTESIAN_POINT('',(-8.9,2.5,-2.43));
#4615=DIRECTION('',(0.0,0.0,1.0));
#4616=DIRECTION('',(1.0,0.0,0.0));
#4617=CARTESIAN_POINT('',(-8.9,2.5,-2.43));
#4618=DIRECTION('',(0.0,0.0,1.0));
#4619=DIRECTION('',(-1.0,0.0,0.0));
#4620=CARTESIAN_POINT('',(-4.2,-3.6,-2.43));
#4621=DIRECTION('',(0.0,0.0,1.0));
#4622=DIRECTION('',(1.0,0.0,0.0));
#4623=CARTESIAN_POINT('',(-4.2,-3.6,-2.43));
#4624=DIRECTION('',(0.0,0.0,1.0));
#4625=DIRECTION('',(-1.0,0.0,0.0));
#4626=CARTESIAN_POINT('',(-4.2,1.9,-2.43));
#4627=DIRECTION('',(0.0,0.0,1.0));
#4628=DIRECTION('',(1.0,0.0,0.0));
#4629=CARTESIAN_POINT('',(-4.2,1.9,-2.43));
#4630=DIRECTION('',(0.0,0.0,1.0));
#4631=DIRECTION('',(-1.0,0.0,0.0));
#4632=CARTESIAN_POINT('',(0.0,-3.6,-2.43));
#4633=DIRECTION('',(0.0,0.0,1.0));
#4634=DIRECTION('',(1.0,0.0,0.0));
#4635=CARTESIAN_POINT('',(0.0,-3.6,-2.43));
#4636=DIRECTION('',(0.0,0.0,1.0));
#4637=DIRECTION('',(-1.0,0.0,0.0));
#4638=CARTESIAN_POINT('',(0.0,1.9,-2.43));
#4639=DIRECTION('',(0.0,0.0,1.0));
#4640=DIRECTION('',(1.0,0.0,0.0));
#4641=CARTESIAN_POINT('',(0.0,1.9,-2.43));
#4642=DIRECTION('',(0.0,0.0,1.0));
#4643=DIRECTION('',(-1.0,0.0,0.0));
#4644=CARTESIAN_POINT('',(4.2,-3.6,-2.43));
#4645=DIRECTION('',(0.0,0.0,1.0));
#4646=DIRECTION('',(1.0,0.0,0.0));
#4647=CARTESIAN_POINT('',(4.2,-3.6,-2.43));
#4648=DIRECTION('',(0.0,0.0,1.0));
#4649=DIRECTION('',(-1.0,0.0,0.0));
#4650=CARTESIAN_POINT('',(4.2,1.9,-2.43));
#4651=DIRECTION('',(0.0,0.0,1.0));
#4652=DIRECTION('',(1.0,0.0,0.0));
#4653=CARTESIAN_POINT('',(4.2,1.9,-2.43));
#4654=DIRECTION('',(0.0,0.0,1.0));
#4655=DIRECTION('',(-1.0,0.0,0.0));
#4656=DIRECTION('',(0.0,0.0,-1.0));
#4657=DIRECTION('',(0.0,0.0,-1.0));
#4658=VERTEX_POINT('',#5871);
#4659=VERTEX_POINT('',#5872);
#4660=LINE('',#5873,#5874);
#4661=VERTEX_POINT('',#5875);
#4662=CIRCLE('',#5876,1.775);
#4663=VERTEX_POINT('',#5877);
#4664=LINE('',#5878,#5879);
#4665=CIRCLE('',#5880,1.775);
#4666=VERTEX_POINT('',#5881);
#4667=VERTEX_POINT('',#5882);
#4668=LINE('',#5883,#5884);
#4669=VERTEX_POINT('',#5885);
#4670=CIRCLE('',#5886,1.775);
#4671=VERTEX_POINT('',#5887);
#4672=LINE('',#5888,#5889);
#4673=CIRCLE('',#5890,1.775);
#4674=VERTEX_POINT('',#5891);
#4675=LINE('',#5892,#5893);
#4676=VERTEX_POINT('',#5894);
#4677=CIRCLE('',#5895,1.179823592522);
#4678=B_SPLINE_CURVE_WITH_KNOTS('',3,(#5896,#5897,#5898,#5899,#5900,#5901),.UNSPECIFIED.,.F.,.F.,(4,1,1,4),(0.0,0.3333333333333,0.6666666666667,1.0),.UNSPECIFIED.);
#4679=VERTEX_POINT('',#5902);
#4680=LINE('',#5903,#5904);
#4681=VERTEX_POINT('',#5905);
#4682=B_SPLINE_CURVE_WITH_KNOTS('',3,(#5906,#5907,#5908,#5909,#5910,#5911),.UNSPECIFIED.,.F.,.F.,(4,1,1,4),(0.0,0.3333333333333,0.6666666666667,1.0),.UNSPECIFIED.);
#4683=CIRCLE('',#5912,1.179823592522);
#4684=VERTEX_POINT('',#5913);
#4685=VERTEX_POINT('',#5914);
#4686=LINE('',#5915,#5916);
#4687=VERTEX_POINT('',#5917);
#4688=CIRCLE('',#5918,1.775);
#4689=VERTEX_POINT('',#5919);
#4690=LINE('',#5920,#5921);
#4691=CIRCLE('',#5922,1.775);
#4692=VERTEX_POINT('',#5923);
#4693=VERTEX_POINT('',#5924);
#4694=LINE('',#5925,#5926);
#4695=VERTEX_POINT('',#5927);
#4696=CIRCLE('',#5928,1.775);
#4697=VERTEX_POINT('',#5929);
#4698=LINE('',#5930,#5931);
#4699=CIRCLE('',#5932,1.775);
#4700=VERTEX_POINT('',#5933);
#4701=LINE('',#5934,#5935);
#4702=VERTEX_POINT('',#5936);
#4703=CIRCLE('',#5937,1.179823592522);
#4704=B_SPLINE_CURVE_WITH_KNOTS('',3,(#5938,#5939,#5940,#5941,#5942,#5943),.UNSPECIFIED.,.F.,.F.,(4,1,1,4),(0.0,0.3333333333333,0.6666666666667,1.0),.UNSPECIFIED.);
#4705=VERTEX_POINT('',#5944);
#4706=LINE('',#5945,#5946);
#4707=VERTEX_POINT('',#5947);
#4708=B_SPLINE_CURVE_WITH_KNOTS('',3,(#5948,#5949,#5950,#5951,#5952,#5953),.UNSPECIFIED.,.F.,.F.,(4,1,1,4),(0.0,0.3333333333333,0.6666666666667,1.0),.UNSPECIFIED.);
#4709=CIRCLE('',#5954,1.179823592522);
#4710=VERTEX_POINT('',#5955);
#4711=VERTEX_POINT('',#5956);
#4712=LINE('',#5957,#5958);
#4713=VERTEX_POINT('',#5959);
#4714=CIRCLE('',#5960,0.4);
#4715=VERTEX_POINT('',#5961);
#4716=LINE('',#5962,#5963);
#4717=CIRCLE('',#5964,0.4);
#4718=VERTEX_POINT('',#5965);
#4719=VERTEX_POINT('',#5966);
#4720=LINE('',#5967,#5968);
#4721=VERTEX_POINT('',#5969);
#4722=LINE('',#5970,#5971);
#4723=VERTEX_POINT('',#5972);
#4724=CIRCLE('',#5973,0.5);
#4725=VERTEX_POINT('',#5974);
#4726=LINE('',#5975,#5976);
#4727=VERTEX_POINT('',#5977);
#4728=CIRCLE('',#5978,0.5);
#4729=VERTEX_POINT('',#5979);
#4730=CIRCLE('',#5980,1.475);
#4731=VERTEX_POINT('',#5981);
#4732=LINE('',#5982,#5983);
#4733=VERTEX_POINT('',#5984);
#4734=CIRCLE('',#5985,1.475);
#4735=VERTEX_POINT('',#5986);
#4736=CIRCLE('',#5987,0.5);
#4737=VERTEX_POINT('',#5988);
#4738=LINE('',#5989,#5990);
#4739=VERTEX_POINT('',#5991);
#4740=CIRCLE('',#5992,0.5);
#4741=VERTEX_POINT('',#5993);
#4742=LINE('',#5994,#5995);
#4743=VERTEX_POINT('',#5996);
#4744=LINE('',#5997,#5998);
#4745=VERTEX_POINT('',#5999);
#4746=LINE('',#6000,#6001);
#4747=VERTEX_POINT('',#6002);
#4748=CIRCLE('',#6003,0.5);
#4749=VERTEX_POINT('',#6004);
#4750=LINE('',#6005,#6006);
#4751=VERTEX_POINT('',#6007);
#4752=CIRCLE('',#6008,0.5);
#4753=VERTEX_POINT('',#6009);
#4754=CIRCLE('',#6010,1.475);
#4755=VERTEX_POINT('',#6011);
#4756=LINE('',#6012,#6013);
#4757=VERTEX_POINT('',#6014);
#4758=CIRCLE('',#6015,1.475);
#4759=VERTEX_POINT('',#6016);
#4760=CIRCLE('',#6017,0.5);
#4761=VERTEX_POINT('',#6018);
#4762=LINE('',#6019,#6020);
#4763=VERTEX_POINT('',#6021);
#4764=CIRCLE('',#6022,0.5);
#4765=LINE('',#6023,#6024);
#4766=VERTEX_POINT('',#6025);
#4767=CIRCLE('',#6026,0.4);
#4768=LINE('',#6027,#6028);
#4769=VERTEX_POINT('',#6029);
#4770=VERTEX_POINT('',#6030);
#4771=LINE('',#6031,#6032);
#4772=VERTEX_POINT('',#6033);
#4773=LINE('',#6034,#6035);
#4774=VERTEX_POINT('',#6036);
#4775=LINE('',#6037,#6038);
#4776=VERTEX_POINT('',#6039);
#4777=LINE('',#6040,#6041);
#4778=VERTEX_POINT('',#6042);
#4779=LINE('',#6043,#6044);
#4780=VERTEX_POINT('',#6045);
#4781=LINE('',#6046,#6047);
#4782=VERTEX_POINT('',#6048);
#4783=LINE('',#6049,#6050);
#4784=VERTEX_POINT('',#6051);
#4785=LINE('',#6052,#6053);
#4786=VERTEX_POINT('',#6054);
#4787=LINE('',#6055,#6056);
#4788=VERTEX_POINT('',#6057);
#4789=LINE('',#6058,#6059);
#4790=VERTEX_POINT('',#6060);
#4791=LINE('',#6061,#6062);
#4792=VERTEX_POINT('',#6063);
#4793=LINE('',#6064,#6065);
#4794=VERTEX_POINT('',#6066);
#4795=LINE('',#6067,#6068);
#4796=LINE('',#6069,#6070);
#4797=VERTEX_POINT('',#6071);
#4798=VERTEX_POINT('',#6072);
#4799=LINE('',#6073,#6074);
#4800=VERTEX_POINT('',#6075);
#4801=LINE('',#6076,#6077);
#4802=VERTEX_POINT('',#6078);
#4803=LINE('',#6079,#6080);
#4804=VERTEX_POINT('',#6081);
#4805=LINE('',#6082,#6083);
#4806=VERTEX_POINT('',#6084);
#4807=LINE('',#6085,#6086);
#4808=VERTEX_POINT('',#6087);
#4809=LINE('',#6088,#6089);
#4810=VERTEX_POINT('',#6090);
#4811=LINE('',#6091,#6092);
#4812=VERTEX_POINT('',#6093);
#4813=LINE('',#6094,#6095);
#4814=VERTEX_POINT('',#6096);
#4815=LINE('',#6097,#6098);
#4816=VERTEX_POINT('',#6099);
#4817=LINE('',#6100,#6101);
#4818=VERTEX_POINT('',#6102);
#4819=LINE('',#6103,#6104);
#4820=VERTEX_POINT('',#6105);
#4821=LINE('',#6106,#6107);
#4822=VERTEX_POINT('',#6108);
#4823=LINE('',#6109,#6110);
#4824=LINE('',#6111,#6112);
#4825=VERTEX_POINT('',#6113);
#4826=VERTEX_POINT('',#6114);
#4827=LINE('',#6115,#6116);
#4828=VERTEX_POINT('',#6117);
#4829=LINE('',#6118,#6119);
#4830=VERTEX_POINT('',#6120);
#4831=LINE('',#6121,#6122);
#4832=VERTEX_POINT('',#6123);
#4833=LINE('',#6124,#6125);
#4834=VERTEX_POINT('',#6126);
#4835=LINE('',#6127,#6128);
#4836=VERTEX_POINT('',#6129);
#4837=LINE('',#6130,#6131);
#4838=VERTEX_POINT('',#6132);
#4839=LINE('',#6133,#6134);
#4840=VERTEX_POINT('',#6135);
#4841=LINE('',#6136,#6137);
#4842=VERTEX_POINT('',#6138);
#4843=LINE('',#6139,#6140);
#4844=VERTEX_POINT('',#6141);
#4845=LINE('',#6142,#6143);
#4846=VERTEX_POINT('',#6144);
#4847=LINE('',#6145,#6146);
#4848=VERTEX_POINT('',#6147);
#4849=LINE('',#6148,#6149);
#4850=VERTEX_POINT('',#6150);
#4851=LINE('',#6151,#6152);
#4852=LINE('',#6153,#6154);
#4853=VERTEX_POINT('',#6155);
#4854=VERTEX_POINT('',#6156);
#4855=LINE('',#6157,#6158);
#4856=LINE('',#6159,#6160);
#4857=VERTEX_POINT('',#6161);
#4858=LINE('',#6162,#6163);
#4859=VERTEX_POINT('',#6164);
#4860=LINE('',#6165,#6166);
#4861=LINE('',#6167,#6168);
#4862=VERTEX_POINT('',#6169);
#4863=LINE('',#6170,#6171);
#4864=LINE('',#6172,#6173);
#4865=VERTEX_POINT('',#6174);
#4866=VERTEX_POINT('',#6175);
#4867=LINE('',#6176,#6177);
#4868=VERTEX_POINT('',#6178);
#4869=LINE('',#6179,#6180);
#4870=VERTEX_POINT('',#6181);
#4871=LINE('',#6182,#6183);
#4872=LINE('',#6184,#6185);
#4873=LINE('',#6186,#6187);
#4874=VERTEX_POINT('',#6188);
#4875=LINE('',#6189,#6190);
#4876=VERTEX_POINT('',#6191);
#4877=LINE('',#6192,#6193);
#4878=LINE('',#6194,#6195);
#4879=VERTEX_POINT('',#6196);
#4880=VERTEX_POINT('',#6197);
#4881=LINE('',#6198,#6199);
#4882=VERTEX_POINT('',#6200);
#4883=LINE('',#6201,#6202);
#4884=VERTEX_POINT('',#6203);
#4885=LINE('',#6204,#6205);
#4886=LINE('',#6206,#6207);
#4887=VERTEX_POINT('',#6208);
#4888=VERTEX_POINT('',#6209);
#4889=LINE('',#6210,#6211);
#4890=VERTEX_POINT('',#6212);
#4891=LINE('',#6213,#6214);
#4892=VERTEX_POINT('',#6215);
#4893=LINE('',#6216,#6217);
#4894=LINE('',#6218,#6219);
#4895=VERTEX_POINT('',#6220);
#4896=VERTEX_POINT('',#6221);
#4897=LINE('',#6222,#6223);
#4898=VERTEX_POINT('',#6224);
#4899=LINE('',#6225,#6226);
#4900=VERTEX_POINT('',#6227);
#4901=LINE('',#6228,#6229);
#4902=LINE('',#6230,#6231);
#4903=VERTEX_POINT('',#6232);
#4904=VERTEX_POINT('',#6233);
#4905=LINE('',#6234,#6235);
#4906=VERTEX_POINT('',#6236);
#4907=LINE('',#6237,#6238);
#4908=VERTEX_POINT('',#6239);
#4909=LINE('',#6240,#6241);
#4910=LINE('',#6242,#6243);
#4911=VERTEX_POINT('',#6244);
#4912=VERTEX_POINT('',#6245);
#4913=LINE('',#6246,#6247);
#4914=LINE('',#6248,#6249);
#4915=LINE('',#6250,#6251);
#4916=LINE('',#6252,#6253);
#4917=LINE('',#6254,#6255);
#4918=LINE('',#6256,#6257);
#4919=VERTEX_POINT('',#6258);
#4920=VERTEX_POINT('',#6259);
#4921=LINE('',#6260,#6261);
#4922=VERTEX_POINT('',#6262);
#4923=LINE('',#6263,#6264);
#4924=VERTEX_POINT('',#6265);
#4925=LINE('',#6266,#6267);
#4926=LINE('',#6268,#6269);
#4927=VERTEX_POINT('',#6270);
#4928=LINE('',#6271,#6272);
#4929=VERTEX_POINT('',#6273);
#4930=LINE('',#6274,#6275);
#4931=LINE('',#6276,#6277);
#4932=VERTEX_POINT('',#6278);
#4933=VERTEX_POINT('',#6279);
#4934=LINE('',#6280,#6281);
#4935=VERTEX_POINT('',#6282);
#4936=LINE('',#6283,#6284);
#4937=VERTEX_POINT('',#6285);
#4938=LINE('',#6286,#6287);
#4939=LINE('',#6288,#6289);
#4940=VERTEX_POINT('',#6290);
#4941=LINE('',#6291,#6292);
#4942=VERTEX_POINT('',#6293);
#4943=LINE('',#6294,#6295);
#4944=LINE('',#6296,#6297);
#4945=VERTEX_POINT('',#6298);
#4946=VERTEX_POINT('',#6299);
#4947=LINE('',#6300,#6301);
#4948=VERTEX_POINT('',#6302);
#4949=LINE('',#6303,#6304);
#4950=VERTEX_POINT('',#6305);
#4951=LINE('',#6306,#6307);
#4952=LINE('',#6308,#6309);
#4953=VERTEX_POINT('',#6310);
#4954=VERTEX_POINT('',#6311);
#4955=LINE('',#6312,#6313);
#4956=LINE('',#6314,#6315);
#4957=LINE('',#6316,#6317);
#4958=LINE('',#6318,#6319);
#4959=VERTEX_POINT('',#6320);
#4960=LINE('',#6321,#6322);
#4961=VERTEX_POINT('',#6323);
#4962=LINE('',#6324,#6325);
#4963=LINE('',#6326,#6327);
#4964=VERTEX_POINT('',#6328);
#4965=LINE('',#6329,#6330);
#4966=VERTEX_POINT('',#6331);
#4967=LINE('',#6332,#6333);
#4968=LINE('',#6334,#6335);
#4969=VERTEX_POINT('',#6336);
#4970=VERTEX_POINT('',#6337);
#4971=LINE('',#6338,#6339);
#4972=LINE('',#6340,#6341);
#4973=LINE('',#6342,#6343);
#4974=VERTEX_POINT('',#6344);
#4975=CIRCLE('',#6345,0.5);
#4976=VERTEX_POINT('',#6346);
#4977=LINE('',#6347,#6348);
#4978=VERTEX_POINT('',#6349);
#4979=CIRCLE('',#6350,0.5);
#4980=VERTEX_POINT('',#6351);
#4981=CIRCLE('',#6352,1.475);
#4982=VERTEX_POINT('',#6353);
#4983=LINE('',#6354,#6355);
#4984=VERTEX_POINT('',#6356);
#4985=LINE('',#6357,#6358);
#4986=VERTEX_POINT('',#6359);
#4987=LINE('',#6360,#6361);
#4988=VERTEX_POINT('',#6362);
#4989=CIRCLE('',#6363,1.475);
#4990=VERTEX_POINT('',#6364);
#4991=CIRCLE('',#6365,0.5);
#4992=VERTEX_POINT('',#6366);
#4993=LINE('',#6367,#6368);
#4994=CIRCLE('',#6369,0.5);
#4995=VERTEX_POINT('',#6370);
#4996=LINE('',#6371,#6372);
#4997=LINE('',#6373,#6374);
#4998=VERTEX_POINT('',#6375);
#4999=LINE('',#6376,#6377);
#5000=VERTEX_POINT('',#6378);
#5001=LINE('',#6379,#6380);
#5002=LINE('',#6381,#6382);
#5003=VERTEX_POINT('',#6383);
#5004=LINE('',#6384,#6385);
#5005=VERTEX_POINT('',#6386);
#5006=LINE('',#6387,#6388);
#5007=LINE('',#6389,#6390);
#5008=VERTEX_POINT('',#6391);
#5009=LINE('',#6392,#6393);
#5010=VERTEX_POINT('',#6394);
#5011=CIRCLE('',#6395,0.5);
#5012=VERTEX_POINT('',#6396);
#5013=LINE('',#6397,#6398);
#5014=VERTEX_POINT('',#6399);
#5015=CIRCLE('',#6400,0.5);
#5016=VERTEX_POINT('',#6401);
#5017=CIRCLE('',#6402,1.475);
#5018=VERTEX_POINT('',#6403);
#5019=LINE('',#6404,#6405);
#5020=VERTEX_POINT('',#6406);
#5021=LINE('',#6407,#6408);
#5022=VERTEX_POINT('',#6409);
#5023=LINE('',#6410,#6411);
#5024=VERTEX_POINT('',#6412);
#5025=CIRCLE('',#6413,1.475);
#5026=VERTEX_POINT('',#6414);
#5027=CIRCLE('',#6415,0.5);
#5028=VERTEX_POINT('',#6416);
#5029=LINE('',#6417,#6418);
#5030=VERTEX_POINT('',#6419);
#5031=CIRCLE('',#6420,0.5);
#5032=LINE('',#6421,#6422);
#5033=VERTEX_POINT('',#6423);
#5034=LINE('',#6424,#6425);
#5035=VERTEX_POINT('',#6426);
#5036=LINE('',#6427,#6428);
#5037=LINE('',#6429,#6430);
#5038=VERTEX_POINT('',#6431);
#5039=LINE('',#6432,#6433);
#5040=VERTEX_POINT('',#6434);
#5041=LINE('',#6435,#6436);
#5042=LINE('',#6437,#6438);
#5043=VERTEX_POINT('',#6439);
#5044=LINE('',#6440,#6441);
#5045=LINE('',#6442,#6443);
#5046=CIRCLE('',#6444,0.4);
#5047=VERTEX_POINT('',#6445);
#5048=VERTEX_POINT('',#6446);
#5049=LINE('',#6447,#6448);
#5050=VERTEX_POINT('',#6449);
#5051=LINE('',#6450,#6451);
#5052=VERTEX_POINT('',#6452);
#5053=LINE('',#6453,#6454);
#5054=LINE('',#6455,#6456);
#5055=VERTEX_POINT('',#6457);
#5056=VERTEX_POINT('',#6458);
#5057=LINE('',#6459,#6460);
#5058=VERTEX_POINT('',#6461);
#5059=LINE('',#6462,#6463);
#5060=VERTEX_POINT('',#6464);
#5061=LINE('',#6465,#6466);
#5062=LINE('',#6467,#6468);
#5063=VERTEX_POINT('',#6469);
#5064=VERTEX_POINT('',#6470);
#5065=LINE('',#6471,#6472);
#5066=VERTEX_POINT('',#6473);
#5067=LINE('',#6474,#6475);
#5068=VERTEX_POINT('',#6476);
#5069=LINE('',#6477,#6478);
#5070=LINE('',#6479,#6480);
#5071=VERTEX_POINT('',#6481);
#5072=VERTEX_POINT('',#6482);
#5073=LINE('',#6483,#6484);
#5074=VERTEX_POINT('',#6485);
#5075=LINE('',#6486,#6487);
#5076=VERTEX_POINT('',#6488);
#5077=LINE('',#6489,#6490);
#5078=LINE('',#6491,#6492);
#5079=VERTEX_POINT('',#6493);
#5080=VERTEX_POINT('',#6494);
#5081=LINE('',#6495,#6496);
#5082=VERTEX_POINT('',#6497);
#5083=LINE('',#6498,#6499);
#5084=VERTEX_POINT('',#6500);
#5085=LINE('',#6501,#6502);
#5086=LINE('',#6503,#6504);
#5087=VERTEX_POINT('',#6505);
#5088=VERTEX_POINT('',#6506);
#5089=LINE('',#6507,#6508);
#5090=VERTEX_POINT('',#6509);
#5091=LINE('',#6510,#6511);
#5092=VERTEX_POINT('',#6512);
#5093=LINE('',#6513,#6514);
#5094=LINE('',#6515,#6516);
#5095=VERTEX_POINT('',#6517);
#5096=VERTEX_POINT('',#6518);
#5097=LINE('',#6519,#6520);
#5098=VERTEX_POINT('',#6521);
#5099=LINE('',#6522,#6523);
#5100=VERTEX_POINT('',#6524);
#5101=LINE('',#6525,#6526);
#5102=LINE('',#6527,#6528);
#5103=VERTEX_POINT('',#6529);
#5104=VERTEX_POINT('',#6530);
#5105=LINE('',#6531,#6532);
#5106=VERTEX_POINT('',#6533);
#5107=LINE('',#6534,#6535);
#5108=VERTEX_POINT('',#6536);
#5109=LINE('',#6537,#6538);
#5110=LINE('',#6539,#6540);
#5111=VERTEX_POINT('',#6541);
#5112=VERTEX_POINT('',#6542);
#5113=LINE('',#6543,#6544);
#5114=VERTEX_POINT('',#6545);
#5115=LINE('',#6546,#6547);
#5116=VERTEX_POINT('',#6548);
#5117=LINE('',#6549,#6550);
#5118=LINE('',#6551,#6552);
#5119=VERTEX_POINT('',#6553);
#5120=VERTEX_POINT('',#6554);
#5121=LINE('',#6555,#6556);
#5122=VERTEX_POINT('',#6557);
#5123=LINE('',#6558,#6559);
#5124=VERTEX_POINT('',#6560);
#5125=LINE('',#6561,#6562);
#5126=LINE('',#6563,#6564);
#5127=VERTEX_POINT('',#6565);
#5128=VERTEX_POINT('',#6566);
#5129=LINE('',#6567,#6568);
#5130=VERTEX_POINT('',#6569);
#5131=LINE('',#6570,#6571);
#5132=VERTEX_POINT('',#6572);
#5133=LINE('',#6573,#6574);
#5134=LINE('',#6575,#6576);
#5135=VERTEX_POINT('',#6577);
#5136=VERTEX_POINT('',#6578);
#5137=LINE('',#6579,#6580);
#5138=VERTEX_POINT('',#6581);
#5139=LINE('',#6582,#6583);
#5140=VERTEX_POINT('',#6584);
#5141=LINE('',#6585,#6586);
#5142=LINE('',#6587,#6588);
#5143=VERTEX_POINT('',#6589);
#5144=VERTEX_POINT('',#6590);
#5145=LINE('',#6591,#6592);
#5146=VERTEX_POINT('',#6593);
#5147=LINE('',#6594,#6595);
#5148=VERTEX_POINT('',#6596);
#5149=LINE('',#6597,#6598);
#5150=LINE('',#6599,#6600);
#5151=VERTEX_POINT('',#6601);
#5152=VERTEX_POINT('',#6602);
#5153=LINE('',#6603,#6604);
#5154=VERTEX_POINT('',#6605);
#5155=LINE('',#6606,#6607);
#5156=VERTEX_POINT('',#6608);
#5157=LINE('',#6609,#6610);
#5158=LINE('',#6611,#6612);
#5159=VERTEX_POINT('',#6613);
#5160=VERTEX_POINT('',#6614);
#5161=LINE('',#6615,#6616);
#5162=VERTEX_POINT('',#6617);
#5163=LINE('',#6618,#6619);
#5164=VERTEX_POINT('',#6620);
#5165=LINE('',#6621,#6622);
#5166=LINE('',#6623,#6624);
#5167=VERTEX_POINT('',#6625);
#5168=VERTEX_POINT('',#6626);
#5169=LINE('',#6627,#6628);
#5170=VERTEX_POINT('',#6629);
#5171=LINE('',#6630,#6631);
#5172=VERTEX_POINT('',#6632);
#5173=LINE('',#6633,#6634);
#5174=LINE('',#6635,#6636);
#5175=VERTEX_POINT('',#6637);
#5176=VERTEX_POINT('',#6638);
#5177=LINE('',#6639,#6640);
#5178=VERTEX_POINT('',#6641);
#5179=LINE('',#6642,#6643);
#5180=VERTEX_POINT('',#6644);
#5181=LINE('',#6645,#6646);
#5182=LINE('',#6647,#6648);
#5183=VERTEX_POINT('',#6649);
#5184=VERTEX_POINT('',#6650);
#5185=LINE('',#6651,#6652);
#5186=VERTEX_POINT('',#6653);
#5187=LINE('',#6654,#6655);
#5188=VERTEX_POINT('',#6656);
#5189=LINE('',#6657,#6658);
#5190=LINE('',#6659,#6660);
#5191=VERTEX_POINT('',#6661);
#5192=LINE('',#6662,#6663);
#5193=VERTEX_POINT('',#6664);
#5194=LINE('',#6665,#6666);
#5195=LINE('',#6667,#6668);
#5196=VERTEX_POINT('',#6669);
#5197=LINE('',#6670,#6671);
#5198=LINE('',#6672,#6673);
#5199=VERTEX_POINT('',#6674);
#5200=LINE('',#6675,#6676);
#5201=LINE('',#6677,#6678);
#5202=LINE('',#6679,#6680);
#5203=VERTEX_POINT('',#6681);
#5204=VERTEX_POINT('',#6682);
#5205=LINE('',#6683,#6684);
#5206=VERTEX_POINT('',#6685);
#5207=LINE('',#6686,#6687);
#5208=VERTEX_POINT('',#6688);
#5209=LINE('',#6689,#6690);
#5210=LINE('',#6691,#6692);
#5211=LINE('',#6693,#6694);
#5212=LINE('',#6695,#6696);
#5213=LINE('',#6697,#6698);
#5214=LINE('',#6699,#6700);
#5215=VERTEX_POINT('',#6701);
#5216=LINE('',#6702,#6703);
#5217=VERTEX_POINT('',#6704);
#5218=LINE('',#6705,#6706);
#5219=LINE('',#6707,#6708);
#5220=VERTEX_POINT('',#6709);
#5221=LINE('',#6710,#6711);
#5222=LINE('',#6712,#6713);
#5223=VERTEX_POINT('',#6714);
#5224=LINE('',#6715,#6716);
#5225=LINE('',#6717,#6718);
#5226=LINE('',#6719,#6720);
#5227=VERTEX_POINT('',#6721);
#5228=VERTEX_POINT('',#6722);
#5229=LINE('',#6723,#6724);
#5230=VERTEX_POINT('',#6725);
#5231=LINE('',#6726,#6727);
#5232=VERTEX_POINT('',#6728);
#5233=LINE('',#6729,#6730);
#5234=LINE('',#6731,#6732);
#5235=LINE('',#6733,#6734);
#5236=LINE('',#6735,#6736);
#5237=LINE('',#6737,#6738);
#5238=LINE('',#6739,#6740);
#5239=VERTEX_POINT('',#6741);
#5240=LINE('',#6742,#6743);
#5241=VERTEX_POINT('',#6744);
#5242=LINE('',#6745,#6746);
#5243=LINE('',#6747,#6748);
#5244=VERTEX_POINT('',#6749);
#5245=LINE('',#6750,#6751);
#5246=LINE('',#6752,#6753);
#5247=VERTEX_POINT('',#6754);
#5248=LINE('',#6755,#6756);
#5249=LINE('',#6757,#6758);
#5250=LINE('',#6759,#6760);
#5251=VERTEX_POINT('',#6761);
#5252=VERTEX_POINT('',#6762);
#5253=LINE('',#6763,#6764);
#5254=VERTEX_POINT('',#6765);
#5255=LINE('',#6766,#6767);
#5256=VERTEX_POINT('',#6768);
#5257=LINE('',#6769,#6770);
#5258=LINE('',#6771,#6772);
#5259=LINE('',#6773,#6774);
#5260=LINE('',#6775,#6776);
#5261=LINE('',#6777,#6778);
#5262=LINE('',#6779,#6780);
#5263=LINE('',#6781,#6782);
#5264=LINE('',#6783,#6784);
#5265=LINE('',#6785,#6786);
#5266=LINE('',#6787,#6788);
#5267=LINE('',#6789,#6790);
#5268=LINE('',#6791,#6792);
#5269=LINE('',#6793,#6794);
#5270=LINE('',#6795,#6796);
#5271=LINE('',#6797,#6798);
#5272=LINE('',#6799,#6800);
#5273=LINE('',#6801,#6802);
#5274=LINE('',#6803,#6804);
#5275=LINE('',#6805,#6806);
#5276=LINE('',#6807,#6808);
#5277=LINE('',#6809,#6810);
#5278=LINE('',#6811,#6812);
#5279=LINE('',#6813,#6814);
#5280=VERTEX_POINT('',#6815);
#5281=LINE('',#6816,#6817);
#5282=VERTEX_POINT('',#6818);
#5283=CIRCLE('',#6819,1.475);
#5284=LINE('',#6820,#6821);
#5285=VERTEX_POINT('',#6822);
#5286=LINE('',#6823,#6824);
#5287=VERTEX_POINT('',#6825);
#5288=CIRCLE('',#6826,1.475);
#5289=LINE('',#6827,#6828);
#5290=LINE('',#6829,#6830);
#5291=VERTEX_POINT('',#6831);
#5292=VERTEX_POINT('',#6832);
#5293=LINE('',#6833,#6834);
#5294=VERTEX_POINT('',#6835);
#5295=CIRCLE('',#6836,0.5);
#5296=VERTEX_POINT('',#6837);
#5297=LINE('',#6838,#6839);
#5298=VERTEX_POINT('',#6840);
#5299=LINE('',#6841,#6842);
#5300=VERTEX_POINT('',#6843);
#5301=LINE('',#6844,#6845);
#5302=LINE('',#6846,#6847);
#5303=VERTEX_POINT('',#6848);
#5304=LINE('',#6849,#6850);
#5305=VERTEX_POINT('',#6851);
#5306=LINE('',#6852,#6853);
#5307=LINE('',#6854,#6855);
#5308=VERTEX_POINT('',#6856);
#5309=VERTEX_POINT('',#6857);
#5310=LINE('',#6858,#6859);
#5311=B_SPLINE_CURVE_WITH_KNOTS('',3,(#6860,#6861,#6862,#6863,#6864,#6865),.UNSPECIFIED.,.F.,.F.,(4,1,1,4),(0.0,0.3333333333333,0.6666666666667,1.0),.UNSPECIFIED.);
#5312=LINE('',#6866,#6867);
#5313=VERTEX_POINT('',#6868);
#5314=VERTEX_POINT('',#6869);
#5315=LINE('',#6870,#6871);
#5316=LINE('',#6872,#6873);
#5317=B_SPLINE_CURVE_WITH_KNOTS('',3,(#6874,#6875,#6876,#6877,#6878,#6879),.UNSPECIFIED.,.F.,.F.,(4,1,1,4),(0.0,0.3333333333333,0.6666666666667,1.0),.UNSPECIFIED.);
#5318=VERTEX_POINT('',#6880);
#5319=LINE('',#6881,#6882);
#5320=VERTEX_POINT('',#6883);
#5321=LINE('',#6884,#6885);
#5322=VERTEX_POINT('',#6886);
#5323=LINE('',#6887,#6888);
#5324=LINE('',#6889,#6890);
#5325=LINE('',#6891,#6892);
#5326=CIRCLE('',#6893,1.179823592522);
#5327=CIRCLE('',#6894,1.179823592522);
#5328=VERTEX_POINT('',#6895);
#5329=LINE('',#6896,#6897);
#5330=LINE('',#6898,#6899);
#5331=CIRCLE('',#6900,1.775);
#5332=CIRCLE('',#6901,1.775);
#5333=LINE('',#6902,#6903);
#5334=VERTEX_POINT('',#6904);
#5335=LINE('',#6905,#6906);
#5336=LINE('',#6907,#6908);
#5337=CIRCLE('',#6909,0.5);
#5338=LINE('',#6910,#6911);
#5339=LINE('',#6912,#6913);
#5340=VERTEX_POINT('',#6914);
#5341=CIRCLE('',#6915,0.5);
#5342=LINE('',#6916,#6917);
#5343=CIRCLE('',#6918,1.775);
#5344=CIRCLE('',#6919,1.775);
#5345=LINE('',#6920,#6921);
#5346=CIRCLE('',#6922,0.5);
#5347=LINE('',#6923,#6924);
#5348=LINE('',#6925,#6926);
#5349=LINE('',#6927,#6928);
#5350=LINE('',#6929,#6930);
#5351=LINE('',#6931,#6932);
#5352=VERTEX_POINT('',#6933);
#5353=LINE('',#6934,#6935);
#5354=VERTEX_POINT('',#6936);
#5355=CIRCLE('',#6937,1.475);
#5356=LINE('',#6938,#6939);
#5357=VERTEX_POINT('',#6940);
#5358=LINE('',#6941,#6942);
#5359=VERTEX_POINT('',#6943);
#5360=CIRCLE('',#6944,1.475);
#5361=LINE('',#6945,#6946);
#5362=LINE('',#6947,#6948);
#5363=VERTEX_POINT('',#6949);
#5364=VERTEX_POINT('',#6950);
#5365=LINE('',#6951,#6952);
#5366=VERTEX_POINT('',#6953);
#5367=CIRCLE('',#6954,0.5);
#5368=VERTEX_POINT('',#6955);
#5369=LINE('',#6956,#6957);
#5370=VERTEX_POINT('',#6958);
#5371=LINE('',#6959,#6960);
#5372=VERTEX_POINT('',#6961);
#5373=LINE('',#6962,#6963);
#5374=LINE('',#6964,#6965);
#5375=VERTEX_POINT('',#6966);
#5376=LINE('',#6967,#6968);
#5377=VERTEX_POINT('',#6969);
#5378=LINE('',#6970,#6971);
#5379=LINE('',#6972,#6973);
#5380=VERTEX_POINT('',#6974);
#5381=VERTEX_POINT('',#6975);
#5382=LINE('',#6976,#6977);
#5383=B_SPLINE_CURVE_WITH_KNOTS('',3,(#6978,#6979,#6980,#6981,#6982,#6983),.UNSPECIFIED.,.F.,.F.,(4,1,1,4),(0.0,0.3333333333333,0.6666666666667,1.0),.UNSPECIFIED.);
#5384=LINE('',#6984,#6985);
#5385=VERTEX_POINT('',#6986);
#5386=VERTEX_POINT('',#6987);
#5387=LINE('',#6988,#6989);
#5388=LINE('',#6990,#6991);
#5389=B_SPLINE_CURVE_WITH_KNOTS('',3,(#6992,#6993,#6994,#6995,#6996,#6997),.UNSPECIFIED.,.F.,.F.,(4,1,1,4),(0.0,0.3333333333333,0.6666666666667,1.0),.UNSPECIFIED.);
#5390=VERTEX_POINT('',#6998);
#5391=LINE('',#6999,#7000);
#5392=VERTEX_POINT('',#7001);
#5393=LINE('',#7002,#7003);
#5394=VERTEX_POINT('',#7004);
#5395=LINE('',#7005,#7006);
#5396=LINE('',#7007,#7008);
#5397=LINE('',#7009,#7010);
#5398=LINE('',#7011,#7012);
#5399=VERTEX_POINT('',#7013);
#5400=LINE('',#7014,#7015);
#5401=VERTEX_POINT('',#7016);
#5402=LINE('',#7017,#7018);
#5403=LINE('',#7019,#7020);
#5404=CIRCLE('',#7021,1.179823592522);
#5405=CIRCLE('',#7022,1.775);
#5406=CIRCLE('',#7023,1.775);
#5407=CIRCLE('',#7024,1.179823592522);
#5408=CIRCLE('',#7025,1.775);
#5409=CIRCLE('',#7026,1.775);
#5410=LINE('',#7027,#7028);
#5411=LINE('',#7029,#7030);
#5412=CIRCLE('',#7031,0.5);
#5413=VERTEX_POINT('',#7032);
#5414=CIRCLE('',#7033,0.5);
#5415=LINE('',#7034,#7035);
#5416=LINE('',#7036,#7037);
#5417=CIRCLE('',#7038,0.5);
#5418=LINE('',#7039,#7040);
#5419=LINE('',#7041,#7042);
#5420=LINE('',#7043,#7044);
#5421=VERTEX_POINT('',#7045);
#5422=LINE('',#7046,#7047);
#5423=VERTEX_POINT('',#7048);
#5424=LINE('',#7049,#7050);
#5425=LINE('',#7051,#7052);
#5426=VERTEX_POINT('',#7053);
#5427=LINE('',#7054,#7055);
#5428=LINE('',#7056,#7057);
#5429=VERTEX_POINT('',#7058);
#5430=LINE('',#7059,#7060);
#5431=LINE('',#7061,#7062);
#5432=LINE('',#7063,#7064);
#5433=VERTEX_POINT('',#7065);
#5434=VERTEX_POINT('',#7066);
#5435=LINE('',#7067,#7068);
#5436=VERTEX_POINT('',#7069);
#5437=LINE('',#7070,#7071);
#5438=VERTEX_POINT('',#7072);
#5439=LINE('',#7073,#7074);
#5440=LINE('',#7075,#7076);
#5441=VERTEX_POINT('',#7077);
#5442=VERTEX_POINT('',#7078);
#5443=LINE('',#7079,#7080);
#5444=VERTEX_POINT('',#7081);
#5445=LINE('',#7082,#7083);
#5446=VERTEX_POINT('',#7084);
#5447=LINE('',#7085,#7086);
#5448=LINE('',#7087,#7088);
#5449=VERTEX_POINT('',#7089);
#5450=VERTEX_POINT('',#7090);
#5451=LINE('',#7091,#7092);
#5452=VERTEX_POINT('',#7093);
#5453=LINE('',#7094,#7095);
#5454=VERTEX_POINT('',#7096);
#5455=LINE('',#7097,#7098);
#5456=LINE('',#7099,#7100);
#5457=LINE('',#7101,#7102);
#5458=LINE('',#7103,#7104);
#5459=LINE('',#7105,#7106);
#5460=LINE('',#7107,#7108);
#5461=LINE('',#7109,#7110);
#5462=LINE('',#7111,#7112);
#5463=LINE('',#7113,#7114);
#5464=LINE('',#7115,#7116);
#5465=LINE('',#7117,#7118);
#5466=LINE('',#7119,#7120);
#5467=LINE('',#7121,#7122);
#5468=LINE('',#7123,#7124);
#5469=VERTEX_POINT('',#7125);
#5470=LINE('',#7126,#7127);
#5471=VERTEX_POINT('',#7128);
#5472=LINE('',#7129,#7130);
#5473=LINE('',#7131,#7132);
#5474=VERTEX_POINT('',#7133);
#5475=LINE('',#7134,#7135);
#5476=LINE('',#7136,#7137);
#5477=VERTEX_POINT('',#7138);
#5478=LINE('',#7139,#7140);
#5479=LINE('',#7141,#7142);
#5480=LINE('',#7143,#7144);
#5481=VERTEX_POINT('',#7145);
#5482=VERTEX_POINT('',#7146);
#5483=LINE('',#7147,#7148);
#5484=VERTEX_POINT('',#7149);
#5485=LINE('',#7150,#7151);
#5486=VERTEX_POINT('',#7152);
#5487=LINE('',#7153,#7154);
#5488=LINE('',#7155,#7156);
#5489=VERTEX_POINT('',#7157);
#5490=VERTEX_POINT('',#7158);
#5491=LINE('',#7159,#7160);
#5492=VERTEX_POINT('',#7161);
#5493=LINE('',#7162,#7163);
#5494=VERTEX_POINT('',#7164);
#5495=LINE('',#7165,#7166);
#5496=LINE('',#7167,#7168);
#5497=VERTEX_POINT('',#7169);
#5498=VERTEX_POINT('',#7170);
#5499=LINE('',#7171,#7172);
#5500=VERTEX_POINT('',#7173);
#5501=LINE('',#7174,#7175);
#5502=VERTEX_POINT('',#7176);
#5503=LINE('',#7177,#7178);
#5504=LINE('',#7179,#7180);
#5505=LINE('',#7181,#7182);
#5506=LINE('',#7183,#7184);
#5507=LINE('',#7185,#7186);
#5508=LINE('',#7187,#7188);
#5509=LINE('',#7189,#7190);
#5510=LINE('',#7191,#7192);
#5511=LINE('',#7193,#7194);
#5512=LINE('',#7195,#7196);
#5513=LINE('',#7197,#7198);
#5514=LINE('',#7199,#7200);
#5515=LINE('',#7201,#7202);
#5516=LINE('',#7203,#7204);
#5517=VERTEX_POINT('',#7205);
#5518=LINE('',#7206,#7207);
#5519=VERTEX_POINT('',#7208);
#5520=LINE('',#7209,#7210);
#5521=LINE('',#7211,#7212);
#5522=VERTEX_POINT('',#7213);
#5523=LINE('',#7214,#7215);
#5524=LINE('',#7216,#7217);
#5525=VERTEX_POINT('',#7218);
#5526=LINE('',#7219,#7220);
#5527=LINE('',#7221,#7222);
#5528=LINE('',#7223,#7224);
#5529=VERTEX_POINT('',#7225);
#5530=VERTEX_POINT('',#7226);
#5531=LINE('',#7227,#7228);
#5532=VERTEX_POINT('',#7229);
#5533=LINE('',#7230,#7231);
#5534=VERTEX_POINT('',#7232);
#5535=LINE('',#7233,#7234);
#5536=LINE('',#7235,#7236);
#5537=VERTEX_POINT('',#7237);
#5538=VERTEX_POINT('',#7238);
#5539=LINE('',#7239,#7240);
#5540=VERTEX_POINT('',#7241);
#5541=LINE('',#7242,#7243);
#5542=VERTEX_POINT('',#7244);
#5543=LINE('',#7245,#7246);
#5544=LINE('',#7247,#7248);
#5545=VERTEX_POINT('',#7249);
#5546=VERTEX_POINT('',#7250);
#5547=LINE('',#7251,#7252);
#5548=VERTEX_POINT('',#7253);
#5549=LINE('',#7254,#7255);
#5550=VERTEX_POINT('',#7256);
#5551=LINE('',#7257,#7258);
#5552=LINE('',#7259,#7260);
#5553=LINE('',#7261,#7262);
#5554=LINE('',#7263,#7264);
#5555=LINE('',#7265,#7266);
#5556=LINE('',#7267,#7268);
#5557=LINE('',#7269,#7270);
#5558=LINE('',#7271,#7272);
#5559=LINE('',#7273,#7274);
#5560=LINE('',#7275,#7276);
#5561=LINE('',#7277,#7278);
#5562=LINE('',#7279,#7280);
#5563=LINE('',#7281,#7282);
#5564=LINE('',#7283,#7284);
#5565=VERTEX_POINT('',#7285);
#5566=LINE('',#7286,#7287);
#5567=VERTEX_POINT('',#7288);
#5568=LINE('',#7289,#7290);
#5569=LINE('',#7291,#7292);
#5570=VERTEX_POINT('',#7293);
#5571=LINE('',#7294,#7295);
#5572=VERTEX_POINT('',#7296);
#5573=LINE('',#7297,#7298);
#5574=VERTEX_POINT('',#7299);
#5575=LINE('',#7300,#7301);
#5576=LINE('',#7302,#7303);
#5577=LINE('',#7304,#7305);
#5578=VERTEX_POINT('',#7306);
#5579=LINE('',#7307,#7308);
#5580=LINE('',#7309,#7310);
#5581=LINE('',#7311,#7312);
#5582=VERTEX_POINT('',#7313);
#5583=LINE('',#7314,#7315);
#5584=VERTEX_POINT('',#7316);
#5585=LINE('',#7317,#7318);
#5586=LINE('',#7319,#7320);
#5587=VERTEX_POINT('',#7321);
#5588=LINE('',#7322,#7323);
#5589=LINE('',#7324,#7325);
#5590=VERTEX_POINT('',#7326);
#5591=LINE('',#7327,#7328);
#5592=LINE('',#7329,#7330);
#5593=LINE('',#7331,#7332);
#5594=VERTEX_POINT('',#7333);
#5595=LINE('',#7334,#7335);
#5596=VERTEX_POINT('',#7336);
#5597=LINE('',#7337,#7338);
#5598=VERTEX_POINT('',#7339);
#5599=LINE('',#7340,#7341);
#5600=VERTEX_POINT('',#7342);
#5601=LINE('',#7343,#7344);
#5602=LINE('',#7345,#7346);
#5603=VERTEX_POINT('',#7347);
#5604=VERTEX_POINT('',#7348);
#5605=LINE('',#7349,#7350);
#5606=VERTEX_POINT('',#7351);
#5607=LINE('',#7352,#7353);
#5608=VERTEX_POINT('',#7354);
#5609=LINE('',#7355,#7356);
#5610=VERTEX_POINT('',#7357);
#5611=LINE('',#7358,#7359);
#5612=VERTEX_POINT('',#7360);
#5613=LINE('',#7361,#7362);
#5614=LINE('',#7363,#7364);
#5615=VERTEX_POINT('',#7365);
#5616=VERTEX_POINT('',#7366);
#5617=LINE('',#7367,#7368);
#5618=VERTEX_POINT('',#7369);
#5619=LINE('',#7370,#7371);
#5620=VERTEX_POINT('',#7372);
#5621=LINE('',#7373,#7374);
#5622=VERTEX_POINT('',#7375);
#5623=LINE('',#7376,#7377);
#5624=VERTEX_POINT('',#7378);
#5625=LINE('',#7379,#7380);
#5626=LINE('',#7381,#7382);
#5627=LINE('',#7383,#7384);
#5628=LINE('',#7385,#7386);
#5629=LINE('',#7387,#7388);
#5630=LINE('',#7389,#7390);
#5631=VERTEX_POINT('',#7391);
#5632=LINE('',#7392,#7393);
#5633=VERTEX_POINT('',#7394);
#5634=LINE('',#7395,#7396);
#5635=LINE('',#7397,#7398);
#5636=VERTEX_POINT('',#7399);
#5637=LINE('',#7400,#7401);
#5638=LINE('',#7402,#7403);
#5639=VERTEX_POINT('',#7404);
#5640=LINE('',#7405,#7406);
#5641=LINE('',#7407,#7408);
#5642=VERTEX_POINT('',#7409);
#5643=LINE('',#7410,#7411);
#5644=LINE('',#7412,#7413);
#5645=VERTEX_POINT('',#7414);
#5646=LINE('',#7415,#7416);
#5647=LINE('',#7417,#7418);
#5648=LINE('',#7419,#7420);
#5649=VERTEX_POINT('',#7421);
#5650=VERTEX_POINT('',#7422);
#5651=LINE('',#7423,#7424);
#5652=VERTEX_POINT('',#7425);
#5653=LINE('',#7426,#7427);
#5654=VERTEX_POINT('',#7428);
#5655=LINE('',#7429,#7430);
#5656=VERTEX_POINT('',#7431);
#5657=LINE('',#7432,#7433);
#5658=VERTEX_POINT('',#7434);
#5659=LINE('',#7435,#7436);
#5660=LINE('',#7437,#7438);
#5661=LINE('',#7439,#7440);
#5662=LINE('',#7441,#7442);
#5663=LINE('',#7443,#7444);
#5664=LINE('',#7445,#7446);
#5665=LINE('',#7447,#7448);
#5666=LINE('',#7449,#7450);
#5667=VERTEX_POINT('',#7451);
#5668=LINE('',#7452,#7453);
#5669=VERTEX_POINT('',#7454);
#5670=LINE('',#7455,#7456);
#5671=LINE('',#7457,#7458);
#5672=VERTEX_POINT('',#7459);
#5673=LINE('',#7460,#7461);
#5674=VERTEX_POINT('',#7462);
#5675=LINE('',#7463,#7464);
#5676=VERTEX_POINT('',#7465);
#5677=LINE('',#7466,#7467);
#5678=LINE('',#7468,#7469);
#5679=LINE('',#7470,#7471);
#5680=VERTEX_POINT('',#7472);
#5681=LINE('',#7473,#7474);
#5682=LINE('',#7475,#7476);
#5683=VERTEX_POINT('',#7477);
#5684=LINE('',#7478,#7479);
#5685=VERTEX_POINT('',#7480);
#5686=LINE('',#7481,#7482);
#5687=LINE('',#7483,#7484);
#5688=LINE('',#7485,#7486);
#5689=VERTEX_POINT('',#7487);
#5690=LINE('',#7488,#7489);
#5691=LINE('',#7490,#7491);
#5692=VERTEX_POINT('',#7492);
#5693=LINE('',#7493,#7494);
#5694=LINE('',#7495,#7496);
#5695=VERTEX_POINT('',#7497);
#5696=LINE('',#7498,#7499);
#5697=LINE('',#7500,#7501);
#5698=VERTEX_POINT('',#7502);
#5699=LINE('',#7503,#7504);
#5700=LINE('',#7505,#7506);
#5701=LINE('',#7507,#7508);
#5702=VERTEX_POINT('',#7509);
#5703=VERTEX_POINT('',#7510);
#5704=LINE('',#7511,#7512);
#5705=VERTEX_POINT('',#7513);
#5706=LINE('',#7514,#7515);
#5707=VERTEX_POINT('',#7516);
#5708=LINE('',#7517,#7518);
#5709=VERTEX_POINT('',#7519);
#5710=LINE('',#7520,#7521);
#5711=VERTEX_POINT('',#7522);
#5712=LINE('',#7523,#7524);
#5713=LINE('',#7525,#7526);
#5714=VERTEX_POINT('',#7527);
#5715=VERTEX_POINT('',#7528);
#5716=LINE('',#7529,#7530);
#5717=LINE('',#7531,#7532);
#5718=LINE('',#7533,#7534);
#5719=VERTEX_POINT('',#7535);
#5720=VERTEX_POINT('',#7536);
#5721=LINE('',#7537,#7538);
#5722=VERTEX_POINT('',#7539);
#5723=LINE('',#7540,#7541);
#5724=VERTEX_POINT('',#7542);
#5725=LINE('',#7543,#7544);
#5726=VERTEX_POINT('',#7545);
#5727=LINE('',#7546,#7547);
#5728=VERTEX_POINT('',#7548);
#5729=LINE('',#7549,#7550);
#5730=LINE('',#7551,#7552);
#5731=VERTEX_POINT('',#7553);
#5732=VERTEX_POINT('',#7554);
#5733=LINE('',#7555,#7556);
#5734=VERTEX_POINT('',#7557);
#5735=LINE('',#7558,#7559);
#5736=VERTEX_POINT('',#7560);
#5737=LINE('',#7561,#7562);
#5738=VERTEX_POINT('',#7563);
#5739=LINE('',#7564,#7565);
#5740=VERTEX_POINT('',#7566);
#5741=LINE('',#7567,#7568);
#5742=LINE('',#7569,#7570);
#5743=VERTEX_POINT('',#7571);
#5744=VERTEX_POINT('',#7572);
#5745=LINE('',#7573,#7574);
#5746=VERTEX_POINT('',#7575);
#5747=LINE('',#7576,#7577);
#5748=VERTEX_POINT('',#7578);
#5749=LINE('',#7579,#7580);
#5750=VERTEX_POINT('',#7581);
#5751=LINE('',#7582,#7583);
#5752=VERTEX_POINT('',#7584);
#5753=LINE('',#7585,#7586);
#5754=LINE('',#7587,#7588);
#5755=VERTEX_POINT('',#7589);
#5756=VERTEX_POINT('',#7590);
#5757=LINE('',#7591,#7592);
#5758=VERTEX_POINT('',#7593);
#5759=LINE('',#7594,#7595);
#5760=VERTEX_POINT('',#7596);
#5761=LINE('',#7597,#7598);
#5762=LINE('',#7599,#7600);
#5763=VERTEX_POINT('',#7601);
#5764=VERTEX_POINT('',#7602);
#5765=LINE('',#7603,#7604);
#5766=VERTEX_POINT('',#7605);
#5767=LINE('',#7606,#7607);
#5768=VERTEX_POINT('',#7608);
#5769=LINE('',#7609,#7610);
#5770=VERTEX_POINT('',#7611);
#5771=LINE('',#7612,#7613);
#5772=VERTEX_POINT('',#7614);
#5773=LINE('',#7615,#7616);
#5774=LINE('',#7617,#7618);
#5775=LINE('',#7619,#7620);
#5776=LINE('',#7621,#7622);
#5777=LINE('',#7623,#7624);
#5778=LINE('',#7625,#7626);
#5779=LINE('',#7627,#7628);
#5780=LINE('',#7629,#7630);
#5781=LINE('',#7631,#7632);
#5782=VERTEX_POINT('',#7633);
#5783=LINE('',#7634,#7635);
#5784=LINE('',#7636,#7637);
#5785=VERTEX_POINT('',#7638);
#5786=LINE('',#7639,#7640);
#5787=LINE('',#7641,#7642);
#5788=VERTEX_POINT('',#7643);
#5789=LINE('',#7644,#7645);
#5790=VERTEX_POINT('',#7646);
#5791=LINE('',#7647,#7648);
#5792=LINE('',#7649,#7650);
#5793=LINE('',#7651,#7652);
#5794=LINE('',#7653,#7654);
#5795=LINE('',#7655,#7656);
#5796=LINE('',#7657,#7658);
#5797=LINE('',#7659,#7660);
#5798=LINE('',#7661,#7662);
#5799=VERTEX_POINT('',#7663);
#5800=LINE('',#7664,#7665);
#5801=VERTEX_POINT('',#7666);
#5802=LINE('',#7667,#7668);
#5803=LINE('',#7669,#7670);
#5804=VERTEX_POINT('',#7671);
#5805=LINE('',#7672,#7673);
#5806=LINE('',#7674,#7675);
#5807=VERTEX_POINT('',#7676);
#5808=LINE('',#7677,#7678);
#5809=LINE('',#7679,#7680);
#5810=VERTEX_POINT('',#7681);
#5811=LINE('',#7682,#7683);
#5812=LINE('',#7684,#7685);
#5813=VERTEX_POINT('',#7686);
#5814=LINE('',#7687,#7688);
#5815=LINE('',#7689,#7690);
#5816=LINE('',#7691,#7692);
#5817=VERTEX_POINT('',#7693);
#5818=VERTEX_POINT('',#7694);
#5819=LINE('',#7695,#7696);
#5820=VERTEX_POINT('',#7697);
#5821=LINE('',#7698,#7699);
#5822=VERTEX_POINT('',#7700);
#5823=LINE('',#7701,#7702);
#5824=VERTEX_POINT('',#7703);
#5825=LINE('',#7704,#7705);
#5826=VERTEX_POINT('',#7706);
#5827=LINE('',#7707,#7708);
#5828=LINE('',#7709,#7710);
#5829=LINE('',#7711,#7712);
#5830=LINE('',#7713,#7714);
#5831=LINE('',#7715,#7716);
#5832=LINE('',#7717,#7718);
#5833=LINE('',#7719,#7720);
#5834=LINE('',#7721,#7722);
#5835=VERTEX_POINT('',#7723);
#5836=LINE('',#7724,#7725);
#5837=VERTEX_POINT('',#7726);
#5838=LINE('',#7727,#7728);
#5839=LINE('',#7729,#7730);
#5840=VERTEX_POINT('',#7731);
#5841=LINE('',#7732,#7733);
#5842=LINE('',#7734,#7735);
#5843=VERTEX_POINT('',#7736);
#5844=LINE('',#7737,#7738);
#5845=LINE('',#7739,#7740);
#5846=VERTEX_POINT('',#7741);
#5847=LINE('',#7742,#7743);
#5848=LINE('',#7744,#7745);
#5849=VERTEX_POINT('',#7746);
#5850=LINE('',#7747,#7748);
#5851=LINE('',#7749,#7750);
#5852=LINE('',#7751,#7752);
#5853=VERTEX_POINT('',#7753);
#5854=VERTEX_POINT('',#7754);
#5855=LINE('',#7755,#7756);
#5856=VERTEX_POINT('',#7757);
#5857=LINE('',#7758,#7759);
#5858=VERTEX_POINT('',#7760);
#5859=LINE('',#7761,#7762);
#5860=VERTEX_POINT('',#7763);
#5861=LINE('',#7764,#7765);
#5862=VERTEX_POINT('',#7766);
#5863=LINE('',#7767,#7768);
#5864=LINE('',#7769,#7770);
#5865=LINE('',#7771,#7772);
#5866=LINE('',#7773,#7774);
#5867=LINE('',#7775,#7776);
#5868=LINE('',#7777,#7778);
#5869=LINE('',#7779,#7780);
#5870=LINE('',#7781,#7782);
#5871=CARTESIAN_POINT('',(-8.9,4.275,-4.63));
#5872=CARTESIAN_POINT('',(-8.9,4.275,-4.88));
#5873=CARTESIAN_POINT('',(-8.9,4.275,-4.755));
#5874=VECTOR('',#7783,1.0);
#5875=CARTESIAN_POINT('',(-8.0,4.029910128079,-4.63));
#5876=AXIS2_PLACEMENT_3D('',#7784,#7785,#7786);
#5877=CARTESIAN_POINT('',(-8.0,4.029910128079,-4.88));
#5878=CARTESIAN_POINT('',(-8.0,4.029910128079,-4.63));
#5879=VECTOR('',#7787,0.25);
#5880=AXIS2_PLACEMENT_3D('',#7788,#7789,#7790);
#5881=CARTESIAN_POINT('',(-8.9,0.725,-4.88));
#5882=CARTESIAN_POINT('',(-8.9,0.725,-4.63));
#5883=CARTESIAN_POINT('',(-8.9,0.725,-4.755));
#5884=VECTOR('',#7791,1.0);
#5885=CARTESIAN_POINT('',(-8.0,0.9700898719206,-4.88));
#5886=AXIS2_PLACEMENT_3D('',#7792,#7793,#7794);
#5887=CARTESIAN_POINT('',(-8.0,0.9700898719206,-4.63));
#5888=CARTESIAN_POINT('',(-8.0,0.9700898719206,-4.63));
#5889=VECTOR('',#7795,0.25);
#5890=AXIS2_PLACEMENT_3D('',#7796,#7797,#7798);
#5891=CARTESIAN_POINT('',(-8.9,1.320176407478,-5.73));
#5892=CARTESIAN_POINT('',(-8.9,1.022588203739,-5.305));
#5893=VECTOR('',#7799,1.0);
#5894=CARTESIAN_POINT('',(-8.595176407478,1.360234108725,-5.73));
#5895=AXIS2_PLACEMENT_3D('',#7800,#7801,#7802);
#5896=CARTESIAN_POINT('',(-8.595176407478,1.360234108725,-5.73));
#5897=CARTESIAN_POINT('',(-8.537526924723,1.31597651355,-5.647668006113));
#5898=CARTESIAN_POINT('',(-8.416530950687,1.228234034104,-5.47486784697));
#5899=CARTESIAN_POINT('',(-8.218016062532,1.098338745897,-5.191359205143));
#5900=CARTESIAN_POINT('',(-8.074531193959,1.012716424629,-4.986441576092));
#5901=CARTESIAN_POINT('',(-8.0,0.9700898719206,-4.88));
#5902=CARTESIAN_POINT('',(-8.9,3.679823592522,-5.73));
#5903=CARTESIAN_POINT('',(-8.9,3.977411796261,-5.305));
#5904=VECTOR('',#7803,1.0);
#5905=CARTESIAN_POINT('',(-8.595176407478,3.639765891275,-5.73));
#5906=CARTESIAN_POINT('',(-8.0,4.029910128079,-4.88));
#5907=CARTESIAN_POINT('',(-8.075051798808,3.98698582635,-4.98718507687));
#5908=CARTESIAN_POINT('',(-8.219220669546,3.900919948416,-5.193079562249));
#5909=CARTESIAN_POINT('',(-8.417629701452,3.77100028736,-5.476437025685));
#5910=CARTESIAN_POINT('',(-8.537990399585,3.683667676097,-5.648329916814));
#5911=CARTESIAN_POINT('',(-8.595176407478,3.639765891275,-5.73));
#5912=AXIS2_PLACEMENT_3D('',#7804,#7805,#7806);
#5913=CARTESIAN_POINT('',(8.9,0.725,-4.63));
#5914=CARTESIAN_POINT('',(8.9,0.725,-4.88));
#5915=CARTESIAN_POINT('',(8.9,0.725,-4.755));
#5916=VECTOR('',#7807,1.0);
#5917=CARTESIAN_POINT('',(8.0,0.9700898719206,-4.63));
#5918=AXIS2_PLACEMENT_3D('',#7808,#7809,#7810);
#5919=CARTESIAN_POINT('',(8.0,0.9700898719206,-4.88));
#5920=CARTESIAN_POINT('',(8.0,0.9700898719206,-4.63));
#5921=VECTOR('',#7811,0.25);
#5922=AXIS2_PLACEMENT_3D('',#7812,#7813,#7814);
#5923=CARTESIAN_POINT('',(8.9,4.275,-4.88));
#5924=CARTESIAN_POINT('',(8.9,4.275,-4.63));
#5925=CARTESIAN_POINT('',(8.9,4.275,-4.755));
#5926=VECTOR('',#7815,1.0);
#5927=CARTESIAN_POINT('',(8.0,4.029910128079,-4.88));
#5928=AXIS2_PLACEMENT_3D('',#7816,#7817,#7818);
#5929=CARTESIAN_POINT('',(8.0,4.029910128079,-4.63));
#5930=CARTESIAN_POINT('',(8.0,4.029910128079,-4.63));
#5931=VECTOR('',#7819,0.25);
#5932=AXIS2_PLACEMENT_3D('',#7820,#7821,#7822);
#5933=CARTESIAN_POINT('',(8.9,3.679823592522,-5.73));
#5934=CARTESIAN_POINT('',(8.9,3.977411796261,-5.305));
#5935=VECTOR('',#7823,1.0);
#5936=CARTESIAN_POINT('',(8.595176407478,3.639765891275,-5.73));
#5937=AXIS2_PLACEMENT_3D('',#7824,#7825,#7826);
#5938=CARTESIAN_POINT('',(8.595176407478,3.639765891275,-5.73));
#5939=CARTESIAN_POINT('',(8.537526924723,3.68402348645,-5.647668006113));
#5940=CARTESIAN_POINT('',(8.416530950687,3.771765965896,-5.47486784697));
#5941=CARTESIAN_POINT('',(8.218016062532,3.901661254103,-5.191359205143));
#5942=CARTESIAN_POINT('',(8.074531193959,3.987283575371,-4.986441576092));
#5943=CARTESIAN_POINT('',(8.0,4.029910128079,-4.88));
#5944=CARTESIAN_POINT('',(8.9,1.320176407478,-5.73));
#5945=CARTESIAN_POINT('',(8.9,1.022588203739,-5.305));
#5946=VECTOR('',#7827,1.0);
#5947=CARTESIAN_POINT('',(8.595176407478,1.360234108725,-5.73));
#5948=CARTESIAN_POINT('',(8.0,0.9700898719206,-4.88));
#5949=CARTESIAN_POINT('',(8.075051798808,1.01301417365,-4.98718507687));
#5950=CARTESIAN_POINT('',(8.219220669546,1.099080051584,-5.193079562249));
#5951=CARTESIAN_POINT('',(8.417629701452,1.22899971264,-5.476437025685));
#5952=CARTESIAN_POINT('',(8.537990399585,1.316332323903,-5.648329916814));
#5953=CARTESIAN_POINT('',(8.595176407478,1.360234108725,-5.73));
#5954=AXIS2_PLACEMENT_3D('',#7828,#7829,#7830);
#5955=CARTESIAN_POINT('',(-7.3,-2.3,0.0));
#5956=CARTESIAN_POINT('',(-7.3,-2.3,-2.03));
#5957=CARTESIAN_POINT('',(-7.3,-2.3,0.0));
#5958=VECTOR('',#7831,1.0);
#5959=CARTESIAN_POINT('',(-6.9,-1.9,0.0));
#5960=AXIS2_PLACEMENT_3D('',#7832,#7833,#7834);
#5961=CARTESIAN_POINT('',(-6.9,-1.9,-2.03));
#5962=CARTESIAN_POINT('',(-6.9,-1.9,-2.03));
#5963=VECTOR('',#7835,2.03);
#5964=AXIS2_PLACEMENT_3D('',#7836,#7837,#7838);
#5965=CARTESIAN_POINT('',(-6.9,-4.8,0.0));
#5966=CARTESIAN_POINT('',(6.9,-4.8,0.0));
#5967=CARTESIAN_POINT('',(-6.9,-4.8,0.0));
#5968=VECTOR('',#7839,13.8);
#5969=CARTESIAN_POINT('',(6.9,1.0,0.0));
#5970=CARTESIAN_POINT('',(6.9,-4.8,0.0));
#5971=VECTOR('',#7840,5.8);
#5972=CARTESIAN_POINT('',(7.4,1.5,0.0));
#5973=AXIS2_PLACEMENT_3D('',#7841,#7842,#7843);
#5974=CARTESIAN_POINT('',(7.615233484247,1.5,0.0));
#5975=CARTESIAN_POINT('',(7.4,1.5,0.0));
#5976=VECTOR('',#7844,0.215233484247);
#5977=CARTESIAN_POINT('',(7.940490830007,1.379746835443,0.0));
#5978=AXIS2_PLACEMENT_3D('',#7845,#7846,#7847);
#5979=CARTESIAN_POINT('',(9.8,1.331400410748,0.0));
#5980=AXIS2_PLACEMENT_3D('',#7848,#7849,#7850);
#5981=CARTESIAN_POINT('',(9.8,3.668599589252,0.0));
#5982=CARTESIAN_POINT('',(9.8,1.331400410748,0.0));
#5983=VECTOR('',#7851,2.337199178504);
#5984=CARTESIAN_POINT('',(7.940490830007,3.620253164557,0.0));
#5985=AXIS2_PLACEMENT_3D('',#7852,#7853,#7854);
#5986=CARTESIAN_POINT('',(7.615233484247,3.5,0.0));
#5987=AXIS2_PLACEMENT_3D('',#7855,#7856,#7857);
#5988=CARTESIAN_POINT('',(7.4,3.5,0.0));
#5989=CARTESIAN_POINT('',(7.615233484247,3.5,0.0));
#5990=VECTOR('',#7858,0.215233484247);
#5991=CARTESIAN_POINT('',(6.9,4.0,0.0));
#5992=AXIS2_PLACEMENT_3D('',#7859,#7860,#7861);
#5993=CARTESIAN_POINT('',(6.9,4.8,0.0));
#5994=CARTESIAN_POINT('',(6.9,4.0,0.0));
#5995=VECTOR('',#7862,0.8);
#5996=CARTESIAN_POINT('',(-6.9,4.8,0.0));
#5997=CARTESIAN_POINT('',(6.9,4.8,0.0));
#5998=VECTOR('',#7863,13.8);
#5999=CARTESIAN_POINT('',(-6.9,4.0,0.0));
#6000=CARTESIAN_POINT('',(-6.9,4.8,0.0));
#6001=VECTOR('',#7864,0.8);
#6002=CARTESIAN_POINT('',(-7.4,3.5,0.0));
#6003=AXIS2_PLACEMENT_3D('',#7865,#7866,#7867);
#6004=CARTESIAN_POINT('',(-7.615233484247,3.5,0.0));
#6005=CARTESIAN_POINT('',(-7.4,3.5,0.0));
#6006=VECTOR('',#7868,0.215233484247);
#6007=CARTESIAN_POINT('',(-7.940490830007,3.620253164557,0.0));
#6008=AXIS2_PLACEMENT_3D('',#7869,#7870,#7871);
#6009=CARTESIAN_POINT('',(-9.8,3.668599589252,0.0));
#6010=AXIS2_PLACEMENT_3D('',#7872,#7873,#7874);
#6011=CARTESIAN_POINT('',(-9.8,1.331400410748,0.0));
#6012=CARTESIAN_POINT('',(-9.8,3.668599589252,0.0));
#6013=VECTOR('',#7875,2.337199178504);
#6014=CARTESIAN_POINT('',(-7.940490830007,1.379746835443,0.0));
#6015=AXIS2_PLACEMENT_3D('',#7876,#7877,#7878);
#6016=CARTESIAN_POINT('',(-7.615233484247,1.5,0.0));
#6017=AXIS2_PLACEMENT_3D('',#7879,#7880,#7881);
#6018=CARTESIAN_POINT('',(-7.4,1.5,0.0));
#6019=CARTESIAN_POINT('',(-7.615233484247,1.5,0.0));
#6020=VECTOR('',#7882,0.215233484247);
#6021=CARTESIAN_POINT('',(-6.9,1.0,0.0));
#6022=AXIS2_PLACEMENT_3D('',#7883,#7884,#7885);
#6023=CARTESIAN_POINT('',(-6.9,1.0,0.0));
#6024=VECTOR('',#7886,2.9);
#6025=CARTESIAN_POINT('',(-6.9,-2.7,0.0));
#6026=AXIS2_PLACEMENT_3D('',#7887,#7888,#7889);
#6027=CARTESIAN_POINT('',(-6.9,-2.7,0.0));
#6028=VECTOR('',#7890,2.1);
#6029=CARTESIAN_POINT('',(-4.9,0.4,0.0));
#6030=CARTESIAN_POINT('',(-4.7,0.4,0.0));
#6031=CARTESIAN_POINT('',(-4.9,0.4,0.0));
#6032=VECTOR('',#7891,0.2);
#6033=CARTESIAN_POINT('',(-5.9,1.4,0.0));
#6034=CARTESIAN_POINT('',(-5.9,1.4,0.0));
#6035=VECTOR('',#7892,1.414213562373);
#6036=CARTESIAN_POINT('',(-5.9,3.8,0.0));
#6037=CARTESIAN_POINT('',(-5.9,3.8,0.0));
#6038=VECTOR('',#7893,2.4);
#6039=CARTESIAN_POINT('',(-2.5,3.8,0.0));
#6040=CARTESIAN_POINT('',(-2.5,3.8,0.0));
#6041=VECTOR('',#7894,3.4);
#6042=CARTESIAN_POINT('',(-2.5,1.4,0.0));
#6043=CARTESIAN_POINT('',(-2.5,1.4,0.0));
#6044=VECTOR('',#7895,2.4);
#6045=CARTESIAN_POINT('',(-3.5,0.4,0.0));
#6046=CARTESIAN_POINT('',(-3.5,0.4,0.0));
#6047=VECTOR('',#7896,1.414213562373);
#6048=CARTESIAN_POINT('',(-3.7,0.4,0.0));
#6049=CARTESIAN_POINT('',(-3.7,0.4,0.0));
#6050=VECTOR('',#7897,0.2);
#6051=CARTESIAN_POINT('',(-3.7,-0.4,0.0));
#6052=CARTESIAN_POINT('',(-3.7,-0.4,0.0));
#6053=VECTOR('',#7898,0.8);
#6054=CARTESIAN_POINT('',(-2.5,-0.4,0.0));
#6055=CARTESIAN_POINT('',(-2.5,-0.4,0.0));
#6056=VECTOR('',#7899,1.2);
#6057=CARTESIAN_POINT('',(-2.5,-3.8,0.0));
#6058=CARTESIAN_POINT('',(-2.5,-3.8,0.0));
#6059=VECTOR('',#7900,3.4);
#6060=CARTESIAN_POINT('',(-5.9,-3.8,0.0));
#6061=CARTESIAN_POINT('',(-5.9,-3.8,0.0));
#6062=VECTOR('',#7901,3.4);
#6063=CARTESIAN_POINT('',(-5.9,-0.4,0.0));
#6064=CARTESIAN_POINT('',(-5.9,-0.4,0.0));
#6065=VECTOR('',#7902,3.4);
#6066=CARTESIAN_POINT('',(-4.7,-0.4,0.0));
#6067=CARTESIAN_POINT('',(-4.7,-0.4,0.0));
#6068=VECTOR('',#7903,1.2);
#6069=CARTESIAN_POINT('',(-4.7,0.4,0.0));
#6070=VECTOR('',#7904,0.8);
#6071=CARTESIAN_POINT('',(-1.7,0.4,0.0));
#6072=CARTESIAN_POINT('',(-0.5,0.4,0.0));
#6073=CARTESIAN_POINT('',(-1.7,0.4,0.0));
#6074=VECTOR('',#7905,1.2);
#6075=CARTESIAN_POINT('',(-1.7,3.8,0.0));
#6076=CARTESIAN_POINT('',(-1.7,3.8,0.0));
#6077=VECTOR('',#7906,3.4);
#6078=CARTESIAN_POINT('',(1.7,3.8,0.0));
#6079=CARTESIAN_POINT('',(1.7,3.8,0.0));
#6080=VECTOR('',#7907,3.4);
#6081=CARTESIAN_POINT('',(1.7,0.4,0.0));
#6082=CARTESIAN_POINT('',(1.7,0.4,0.0));
#6083=VECTOR('',#7908,3.4);
#6084=CARTESIAN_POINT('',(0.5,0.4,0.0));
#6085=CARTESIAN_POINT('',(0.5,0.4,0.0));
#6086=VECTOR('',#7909,1.2);
#6087=CARTESIAN_POINT('',(0.5,-0.4,0.0));
#6088=CARTESIAN_POINT('',(0.5,-0.4,0.0));
#6089=VECTOR('',#7910,0.8);
#6090=CARTESIAN_POINT('',(1.7,-0.4,0.0));
#6091=CARTESIAN_POINT('',(1.7,-0.4,0.0));
#6092=VECTOR('',#7911,1.2);
#6093=CARTESIAN_POINT('',(1.7,-2.8,0.0));
#6094=CARTESIAN_POINT('',(1.7,-2.8,0.0));
#6095=VECTOR('',#7912,2.4);
#6096=CARTESIAN_POINT('',(0.7,-3.8,0.0));
#6097=CARTESIAN_POINT('',(0.7,-3.8,0.0));
#6098=VECTOR('',#7913,1.414213562373);
#6099=CARTESIAN_POINT('',(-0.7,-3.8,0.0));
#6100=CARTESIAN_POINT('',(-0.7,-3.8,0.0));
#6101=VECTOR('',#7914,1.4);
#6102=CARTESIAN_POINT('',(-1.7,-2.8,0.0));
#6103=CARTESIAN_POINT('',(-1.7,-2.8,0.0));
#6104=VECTOR('',#7915,1.414213562373);
#6105=CARTESIAN_POINT('',(-1.7,-0.4,0.0));
#6106=CARTESIAN_POINT('',(-1.7,-0.4,0.0));
#6107=VECTOR('',#7916,2.4);
#6108=CARTESIAN_POINT('',(-0.5,-0.4,0.0));
#6109=CARTESIAN_POINT('',(-0.5,-0.4,0.0));
#6110=VECTOR('',#7917,1.2);
#6111=CARTESIAN_POINT('',(-0.5,0.4,0.0));
#6112=VECTOR('',#7918,0.8);
#6113=CARTESIAN_POINT('',(2.5,0.4,0.0));
#6114=CARTESIAN_POINT('',(3.7,0.4,0.0));
#6115=CARTESIAN_POINT('',(2.5,0.4,0.0));
#6116=VECTOR('',#7919,1.2);
#6117=CARTESIAN_POINT('',(2.5,3.8,0.0));
#6118=CARTESIAN_POINT('',(2.5,3.8,0.0));
#6119=VECTOR('',#7920,3.4);
#6120=CARTESIAN_POINT('',(5.9,3.8,0.0));
#6121=CARTESIAN_POINT('',(5.9,3.8,0.0));
#6122=VECTOR('',#7921,3.4);
#6123=CARTESIAN_POINT('',(5.9,0.4,0.0));
#6124=CARTESIAN_POINT('',(5.9,0.4,0.0));
#6125=VECTOR('',#7922,3.4);
#6126=CARTESIAN_POINT('',(4.7,0.4,0.0));
#6127=CARTESIAN_POINT('',(4.7,0.4,0.0));
#6128=VECTOR('',#7923,1.2);
#6129=CARTESIAN_POINT('',(4.7,-0.4,0.0));
#6130=CARTESIAN_POINT('',(4.7,-0.4,0.0));
#6131=VECTOR('',#7924,0.8);
#6132=CARTESIAN_POINT('',(5.9,-0.4,0.0));
#6133=CARTESIAN_POINT('',(5.9,-0.4,0.0));
#6134=VECTOR('',#7925,1.2);
#6135=CARTESIAN_POINT('',(5.9,-2.8,0.0));
#6136=CARTESIAN_POINT('',(5.9,-2.8,0.0));
#6137=VECTOR('',#7926,2.4);
#6138=CARTESIAN_POINT('',(4.9,-3.8,0.0));
#6139=CARTESIAN_POINT('',(4.9,-3.8,0.0));
#6140=VECTOR('',#7927,1.414213562373);
#6141=CARTESIAN_POINT('',(3.5,-3.8,0.0));
#6142=CARTESIAN_POINT('',(3.5,-3.8,0.0));
#6143=VECTOR('',#7928,1.4);
#6144=CARTESIAN_POINT('',(2.5,-2.8,0.0));
#6145=CARTESIAN_POINT('',(2.5,-2.8,0.0));
#6146=VECTOR('',#7929,1.414213562373);
#6147=CARTESIAN_POINT('',(2.5,-0.4,0.0));
#6148=CARTESIAN_POINT('',(2.5,-0.4,0.0));
#6149=VECTOR('',#7930,2.4);
#6150=CARTESIAN_POINT('',(3.7,-0.4,0.0));
#6151=CARTESIAN_POINT('',(3.7,-0.4,0.0));
#6152=VECTOR('',#7931,1.2);
#6153=CARTESIAN_POINT('',(3.7,0.4,0.0));
#6154=VECTOR('',#7932,0.8);
#6155=CARTESIAN_POINT('',(-6.9,1.8,-2.03));
#6156=CARTESIAN_POINT('',(-6.9,4.0,-2.03));
#6157=CARTESIAN_POINT('',(-6.9,1.8,-2.03));
#6158=VECTOR('',#7933,2.2);
#6159=CARTESIAN_POINT('',(-6.9,4.0,0.0));
#6160=VECTOR('',#7934,2.03);
#6161=CARTESIAN_POINT('',(-6.9,4.8,-2.43));
#6162=CARTESIAN_POINT('',(-6.9,4.8,0.0));
#6163=VECTOR('',#7935,2.43);
#6164=CARTESIAN_POINT('',(-6.9,1.8,-2.43));
#6165=CARTESIAN_POINT('',(-6.9,1.8,-2.43));
#6166=VECTOR('',#7936,3.0);
#6167=CARTESIAN_POINT('',(-6.9,1.8,-2.43));
#6168=VECTOR('',#7937,0.4);
#6169=CARTESIAN_POINT('',(-6.9,1.0,-2.03));
#6170=CARTESIAN_POINT('',(-6.9,1.0,-2.03));
#6171=VECTOR('',#7938,2.03);
#6172=CARTESIAN_POINT('',(-6.9,1.0,-2.03));
#6173=VECTOR('',#7939,2.9);
#6174=CARTESIAN_POINT('',(-6.9,-2.7,-2.03));
#6175=CARTESIAN_POINT('',(-6.9,-3.8,-2.03));
#6176=CARTESIAN_POINT('',(-6.9,-2.7,-2.03));
#6177=VECTOR('',#7940,1.1);
#6178=CARTESIAN_POINT('',(-6.9,-3.8,-2.43));
#6179=CARTESIAN_POINT('',(-6.9,-3.8,-2.43));
#6180=VECTOR('',#7941,0.4);
#6181=CARTESIAN_POINT('',(-6.9,-4.8,-2.43));
#6182=CARTESIAN_POINT('',(-6.9,-4.8,-2.43));
#6183=VECTOR('',#7942,1.0);
#6184=CARTESIAN_POINT('',(-6.9,-4.8,0.0));
#6185=VECTOR('',#7943,2.43);
#6186=CARTESIAN_POINT('',(-6.9,-2.7,-2.03));
#6187=VECTOR('',#7944,2.03);
#6188=CARTESIAN_POINT('',(-5.645,1.8,-2.03));
#6189=CARTESIAN_POINT('',(-5.645,1.8,-2.03));
#6190=VECTOR('',#7945,1.255);
#6191=CARTESIAN_POINT('',(-5.645,1.8,-2.43));
#6192=CARTESIAN_POINT('',(-6.9,1.8,-2.43));
#6193=VECTOR('',#7946,1.255);
#6194=CARTESIAN_POINT('',(-5.645,1.8,-2.43));
#6195=VECTOR('',#7947,0.4);
#6196=CARTESIAN_POINT('',(-1.445,1.8,-2.03));
#6197=CARTESIAN_POINT('',(-2.755,1.8,-2.03));
#6198=CARTESIAN_POINT('',(-1.445,1.8,-2.03));
#6199=VECTOR('',#7948,1.31);
#6200=CARTESIAN_POINT('',(-2.755,1.8,-2.43));
#6201=CARTESIAN_POINT('',(-2.755,1.8,-2.43));
#6202=VECTOR('',#7949,0.4);
#6203=CARTESIAN_POINT('',(-1.445,1.8,-2.43));
#6204=CARTESIAN_POINT('',(-2.755,1.8,-2.43));
#6205=VECTOR('',#7950,1.31);
#6206=CARTESIAN_POINT('',(-1.445,1.8,-2.43));
#6207=VECTOR('',#7951,0.4);
#6208=CARTESIAN_POINT('',(2.755,1.8,-2.03));
#6209=CARTESIAN_POINT('',(1.445,1.8,-2.03));
#6210=CARTESIAN_POINT('',(2.755,1.8,-2.03));
#6211=VECTOR('',#7952,1.31);
#6212=CARTESIAN_POINT('',(1.445,1.8,-2.43));
#6213=CARTESIAN_POINT('',(1.445,1.8,-2.43));
#6214=VECTOR('',#7953,0.4);
#6215=CARTESIAN_POINT('',(2.755,1.8,-2.43));
#6216=CARTESIAN_POINT('',(1.445,1.8,-2.43));
#6217=VECTOR('',#7954,1.31);
#6218=CARTESIAN_POINT('',(2.755,1.8,-2.43));
#6219=VECTOR('',#7955,0.4);
#6220=CARTESIAN_POINT('',(5.645,1.8,-2.43));
#6221=CARTESIAN_POINT('',(6.9,1.8,-2.43));
#6222=CARTESIAN_POINT('',(5.645,1.8,-2.43));
#6223=VECTOR('',#7956,1.255);
#6224=CARTESIAN_POINT('',(6.9,1.8,-2.03));
#6225=CARTESIAN_POINT('',(6.9,1.8,-2.43));
#6226=VECTOR('',#7957,0.4);
#6227=CARTESIAN_POINT('',(5.645,1.8,-2.03));
#6228=CARTESIAN_POINT('',(6.9,1.8,-2.03));
#6229=VECTOR('',#7958,1.255);
#6230=CARTESIAN_POINT('',(5.645,1.8,-2.43));
#6231=VECTOR('',#7959,0.4);
#6232=CARTESIAN_POINT('',(-5.645,-3.8,-2.03));
#6233=CARTESIAN_POINT('',(-5.645,-3.8,-2.43));
#6234=CARTESIAN_POINT('',(-5.645,-3.8,-2.03));
#6235=VECTOR('',#7960,0.4);
#6236=CARTESIAN_POINT('',(-5.645,-4.8,-2.03));
#6237=CARTESIAN_POINT('',(-5.645,-4.8,-2.03));
#6238=VECTOR('',#7961,1.0);
#6239=CARTESIAN_POINT('',(-5.645,-4.8,-2.43));
#6240=CARTESIAN_POINT('',(-5.645,-4.8,-2.43));
#6241=VECTOR('',#7962,0.4);
#6242=CARTESIAN_POINT('',(-5.645,-4.8,-2.43));
#6243=VECTOR('',#7963,1.0);
#6244=CARTESIAN_POINT('',(-5.645,4.8,-2.43));
#6245=CARTESIAN_POINT('',(-5.645,4.8,-2.03));
#6246=CARTESIAN_POINT('',(-5.645,4.8,-2.43));
#6247=VECTOR('',#7964,0.4);
#6248=CARTESIAN_POINT('',(-5.645,1.8,-2.03));
#6249=VECTOR('',#7965,3.0);
#6250=CARTESIAN_POINT('',(-5.645,1.8,-2.43));
#6251=VECTOR('',#7966,3.0);
#6252=CARTESIAN_POINT('',(-6.9,-4.8,-2.43));
#6253=VECTOR('',#7967,1.255);
#6254=CARTESIAN_POINT('',(-6.9,-3.8,-2.43));
#6255=VECTOR('',#7968,1.255);
#6256=CARTESIAN_POINT('',(-5.645,4.8,-2.43));
#6257=VECTOR('',#7969,1.255);
#6258=CARTESIAN_POINT('',(-2.755,-4.8,-2.43));
#6259=CARTESIAN_POINT('',(-1.445,-4.8,-2.43));
#6260=CARTESIAN_POINT('',(-2.755,-4.8,-2.43));
#6261=VECTOR('',#7970,1.31);
#6262=CARTESIAN_POINT('',(-2.755,-3.8,-2.43));
#6263=CARTESIAN_POINT('',(-2.755,-4.8,-2.43));
#6264=VECTOR('',#7971,1.0);
#6265=CARTESIAN_POINT('',(-1.445,-3.8,-2.43));
#6266=CARTESIAN_POINT('',(-2.755,-3.8,-2.43));
#6267=VECTOR('',#7972,1.31);
#6268=CARTESIAN_POINT('',(-1.445,-4.8,-2.43));
#6269=VECTOR('',#7973,1.0);
#6270=CARTESIAN_POINT('',(-2.755,4.8,-2.43));
#6271=CARTESIAN_POINT('',(-2.755,1.8,-2.43));
#6272=VECTOR('',#7974,3.0);
#6273=CARTESIAN_POINT('',(-1.445,4.8,-2.43));
#6274=CARTESIAN_POINT('',(-1.445,4.8,-2.43));
#6275=VECTOR('',#7975,1.31);
#6276=CARTESIAN_POINT('',(-1.445,1.8,-2.43));
#6277=VECTOR('',#7976,3.0);
#6278=CARTESIAN_POINT('',(1.445,-4.8,-2.43));
#6279=CARTESIAN_POINT('',(2.755,-4.8,-2.43));
#6280=CARTESIAN_POINT('',(1.445,-4.8,-2.43));
#6281=VECTOR('',#7977,1.31);
#6282=CARTESIAN_POINT('',(1.445,-3.8,-2.43));
#6283=CARTESIAN_POINT('',(1.445,-4.8,-2.43));
#6284=VECTOR('',#7978,1.0);
#6285=CARTESIAN_POINT('',(2.755,-3.8,-2.43));
#6286=CARTESIAN_POINT('',(1.445,-3.8,-2.43));
#6287=VECTOR('',#7979,1.31);
#6288=CARTESIAN_POINT('',(2.755,-4.8,-2.43));
#6289=VECTOR('',#7980,1.0);
#6290=CARTESIAN_POINT('',(1.445,4.8,-2.43));
#6291=CARTESIAN_POINT('',(1.445,1.8,-2.43));
#6292=VECTOR('',#7981,3.0);
#6293=CARTESIAN_POINT('',(2.755,4.8,-2.43));
#6294=CARTESIAN_POINT('',(2.755,4.8,-2.43));
#6295=VECTOR('',#7982,1.31);
#6296=CARTESIAN_POINT('',(2.755,1.8,-2.43));
#6297=VECTOR('',#7983,3.0);
#6298=CARTESIAN_POINT('',(5.645,-3.8,-2.43));
#6299=CARTESIAN_POINT('',(6.9,-3.8,-2.43));
#6300=CARTESIAN_POINT('',(5.645,-3.8,-2.43));
#6301=VECTOR('',#7984,1.255);
#6302=CARTESIAN_POINT('',(6.9,-4.8,-2.43));
#6303=CARTESIAN_POINT('',(6.9,-3.8,-2.43));
#6304=VECTOR('',#7985,1.0);
#6305=CARTESIAN_POINT('',(5.645,-4.8,-2.43));
#6306=CARTESIAN_POINT('',(5.645,-4.8,-2.43));
#6307=VECTOR('',#7986,1.255);
#6308=CARTESIAN_POINT('',(5.645,-4.8,-2.43));
#6309=VECTOR('',#7987,1.0);
#6310=CARTESIAN_POINT('',(6.9,4.8,-2.43));
#6311=CARTESIAN_POINT('',(5.645,4.8,-2.43));
#6312=CARTESIAN_POINT('',(6.9,4.8,-2.43));
#6313=VECTOR('',#7988,1.255);
#6314=CARTESIAN_POINT('',(6.9,4.8,-2.43));
#6315=VECTOR('',#7989,3.0);
#6316=CARTESIAN_POINT('',(5.645,1.8,-2.43));
#6317=VECTOR('',#7990,3.0);
#6318=CARTESIAN_POINT('',(-5.645,-3.8,-2.03));
#6319=VECTOR('',#7991,1.255);
#6320=CARTESIAN_POINT('',(-2.755,-3.8,-2.03));
#6321=CARTESIAN_POINT('',(-2.755,-3.8,-2.03));
#6322=VECTOR('',#7992,0.4);
#6323=CARTESIAN_POINT('',(-1.445,-3.8,-2.03));
#6324=CARTESIAN_POINT('',(-1.445,-3.8,-2.03));
#6325=VECTOR('',#7993,1.31);
#6326=CARTESIAN_POINT('',(-1.445,-3.8,-2.03));
#6327=VECTOR('',#7994,0.4);
#6328=CARTESIAN_POINT('',(1.445,-3.8,-2.03));
#6329=CARTESIAN_POINT('',(1.445,-3.8,-2.03));
#6330=VECTOR('',#7995,0.4);
#6331=CARTESIAN_POINT('',(2.755,-3.8,-2.03));
#6332=CARTESIAN_POINT('',(2.755,-3.8,-2.03));
#6333=VECTOR('',#7996,1.31);
#6334=CARTESIAN_POINT('',(2.755,-3.8,-2.03));
#6335=VECTOR('',#7997,0.4);
#6336=CARTESIAN_POINT('',(6.9,-3.8,-2.03));
#6337=CARTESIAN_POINT('',(5.645,-3.8,-2.03));
#6338=CARTESIAN_POINT('',(6.9,-3.8,-2.03));
#6339=VECTOR('',#7998,1.255);
#6340=CARTESIAN_POINT('',(6.9,-3.8,-2.43));
#6341=VECTOR('',#7999,0.4);
#6342=CARTESIAN_POINT('',(5.645,-3.8,-2.03));
#6343=VECTOR('',#8000,0.4);
#6344=CARTESIAN_POINT('',(-7.4,1.5,-2.03));
#6345=AXIS2_PLACEMENT_3D('',#8001,#8002,#8003);
#6346=CARTESIAN_POINT('',(-7.615233484247,1.5,-2.03));
#6347=CARTESIAN_POINT('',(-7.615233484247,1.5,-2.03));
#6348=VECTOR('',#8004,0.215233484247);
#6349=CARTESIAN_POINT('',(-7.940490830007,1.379746835443,-2.03));
#6350=AXIS2_PLACEMENT_3D('',#8005,#8006,#8007);
#6351=CARTESIAN_POINT('',(-8.000002558943,1.331397454593,-2.03));
#6352=AXIS2_PLACEMENT_3D('',#8008,#8009,#8010);
#6353=CARTESIAN_POINT('',(-8.0,2.2,-2.03));
#6354=CARTESIAN_POINT('',(-8.000002558943,1.331397454593,-2.03));
#6355=VECTOR('',#8011,0.8686025454105);
#6356=CARTESIAN_POINT('',(-8.0,2.8,-2.03));
#6357=CARTESIAN_POINT('',(-8.0,2.2,-2.03));
#6358=VECTOR('',#8012,0.6);
#6359=CARTESIAN_POINT('',(-8.000002558943,3.668602545407,-2.03));
#6360=CARTESIAN_POINT('',(-8.0,2.8,-2.03));
#6361=VECTOR('',#8013,0.8686025454106);
#6362=CARTESIAN_POINT('',(-7.940490830007,3.620253164557,-2.03));
#6363=AXIS2_PLACEMENT_3D('',#8014,#8015,#8016);
#6364=CARTESIAN_POINT('',(-7.615233484247,3.5,-2.03));
#6365=AXIS2_PLACEMENT_3D('',#8017,#8018,#8019);
#6366=CARTESIAN_POINT('',(-7.4,3.5,-2.03));
#6367=CARTESIAN_POINT('',(-7.4,3.5,-2.03));
#6368=VECTOR('',#8020,0.215233484247);
#6369=AXIS2_PLACEMENT_3D('',#8021,#8022,#8023);
#6370=CARTESIAN_POINT('',(-2.755,4.8,-2.03));
#6371=CARTESIAN_POINT('',(-2.755,4.8,-2.03));
#6372=VECTOR('',#8024,2.89);
#6373=CARTESIAN_POINT('',(-2.755,1.8,-2.03));
#6374=VECTOR('',#8025,3.0);
#6375=CARTESIAN_POINT('',(-1.445,4.8,-2.03));
#6376=CARTESIAN_POINT('',(-1.445,1.8,-2.03));
#6377=VECTOR('',#8026,3.0);
#6378=CARTESIAN_POINT('',(1.445,4.8,-2.03));
#6379=CARTESIAN_POINT('',(1.445,4.8,-2.03));
#6380=VECTOR('',#8027,2.89);
#6381=CARTESIAN_POINT('',(1.445,1.8,-2.03));
#6382=VECTOR('',#8028,3.0);
#6383=CARTESIAN_POINT('',(2.755,4.8,-2.03));
#6384=CARTESIAN_POINT('',(2.755,1.8,-2.03));
#6385=VECTOR('',#8029,3.0);
#6386=CARTESIAN_POINT('',(5.645,4.8,-2.03));
#6387=CARTESIAN_POINT('',(5.645,4.8,-2.03));
#6388=VECTOR('',#8030,2.89);
#6389=CARTESIAN_POINT('',(5.645,1.8,-2.03));
#6390=VECTOR('',#8031,3.0);
#6391=CARTESIAN_POINT('',(6.9,4.0,-2.03));
#6392=CARTESIAN_POINT('',(6.9,4.0,-2.03));
#6393=VECTOR('',#8032,2.2);
#6394=CARTESIAN_POINT('',(7.4,3.5,-2.03));
#6395=AXIS2_PLACEMENT_3D('',#8033,#8034,#8035);
#6396=CARTESIAN_POINT('',(7.615233484247,3.5,-2.03));
#6397=CARTESIAN_POINT('',(7.615233484247,3.5,-2.03));
#6398=VECTOR('',#8036,0.215233484247);
#6399=CARTESIAN_POINT('',(7.940490830007,3.620253164557,-2.03));
#6400=AXIS2_PLACEMENT_3D('',#8037,#8038,#8039);
#6401=CARTESIAN_POINT('',(8.0,3.668599589252,-2.03));
#6402=AXIS2_PLACEMENT_3D('',#8040,#8041,#8042);
#6403=CARTESIAN_POINT('',(8.0,2.8,-2.03));
#6404=CARTESIAN_POINT('',(8.0,3.668599589252,-2.03));
#6405=VECTOR('',#8043,0.868599589252);
#6406=CARTESIAN_POINT('',(8.0,2.2,-2.03));
#6407=CARTESIAN_POINT('',(8.0,2.8,-2.03));
#6408=VECTOR('',#8044,0.6);
#6409=CARTESIAN_POINT('',(8.0,1.331400410748,-2.03));
#6410=CARTESIAN_POINT('',(8.0,2.2,-2.03));
#6411=VECTOR('',#8045,0.868599589252);
#6412=CARTESIAN_POINT('',(7.940490830007,1.379746835443,-2.03));
#6413=AXIS2_PLACEMENT_3D('',#8046,#8047,#8048);
#6414=CARTESIAN_POINT('',(7.615233484247,1.5,-2.03));
#6415=AXIS2_PLACEMENT_3D('',#8049,#8050,#8051);
#6416=CARTESIAN_POINT('',(7.4,1.5,-2.03));
#6417=CARTESIAN_POINT('',(7.4,1.5,-2.03));
#6418=VECTOR('',#8052,0.215233484247);
#6419=CARTESIAN_POINT('',(6.9,1.0,-2.03));
#6420=AXIS2_PLACEMENT_3D('',#8053,#8054,#8055);
#6421=CARTESIAN_POINT('',(6.9,1.0,-2.03));
#6422=VECTOR('',#8056,4.8);
#6423=CARTESIAN_POINT('',(5.645,-4.8,-2.03));
#6424=CARTESIAN_POINT('',(5.645,-4.8,-2.03));
#6425=VECTOR('',#8057,1.0);
#6426=CARTESIAN_POINT('',(2.755,-4.8,-2.03));
#6427=CARTESIAN_POINT('',(5.645,-4.8,-2.03));
#6428=VECTOR('',#8058,2.89);
#6429=CARTESIAN_POINT('',(2.755,-4.8,-2.03));
#6430=VECTOR('',#8059,1.0);
#6431=CARTESIAN_POINT('',(1.445,-4.8,-2.03));
#6432=CARTESIAN_POINT('',(1.445,-4.8,-2.03));
#6433=VECTOR('',#8060,1.0);
#6434=CARTESIAN_POINT('',(-1.445,-4.8,-2.03));
#6435=CARTESIAN_POINT('',(1.445,-4.8,-2.03));
#6436=VECTOR('',#8061,2.89);
#6437=CARTESIAN_POINT('',(-1.445,-4.8,-2.03));
#6438=VECTOR('',#8062,1.0);
#6439=CARTESIAN_POINT('',(-2.755,-4.8,-2.03));
#6440=CARTESIAN_POINT('',(-2.755,-4.8,-2.03));
#6441=VECTOR('',#8063,1.0);
#6442=CARTESIAN_POINT('',(-2.755,-4.8,-2.03));
#6443=VECTOR('',#8064,2.89);
#6444=AXIS2_PLACEMENT_3D('',#8065,#8066,#8067);
#6445=CARTESIAN_POINT('',(-3.64,1.65,-2.03));
#6446=CARTESIAN_POINT('',(-4.76,1.65,-2.03));
#6447=CARTESIAN_POINT('',(-3.64,1.65,-2.03));
#6448=VECTOR('',#8068,1.12);
#6449=CARTESIAN_POINT('',(-3.64,2.15,-2.03));
#6450=CARTESIAN_POINT('',(-3.64,2.15,-2.03));
#6451=VECTOR('',#8069,0.5);
#6452=CARTESIAN_POINT('',(-4.76,2.15,-2.03));
#6453=CARTESIAN_POINT('',(-4.76,2.15,-2.03));
#6454=VECTOR('',#8070,1.12);
#6455=CARTESIAN_POINT('',(-4.76,1.65,-2.03));
#6456=VECTOR('',#8071,0.5);
#6457=CARTESIAN_POINT('',(0.56,-3.85,-2.03));
#6458=CARTESIAN_POINT('',(-0.56,-3.85,-2.03));
#6459=CARTESIAN_POINT('',(0.56,-3.85,-2.03));
#6460=VECTOR('',#8072,1.12);
#6461=CARTESIAN_POINT('',(0.56,-3.35,-2.03));
#6462=CARTESIAN_POINT('',(0.56,-3.35,-2.03));
#6463=VECTOR('',#8073,0.5);
#6464=CARTESIAN_POINT('',(-0.56,-3.35,-2.03));
#6465=CARTESIAN_POINT('',(-0.56,-3.35,-2.03));
#6466=VECTOR('',#8074,1.12);
#6467=CARTESIAN_POINT('',(-0.56,-3.85,-2.03));
#6468=VECTOR('',#8075,0.5);
#6469=CARTESIAN_POINT('',(0.56,1.65,-2.03));
#6470=CARTESIAN_POINT('',(-0.56,1.65,-2.03));
#6471=CARTESIAN_POINT('',(0.56,1.65,-2.03));
#6472=VECTOR('',#8076,1.12);
#6473=CARTESIAN_POINT('',(0.56,2.15,-2.03));
#6474=CARTESIAN_POINT('',(0.56,2.15,-2.03));
#6475=VECTOR('',#8077,0.5);
#6476=CARTESIAN_POINT('',(-0.56,2.15,-2.03));
#6477=CARTESIAN_POINT('',(-0.56,2.15,-2.03));
#6478=VECTOR('',#8078,1.12);
#6479=CARTESIAN_POINT('',(-0.56,1.65,-2.03));
#6480=VECTOR('',#8079,0.5);
#6481=CARTESIAN_POINT('',(4.76,-3.85,-2.03));
#6482=CARTESIAN_POINT('',(3.64,-3.85,-2.03));
#6483=CARTESIAN_POINT('',(4.76,-3.85,-2.03));
#6484=VECTOR('',#8080,1.12);
#6485=CARTESIAN_POINT('',(4.76,-3.35,-2.03));
#6486=CARTESIAN_POINT('',(4.76,-3.35,-2.03));
#6487=VECTOR('',#8081,0.5);
#6488=CARTESIAN_POINT('',(3.64,-3.35,-2.03));
#6489=CARTESIAN_POINT('',(3.64,-3.35,-2.03));
#6490=VECTOR('',#8082,1.12);
#6491=CARTESIAN_POINT('',(3.64,-3.85,-2.03));
#6492=VECTOR('',#8083,0.5);
#6493=CARTESIAN_POINT('',(4.76,1.65,-2.03));
#6494=CARTESIAN_POINT('',(3.64,1.65,-2.03));
#6495=CARTESIAN_POINT('',(4.76,1.65,-2.03));
#6496=VECTOR('',#8084,1.12);
#6497=CARTESIAN_POINT('',(4.76,2.15,-2.03));
#6498=CARTESIAN_POINT('',(4.76,2.15,-2.03));
#6499=VECTOR('',#8085,0.5);
#6500=CARTESIAN_POINT('',(3.64,2.15,-2.03));
#6501=CARTESIAN_POINT('',(3.64,2.15,-2.03));
#6502=VECTOR('',#8086,1.12);
#6503=CARTESIAN_POINT('',(3.64,1.65,-2.03));
#6504=VECTOR('',#8087,0.5);
#6505=CARTESIAN_POINT('',(-3.64,-3.85,-2.03));
#6506=CARTESIAN_POINT('',(-4.76,-3.85,-2.03));
#6507=CARTESIAN_POINT('',(-3.64,-3.85,-2.03));
#6508=VECTOR('',#8088,1.12);
#6509=CARTESIAN_POINT('',(-3.64,-3.35,-2.03));
#6510=CARTESIAN_POINT('',(-3.64,-3.35,-2.03));
#6511=VECTOR('',#8089,0.5);
#6512=CARTESIAN_POINT('',(-4.76,-3.35,-2.03));
#6513=CARTESIAN_POINT('',(-4.76,-3.35,-2.03));
#6514=VECTOR('',#8090,1.12);
#6515=CARTESIAN_POINT('',(-4.76,-3.85,-2.03));
#6516=VECTOR('',#8091,0.5);
#6517=CARTESIAN_POINT('',(-3.55,-0.68,-2.03));
#6518=CARTESIAN_POINT('',(-3.35,-0.68,-2.03));
#6519=CARTESIAN_POINT('',(-3.55,-0.68,-2.03));
#6520=VECTOR('',#8092,0.2);
#6521=CARTESIAN_POINT('',(-3.55,-1.8,-2.03));
#6522=CARTESIAN_POINT('',(-3.55,-1.8,-2.03));
#6523=VECTOR('',#8093,1.12);
#6524=CARTESIAN_POINT('',(-3.35,-1.8,-2.03));
#6525=CARTESIAN_POINT('',(-3.35,-1.8,-2.03));
#6526=VECTOR('',#8094,0.2);
#6527=CARTESIAN_POINT('',(-3.35,-0.68,-2.03));
#6528=VECTOR('',#8095,1.12);
#6529=CARTESIAN_POINT('',(-5.05,-1.8,-2.03));
#6530=CARTESIAN_POINT('',(-5.05,-0.68,-2.03));
#6531=CARTESIAN_POINT('',(-5.05,-1.8,-2.03));
#6532=VECTOR('',#8096,1.12);
#6533=CARTESIAN_POINT('',(-4.85,-1.8,-2.03));
#6534=CARTESIAN_POINT('',(-4.85,-1.8,-2.03));
#6535=VECTOR('',#8097,0.2);
#6536=CARTESIAN_POINT('',(-4.85,-0.68,-2.03));
#6537=CARTESIAN_POINT('',(-4.85,-0.68,-2.03));
#6538=VECTOR('',#8098,1.12);
#6539=CARTESIAN_POINT('',(-5.05,-0.68,-2.03));
#6540=VECTOR('',#8099,0.2);
#6541=CARTESIAN_POINT('',(-3.35,3.5,-2.03));
#6542=CARTESIAN_POINT('',(-3.35,2.38,-2.03));
#6543=CARTESIAN_POINT('',(-3.35,3.5,-2.03));
#6544=VECTOR('',#8100,1.12);
#6545=CARTESIAN_POINT('',(-3.55,3.5,-2.03));
#6546=CARTESIAN_POINT('',(-3.55,3.5,-2.03));
#6547=VECTOR('',#8101,0.2);
#6548=CARTESIAN_POINT('',(-3.55,2.38,-2.03));
#6549=CARTESIAN_POINT('',(-3.55,2.38,-2.03));
#6550=VECTOR('',#8102,1.12);
#6551=CARTESIAN_POINT('',(-3.35,2.38,-2.03));
#6552=VECTOR('',#8103,0.2);
#6553=CARTESIAN_POINT('',(-4.85,2.38,-2.03));
#6554=CARTESIAN_POINT('',(-5.05,2.38,-2.03));
#6555=CARTESIAN_POINT('',(-4.85,2.38,-2.03));
#6556=VECTOR('',#8104,0.2);
#6557=CARTESIAN_POINT('',(-4.85,3.5,-2.03));
#6558=CARTESIAN_POINT('',(-4.85,3.5,-2.03));
#6559=VECTOR('',#8105,1.12);
#6560=CARTESIAN_POINT('',(-5.05,3.5,-2.03));
#6561=CARTESIAN_POINT('',(-5.05,3.5,-2.03));
#6562=VECTOR('',#8106,0.2);
#6563=CARTESIAN_POINT('',(-5.05,2.38,-2.03));
#6564=VECTOR('',#8107,1.12);
#6565=CARTESIAN_POINT('',(0.65,-0.68,-2.03));
#6566=CARTESIAN_POINT('',(0.85,-0.68,-2.03));
#6567=CARTESIAN_POINT('',(0.65,-0.68,-2.03));
#6568=VECTOR('',#8108,0.2);
#6569=CARTESIAN_POINT('',(0.65,-1.8,-2.03));
#6570=CARTESIAN_POINT('',(0.65,-1.8,-2.03));
#6571=VECTOR('',#8109,1.12);
#6572=CARTESIAN_POINT('',(0.85,-1.8,-2.03));
#6573=CARTESIAN_POINT('',(0.85,-1.8,-2.03));
#6574=VECTOR('',#8110,0.2);
#6575=CARTESIAN_POINT('',(0.85,-0.68,-2.03));
#6576=VECTOR('',#8111,1.12);
#6577=CARTESIAN_POINT('',(-0.85,-1.8,-2.03));
#6578=CARTESIAN_POINT('',(-0.85,-0.68,-2.03));
#6579=CARTESIAN_POINT('',(-0.85,-1.8,-2.03));
#6580=VECTOR('',#8112,1.12);
#6581=CARTESIAN_POINT('',(-0.65,-1.8,-2.03));
#6582=CARTESIAN_POINT('',(-0.65,-1.8,-2.03));
#6583=VECTOR('',#8113,0.2);
#6584=CARTESIAN_POINT('',(-0.65,-0.68,-2.03));
#6585=CARTESIAN_POINT('',(-0.65,-0.68,-2.03));
#6586=VECTOR('',#8114,1.12);
#6587=CARTESIAN_POINT('',(-0.85,-0.68,-2.03));
#6588=VECTOR('',#8115,0.2);
#6589=CARTESIAN_POINT('',(0.85,3.5,-2.03));
#6590=CARTESIAN_POINT('',(0.85,2.38,-2.03));
#6591=CARTESIAN_POINT('',(0.85,3.5,-2.03));
#6592=VECTOR('',#8116,1.12);
#6593=CARTESIAN_POINT('',(0.65,3.5,-2.03));
#6594=CARTESIAN_POINT('',(0.65,3.5,-2.03));
#6595=VECTOR('',#8117,0.2);
#6596=CARTESIAN_POINT('',(0.65,2.38,-2.03));
#6597=CARTESIAN_POINT('',(0.65,2.38,-2.03));
#6598=VECTOR('',#8118,1.12);
#6599=CARTESIAN_POINT('',(0.85,2.38,-2.03));
#6600=VECTOR('',#8119,0.2);
#6601=CARTESIAN_POINT('',(-0.65,2.38,-2.03));
#6602=CARTESIAN_POINT('',(-0.85,2.38,-2.03));
#6603=CARTESIAN_POINT('',(-0.65,2.38,-2.03));
#6604=VECTOR('',#8120,0.2);
#6605=CARTESIAN_POINT('',(-0.65,3.5,-2.03));
#6606=CARTESIAN_POINT('',(-0.65,3.5,-2.03));
#6607=VECTOR('',#8121,1.12);
#6608=CARTESIAN_POINT('',(-0.85,3.5,-2.03));
#6609=CARTESIAN_POINT('',(-0.85,3.5,-2.03));
#6610=VECTOR('',#8122,0.2);
#6611=CARTESIAN_POINT('',(-0.85,2.38,-2.03));
#6612=VECTOR('',#8123,1.12);
#6613=CARTESIAN_POINT('',(4.85,-0.68,-2.03));
#6614=CARTESIAN_POINT('',(5.05,-0.68,-2.03));
#6615=CARTESIAN_POINT('',(4.85,-0.68,-2.03));
#6616=VECTOR('',#8124,0.2);
#6617=CARTESIAN_POINT('',(4.85,-1.8,-2.03));
#6618=CARTESIAN_POINT('',(4.85,-1.8,-2.03));
#6619=VECTOR('',#8125,1.12);
#6620=CARTESIAN_POINT('',(5.05,-1.8,-2.03));
#6621=CARTESIAN_POINT('',(5.05,-1.8,-2.03));
#6622=VECTOR('',#8126,0.2);
#6623=CARTESIAN_POINT('',(5.05,-0.68,-2.03));
#6624=VECTOR('',#8127,1.12);
#6625=CARTESIAN_POINT('',(3.35,-1.8,-2.03));
#6626=CARTESIAN_POINT('',(3.35,-0.68,-2.03));
#6627=CARTESIAN_POINT('',(3.35,-1.8,-2.03));
#6628=VECTOR('',#8128,1.12);
#6629=CARTESIAN_POINT('',(3.55,-1.8,-2.03));
#6630=CARTESIAN_POINT('',(3.55,-1.8,-2.03));
#6631=VECTOR('',#8129,0.2);
#6632=CARTESIAN_POINT('',(3.55,-0.68,-2.03));
#6633=CARTESIAN_POINT('',(3.55,-0.68,-2.03));
#6634=VECTOR('',#8130,1.12);
#6635=CARTESIAN_POINT('',(3.35,-0.68,-2.03));
#6636=VECTOR('',#8131,0.2);
#6637=CARTESIAN_POINT('',(5.05,3.5,-2.03));
#6638=CARTESIAN_POINT('',(5.05,2.38,-2.03));
#6639=CARTESIAN_POINT('',(5.05,3.5,-2.03));
#6640=VECTOR('',#8132,1.12);
#6641=CARTESIAN_POINT('',(4.85,3.5,-2.03));
#6642=CARTESIAN_POINT('',(4.85,3.5,-2.03));
#6643=VECTOR('',#8133,0.2);
#6644=CARTESIAN_POINT('',(4.85,2.38,-2.03));
#6645=CARTESIAN_POINT('',(4.85,2.38,-2.03));
#6646=VECTOR('',#8134,1.12);
#6647=CARTESIAN_POINT('',(5.05,2.38,-2.03));
#6648=VECTOR('',#8135,0.2);
#6649=CARTESIAN_POINT('',(3.55,2.38,-2.03));
#6650=CARTESIAN_POINT('',(3.35,2.38,-2.03));
#6651=CARTESIAN_POINT('',(3.55,2.38,-2.03));
#6652=VECTOR('',#8136,0.2);
#6653=CARTESIAN_POINT('',(3.55,3.5,-2.03));
#6654=CARTESIAN_POINT('',(3.55,3.5,-2.03));
#6655=VECTOR('',#8137,1.12);
#6656=CARTESIAN_POINT('',(3.35,3.5,-2.03));
#6657=CARTESIAN_POINT('',(3.35,3.5,-2.03));
#6658=VECTOR('',#8138,0.2);
#6659=CARTESIAN_POINT('',(3.35,2.38,-2.03));
#6660=VECTOR('',#8139,1.12);
#6661=CARTESIAN_POINT('',(-4.76,-3.35,-5.93));
#6662=CARTESIAN_POINT('',(-4.76,-3.35,-2.03));
#6663=VECTOR('',#8140,3.9);
#6664=CARTESIAN_POINT('',(-4.76,-3.85,-5.93));
#6665=CARTESIAN_POINT('',(-4.76,-3.85,-5.93));
#6666=VECTOR('',#8141,0.5);
#6667=CARTESIAN_POINT('',(-4.76,-3.85,-2.03));
#6668=VECTOR('',#8142,3.9);
#6669=CARTESIAN_POINT('',(-3.64,-3.85,-5.93));
#6670=CARTESIAN_POINT('',(-3.64,-3.85,-5.93));
#6671=VECTOR('',#8143,1.12);
#6672=CARTESIAN_POINT('',(-3.64,-3.85,-2.03));
#6673=VECTOR('',#8144,3.9);
#6674=CARTESIAN_POINT('',(-3.64,-3.35,-5.93));
#6675=CARTESIAN_POINT('',(-3.64,-3.35,-5.93));
#6676=VECTOR('',#8145,0.5);
#6677=CARTESIAN_POINT('',(-3.64,-3.35,-2.03));
#6678=VECTOR('',#8146,3.9);
#6679=CARTESIAN_POINT('',(-4.76,-3.35,-5.93));
#6680=VECTOR('',#8147,1.12);
#6681=CARTESIAN_POINT('',(-4.76,2.15,-5.93));
#6682=CARTESIAN_POINT('',(-3.64,2.15,-5.93));
#6683=CARTESIAN_POINT('',(-4.76,2.15,-5.93));
#6684=VECTOR('',#8148,1.12);
#6685=CARTESIAN_POINT('',(-3.64,1.65,-5.93));
#6686=CARTESIAN_POINT('',(-3.64,2.15,-5.93));
#6687=VECTOR('',#8149,0.5);
#6688=CARTESIAN_POINT('',(-4.76,1.65,-5.93));
#6689=CARTESIAN_POINT('',(-3.64,1.65,-5.93));
#6690=VECTOR('',#8150,1.12);
#6691=CARTESIAN_POINT('',(-4.76,1.65,-5.93));
#6692=VECTOR('',#8151,0.5);
#6693=CARTESIAN_POINT('',(-4.76,2.15,-2.03));
#6694=VECTOR('',#8152,3.9);
#6695=CARTESIAN_POINT('',(-4.76,1.65,-2.03));
#6696=VECTOR('',#8153,3.9);
#6697=CARTESIAN_POINT('',(-3.64,1.65,-2.03));
#6698=VECTOR('',#8154,3.9);
#6699=CARTESIAN_POINT('',(-3.64,2.15,-2.03));
#6700=VECTOR('',#8155,3.9);
#6701=CARTESIAN_POINT('',(-0.56,-3.35,-5.93));
#6702=CARTESIAN_POINT('',(-0.56,-3.35,-2.03));
#6703=VECTOR('',#8156,3.9);
#6704=CARTESIAN_POINT('',(-0.56,-3.85,-5.93));
#6705=CARTESIAN_POINT('',(-0.56,-3.85,-5.93));
#6706=VECTOR('',#8157,0.5);
#6707=CARTESIAN_POINT('',(-0.56,-3.85,-2.03));
#6708=VECTOR('',#8158,3.9);
#6709=CARTESIAN_POINT('',(0.56,-3.85,-5.93));
#6710=CARTESIAN_POINT('',(0.56,-3.85,-5.93));
#6711=VECTOR('',#8159,1.12);
#6712=CARTESIAN_POINT('',(0.56,-3.85,-2.03));
#6713=VECTOR('',#8160,3.9);
#6714=CARTESIAN_POINT('',(0.56,-3.35,-5.93));
#6715=CARTESIAN_POINT('',(0.56,-3.35,-5.93));
#6716=VECTOR('',#8161,0.5);
#6717=CARTESIAN_POINT('',(0.56,-3.35,-2.03));
#6718=VECTOR('',#8162,3.9);
#6719=CARTESIAN_POINT('',(-0.56,-3.35,-5.93));
#6720=VECTOR('',#8163,1.12);
#6721=CARTESIAN_POINT('',(-0.56,2.15,-5.93));
#6722=CARTESIAN_POINT('',(0.56,2.15,-5.93));
#6723=CARTESIAN_POINT('',(-0.56,2.15,-5.93));
#6724=VECTOR('',#8164,1.12);
#6725=CARTESIAN_POINT('',(0.56,1.65,-5.93));
#6726=CARTESIAN_POINT('',(0.56,2.15,-5.93));
#6727=VECTOR('',#8165,0.5);
#6728=CARTESIAN_POINT('',(-0.56,1.65,-5.93));
#6729=CARTESIAN_POINT('',(0.56,1.65,-5.93));
#6730=VECTOR('',#8166,1.12);
#6731=CARTESIAN_POINT('',(-0.56,1.65,-5.93));
#6732=VECTOR('',#8167,0.5);
#6733=CARTESIAN_POINT('',(-0.56,2.15,-2.03));
#6734=VECTOR('',#8168,3.9);
#6735=CARTESIAN_POINT('',(-0.56,1.65,-2.03));
#6736=VECTOR('',#8169,3.9);
#6737=CARTESIAN_POINT('',(0.56,1.65,-2.03));
#6738=VECTOR('',#8170,3.9);
#6739=CARTESIAN_POINT('',(0.56,2.15,-2.03));
#6740=VECTOR('',#8171,3.9);
#6741=CARTESIAN_POINT('',(3.64,-3.35,-5.93));
#6742=CARTESIAN_POINT('',(3.64,-3.35,-2.03));
#6743=VECTOR('',#8172,3.9);
#6744=CARTESIAN_POINT('',(3.64,-3.85,-5.93));
#6745=CARTESIAN_POINT('',(3.64,-3.85,-5.93));
#6746=VECTOR('',#8173,0.5);
#6747=CARTESIAN_POINT('',(3.64,-3.85,-2.03));
#6748=VECTOR('',#8174,3.9);
#6749=CARTESIAN_POINT('',(4.76,-3.85,-5.93));
#6750=CARTESIAN_POINT('',(4.76,-3.85,-5.93));
#6751=VECTOR('',#8175,1.12);
#6752=CARTESIAN_POINT('',(4.76,-3.85,-2.03));
#6753=VECTOR('',#8176,3.9);
#6754=CARTESIAN_POINT('',(4.76,-3.35,-5.93));
#6755=CARTESIAN_POINT('',(4.76,-3.35,-5.93));
#6756=VECTOR('',#8177,0.5);
#6757=CARTESIAN_POINT('',(4.76,-3.35,-2.03));
#6758=VECTOR('',#8178,3.9);
#6759=CARTESIAN_POINT('',(3.64,-3.35,-5.93));
#6760=VECTOR('',#8179,1.12);
#6761=CARTESIAN_POINT('',(3.64,2.15,-5.93));
#6762=CARTESIAN_POINT('',(4.76,2.15,-5.93));
#6763=CARTESIAN_POINT('',(3.64,2.15,-5.93));
#6764=VECTOR('',#8180,1.12);
#6765=CARTESIAN_POINT('',(4.76,1.65,-5.93));
#6766=CARTESIAN_POINT('',(4.76,2.15,-5.93));
#6767=VECTOR('',#8181,0.5);
#6768=CARTESIAN_POINT('',(3.64,1.65,-5.93));
#6769=CARTESIAN_POINT('',(4.76,1.65,-5.93));
#6770=VECTOR('',#8182,1.12);
#6771=CARTESIAN_POINT('',(3.64,1.65,-5.93));
#6772=VECTOR('',#8183,0.5);
#6773=CARTESIAN_POINT('',(3.64,2.15,-2.03));
#6774=VECTOR('',#8184,3.9);
#6775=CARTESIAN_POINT('',(3.64,1.65,-2.03));
#6776=VECTOR('',#8185,3.9);
#6777=CARTESIAN_POINT('',(4.76,1.65,-2.03));
#6778=VECTOR('',#8186,3.9);
#6779=CARTESIAN_POINT('',(4.76,2.15,-2.03));
#6780=VECTOR('',#8187,3.9);
#6781=CARTESIAN_POINT('',(5.645,-4.8,-2.43));
#6782=VECTOR('',#8188,0.4);
#6783=CARTESIAN_POINT('',(6.9,-4.8,0.0));
#6784=VECTOR('',#8189,2.43);
#6785=CARTESIAN_POINT('',(-2.755,-4.8,-2.43));
#6786=VECTOR('',#8190,0.4);
#6787=CARTESIAN_POINT('',(-1.445,-4.8,-2.43));
#6788=VECTOR('',#8191,0.4);
#6789=CARTESIAN_POINT('',(1.445,-4.8,-2.43));
#6790=VECTOR('',#8192,0.4);
#6791=CARTESIAN_POINT('',(2.755,-4.8,-2.43));
#6792=VECTOR('',#8193,0.4);
#6793=CARTESIAN_POINT('',(2.755,4.8,-2.43));
#6794=VECTOR('',#8194,0.4);
#6795=CARTESIAN_POINT('',(1.445,4.8,-2.43));
#6796=VECTOR('',#8195,0.4);
#6797=CARTESIAN_POINT('',(-1.445,4.8,-2.43));
#6798=VECTOR('',#8196,0.4);
#6799=CARTESIAN_POINT('',(-2.755,4.8,-2.43));
#6800=VECTOR('',#8197,0.4);
#6801=CARTESIAN_POINT('',(6.9,4.8,0.0));
#6802=VECTOR('',#8198,2.43);
#6803=CARTESIAN_POINT('',(5.645,4.8,-2.43));
#6804=VECTOR('',#8199,0.4);
#6805=CARTESIAN_POINT('',(6.9,1.0,0.0));
#6806=VECTOR('',#8200,2.03);
#6807=CARTESIAN_POINT('',(6.9,4.0,-2.03));
#6808=VECTOR('',#8201,2.03);
#6809=CARTESIAN_POINT('',(7.4,1.5,0.0));
#6810=VECTOR('',#8202,2.03);
#6811=CARTESIAN_POINT('',(7.615233484247,1.5,-2.03));
#6812=VECTOR('',#8203,2.03);
#6813=CARTESIAN_POINT('',(7.940490830007,1.379746835443,-2.03));
#6814=VECTOR('',#8204,2.03);
#6815=CARTESIAN_POINT('',(8.0,1.331400410748,-4.63));
#6816=CARTESIAN_POINT('',(8.0,1.331400410748,-2.03));
#6817=VECTOR('',#8205,2.6);
#6818=CARTESIAN_POINT('',(9.8,1.331400410748,-4.63));
#6819=AXIS2_PLACEMENT_3D('',#8206,#8207,#8208);
#6820=CARTESIAN_POINT('',(9.8,1.331400410748,-4.63));
#6821=VECTOR('',#8209,4.63);
#6822=CARTESIAN_POINT('',(9.8,3.668599589252,-4.63));
#6823=CARTESIAN_POINT('',(9.8,3.668599589252,-4.63));
#6824=VECTOR('',#8210,4.63);
#6825=CARTESIAN_POINT('',(8.0,3.668599589252,-4.63));
#6826=AXIS2_PLACEMENT_3D('',#8211,#8212,#8213);
#6827=CARTESIAN_POINT('',(8.0,3.668599589252,-4.63));
#6828=VECTOR('',#8214,2.6);
#6829=CARTESIAN_POINT('',(7.940490830007,3.620253164557,-2.03));
#6830=VECTOR('',#8215,2.03);
#6831=CARTESIAN_POINT('',(9.8,2.0,-4.88));
#6832=CARTESIAN_POINT('',(9.8,2.0,-2.43));
#6833=CARTESIAN_POINT('',(9.8,2.0,-4.88));
#6834=VECTOR('',#8216,2.45);
#6835=CARTESIAN_POINT('',(9.8,3.0,-2.43));
#6836=AXIS2_PLACEMENT_3D('',#8217,#8218,#8219);
#6837=CARTESIAN_POINT('',(9.8,3.0,-4.88));
#6838=CARTESIAN_POINT('',(9.8,3.0,-4.88));
#6839=VECTOR('',#8220,2.45);
#6840=CARTESIAN_POINT('',(9.8,4.029910128079,-4.88));
#6841=CARTESIAN_POINT('',(9.8,3.0,-4.88));
#6842=VECTOR('',#8221,1.029910128079);
#6843=CARTESIAN_POINT('',(9.8,4.029910128079,-4.63));
#6844=CARTESIAN_POINT('',(9.8,4.029910128079,-4.63));
#6845=VECTOR('',#8222,0.25);
#6846=CARTESIAN_POINT('',(9.8,3.668599589252,-4.63));
#6847=VECTOR('',#8223,0.3613105388274);
#6848=CARTESIAN_POINT('',(9.8,0.9700898719206,-4.63));
#6849=CARTESIAN_POINT('',(9.8,0.9700898719206,-4.63));
#6850=VECTOR('',#8224,0.3613105388274);
#6851=CARTESIAN_POINT('',(9.8,0.9700898719206,-4.88));
#6852=CARTESIAN_POINT('',(9.8,0.9700898719206,-4.63));
#6853=VECTOR('',#8225,0.25);
#6854=CARTESIAN_POINT('',(9.8,0.9700898719206,-4.88));
#6855=VECTOR('',#8226,1.029910128079);
#6856=CARTESIAN_POINT('',(9.204823592522,3.639765891275,-5.73));
#6857=CARTESIAN_POINT('',(9.204823592522,3.0,-5.73));
#6858=CARTESIAN_POINT('',(9.204823592522,3.639765891275,-5.73));
#6859=VECTOR('',#8227,0.6397658912746);
#6860=CARTESIAN_POINT('',(9.8,4.029910128079,-4.88));
#6861=CARTESIAN_POINT('',(9.724948201192,3.98698582635,-4.98718507687));
#6862=CARTESIAN_POINT('',(9.580779330454,3.900919948416,-5.193079562249));
#6863=CARTESIAN_POINT('',(9.382370298548,3.77100028736,-5.476437025685));
#6864=CARTESIAN_POINT('',(9.262009600415,3.683667676097,-5.648329916814));
#6865=CARTESIAN_POINT('',(9.204823592522,3.639765891275,-5.73));
#6866=CARTESIAN_POINT('',(9.8,3.0,-4.88));
#6867=VECTOR('',#8228,1.037658400447);
#6868=CARTESIAN_POINT('',(9.204823592522,2.0,-5.73));
#6869=CARTESIAN_POINT('',(9.204823592522,1.360234108725,-5.73));
#6870=CARTESIAN_POINT('',(9.204823592522,2.0,-5.73));
#6871=VECTOR('',#8229,0.6397658912746);
#6872=CARTESIAN_POINT('',(9.8,2.0,-4.88));
#6873=VECTOR('',#8230,1.037658400447);
#6874=CARTESIAN_POINT('',(9.204823592522,1.360234108725,-5.73));
#6875=CARTESIAN_POINT('',(9.262473075277,1.31597651355,-5.647668006113));
#6876=CARTESIAN_POINT('',(9.383469049313,1.228234034104,-5.47486784697));
#6877=CARTESIAN_POINT('',(9.581983937468,1.098338745897,-5.191359205143));
#6878=CARTESIAN_POINT('',(9.725468806041,1.012716424629,-4.986441576092));
#6879=CARTESIAN_POINT('',(9.8,0.9700898719206,-4.88));
#6880=CARTESIAN_POINT('',(8.0,3.0,-2.43));
#6881=CARTESIAN_POINT('',(9.8,3.0,-2.43));
#6882=VECTOR('',#8231,1.8);
#6883=CARTESIAN_POINT('',(8.0,3.0,-4.88));
#6884=CARTESIAN_POINT('',(8.0,3.0,-4.88));
#6885=VECTOR('',#8232,2.45);
#6886=CARTESIAN_POINT('',(8.595176407478,3.0,-5.73));
#6887=CARTESIAN_POINT('',(8.595176407478,3.0,-5.73));
#6888=VECTOR('',#8233,1.037658400447);
#6889=CARTESIAN_POINT('',(9.204823592522,3.0,-5.73));
#6890=VECTOR('',#8234,0.6096471850435);
#6891=CARTESIAN_POINT('',(8.595176407478,3.639765891275,-5.73));
#6892=VECTOR('',#8235,0.6397658912746);
#6893=AXIS2_PLACEMENT_3D('',#8236,#8237,#8238);
#6894=AXIS2_PLACEMENT_3D('',#8239,#8240,#8241);
#6895=CARTESIAN_POINT('',(8.595176407478,2.0,-5.73));
#6896=CARTESIAN_POINT('',(8.595176407478,2.0,-5.73));
#6897=VECTOR('',#8242,0.6397658912746);
#6898=CARTESIAN_POINT('',(9.204823592522,2.0,-5.73));
#6899=VECTOR('',#8243,0.6096471850435);
#6900=AXIS2_PLACEMENT_3D('',#8244,#8245,#8246);
#6901=AXIS2_PLACEMENT_3D('',#8247,#8248,#8249);
#6902=CARTESIAN_POINT('',(8.0,4.029910128079,-4.88));
#6903=VECTOR('',#8250,1.029910128079);
#6904=CARTESIAN_POINT('',(8.0,2.0,-4.88));
#6905=CARTESIAN_POINT('',(8.0,2.0,-4.88));
#6906=VECTOR('',#8251,1.029910128079);
#6907=CARTESIAN_POINT('',(8.595176407478,2.0,-5.73));
#6908=VECTOR('',#8252,1.037658400447);
#6909=AXIS2_PLACEMENT_3D('',#8253,#8254,#8255);
#6910=CARTESIAN_POINT('',(8.0,4.029910128079,-4.63));
#6911=VECTOR('',#8256,0.3613105388274);
#6912=CARTESIAN_POINT('',(8.0,1.331400410748,-4.63));
#6913=VECTOR('',#8257,0.3613105388274);
#6914=CARTESIAN_POINT('',(8.0,2.0,-2.43));
#6915=AXIS2_PLACEMENT_3D('',#8258,#8259,#8260);
#6916=CARTESIAN_POINT('',(8.0,2.0,-4.88));
#6917=VECTOR('',#8261,2.45);
#6918=AXIS2_PLACEMENT_3D('',#8262,#8263,#8264);
#6919=AXIS2_PLACEMENT_3D('',#8265,#8266,#8267);
#6920=CARTESIAN_POINT('',(9.8,2.0,-2.43));
#6921=VECTOR('',#8268,1.8);
#6922=AXIS2_PLACEMENT_3D('',#8269,#8270,#8271);
#6923=CARTESIAN_POINT('',(7.615233484247,3.5,-2.03));
#6924=VECTOR('',#8272,2.03);
#6925=CARTESIAN_POINT('',(7.4,3.5,-2.03));
#6926=VECTOR('',#8273,2.03);
#6927=CARTESIAN_POINT('',(-7.4,3.5,0.0));
#6928=VECTOR('',#8274,2.03);
#6929=CARTESIAN_POINT('',(-7.615233484247,3.5,-2.03));
#6930=VECTOR('',#8275,2.03);
#6931=CARTESIAN_POINT('',(-7.940490830007,3.620253164557,-2.03));
#6932=VECTOR('',#8276,2.03);
#6933=CARTESIAN_POINT('',(-8.0,3.668599589252,-4.63));
#6934=CARTESIAN_POINT('',(-8.000002558943,3.668602545407,-2.03));
#6935=VECTOR('',#8277,2.600000000003);
#6936=CARTESIAN_POINT('',(-9.8,3.668599589252,-4.63));
#6937=AXIS2_PLACEMENT_3D('',#8278,#8279,#8280);
#6938=CARTESIAN_POINT('',(-9.8,3.668599589252,-4.63));
#6939=VECTOR('',#8281,4.63);
#6940=CARTESIAN_POINT('',(-9.8,1.331400410748,-4.63));
#6941=CARTESIAN_POINT('',(-9.8,1.331400410748,-4.63));
#6942=VECTOR('',#8282,4.63);
#6943=CARTESIAN_POINT('',(-8.0,1.331400410748,-4.63));
#6944=AXIS2_PLACEMENT_3D('',#8283,#8284,#8285);
#6945=CARTESIAN_POINT('',(-8.0,1.331400410748,-4.63));
#6946=VECTOR('',#8286,2.600000000003);
#6947=CARTESIAN_POINT('',(-7.940490830007,1.379746835443,-2.03));
#6948=VECTOR('',#8287,2.03);
#6949=CARTESIAN_POINT('',(-9.8,3.0,-4.88));
#6950=CARTESIAN_POINT('',(-9.8,3.0,-2.43));
#6951=CARTESIAN_POINT('',(-9.8,3.0,-4.88));
#6952=VECTOR('',#8288,2.45);
#6953=CARTESIAN_POINT('',(-9.8,2.0,-2.43));
#6954=AXIS2_PLACEMENT_3D('',#8289,#8290,#8291);
#6955=CARTESIAN_POINT('',(-9.8,2.0,-4.88));
#6956=CARTESIAN_POINT('',(-9.8,2.0,-4.88));
#6957=VECTOR('',#8292,2.45);
#6958=CARTESIAN_POINT('',(-9.8,0.9700898719206,-4.88));
#6959=CARTESIAN_POINT('',(-9.8,2.0,-4.88));
#6960=VECTOR('',#8293,1.029910128079);
#6961=CARTESIAN_POINT('',(-9.8,0.9700898719206,-4.63));
#6962=CARTESIAN_POINT('',(-9.8,0.9700898719206,-4.63));
#6963=VECTOR('',#8294,0.25);
#6964=CARTESIAN_POINT('',(-9.8,1.331400410748,-4.63));
#6965=VECTOR('',#8295,0.3613105388274);
#6966=CARTESIAN_POINT('',(-9.8,4.029910128079,-4.63));
#6967=CARTESIAN_POINT('',(-9.8,4.029910128079,-4.63));
#6968=VECTOR('',#8296,0.3613105388274);
#6969=CARTESIAN_POINT('',(-9.8,4.029910128079,-4.88));
#6970=CARTESIAN_POINT('',(-9.8,4.029910128079,-4.63));
#6971=VECTOR('',#8297,0.25);
#6972=CARTESIAN_POINT('',(-9.8,4.029910128079,-4.88));
#6973=VECTOR('',#8298,1.029910128079);
#6974=CARTESIAN_POINT('',(-9.204823592522,1.360234108725,-5.73));
#6975=CARTESIAN_POINT('',(-9.204823592522,2.0,-5.73));
#6976=CARTESIAN_POINT('',(-9.204823592522,1.360234108725,-5.73));
#6977=VECTOR('',#8299,0.6397658912746);
#6978=CARTESIAN_POINT('',(-9.8,0.9700898719206,-4.88));
#6979=CARTESIAN_POINT('',(-9.724948201192,1.01301417365,-4.98718507687));
#6980=CARTESIAN_POINT('',(-9.580779330454,1.099080051584,-5.193079562249));
#6981=CARTESIAN_POINT('',(-9.382370298548,1.22899971264,-5.476437025685));
#6982=CARTESIAN_POINT('',(-9.262009600415,1.316332323903,-5.648329916814));
#6983=CARTESIAN_POINT('',(-9.204823592522,1.360234108725,-5.73));
#6984=CARTESIAN_POINT('',(-9.204823592522,2.0,-5.73));
#6985=VECTOR('',#8300,1.037658400447);
#6986=CARTESIAN_POINT('',(-9.204823592522,3.0,-5.73));
#6987=CARTESIAN_POINT('',(-9.204823592522,3.639765891275,-5.73));
#6988=CARTESIAN_POINT('',(-9.204823592522,3.0,-5.73));
#6989=VECTOR('',#8301,0.6397658912746);
#6990=CARTESIAN_POINT('',(-9.204823592522,3.0,-5.73));
#6991=VECTOR('',#8302,1.037658400447);
#6992=CARTESIAN_POINT('',(-9.204823592522,3.639765891275,-5.73));
#6993=CARTESIAN_POINT('',(-9.262473075277,3.68402348645,-5.647668006113));
#6994=CARTESIAN_POINT('',(-9.383469049313,3.771765965896,-5.47486784697));
#6995=CARTESIAN_POINT('',(-9.581983937468,3.901661254103,-5.191359205143));
#6996=CARTESIAN_POINT('',(-9.725468806041,3.987283575371,-4.986441576092));
#6997=CARTESIAN_POINT('',(-9.8,4.029910128079,-4.88));
#6998=CARTESIAN_POINT('',(-8.595176407478,2.0,-5.73));
#6999=CARTESIAN_POINT('',(-9.204823592522,2.0,-5.73));
#7000=VECTOR('',#8303,0.6096471850435);
#7001=CARTESIAN_POINT('',(-8.0,2.0,-2.43));
#7002=CARTESIAN_POINT('',(-9.8,2.0,-2.43));
#7003=VECTOR('',#8304,1.8);
#7004=CARTESIAN_POINT('',(-8.0,2.0,-4.88));
#7005=CARTESIAN_POINT('',(-8.0,2.0,-4.88));
#7006=VECTOR('',#8305,2.45);
#7007=CARTESIAN_POINT('',(-8.0,2.0,-4.88));
#7008=VECTOR('',#8306,1.037658400447);
#7009=CARTESIAN_POINT('',(-8.595176407478,1.360234108725,-5.73));
#7010=VECTOR('',#8307,0.6397658912746);
#7011=CARTESIAN_POINT('',(-8.0,0.9700898719206,-4.88));
#7012=VECTOR('',#8308,1.029910128079);
#7013=CARTESIAN_POINT('',(-8.595176407478,3.0,-5.73));
#7014=CARTESIAN_POINT('',(-8.595176407478,3.0,-5.73));
#7015=VECTOR('',#8309,0.6397658912746);
#7016=CARTESIAN_POINT('',(-8.0,3.0,-4.88));
#7017=CARTESIAN_POINT('',(-8.0,3.0,-4.88));
#7018=VECTOR('',#8310,1.029910128079);
#7019=CARTESIAN_POINT('',(-8.0,3.0,-4.88));
#7020=VECTOR('',#8311,1.037658400447);
#7021=AXIS2_PLACEMENT_3D('',#8312,#8313,#8314);
#7022=AXIS2_PLACEMENT_3D('',#8315,#8316,#8317);
#7023=AXIS2_PLACEMENT_3D('',#8318,#8319,#8320);
#7024=AXIS2_PLACEMENT_3D('',#8321,#8322,#8323);
#7025=AXIS2_PLACEMENT_3D('',#8324,#8325,#8326);
#7026=AXIS2_PLACEMENT_3D('',#8327,#8328,#8329);
#7027=CARTESIAN_POINT('',(-8.0,0.9700898719206,-4.63));
#7028=VECTOR('',#8330,0.3613105388274);
#7029=CARTESIAN_POINT('',(-8.0,3.668599589252,-4.63));
#7030=VECTOR('',#8331,0.3613105388274);
#7031=AXIS2_PLACEMENT_3D('',#8332,#8333,#8334);
#7032=CARTESIAN_POINT('',(-8.0,3.0,-2.43));
#7033=AXIS2_PLACEMENT_3D('',#8335,#8336,#8337);
#7034=CARTESIAN_POINT('',(-8.0,3.0,-4.88));
#7035=VECTOR('',#8338,2.45);
#7036=CARTESIAN_POINT('',(-9.8,3.0,-2.43));
#7037=VECTOR('',#8339,1.8);
#7038=AXIS2_PLACEMENT_3D('',#8340,#8341,#8342);
#7039=CARTESIAN_POINT('',(-9.204823592522,3.0,-5.73));
#7040=VECTOR('',#8343,0.6096471850435);
#7041=CARTESIAN_POINT('',(-7.615233484247,1.5,-2.03));
#7042=VECTOR('',#8344,2.03);
#7043=CARTESIAN_POINT('',(-7.4,1.5,-2.03));
#7044=VECTOR('',#8345,2.03);
#7045=CARTESIAN_POINT('',(-3.35,-1.8,-2.43));
#7046=CARTESIAN_POINT('',(-3.35,-1.8,-2.03));
#7047=VECTOR('',#8346,0.4);
#7048=CARTESIAN_POINT('',(-3.35,-0.68,-2.43));
#7049=CARTESIAN_POINT('',(-3.35,-0.68,-2.43));
#7050=VECTOR('',#8347,1.12);
#7051=CARTESIAN_POINT('',(-3.35,-0.68,-2.03));
#7052=VECTOR('',#8348,0.4);
#7053=CARTESIAN_POINT('',(-3.55,-0.68,-2.43));
#7054=CARTESIAN_POINT('',(-3.55,-0.68,-2.43));
#7055=VECTOR('',#8349,0.2);
#7056=CARTESIAN_POINT('',(-3.55,-0.68,-2.03));
#7057=VECTOR('',#8350,0.4);
#7058=CARTESIAN_POINT('',(-3.55,-1.8,-2.43));
#7059=CARTESIAN_POINT('',(-3.55,-1.8,-2.43));
#7060=VECTOR('',#8351,1.12);
#7061=CARTESIAN_POINT('',(-3.55,-1.8,-2.03));
#7062=VECTOR('',#8352,0.4);
#7063=CARTESIAN_POINT('',(-3.35,-1.8,-2.43));
#7064=VECTOR('',#8353,0.2);
#7065=CARTESIAN_POINT('',(-4.85,-0.68,-2.43));
#7066=CARTESIAN_POINT('',(-4.85,-1.8,-2.43));
#7067=CARTESIAN_POINT('',(-4.85,-0.68,-2.43));
#7068=VECTOR('',#8354,1.12);
#7069=CARTESIAN_POINT('',(-5.05,-1.8,-2.43));
#7070=CARTESIAN_POINT('',(-4.85,-1.8,-2.43));
#7071=VECTOR('',#8355,0.2);
#7072=CARTESIAN_POINT('',(-5.05,-0.68,-2.43));
#7073=CARTESIAN_POINT('',(-5.05,-1.8,-2.43));
#7074=VECTOR('',#8356,1.12);
#7075=CARTESIAN_POINT('',(-5.05,-0.68,-2.43));
#7076=VECTOR('',#8357,0.2);
#7077=CARTESIAN_POINT('',(-3.55,2.38,-2.43));
#7078=CARTESIAN_POINT('',(-3.55,3.5,-2.43));
#7079=CARTESIAN_POINT('',(-3.55,2.38,-2.43));
#7080=VECTOR('',#8358,1.12);
#7081=CARTESIAN_POINT('',(-3.35,3.5,-2.43));
#7082=CARTESIAN_POINT('',(-3.55,3.5,-2.43));
#7083=VECTOR('',#8359,0.2);
#7084=CARTESIAN_POINT('',(-3.35,2.38,-2.43));
#7085=CARTESIAN_POINT('',(-3.35,3.5,-2.43));
#7086=VECTOR('',#8360,1.12);
#7087=CARTESIAN_POINT('',(-3.35,2.38,-2.43));
#7088=VECTOR('',#8361,0.2);
#7089=CARTESIAN_POINT('',(-5.05,3.5,-2.43));
#7090=CARTESIAN_POINT('',(-4.85,3.5,-2.43));
#7091=CARTESIAN_POINT('',(-5.05,3.5,-2.43));
#7092=VECTOR('',#8362,0.2);
#7093=CARTESIAN_POINT('',(-4.85,2.38,-2.43));
#7094=CARTESIAN_POINT('',(-4.85,3.5,-2.43));
#7095=VECTOR('',#8363,1.12);
#7096=CARTESIAN_POINT('',(-5.05,2.38,-2.43));
#7097=CARTESIAN_POINT('',(-4.85,2.38,-2.43));
#7098=VECTOR('',#8364,0.2);
#7099=CARTESIAN_POINT('',(-5.05,2.38,-2.43));
#7100=VECTOR('',#8365,1.12);
#7101=CARTESIAN_POINT('',(-4.85,-0.68,-2.03));
#7102=VECTOR('',#8366,0.4);
#7103=CARTESIAN_POINT('',(-5.05,-0.68,-2.03));
#7104=VECTOR('',#8367,0.4);
#7105=CARTESIAN_POINT('',(-5.05,-1.8,-2.03));
#7106=VECTOR('',#8368,0.4);
#7107=CARTESIAN_POINT('',(-4.85,-1.8,-2.03));
#7108=VECTOR('',#8369,0.4);
#7109=CARTESIAN_POINT('',(-3.55,2.38,-2.03));
#7110=VECTOR('',#8370,0.4);
#7111=CARTESIAN_POINT('',(-3.35,2.38,-2.03));
#7112=VECTOR('',#8371,0.4);
#7113=CARTESIAN_POINT('',(-3.35,3.5,-2.03));
#7114=VECTOR('',#8372,0.4);
#7115=CARTESIAN_POINT('',(-3.55,3.5,-2.03));
#7116=VECTOR('',#8373,0.4);
#7117=CARTESIAN_POINT('',(-5.05,3.5,-2.03));
#7118=VECTOR('',#8374,0.4);
#7119=CARTESIAN_POINT('',(-5.05,2.38,-2.03));
#7120=VECTOR('',#8375,0.4);
#7121=CARTESIAN_POINT('',(-4.85,2.38,-2.03));
#7122=VECTOR('',#8376,0.4);
#7123=CARTESIAN_POINT('',(-4.85,3.5,-2.03));
#7124=VECTOR('',#8377,0.4);
#7125=CARTESIAN_POINT('',(0.85,-1.8,-2.43));
#7126=CARTESIAN_POINT('',(0.85,-1.8,-2.03));
#7127=VECTOR('',#8378,0.4);
#7128=CARTESIAN_POINT('',(0.85,-0.68,-2.43));
#7129=CARTESIAN_POINT('',(0.85,-0.68,-2.43));
#7130=VECTOR('',#8379,1.12);
#7131=CARTESIAN_POINT('',(0.85,-0.68,-2.03));
#7132=VECTOR('',#8380,0.4);
#7133=CARTESIAN_POINT('',(0.65,-0.68,-2.43));
#7134=CARTESIAN_POINT('',(0.65,-0.68,-2.43));
#7135=VECTOR('',#8381,0.2);
#7136=CARTESIAN_POINT('',(0.65,-0.68,-2.03));
#7137=VECTOR('',#8382,0.4);
#7138=CARTESIAN_POINT('',(0.65,-1.8,-2.43));
#7139=CARTESIAN_POINT('',(0.65,-1.8,-2.43));
#7140=VECTOR('',#8383,1.12);
#7141=CARTESIAN_POINT('',(0.65,-1.8,-2.03));
#7142=VECTOR('',#8384,0.4);
#7143=CARTESIAN_POINT('',(0.85,-1.8,-2.43));
#7144=VECTOR('',#8385,0.2);
#7145=CARTESIAN_POINT('',(-0.65,-0.68,-2.43));
#7146=CARTESIAN_POINT('',(-0.65,-1.8,-2.43));
#7147=CARTESIAN_POINT('',(-0.65,-0.68,-2.43));
#7148=VECTOR('',#8386,1.12);
#7149=CARTESIAN_POINT('',(-0.85,-1.8,-2.43));
#7150=CARTESIAN_POINT('',(-0.65,-1.8,-2.43));
#7151=VECTOR('',#8387,0.2);
#7152=CARTESIAN_POINT('',(-0.85,-0.68,-2.43));
#7153=CARTESIAN_POINT('',(-0.85,-1.8,-2.43));
#7154=VECTOR('',#8388,1.12);
#7155=CARTESIAN_POINT('',(-0.85,-0.68,-2.43));
#7156=VECTOR('',#8389,0.2);
#7157=CARTESIAN_POINT('',(0.65,2.38,-2.43));
#7158=CARTESIAN_POINT('',(0.65,3.5,-2.43));
#7159=CARTESIAN_POINT('',(0.65,2.38,-2.43));
#7160=VECTOR('',#8390,1.12);
#7161=CARTESIAN_POINT('',(0.85,3.5,-2.43));
#7162=CARTESIAN_POINT('',(0.65,3.5,-2.43));
#7163=VECTOR('',#8391,0.2);
#7164=CARTESIAN_POINT('',(0.85,2.38,-2.43));
#7165=CARTESIAN_POINT('',(0.85,3.5,-2.43));
#7166=VECTOR('',#8392,1.12);
#7167=CARTESIAN_POINT('',(0.85,2.38,-2.43));
#7168=VECTOR('',#8393,0.2);
#7169=CARTESIAN_POINT('',(-0.85,3.5,-2.43));
#7170=CARTESIAN_POINT('',(-0.65,3.5,-2.43));
#7171=CARTESIAN_POINT('',(-0.85,3.5,-2.43));
#7172=VECTOR('',#8394,0.2);
#7173=CARTESIAN_POINT('',(-0.65,2.38,-2.43));
#7174=CARTESIAN_POINT('',(-0.65,3.5,-2.43));
#7175=VECTOR('',#8395,1.12);
#7176=CARTESIAN_POINT('',(-0.85,2.38,-2.43));
#7177=CARTESIAN_POINT('',(-0.65,2.38,-2.43));
#7178=VECTOR('',#8396,0.2);
#7179=CARTESIAN_POINT('',(-0.85,2.38,-2.43));
#7180=VECTOR('',#8397,1.12);
#7181=CARTESIAN_POINT('',(-0.65,-0.68,-2.03));
#7182=VECTOR('',#8398,0.4);
#7183=CARTESIAN_POINT('',(-0.85,-0.68,-2.03));
#7184=VECTOR('',#8399,0.4);
#7185=CARTESIAN_POINT('',(-0.85,-1.8,-2.03));
#7186=VECTOR('',#8400,0.4);
#7187=CARTESIAN_POINT('',(-0.65,-1.8,-2.03));
#7188=VECTOR('',#8401,0.4);
#7189=CARTESIAN_POINT('',(0.65,2.38,-2.03));
#7190=VECTOR('',#8402,0.4);
#7191=CARTESIAN_POINT('',(0.85,2.38,-2.03));
#7192=VECTOR('',#8403,0.4);
#7193=CARTESIAN_POINT('',(0.85,3.5,-2.03));
#7194=VECTOR('',#8404,0.4);
#7195=CARTESIAN_POINT('',(0.65,3.5,-2.03));
#7196=VECTOR('',#8405,0.4);
#7197=CARTESIAN_POINT('',(-0.85,3.5,-2.03));
#7198=VECTOR('',#8406,0.4);
#7199=CARTESIAN_POINT('',(-0.85,2.38,-2.03));
#7200=VECTOR('',#8407,0.4);
#7201=CARTESIAN_POINT('',(-0.65,2.38,-2.03));
#7202=VECTOR('',#8408,0.4);
#7203=CARTESIAN_POINT('',(-0.65,3.5,-2.03));
#7204=VECTOR('',#8409,0.4);
#7205=CARTESIAN_POINT('',(5.05,-1.8,-2.43));
#7206=CARTESIAN_POINT('',(5.05,-1.8,-2.03));
#7207=VECTOR('',#8410,0.4);
#7208=CARTESIAN_POINT('',(5.05,-0.68,-2.43));
#7209=CARTESIAN_POINT('',(5.05,-0.68,-2.43));
#7210=VECTOR('',#8411,1.12);
#7211=CARTESIAN_POINT('',(5.05,-0.68,-2.03));
#7212=VECTOR('',#8412,0.4);
#7213=CARTESIAN_POINT('',(4.85,-0.68,-2.43));
#7214=CARTESIAN_POINT('',(4.85,-0.68,-2.43));
#7215=VECTOR('',#8413,0.2);
#7216=CARTESIAN_POINT('',(4.85,-0.68,-2.03));
#7217=VECTOR('',#8414,0.4);
#7218=CARTESIAN_POINT('',(4.85,-1.8,-2.43));
#7219=CARTESIAN_POINT('',(4.85,-1.8,-2.43));
#7220=VECTOR('',#8415,1.12);
#7221=CARTESIAN_POINT('',(4.85,-1.8,-2.03));
#7222=VECTOR('',#8416,0.4);
#7223=CARTESIAN_POINT('',(5.05,-1.8,-2.43));
#7224=VECTOR('',#8417,0.2);
#7225=CARTESIAN_POINT('',(3.55,-0.68,-2.43));
#7226=CARTESIAN_POINT('',(3.55,-1.8,-2.43));
#7227=CARTESIAN_POINT('',(3.55,-0.68,-2.43));
#7228=VECTOR('',#8418,1.12);
#7229=CARTESIAN_POINT('',(3.35,-1.8,-2.43));
#7230=CARTESIAN_POINT('',(3.55,-1.8,-2.43));
#7231=VECTOR('',#8419,0.2);
#7232=CARTESIAN_POINT('',(3.35,-0.68,-2.43));
#7233=CARTESIAN_POINT('',(3.35,-1.8,-2.43));
#7234=VECTOR('',#8420,1.12);
#7235=CARTESIAN_POINT('',(3.35,-0.68,-2.43));
#7236=VECTOR('',#8421,0.2);
#7237=CARTESIAN_POINT('',(4.85,2.38,-2.43));
#7238=CARTESIAN_POINT('',(4.85,3.5,-2.43));
#7239=CARTESIAN_POINT('',(4.85,2.38,-2.43));
#7240=VECTOR('',#8422,1.12);
#7241=CARTESIAN_POINT('',(5.05,3.5,-2.43));
#7242=CARTESIAN_POINT('',(4.85,3.5,-2.43));
#7243=VECTOR('',#8423,0.2);
#7244=CARTESIAN_POINT('',(5.05,2.38,-2.43));
#7245=CARTESIAN_POINT('',(5.05,3.5,-2.43));
#7246=VECTOR('',#8424,1.12);
#7247=CARTESIAN_POINT('',(5.05,2.38,-2.43));
#7248=VECTOR('',#8425,0.2);
#7249=CARTESIAN_POINT('',(3.35,3.5,-2.43));
#7250=CARTESIAN_POINT('',(3.55,3.5,-2.43));
#7251=CARTESIAN_POINT('',(3.35,3.5,-2.43));
#7252=VECTOR('',#8426,0.2);
#7253=CARTESIAN_POINT('',(3.55,2.38,-2.43));
#7254=CARTESIAN_POINT('',(3.55,3.5,-2.43));
#7255=VECTOR('',#8427,1.12);
#7256=CARTESIAN_POINT('',(3.35,2.38,-2.43));
#7257=CARTESIAN_POINT('',(3.55,2.38,-2.43));
#7258=VECTOR('',#8428,0.2);
#7259=CARTESIAN_POINT('',(3.35,2.38,-2.43));
#7260=VECTOR('',#8429,1.12);
#7261=CARTESIAN_POINT('',(3.55,-0.68,-2.03));
#7262=VECTOR('',#8430,0.4);
#7263=CARTESIAN_POINT('',(3.35,-0.68,-2.03));
#7264=VECTOR('',#8431,0.4);
#7265=CARTESIAN_POINT('',(3.35,-1.8,-2.03));
#7266=VECTOR('',#8432,0.4);
#7267=CARTESIAN_POINT('',(3.55,-1.8,-2.03));
#7268=VECTOR('',#8433,0.4);
#7269=CARTESIAN_POINT('',(4.85,2.38,-2.03));
#7270=VECTOR('',#8434,0.4);
#7271=CARTESIAN_POINT('',(5.05,2.38,-2.03));
#7272=VECTOR('',#8435,0.4);
#7273=CARTESIAN_POINT('',(5.05,3.5,-2.03));
#7274=VECTOR('',#8436,0.4);
#7275=CARTESIAN_POINT('',(4.85,3.5,-2.03));
#7276=VECTOR('',#8437,0.4);
#7277=CARTESIAN_POINT('',(3.35,3.5,-2.03));
#7278=VECTOR('',#8438,0.4);
#7279=CARTESIAN_POINT('',(3.35,2.38,-2.03));
#7280=VECTOR('',#8439,0.4);
#7281=CARTESIAN_POINT('',(3.55,2.38,-2.03));
#7282=VECTOR('',#8440,0.4);
#7283=CARTESIAN_POINT('',(3.55,3.5,-2.03));
#7284=VECTOR('',#8441,0.4);
#7285=CARTESIAN_POINT('',(-4.7,-0.4,1.52));
#7286=CARTESIAN_POINT('',(-4.7,-0.4,0.0));
#7287=VECTOR('',#8442,1.52);
#7288=CARTESIAN_POINT('',(-4.7,0.4,1.52));
#7289=CARTESIAN_POINT('',(-4.7,0.4,1.52));
#7290=VECTOR('',#8443,0.8);
#7291=CARTESIAN_POINT('',(-4.7,0.4,0.0));
#7292=VECTOR('',#8444,1.52);
#7293=CARTESIAN_POINT('',(-3.7,0.4,1.52));
#7294=CARTESIAN_POINT('',(-3.7,0.4,0.0));
#7295=VECTOR('',#8445,1.52);
#7296=CARTESIAN_POINT('',(-3.5,0.4,8.9));
#7297=CARTESIAN_POINT('',(-3.5,0.4,0.0));
#7298=VECTOR('',#8446,8.9);
#7299=CARTESIAN_POINT('',(-4.9,0.4,8.9));
#7300=CARTESIAN_POINT('',(-4.9,0.4,8.9));
#7301=VECTOR('',#8447,1.4);
#7302=CARTESIAN_POINT('',(-4.9,0.4,0.0));
#7303=VECTOR('',#8448,8.9);
#7304=CARTESIAN_POINT('',(-4.7,0.4,1.52));
#7305=VECTOR('',#8449,1.0);
#7306=CARTESIAN_POINT('',(-3.7,-0.4,1.52));
#7307=CARTESIAN_POINT('',(-4.7,-0.4,1.52));
#7308=VECTOR('',#8450,1.0);
#7309=CARTESIAN_POINT('',(-3.7,-0.4,1.52));
#7310=VECTOR('',#8451,0.8);
#7311=CARTESIAN_POINT('',(-3.7,-0.4,0.0));
#7312=VECTOR('',#8452,1.52);
#7313=CARTESIAN_POINT('',(-5.9,-0.4,8.9));
#7314=CARTESIAN_POINT('',(-5.9,-0.4,0.0));
#7315=VECTOR('',#8453,8.9);
#7316=CARTESIAN_POINT('',(-2.5,-0.4,8.9));
#7317=CARTESIAN_POINT('',(-2.5,-0.4,8.9));
#7318=VECTOR('',#8454,3.4);
#7319=CARTESIAN_POINT('',(-2.5,-0.4,0.0));
#7320=VECTOR('',#8455,8.9);
#7321=CARTESIAN_POINT('',(-2.5,-3.8,8.9));
#7322=CARTESIAN_POINT('',(-2.5,-3.8,8.9));
#7323=VECTOR('',#8456,3.4);
#7324=CARTESIAN_POINT('',(-2.5,-3.8,0.0));
#7325=VECTOR('',#8457,8.9);
#7326=CARTESIAN_POINT('',(-5.9,-3.8,8.9));
#7327=CARTESIAN_POINT('',(-5.9,-3.8,8.9));
#7328=VECTOR('',#8458,3.4);
#7329=CARTESIAN_POINT('',(-5.9,-3.8,0.0));
#7330=VECTOR('',#8459,8.9);
#7331=CARTESIAN_POINT('',(-5.9,-0.4,8.9));
#7332=VECTOR('',#8460,3.4);
#7333=CARTESIAN_POINT('',(-5.9,1.4,8.9));
#7334=CARTESIAN_POINT('',(-5.9,1.4,8.9));
#7335=VECTOR('',#8461,1.414213562373);
#7336=CARTESIAN_POINT('',(-2.5,1.4,8.9));
#7337=CARTESIAN_POINT('',(-3.5,0.4,8.9));
#7338=VECTOR('',#8462,1.414213562373);
#7339=CARTESIAN_POINT('',(-2.5,3.8,8.9));
#7340=CARTESIAN_POINT('',(-2.5,1.4,8.9));
#7341=VECTOR('',#8463,2.4);
#7342=CARTESIAN_POINT('',(-5.9,3.8,8.9));
#7343=CARTESIAN_POINT('',(-2.5,3.8,8.9));
#7344=VECTOR('',#8464,3.4);
#7345=CARTESIAN_POINT('',(-5.9,3.8,8.9));
#7346=VECTOR('',#8465,2.4);
#7347=CARTESIAN_POINT('',(-3.325,3.2,8.9));
#7348=CARTESIAN_POINT('',(-5.075,3.2,8.9));
#7349=CARTESIAN_POINT('',(-3.325,3.2,8.9));
#7350=VECTOR('',#8466,1.75);
#7351=CARTESIAN_POINT('',(-3.325,1.425,8.9));
#7352=CARTESIAN_POINT('',(-3.325,1.425,8.9));
#7353=VECTOR('',#8467,1.775);
#7354=CARTESIAN_POINT('',(-3.8,0.95,8.9));
#7355=CARTESIAN_POINT('',(-3.8,0.95,8.9));
#7356=VECTOR('',#8468,0.6717514421272);
#7357=CARTESIAN_POINT('',(-4.6,0.95,8.9));
#7358=CARTESIAN_POINT('',(-4.6,0.95,8.9));
#7359=VECTOR('',#8469,0.8);
#7360=CARTESIAN_POINT('',(-5.075,1.425,8.9));
#7361=CARTESIAN_POINT('',(-5.075,1.425,8.9));
#7362=VECTOR('',#8470,0.6717514421272);
#7363=CARTESIAN_POINT('',(-5.075,3.2,8.9));
#7364=VECTOR('',#8471,1.775);
#7365=CARTESIAN_POINT('',(-3.325,-1.0,8.9));
#7366=CARTESIAN_POINT('',(-5.075,-1.0,8.9));
#7367=CARTESIAN_POINT('',(-3.325,-1.0,8.9));
#7368=VECTOR('',#8472,1.75);
#7369=CARTESIAN_POINT('',(-3.325,-2.775,8.9));
#7370=CARTESIAN_POINT('',(-3.325,-2.775,8.9));
#7371=VECTOR('',#8473,1.775);
#7372=CARTESIAN_POINT('',(-3.8,-3.25,8.9));
#7373=CARTESIAN_POINT('',(-3.8,-3.25,8.9));
#7374=VECTOR('',#8474,0.6717514421272);
#7375=CARTESIAN_POINT('',(-4.6,-3.25,8.9));
#7376=CARTESIAN_POINT('',(-4.6,-3.25,8.9));
#7377=VECTOR('',#8475,0.8);
#7378=CARTESIAN_POINT('',(-5.075,-2.775,8.9));
#7379=CARTESIAN_POINT('',(-5.075,-2.775,8.9));
#7380=VECTOR('',#8476,0.6717514421272);
#7381=CARTESIAN_POINT('',(-5.075,-1.0,8.9));
#7382=VECTOR('',#8477,1.775);
#7383=CARTESIAN_POINT('',(-5.9,1.4,0.0));
#7384=VECTOR('',#8478,8.9);
#7385=CARTESIAN_POINT('',(-5.9,3.8,0.0));
#7386=VECTOR('',#8479,8.9);
#7387=CARTESIAN_POINT('',(-2.5,3.8,0.0));
#7388=VECTOR('',#8480,8.9);
#7389=CARTESIAN_POINT('',(-2.5,1.4,0.0));
#7390=VECTOR('',#8481,8.9);
#7391=CARTESIAN_POINT('',(-5.075,1.425,7.4));
#7392=CARTESIAN_POINT('',(-5.075,1.425,8.9));
#7393=VECTOR('',#8482,1.5);
#7394=CARTESIAN_POINT('',(-5.075,3.2,7.4));
#7395=CARTESIAN_POINT('',(-5.075,3.2,7.4));
#7396=VECTOR('',#8483,1.775);
#7397=CARTESIAN_POINT('',(-5.075,3.2,8.9));
#7398=VECTOR('',#8484,1.5);
#7399=CARTESIAN_POINT('',(-3.325,3.2,7.4));
#7400=CARTESIAN_POINT('',(-3.325,3.2,7.4));
#7401=VECTOR('',#8485,1.75);
#7402=CARTESIAN_POINT('',(-3.325,3.2,8.9));
#7403=VECTOR('',#8486,1.5);
#7404=CARTESIAN_POINT('',(-3.325,1.425,7.4));
#7405=CARTESIAN_POINT('',(-3.325,1.425,7.4));
#7406=VECTOR('',#8487,1.775);
#7407=CARTESIAN_POINT('',(-3.325,1.425,8.9));
#7408=VECTOR('',#8488,1.5);
#7409=CARTESIAN_POINT('',(-3.8,0.95,7.4));
#7410=CARTESIAN_POINT('',(-3.8,0.95,7.4));
#7411=VECTOR('',#8489,0.6717514421272);
#7412=CARTESIAN_POINT('',(-3.8,0.95,8.9));
#7413=VECTOR('',#8490,1.5);
#7414=CARTESIAN_POINT('',(-4.6,0.95,7.4));
#7415=CARTESIAN_POINT('',(-4.6,0.95,7.4));
#7416=VECTOR('',#8491,0.8);
#7417=CARTESIAN_POINT('',(-4.6,0.95,8.9));
#7418=VECTOR('',#8492,1.5);
#7419=CARTESIAN_POINT('',(-5.075,1.425,7.4));
#7420=VECTOR('',#8493,0.6717514421272);
#7421=CARTESIAN_POINT('',(-5.075,-2.775,7.4));
#7422=CARTESIAN_POINT('',(-4.6,-3.25,7.4));
#7423=CARTESIAN_POINT('',(-5.075,-2.775,7.4));
#7424=VECTOR('',#8494,0.6717514421272);
#7425=CARTESIAN_POINT('',(-3.8,-3.25,7.4));
#7426=CARTESIAN_POINT('',(-4.6,-3.25,7.4));
#7427=VECTOR('',#8495,0.8);
#7428=CARTESIAN_POINT('',(-3.325,-2.775,7.4));
#7429=CARTESIAN_POINT('',(-3.8,-3.25,7.4));
#7430=VECTOR('',#8496,0.6717514421272);
#7431=CARTESIAN_POINT('',(-3.325,-1.0,7.4));
#7432=CARTESIAN_POINT('',(-3.325,-2.775,7.4));
#7433=VECTOR('',#8497,1.775);
#7434=CARTESIAN_POINT('',(-5.075,-1.0,7.4));
#7435=CARTESIAN_POINT('',(-3.325,-1.0,7.4));
#7436=VECTOR('',#8498,1.75);
#7437=CARTESIAN_POINT('',(-5.075,-1.0,7.4));
#7438=VECTOR('',#8499,1.775);
#7439=CARTESIAN_POINT('',(-5.075,-2.775,8.9));
#7440=VECTOR('',#8500,1.5);
#7441=CARTESIAN_POINT('',(-5.075,-1.0,8.9));
#7442=VECTOR('',#8501,1.5);
#7443=CARTESIAN_POINT('',(-3.325,-1.0,8.9));
#7444=VECTOR('',#8502,1.5);
#7445=CARTESIAN_POINT('',(-3.325,-2.775,8.9));
#7446=VECTOR('',#8503,1.5);
#7447=CARTESIAN_POINT('',(-3.8,-3.25,8.9));
#7448=VECTOR('',#8504,1.5);
#7449=CARTESIAN_POINT('',(-4.6,-3.25,8.9));
#7450=VECTOR('',#8505,1.5);
#7451=CARTESIAN_POINT('',(-0.5,-0.4,1.52));
#7452=CARTESIAN_POINT('',(-0.5,-0.4,0.0));
#7453=VECTOR('',#8506,1.52);
#7454=CARTESIAN_POINT('',(-0.5,0.4,1.52));
#7455=CARTESIAN_POINT('',(-0.5,0.4,1.52));
#7456=VECTOR('',#8507,0.8);
#7457=CARTESIAN_POINT('',(-0.5,0.4,0.0));
#7458=VECTOR('',#8508,1.52);
#7459=CARTESIAN_POINT('',(0.5,0.4,1.52));
#7460=CARTESIAN_POINT('',(0.5,0.4,0.0));
#7461=VECTOR('',#8509,1.52);
#7462=CARTESIAN_POINT('',(1.7,0.4,8.9));
#7463=CARTESIAN_POINT('',(1.7,0.4,0.0));
#7464=VECTOR('',#8510,8.9);
#7465=CARTESIAN_POINT('',(-1.7,0.4,8.9));
#7466=CARTESIAN_POINT('',(-1.7,0.4,8.9));
#7467=VECTOR('',#8511,3.4);
#7468=CARTESIAN_POINT('',(-1.7,0.4,0.0));
#7469=VECTOR('',#8512,8.9);
#7470=CARTESIAN_POINT('',(-0.5,0.4,1.52));
#7471=VECTOR('',#8513,1.0);
#7472=CARTESIAN_POINT('',(0.5,-0.4,1.52));
#7473=CARTESIAN_POINT('',(0.5,-0.4,1.52));
#7474=VECTOR('',#8514,0.8);
#7475=CARTESIAN_POINT('',(-0.5,-0.4,1.52));
#7476=VECTOR('',#8515,1.0);
#7477=CARTESIAN_POINT('',(-1.7,-0.4,8.9));
#7478=CARTESIAN_POINT('',(-1.7,-0.4,0.0));
#7479=VECTOR('',#8516,8.9);
#7480=CARTESIAN_POINT('',(1.7,-0.4,8.9));
#7481=CARTESIAN_POINT('',(1.7,-0.4,8.9));
#7482=VECTOR('',#8517,3.4);
#7483=CARTESIAN_POINT('',(1.7,-0.4,0.0));
#7484=VECTOR('',#8518,8.9);
#7485=CARTESIAN_POINT('',(0.5,-0.4,0.0));
#7486=VECTOR('',#8519,1.52);
#7487=CARTESIAN_POINT('',(1.7,-2.8,8.9));
#7488=CARTESIAN_POINT('',(1.7,-2.8,8.9));
#7489=VECTOR('',#8520,2.4);
#7490=CARTESIAN_POINT('',(1.7,-2.8,0.0));
#7491=VECTOR('',#8521,8.9);
#7492=CARTESIAN_POINT('',(0.7,-3.8,8.9));
#7493=CARTESIAN_POINT('',(0.7,-3.8,8.9));
#7494=VECTOR('',#8522,1.414213562373);
#7495=CARTESIAN_POINT('',(0.7,-3.8,0.0));
#7496=VECTOR('',#8523,8.9);
#7497=CARTESIAN_POINT('',(-0.7,-3.8,8.9));
#7498=CARTESIAN_POINT('',(-0.7,-3.8,8.9));
#7499=VECTOR('',#8524,1.4);
#7500=CARTESIAN_POINT('',(-0.7,-3.8,0.0));
#7501=VECTOR('',#8525,8.9);
#7502=CARTESIAN_POINT('',(-1.7,-2.8,8.9));
#7503=CARTESIAN_POINT('',(-1.7,-2.8,8.9));
#7504=VECTOR('',#8526,1.414213562373);
#7505=CARTESIAN_POINT('',(-1.7,-2.8,0.0));
#7506=VECTOR('',#8527,8.9);
#7507=CARTESIAN_POINT('',(-1.7,-0.4,8.9));
#7508=VECTOR('',#8528,2.4);
#7509=CARTESIAN_POINT('',(0.875,-1.0,8.9));
#7510=CARTESIAN_POINT('',(-0.875,-1.0,8.9));
#7511=CARTESIAN_POINT('',(0.875,-1.0,8.9));
#7512=VECTOR('',#8529,1.75);
#7513=CARTESIAN_POINT('',(0.875,-2.775,8.9));
#7514=CARTESIAN_POINT('',(0.875,-2.775,8.9));
#7515=VECTOR('',#8530,1.775);
#7516=CARTESIAN_POINT('',(0.4,-3.25,8.9));
#7517=CARTESIAN_POINT('',(0.4,-3.25,8.9));
#7518=VECTOR('',#8531,0.6717514421272);
#7519=CARTESIAN_POINT('',(-0.4,-3.25,8.9));
#7520=CARTESIAN_POINT('',(-0.4,-3.25,8.9));
#7521=VECTOR('',#8532,0.8);
#7522=CARTESIAN_POINT('',(-0.875,-2.775,8.9));
#7523=CARTESIAN_POINT('',(-0.875,-2.775,8.9));
#7524=VECTOR('',#8533,0.6717514421272);
#7525=CARTESIAN_POINT('',(-0.875,-1.0,8.9));
#7526=VECTOR('',#8534,1.775);
#7527=CARTESIAN_POINT('',(1.7,3.8,8.9));
#7528=CARTESIAN_POINT('',(-1.7,3.8,8.9));
#7529=CARTESIAN_POINT('',(1.7,3.8,8.9));
#7530=VECTOR('',#8535,3.4);
#7531=CARTESIAN_POINT('',(-1.7,3.8,8.9));
#7532=VECTOR('',#8536,3.4);
#7533=CARTESIAN_POINT('',(1.7,0.4,8.9));
#7534=VECTOR('',#8537,3.4);
#7535=CARTESIAN_POINT('',(0.875,3.2,8.9));
#7536=CARTESIAN_POINT('',(-0.875,3.2,8.9));
#7537=CARTESIAN_POINT('',(0.875,3.2,8.9));
#7538=VECTOR('',#8538,1.75);
#7539=CARTESIAN_POINT('',(0.875,1.425,8.9));
#7540=CARTESIAN_POINT('',(0.875,1.425,8.9));
#7541=VECTOR('',#8539,1.775);
#7542=CARTESIAN_POINT('',(0.4,0.95,8.9));
#7543=CARTESIAN_POINT('',(0.4,0.95,8.9));
#7544=VECTOR('',#8540,0.6717514421272);
#7545=CARTESIAN_POINT('',(-0.4,0.95,8.9));
#7546=CARTESIAN_POINT('',(-0.4,0.95,8.9));
#7547=VECTOR('',#8541,0.8);
#7548=CARTESIAN_POINT('',(-0.875,1.425,8.9));
#7549=CARTESIAN_POINT('',(-0.875,1.425,8.9));
#7550=VECTOR('',#8542,0.6717514421272);
#7551=CARTESIAN_POINT('',(-0.875,3.2,8.9));
#7552=VECTOR('',#8543,1.775);
#7553=CARTESIAN_POINT('',(5.9,-2.8,8.9));
#7554=CARTESIAN_POINT('',(5.9,-0.4,8.9));
#7555=CARTESIAN_POINT('',(5.9,-2.8,8.9));
#7556=VECTOR('',#8544,2.4);
#7557=CARTESIAN_POINT('',(2.5,-0.4,8.9));
#7558=CARTESIAN_POINT('',(5.9,-0.4,8.9));
#7559=VECTOR('',#8545,3.4);
#7560=CARTESIAN_POINT('',(2.5,-2.8,8.9));
#7561=CARTESIAN_POINT('',(2.5,-0.4,8.9));
#7562=VECTOR('',#8546,2.4);
#7563=CARTESIAN_POINT('',(3.5,-3.8,8.9));
#7564=CARTESIAN_POINT('',(2.5,-2.8,8.9));
#7565=VECTOR('',#8547,1.414213562373);
#7566=CARTESIAN_POINT('',(4.9,-3.8,8.9));
#7567=CARTESIAN_POINT('',(3.5,-3.8,8.9));
#7568=VECTOR('',#8548,1.4);
#7569=CARTESIAN_POINT('',(4.9,-3.8,8.9));
#7570=VECTOR('',#8549,1.414213562373);
#7571=CARTESIAN_POINT('',(5.075,-1.0,8.9));
#7572=CARTESIAN_POINT('',(3.325,-1.0,8.9));
#7573=CARTESIAN_POINT('',(5.075,-1.0,8.9));
#7574=VECTOR('',#8550,1.75);
#7575=CARTESIAN_POINT('',(5.075,-2.775,8.9));
#7576=CARTESIAN_POINT('',(5.075,-2.775,8.9));
#7577=VECTOR('',#8551,1.775);
#7578=CARTESIAN_POINT('',(4.6,-3.25,8.9));
#7579=CARTESIAN_POINT('',(4.6,-3.25,8.9));
#7580=VECTOR('',#8552,0.6717514421272);
#7581=CARTESIAN_POINT('',(3.8,-3.25,8.9));
#7582=CARTESIAN_POINT('',(3.8,-3.25,8.9));
#7583=VECTOR('',#8553,0.8);
#7584=CARTESIAN_POINT('',(3.325,-2.775,8.9));
#7585=CARTESIAN_POINT('',(3.325,-2.775,8.9));
#7586=VECTOR('',#8554,0.6717514421272);
#7587=CARTESIAN_POINT('',(3.325,-1.0,8.9));
#7588=VECTOR('',#8555,1.775);
#7589=CARTESIAN_POINT('',(5.9,3.8,8.9));
#7590=CARTESIAN_POINT('',(2.5,3.8,8.9));
#7591=CARTESIAN_POINT('',(5.9,3.8,8.9));
#7592=VECTOR('',#8556,3.4);
#7593=CARTESIAN_POINT('',(2.5,0.4,8.9));
#7594=CARTESIAN_POINT('',(2.5,3.8,8.9));
#7595=VECTOR('',#8557,3.4);
#7596=CARTESIAN_POINT('',(5.9,0.4,8.9));
#7597=CARTESIAN_POINT('',(2.5,0.4,8.9));
#7598=VECTOR('',#8558,3.4);
#7599=CARTESIAN_POINT('',(5.9,0.4,8.9));
#7600=VECTOR('',#8559,3.4);
#7601=CARTESIAN_POINT('',(5.075,3.2,8.9));
#7602=CARTESIAN_POINT('',(3.325,3.2,8.9));
#7603=CARTESIAN_POINT('',(5.075,3.2,8.9));
#7604=VECTOR('',#8560,1.75);
#7605=CARTESIAN_POINT('',(5.075,1.425,8.9));
#7606=CARTESIAN_POINT('',(5.075,1.425,8.9));
#7607=VECTOR('',#8561,1.775);
#7608=CARTESIAN_POINT('',(4.6,0.95,8.9));
#7609=CARTESIAN_POINT('',(4.6,0.95,8.9));
#7610=VECTOR('',#8562,0.6717514421272);
#7611=CARTESIAN_POINT('',(3.8,0.95,8.9));
#7612=CARTESIAN_POINT('',(3.8,0.95,8.9));
#7613=VECTOR('',#8563,0.8);
#7614=CARTESIAN_POINT('',(3.325,1.425,8.9));
#7615=CARTESIAN_POINT('',(3.325,1.425,8.9));
#7616=VECTOR('',#8564,0.6717514421272);
#7617=CARTESIAN_POINT('',(3.325,3.2,8.9));
#7618=VECTOR('',#8565,1.775);
#7619=CARTESIAN_POINT('',(1.7,3.8,0.0));
#7620=VECTOR('',#8566,8.9);
#7621=CARTESIAN_POINT('',(-1.7,3.8,0.0));
#7622=VECTOR('',#8567,8.9);
#7623=CARTESIAN_POINT('',(5.9,-2.8,0.0));
#7624=VECTOR('',#8568,8.9);
#7625=CARTESIAN_POINT('',(4.9,-3.8,0.0));
#7626=VECTOR('',#8569,8.9);
#7627=CARTESIAN_POINT('',(3.5,-3.8,0.0));
#7628=VECTOR('',#8570,8.9);
#7629=CARTESIAN_POINT('',(2.5,-2.8,0.0));
#7630=VECTOR('',#8571,8.9);
#7631=CARTESIAN_POINT('',(2.5,-0.4,0.0));
#7632=VECTOR('',#8572,8.9);
#7633=CARTESIAN_POINT('',(3.7,-0.4,1.52));
#7634=CARTESIAN_POINT('',(3.7,-0.4,0.0));
#7635=VECTOR('',#8573,1.52);
#7636=CARTESIAN_POINT('',(5.9,-0.4,0.0));
#7637=VECTOR('',#8574,8.9);
#7638=CARTESIAN_POINT('',(4.7,-0.4,1.52));
#7639=CARTESIAN_POINT('',(4.7,-0.4,0.0));
#7640=VECTOR('',#8575,1.52);
#7641=CARTESIAN_POINT('',(3.7,-0.4,1.52));
#7642=VECTOR('',#8576,1.0);
#7643=CARTESIAN_POINT('',(4.7,0.4,1.52));
#7644=CARTESIAN_POINT('',(4.7,-0.4,1.52));
#7645=VECTOR('',#8577,0.8);
#7646=CARTESIAN_POINT('',(3.7,0.4,1.52));
#7647=CARTESIAN_POINT('',(3.7,0.4,1.52));
#7648=VECTOR('',#8578,1.0);
#7649=CARTESIAN_POINT('',(3.7,0.4,1.52));
#7650=VECTOR('',#8579,0.8);
#7651=CARTESIAN_POINT('',(3.7,0.4,0.0));
#7652=VECTOR('',#8580,1.52);
#7653=CARTESIAN_POINT('',(4.7,0.4,0.0));
#7654=VECTOR('',#8581,1.52);
#7655=CARTESIAN_POINT('',(5.9,0.4,0.0));
#7656=VECTOR('',#8582,8.9);
#7657=CARTESIAN_POINT('',(2.5,0.4,0.0));
#7658=VECTOR('',#8583,8.9);
#7659=CARTESIAN_POINT('',(2.5,3.8,0.0));
#7660=VECTOR('',#8584,8.9);
#7661=CARTESIAN_POINT('',(5.9,3.8,0.0));
#7662=VECTOR('',#8585,8.9);
#7663=CARTESIAN_POINT('',(-0.875,1.425,7.4));
#7664=CARTESIAN_POINT('',(-0.875,1.425,8.9));
#7665=VECTOR('',#8586,1.5);
#7666=CARTESIAN_POINT('',(-0.875,3.2,7.4));
#7667=CARTESIAN_POINT('',(-0.875,3.2,7.4));
#7668=VECTOR('',#8587,1.775);
#7669=CARTESIAN_POINT('',(-0.875,3.2,8.9));
#7670=VECTOR('',#8588,1.5);
#7671=CARTESIAN_POINT('',(0.875,3.2,7.4));
#7672=CARTESIAN_POINT('',(0.875,3.2,7.4));
#7673=VECTOR('',#8589,1.75);
#7674=CARTESIAN_POINT('',(0.875,3.2,8.9));
#7675=VECTOR('',#8590,1.5);
#7676=CARTESIAN_POINT('',(0.875,1.425,7.4));
#7677=CARTESIAN_POINT('',(0.875,1.425,7.4));
#7678=VECTOR('',#8591,1.775);
#7679=CARTESIAN_POINT('',(0.875,1.425,8.9));
#7680=VECTOR('',#8592,1.5);
#7681=CARTESIAN_POINT('',(0.4,0.95,7.4));
#7682=CARTESIAN_POINT('',(0.4,0.95,7.4));
#7683=VECTOR('',#8593,0.6717514421272);
#7684=CARTESIAN_POINT('',(0.4,0.95,8.9));
#7685=VECTOR('',#8594,1.5);
#7686=CARTESIAN_POINT('',(-0.4,0.95,7.4));
#7687=CARTESIAN_POINT('',(-0.4,0.95,7.4));
#7688=VECTOR('',#8595,0.8);
#7689=CARTESIAN_POINT('',(-0.4,0.95,8.9));
#7690=VECTOR('',#8596,1.5);
#7691=CARTESIAN_POINT('',(-0.875,1.425,7.4));
#7692=VECTOR('',#8597,0.6717514421272);
#7693=CARTESIAN_POINT('',(-0.875,-2.775,7.4));
#7694=CARTESIAN_POINT('',(-0.4,-3.25,7.4));
#7695=CARTESIAN_POINT('',(-0.875,-2.775,7.4));
#7696=VECTOR('',#8598,0.6717514421272);
#7697=CARTESIAN_POINT('',(0.4,-3.25,7.4));
#7698=CARTESIAN_POINT('',(-0.4,-3.25,7.4));
#7699=VECTOR('',#8599,0.8);
#7700=CARTESIAN_POINT('',(0.875,-2.775,7.4));
#7701=CARTESIAN_POINT('',(0.4,-3.25,7.4));
#7702=VECTOR('',#8600,0.6717514421272);
#7703=CARTESIAN_POINT('',(0.875,-1.0,7.4));
#7704=CARTESIAN_POINT('',(0.875,-2.775,7.4));
#7705=VECTOR('',#8601,1.775);
#7706=CARTESIAN_POINT('',(-0.875,-1.0,7.4));
#7707=CARTESIAN_POINT('',(0.875,-1.0,7.4));
#7708=VECTOR('',#8602,1.75);
#7709=CARTESIAN_POINT('',(-0.875,-1.0,7.4));
#7710=VECTOR('',#8603,1.775);
#7711=CARTESIAN_POINT('',(-0.875,-2.775,8.9));
#7712=VECTOR('',#8604,1.5);
#7713=CARTESIAN_POINT('',(-0.875,-1.0,8.9));
#7714=VECTOR('',#8605,1.5);
#7715=CARTESIAN_POINT('',(0.875,-1.0,8.9));
#7716=VECTOR('',#8606,1.5);
#7717=CARTESIAN_POINT('',(0.875,-2.775,8.9));
#7718=VECTOR('',#8607,1.5);
#7719=CARTESIAN_POINT('',(0.4,-3.25,8.9));
#7720=VECTOR('',#8608,1.5);
#7721=CARTESIAN_POINT('',(-0.4,-3.25,8.9));
#7722=VECTOR('',#8609,1.5);
#7723=CARTESIAN_POINT('',(3.325,1.425,7.4));
#7724=CARTESIAN_POINT('',(3.325,1.425,8.9));
#7725=VECTOR('',#8610,1.5);
#7726=CARTESIAN_POINT('',(3.325,3.2,7.4));
#7727=CARTESIAN_POINT('',(3.325,3.2,7.4));
#7728=VECTOR('',#8611,1.775);
#7729=CARTESIAN_POINT('',(3.325,3.2,8.9));
#7730=VECTOR('',#8612,1.5);
#7731=CARTESIAN_POINT('',(5.075,3.2,7.4));
#7732=CARTESIAN_POINT('',(5.075,3.2,7.4));
#7733=VECTOR('',#8613,1.75);
#7734=CARTESIAN_POINT('',(5.075,3.2,8.9));
#7735=VECTOR('',#8614,1.5);
#7736=CARTESIAN_POINT('',(5.075,1.425,7.4));
#7737=CARTESIAN_POINT('',(5.075,1.425,7.4));
#7738=VECTOR('',#8615,1.775);
#7739=CARTESIAN_POINT('',(5.075,1.425,8.9));
#7740=VECTOR('',#8616,1.5);
#7741=CARTESIAN_POINT('',(4.6,0.95,7.4));
#7742=CARTESIAN_POINT('',(4.6,0.95,7.4));
#7743=VECTOR('',#8617,0.6717514421272);
#7744=CARTESIAN_POINT('',(4.6,0.95,8.9));
#7745=VECTOR('',#8618,1.5);
#7746=CARTESIAN_POINT('',(3.8,0.95,7.4));
#7747=CARTESIAN_POINT('',(3.8,0.95,7.4));
#7748=VECTOR('',#8619,0.8);
#7749=CARTESIAN_POINT('',(3.8,0.95,8.9));
#7750=VECTOR('',#8620,1.5);
#7751=CARTESIAN_POINT('',(3.325,1.425,7.4));
#7752=VECTOR('',#8621,0.6717514421272);
#7753=CARTESIAN_POINT('',(3.325,-2.775,7.4));
#7754=CARTESIAN_POINT('',(3.8,-3.25,7.4));
#7755=CARTESIAN_POINT('',(3.325,-2.775,7.4));
#7756=VECTOR('',#8622,0.6717514421272);
#7757=CARTESIAN_POINT('',(4.6,-3.25,7.4));
#7758=CARTESIAN_POINT('',(3.8,-3.25,7.4));
#7759=VECTOR('',#8623,0.8);
#7760=CARTESIAN_POINT('',(5.075,-2.775,7.4));
#7761=CARTESIAN_POINT('',(4.6,-3.25,7.4));
#7762=VECTOR('',#8624,0.6717514421272);
#7763=CARTESIAN_POINT('',(5.075,-1.0,7.4));
#7764=CARTESIAN_POINT('',(5.075,-2.775,7.4));
#7765=VECTOR('',#8625,1.775);
#7766=CARTESIAN_POINT('',(3.325,-1.0,7.4));
#7767=CARTESIAN_POINT('',(5.075,-1.0,7.4));
#7768=VECTOR('',#8626,1.75);
#7769=CARTESIAN_POINT('',(3.325,-1.0,7.4));
#7770=VECTOR('',#8627,1.775);
#7771=CARTESIAN_POINT('',(3.325,-2.775,8.9));
#7772=VECTOR('',#8628,1.5);
#7773=CARTESIAN_POINT('',(3.325,-1.0,8.9));
#7774=VECTOR('',#8629,1.5);
#7775=CARTESIAN_POINT('',(5.075,-1.0,8.9));
#7776=VECTOR('',#8630,1.5);
#7777=CARTESIAN_POINT('',(5.075,-2.775,8.9));
#7778=VECTOR('',#8631,1.5);
#7779=CARTESIAN_POINT('',(4.6,-3.25,8.9));
#7780=VECTOR('',#8632,1.5);
#7781=CARTESIAN_POINT('',(3.8,-3.25,8.9));
#7782=VECTOR('',#8633,1.5);
#7783=DIRECTION('',(0.0,-0.0,-1.0));
#7784=CARTESIAN_POINT('',(-8.9,2.5,-4.63));
#7785=DIRECTION('',(0.0,-0.0,1.0));
#7786=DIRECTION('',(0.5070422535211,0.861921198918001,0.0));
#7787=DIRECTION('',(0.0,0.0,-1.0));
#7788=CARTESIAN_POINT('',(-8.9,2.5,-4.88));
#7789=DIRECTION('',(0.0,0.0,-1.0));
#7790=DIRECTION('',(-0.5070422535211,0.861921198918001,0.0));
#7791=DIRECTION('',(-0.0,0.0,1.0));
#7792=CARTESIAN_POINT('',(-8.9,2.5,-4.88));
#7793=DIRECTION('',(0.0,0.0,-1.0));
#7794=DIRECTION('',(0.5070422535211,-0.861921198918001,0.0));
#7795=DIRECTION('',(0.0,0.0,-1.0));
#7796=CARTESIAN_POINT('',(-8.9,2.5,-4.63));
#7797=DIRECTION('',(0.0,0.0,1.0));
#7798=DIRECTION('',(-0.5070422535211,-0.861921198918001,0.0));
#7799=DIRECTION('',(-0.0,-0.573576436350952,0.819152044289058));
#7800=CARTESIAN_POINT('',(-8.9,2.5,-5.73));
#7801=DIRECTION('',(0.0,0.0,-1.0));
#7802=DIRECTION('',(0.258363703229692,-0.966047719759971,0.0));
#7803=DIRECTION('',(0.0,-0.573576436350952,-0.819152044289058));
#7804=CARTESIAN_POINT('',(-8.9,2.5,-5.73));
#7805=DIRECTION('',(0.0,0.0,-1.0));
#7806=DIRECTION('',(-0.258363703229692,0.966047719759971,0.0));
#7807=DIRECTION('',(0.0,-0.0,-1.0));
#7808=CARTESIAN_POINT('',(8.9,2.5,-4.63));
#7809=DIRECTION('',(0.0,0.0,1.0));
#7810=DIRECTION('',(-0.5070422535211,-0.861921198918001,0.0));
#7811=DIRECTION('',(0.0,0.0,-1.0));
#7812=CARTESIAN_POINT('',(8.9,2.5,-4.88));
#7813=DIRECTION('',(0.0,0.0,-1.0));
#7814=DIRECTION('',(0.5070422535211,-0.861921198918001,0.0));
#7815=DIRECTION('',(-0.0,0.0,1.0));
#7816=CARTESIAN_POINT('',(8.9,2.5,-4.88));
#7817=DIRECTION('',(0.0,0.0,-1.0));
#7818=DIRECTION('',(-0.5070422535211,0.861921198918001,0.0));
#7819=DIRECTION('',(0.0,0.0,-1.0));
#7820=CARTESIAN_POINT('',(8.9,2.5,-4.63));
#7821=DIRECTION('',(0.0,-0.0,1.0));
#7822=DIRECTION('',(0.5070422535211,0.861921198918001,0.0));
#7823=DIRECTION('',(-0.0,0.573576436350952,0.819152044289058));
#7824=CARTESIAN_POINT('',(8.9,2.5,-5.73));
#7825=DIRECTION('',(0.0,0.0,-1.0));
#7826=DIRECTION('',(-0.258363703229786,0.966047719759946,0.0));
#7827=DIRECTION('',(0.0,0.573576436350952,-0.819152044289058));
#7828=CARTESIAN_POINT('',(8.9,2.5,-5.73));
#7829=DIRECTION('',(0.0,0.0,-1.0));
#7830=DIRECTION('',(0.258363703229786,-0.966047719759946,0.0));
#7831=DIRECTION('',(0.0,0.0,-1.0));
#7832=CARTESIAN_POINT('',(-6.9,-2.3,0.0));
#7833=DIRECTION('',(0.0,-0.0,1.0));
#7834=DIRECTION('',(0.0,1.0,0.0));
#7835=DIRECTION('',(0.0,0.0,1.0));
#7836=CARTESIAN_POINT('',(-6.9,-2.3,-2.03));
#7837=DIRECTION('',(0.0,-0.0,1.0));
#7838=DIRECTION('',(0.0,1.0,0.0));
#7839=DIRECTION('',(1.0,0.0,0.0));
#7840=DIRECTION('',(0.0,1.0,0.0));
#7841=CARTESIAN_POINT('',(7.4,1.0,0.0));
#7842=DIRECTION('',(0.0,0.0,-1.0));
#7843=DIRECTION('',(-1.0,0.0,0.0));
#7844=DIRECTION('',(1.0,0.0,0.0));
#7845=CARTESIAN_POINT('',(7.615233484247,1.0,0.0));
#7846=DIRECTION('',(0.0,0.0,-1.0));
#7847=DIRECTION('',(0.0,1.0,0.0));
#7848=CARTESIAN_POINT('',(8.9,2.5,0.0));
#7849=DIRECTION('',(0.0,0.0,1.0));
#7850=DIRECTION('',(-0.650514691520482,-0.759493670886079,0.0));
#7851=DIRECTION('',(0.0,1.0,0.0));
#7852=CARTESIAN_POINT('',(8.9,2.5,0.0));
#7853=DIRECTION('',(0.0,-0.0,1.0));
#7854=DIRECTION('',(0.610169491525396,0.792270907967495,0.0));
#7855=CARTESIAN_POINT('',(7.615233484247,4.0,0.0));
#7856=DIRECTION('',(0.0,0.0,-1.0));
#7857=DIRECTION('',(0.650514691520482,-0.759493670886079,0.0));
#7858=DIRECTION('',(-1.0,0.0,0.0));
#7859=CARTESIAN_POINT('',(7.4,4.0,0.0));
#7860=DIRECTION('',(0.0,0.0,-1.0));
#7861=DIRECTION('',(0.0,-1.0,0.0));
#7862=DIRECTION('',(0.0,1.0,0.0));
#7863=DIRECTION('',(-1.0,0.0,0.0));
#7864=DIRECTION('',(0.0,-1.0,0.0));
#7865=CARTESIAN_POINT('',(-7.4,4.0,0.0));
#7866=DIRECTION('',(0.0,0.0,-1.0));
#7867=DIRECTION('',(1.0,0.0,0.0));
#7868=DIRECTION('',(-1.0,0.0,0.0));
#7869=CARTESIAN_POINT('',(-7.615233484247,4.0,0.0));
#7870=DIRECTION('',(0.0,0.0,-1.0));
#7871=DIRECTION('',(0.0,-1.0,0.0));
#7872=CARTESIAN_POINT('',(-8.9,2.5,0.0));
#7873=DIRECTION('',(0.0,-0.0,1.0));
#7874=DIRECTION('',(0.650514691520482,0.759493670886079,0.0));
#7875=DIRECTION('',(0.0,-1.0,0.0));
#7876=CARTESIAN_POINT('',(-8.9,2.5,0.0));
#7877=DIRECTION('',(0.0,0.0,1.0));
#7878=DIRECTION('',(-0.610169491525396,-0.792270907967495,0.0));
#7879=CARTESIAN_POINT('',(-7.615233484247,1.0,0.0));
#7880=DIRECTION('',(0.0,0.0,-1.0));
#7881=DIRECTION('',(-0.650514691520482,0.759493670886079,0.0));
#7882=DIRECTION('',(1.0,0.0,0.0));
#7883=CARTESIAN_POINT('',(-7.4,1.0,0.0));
#7884=DIRECTION('',(0.0,0.0,-1.0));
#7885=DIRECTION('',(0.0,1.0,0.0));
#7886=DIRECTION('',(0.0,-1.0,0.0));
#7887=CARTESIAN_POINT('',(-6.9,-2.3,0.0));
#7888=DIRECTION('',(0.0,-0.0,1.0));
#7889=DIRECTION('',(0.0,1.0,0.0));
#7890=DIRECTION('',(0.0,-1.0,0.0));
#7891=DIRECTION('',(1.0,0.0,0.0));
#7892=DIRECTION('',(0.707106781186548,-0.707106781186548,0.0));
#7893=DIRECTION('',(0.0,-1.0,0.0));
#7894=DIRECTION('',(-1.0,0.0,0.0));
#7895=DIRECTION('',(0.0,1.0,0.0));
#7896=DIRECTION('',(0.707106781186548,0.707106781186548,0.0));
#7897=DIRECTION('',(1.0,0.0,0.0));
#7898=DIRECTION('',(0.0,1.0,0.0));
#7899=DIRECTION('',(-1.0,0.0,0.0));
#7900=DIRECTION('',(0.0,1.0,0.0));
#7901=DIRECTION('',(1.0,0.0,0.0));
#7902=DIRECTION('',(0.0,-1.0,0.0));
#7903=DIRECTION('',(-1.0,0.0,0.0));
#7904=DIRECTION('',(0.0,-1.0,0.0));
#7905=DIRECTION('',(1.0,0.0,0.0));
#7906=DIRECTION('',(0.0,-1.0,0.0));
#7907=DIRECTION('',(-1.0,0.0,0.0));
#7908=DIRECTION('',(0.0,1.0,0.0));
#7909=DIRECTION('',(1.0,0.0,0.0));
#7910=DIRECTION('',(0.0,1.0,0.0));
#7911=DIRECTION('',(-1.0,0.0,0.0));
#7912=DIRECTION('',(0.0,1.0,0.0));
#7913=DIRECTION('',(0.707106781186548,0.707106781186548,0.0));
#7914=DIRECTION('',(1.0,0.0,0.0));
#7915=DIRECTION('',(0.707106781186548,-0.707106781186548,0.0));
#7916=DIRECTION('',(0.0,-1.0,0.0));
#7917=DIRECTION('',(-1.0,0.0,0.0));
#7918=DIRECTION('',(0.0,-1.0,0.0));
#7919=DIRECTION('',(1.0,0.0,0.0));
#7920=DIRECTION('',(0.0,-1.0,0.0));
#7921=DIRECTION('',(-1.0,0.0,0.0));
#7922=DIRECTION('',(0.0,1.0,0.0));
#7923=DIRECTION('',(1.0,0.0,0.0));
#7924=DIRECTION('',(0.0,1.0,0.0));
#7925=DIRECTION('',(-1.0,0.0,0.0));
#7926=DIRECTION('',(0.0,1.0,0.0));
#7927=DIRECTION('',(0.707106781186548,0.707106781186548,0.0));
#7928=DIRECTION('',(1.0,0.0,0.0));
#7929=DIRECTION('',(0.707106781186548,-0.707106781186548,0.0));
#7930=DIRECTION('',(0.0,-1.0,0.0));
#7931=DIRECTION('',(-1.0,0.0,0.0));
#7932=DIRECTION('',(0.0,-1.0,0.0));
#7933=DIRECTION('',(0.0,1.0,0.0));
#7934=DIRECTION('',(0.0,0.0,-1.0));
#7935=DIRECTION('',(0.0,0.0,-1.0));
#7936=DIRECTION('',(0.0,1.0,0.0));
#7937=DIRECTION('',(0.0,0.0,1.0));
#7938=DIRECTION('',(0.0,0.0,1.0));
#7939=DIRECTION('',(0.0,-1.0,0.0));
#7940=DIRECTION('',(0.0,-1.0,0.0));
#7941=DIRECTION('',(0.0,0.0,1.0));
#7942=DIRECTION('',(0.0,1.0,0.0));
#7943=DIRECTION('',(0.0,0.0,-1.0));
#7944=DIRECTION('',(0.0,0.0,1.0));
#7945=DIRECTION('',(-1.0,0.0,0.0));
#7946=DIRECTION('',(1.0,0.0,0.0));
#7947=DIRECTION('',(0.0,0.0,1.0));
#7948=DIRECTION('',(-1.0,0.0,0.0));
#7949=DIRECTION('',(0.0,0.0,1.0));
#7950=DIRECTION('',(1.0,0.0,0.0));
#7951=DIRECTION('',(0.0,0.0,1.0));
#7952=DIRECTION('',(-1.0,0.0,0.0));
#7953=DIRECTION('',(0.0,0.0,1.0));
#7954=DIRECTION('',(1.0,0.0,0.0));
#7955=DIRECTION('',(0.0,0.0,1.0));
#7956=DIRECTION('',(1.0,0.0,0.0));
#7957=DIRECTION('',(0.0,0.0,1.0));
#7958=DIRECTION('',(-1.0,0.0,0.0));
#7959=DIRECTION('',(0.0,0.0,1.0));
#7960=DIRECTION('',(0.0,0.0,-1.0));
#7961=DIRECTION('',(0.0,1.0,0.0));
#7962=DIRECTION('',(0.0,0.0,1.0));
#7963=DIRECTION('',(0.0,1.0,0.0));
#7964=DIRECTION('',(0.0,0.0,1.0));
#7965=DIRECTION('',(0.0,1.0,0.0));
#7966=DIRECTION('',(0.0,1.0,0.0));
#7967=DIRECTION('',(1.0,0.0,0.0));
#7968=DIRECTION('',(1.0,0.0,0.0));
#7969=DIRECTION('',(-1.0,0.0,0.0));
#7970=DIRECTION('',(1.0,0.0,0.0));
#7971=DIRECTION('',(0.0,1.0,0.0));
#7972=DIRECTION('',(1.0,0.0,0.0));
#7973=DIRECTION('',(0.0,1.0,0.0));
#7974=DIRECTION('',(0.0,1.0,0.0));
#7975=DIRECTION('',(-1.0,0.0,0.0));
#7976=DIRECTION('',(0.0,1.0,0.0));
#7977=DIRECTION('',(1.0,0.0,0.0));
#7978=DIRECTION('',(0.0,1.0,0.0));
#7979=DIRECTION('',(1.0,0.0,0.0));
#7980=DIRECTION('',(0.0,1.0,0.0));
#7981=DIRECTION('',(0.0,1.0,0.0));
#7982=DIRECTION('',(-1.0,0.0,0.0));
#7983=DIRECTION('',(0.0,1.0,0.0));
#7984=DIRECTION('',(1.0,0.0,0.0));
#7985=DIRECTION('',(0.0,-1.0,0.0));
#7986=DIRECTION('',(1.0,0.0,0.0));
#7987=DIRECTION('',(0.0,1.0,0.0));
#7988=DIRECTION('',(-1.0,0.0,0.0));
#7989=DIRECTION('',(0.0,-1.0,0.0));
#7990=DIRECTION('',(0.0,1.0,0.0));
#7991=DIRECTION('',(-1.0,0.0,0.0));
#7992=DIRECTION('',(0.0,0.0,-1.0));
#7993=DIRECTION('',(-1.0,0.0,0.0));
#7994=DIRECTION('',(0.0,0.0,-1.0));
#7995=DIRECTION('',(0.0,0.0,-1.0));
#7996=DIRECTION('',(-1.0,0.0,0.0));
#7997=DIRECTION('',(0.0,0.0,-1.0));
#7998=DIRECTION('',(-1.0,0.0,0.0));
#7999=DIRECTION('',(0.0,0.0,1.0));
#8000=DIRECTION('',(0.0,0.0,-1.0));
#8001=CARTESIAN_POINT('',(-7.4,1.0,-2.03));
#8002=DIRECTION('',(0.0,0.0,1.0));
#8003=DIRECTION('',(1.0,-1.354472090043E-14,0.0));
#8004=DIRECTION('',(1.0,0.0,0.0));
#8005=CARTESIAN_POINT('',(-7.615233484247,1.0,-2.03));
#8006=DIRECTION('',(0.0,-0.0,1.0));
#8007=DIRECTION('',(0.0,1.0,0.0));
#8008=CARTESIAN_POINT('',(-8.9,2.5,-2.03));
#8009=DIRECTION('',(0.0,0.0,1.0));
#8010=DIRECTION('',(0.610166889210584,-0.792272912140179,0.0));
#8011=DIRECTION('',(2.94604585820088E-06,0.99999999999566,0.0));
#8012=DIRECTION('',(0.0,1.0,0.0));
#8013=DIRECTION('',(-2.94604585820088E-06,0.99999999999566,0.0));
#8014=CARTESIAN_POINT('',(-8.9,2.5,-2.03));
#8015=DIRECTION('',(0.0,-0.0,1.0));
#8016=DIRECTION('',(0.650514691520482,0.759493670886079,0.0));
#8017=CARTESIAN_POINT('',(-7.615233484247,4.0,-2.03));
#8018=DIRECTION('',(0.0,0.0,1.0));
#8019=DIRECTION('',(-0.650514691520482,-0.759493670886079,0.0));
#8020=DIRECTION('',(-1.0,0.0,0.0));
#8021=CARTESIAN_POINT('',(-7.4,4.0,-2.03));
#8022=DIRECTION('',(0.0,0.0,1.0));
#8023=DIRECTION('',(0.0,-1.0,0.0));
#8024=DIRECTION('',(-1.0,0.0,0.0));
#8025=DIRECTION('',(0.0,1.0,0.0));
#8026=DIRECTION('',(0.0,1.0,0.0));
#8027=DIRECTION('',(-1.0,0.0,0.0));
#8028=DIRECTION('',(0.0,1.0,0.0));
#8029=DIRECTION('',(0.0,1.0,0.0));
#8030=DIRECTION('',(-1.0,0.0,0.0));
#8031=DIRECTION('',(0.0,1.0,0.0));
#8032=DIRECTION('',(0.0,-1.0,0.0));
#8033=CARTESIAN_POINT('',(7.4,4.0,-2.03));
#8034=DIRECTION('',(0.0,0.0,1.0));
#8035=DIRECTION('',(-1.0,0.0,0.0));
#8036=DIRECTION('',(-1.0,0.0,0.0));
#8037=CARTESIAN_POINT('',(7.615233484247,4.0,-2.03));
#8038=DIRECTION('',(0.0,0.0,1.0));
#8039=DIRECTION('',(0.0,-1.0,0.0));
#8040=CARTESIAN_POINT('',(8.9,2.5,-2.03));
#8041=DIRECTION('',(0.0,0.0,1.0));
#8042=DIRECTION('',(-0.610169491525396,0.792270907967495,0.0));
#8043=DIRECTION('',(0.0,-1.0,0.0));
#8044=DIRECTION('',(0.0,-1.0,0.0));
#8045=DIRECTION('',(0.0,-1.0,0.0));
#8046=CARTESIAN_POINT('',(8.9,2.5,-2.03));
#8047=DIRECTION('',(0.0,0.0,1.0));
#8048=DIRECTION('',(-0.650514691520482,-0.759493670886079,0.0));
#8049=CARTESIAN_POINT('',(7.615233484247,1.0,-2.03));
#8050=DIRECTION('',(0.0,-0.0,1.0));
#8051=DIRECTION('',(0.650514691520482,0.759493670886079,0.0));
#8052=DIRECTION('',(1.0,0.0,0.0));
#8053=CARTESIAN_POINT('',(7.4,1.0,-2.03));
#8054=DIRECTION('',(0.0,-0.0,1.0));
#8055=DIRECTION('',(0.0,1.0,0.0));
#8056=DIRECTION('',(0.0,-1.0,0.0));
#8057=DIRECTION('',(0.0,1.0,0.0));
#8058=DIRECTION('',(-1.0,0.0,0.0));
#8059=DIRECTION('',(0.0,1.0,0.0));
#8060=DIRECTION('',(0.0,1.0,0.0));
#8061=DIRECTION('',(-1.0,0.0,0.0));
#8062=DIRECTION('',(0.0,1.0,0.0));
#8063=DIRECTION('',(0.0,1.0,0.0));
#8064=DIRECTION('',(-1.0,0.0,0.0));
#8065=CARTESIAN_POINT('',(-6.9,-2.3,-2.03));
#8066=DIRECTION('',(0.0,-0.0,1.0));
#8067=DIRECTION('',(0.0,1.0,0.0));
#8068=DIRECTION('',(-1.0,0.0,0.0));
#8069=DIRECTION('',(0.0,-1.0,0.0));
#8070=DIRECTION('',(1.0,0.0,0.0));
#8071=DIRECTION('',(0.0,1.0,0.0));
#8072=DIRECTION('',(-1.0,0.0,0.0));
#8073=DIRECTION('',(0.0,-1.0,0.0));
#8074=DIRECTION('',(1.0,0.0,0.0));
#8075=DIRECTION('',(0.0,1.0,0.0));
#8076=DIRECTION('',(-1.0,0.0,0.0));
#8077=DIRECTION('',(0.0,-1.0,0.0));
#8078=DIRECTION('',(1.0,0.0,0.0));
#8079=DIRECTION('',(0.0,1.0,0.0));
#8080=DIRECTION('',(-1.0,0.0,0.0));
#8081=DIRECTION('',(0.0,-1.0,0.0));
#8082=DIRECTION('',(1.0,0.0,0.0));
#8083=DIRECTION('',(0.0,1.0,0.0));
#8084=DIRECTION('',(-1.0,0.0,0.0));
#8085=DIRECTION('',(0.0,-1.0,0.0));
#8086=DIRECTION('',(1.0,0.0,0.0));
#8087=DIRECTION('',(0.0,1.0,0.0));
#8088=DIRECTION('',(-1.0,0.0,0.0));
#8089=DIRECTION('',(0.0,-1.0,0.0));
#8090=DIRECTION('',(1.0,0.0,0.0));
#8091=DIRECTION('',(0.0,1.0,0.0));
#8092=DIRECTION('',(1.0,0.0,0.0));
#8093=DIRECTION('',(0.0,1.0,0.0));
#8094=DIRECTION('',(-1.0,0.0,0.0));
#8095=DIRECTION('',(0.0,-1.0,0.0));
#8096=DIRECTION('',(0.0,1.0,0.0));
#8097=DIRECTION('',(-1.0,0.0,0.0));
#8098=DIRECTION('',(0.0,-1.0,0.0));
#8099=DIRECTION('',(1.0,0.0,0.0));
#8100=DIRECTION('',(0.0,-1.0,0.0));
#8101=DIRECTION('',(1.0,0.0,0.0));
#8102=DIRECTION('',(0.0,1.0,0.0));
#8103=DIRECTION('',(-1.0,0.0,0.0));
#8104=DIRECTION('',(-1.0,0.0,0.0));
#8105=DIRECTION('',(0.0,-1.0,0.0));
#8106=DIRECTION('',(1.0,0.0,0.0));
#8107=DIRECTION('',(0.0,1.0,0.0));
#8108=DIRECTION('',(1.0,0.0,0.0));
#8109=DIRECTION('',(0.0,1.0,0.0));
#8110=DIRECTION('',(-1.0,0.0,0.0));
#8111=DIRECTION('',(0.0,-1.0,0.0));
#8112=DIRECTION('',(0.0,1.0,0.0));
#8113=DIRECTION('',(-1.0,0.0,0.0));
#8114=DIRECTION('',(0.0,-1.0,0.0));
#8115=DIRECTION('',(1.0,0.0,0.0));
#8116=DIRECTION('',(0.0,-1.0,0.0));
#8117=DIRECTION('',(1.0,0.0,0.0));
#8118=DIRECTION('',(0.0,1.0,0.0));
#8119=DIRECTION('',(-1.0,0.0,0.0));
#8120=DIRECTION('',(-1.0,0.0,0.0));
#8121=DIRECTION('',(0.0,-1.0,0.0));
#8122=DIRECTION('',(1.0,0.0,0.0));
#8123=DIRECTION('',(0.0,1.0,0.0));
#8124=DIRECTION('',(1.0,0.0,0.0));
#8125=DIRECTION('',(0.0,1.0,0.0));
#8126=DIRECTION('',(-1.0,0.0,0.0));
#8127=DIRECTION('',(0.0,-1.0,0.0));
#8128=DIRECTION('',(0.0,1.0,0.0));
#8129=DIRECTION('',(-1.0,0.0,0.0));
#8130=DIRECTION('',(0.0,-1.0,0.0));
#8131=DIRECTION('',(1.0,0.0,0.0));
#8132=DIRECTION('',(0.0,-1.0,0.0));
#8133=DIRECTION('',(1.0,0.0,0.0));
#8134=DIRECTION('',(0.0,1.0,0.0));
#8135=DIRECTION('',(-1.0,0.0,0.0));
#8136=DIRECTION('',(-1.0,0.0,0.0));
#8137=DIRECTION('',(0.0,-1.0,0.0));
#8138=DIRECTION('',(1.0,0.0,0.0));
#8139=DIRECTION('',(0.0,1.0,0.0));
#8140=DIRECTION('',(0.0,0.0,-1.0));
#8141=DIRECTION('',(0.0,1.0,0.0));
#8142=DIRECTION('',(0.0,0.0,-1.0));
#8143=DIRECTION('',(-1.0,0.0,0.0));
#8144=DIRECTION('',(0.0,0.0,-1.0));
#8145=DIRECTION('',(0.0,-1.0,0.0));
#8146=DIRECTION('',(0.0,0.0,-1.0));
#8147=DIRECTION('',(1.0,0.0,0.0));
#8148=DIRECTION('',(1.0,0.0,0.0));
#8149=DIRECTION('',(0.0,-1.0,0.0));
#8150=DIRECTION('',(-1.0,0.0,0.0));
#8151=DIRECTION('',(0.0,1.0,0.0));
#8152=DIRECTION('',(0.0,0.0,-1.0));
#8153=DIRECTION('',(0.0,0.0,-1.0));
#8154=DIRECTION('',(0.0,0.0,-1.0));
#8155=DIRECTION('',(0.0,0.0,-1.0));
#8156=DIRECTION('',(0.0,0.0,-1.0));
#8157=DIRECTION('',(0.0,1.0,0.0));
#8158=DIRECTION('',(0.0,0.0,-1.0));
#8159=DIRECTION('',(-1.0,0.0,0.0));
#8160=DIRECTION('',(0.0,0.0,-1.0));
#8161=DIRECTION('',(0.0,-1.0,0.0));
#8162=DIRECTION('',(0.0,0.0,-1.0));
#8163=DIRECTION('',(1.0,0.0,0.0));
#8164=DIRECTION('',(1.0,0.0,0.0));
#8165=DIRECTION('',(0.0,-1.0,0.0));
#8166=DIRECTION('',(-1.0,0.0,0.0));
#8167=DIRECTION('',(0.0,1.0,0.0));
#8168=DIRECTION('',(0.0,0.0,-1.0));
#8169=DIRECTION('',(0.0,0.0,-1.0));
#8170=DIRECTION('',(0.0,0.0,-1.0));
#8171=DIRECTION('',(0.0,0.0,-1.0));
#8172=DIRECTION('',(0.0,0.0,-1.0));
#8173=DIRECTION('',(0.0,1.0,0.0));
#8174=DIRECTION('',(0.0,0.0,-1.0));
#8175=DIRECTION('',(-1.0,0.0,0.0));
#8176=DIRECTION('',(0.0,0.0,-1.0));
#8177=DIRECTION('',(0.0,-1.0,0.0));
#8178=DIRECTION('',(0.0,0.0,-1.0));
#8179=DIRECTION('',(1.0,0.0,0.0));
#8180=DIRECTION('',(1.0,0.0,0.0));
#8181=DIRECTION('',(0.0,-1.0,0.0));
#8182=DIRECTION('',(-1.0,0.0,0.0));
#8183=DIRECTION('',(0.0,1.0,0.0));
#8184=DIRECTION('',(0.0,0.0,-1.0));
#8185=DIRECTION('',(0.0,0.0,-1.0));
#8186=DIRECTION('',(0.0,0.0,-1.0));
#8187=DIRECTION('',(0.0,0.0,-1.0));
#8188=DIRECTION('',(0.0,0.0,1.0));
#8189=DIRECTION('',(0.0,0.0,-1.0));
#8190=DIRECTION('',(0.0,0.0,1.0));
#8191=DIRECTION('',(0.0,0.0,1.0));
#8192=DIRECTION('',(0.0,0.0,1.0));
#8193=DIRECTION('',(0.0,0.0,1.0));
#8194=DIRECTION('',(0.0,0.0,1.0));
#8195=DIRECTION('',(0.0,0.0,1.0));
#8196=DIRECTION('',(0.0,0.0,1.0));
#8197=DIRECTION('',(0.0,0.0,1.0));
#8198=DIRECTION('',(0.0,0.0,-1.0));
#8199=DIRECTION('',(0.0,0.0,1.0));
#8200=DIRECTION('',(0.0,0.0,-1.0));
#8201=DIRECTION('',(0.0,0.0,1.0));
#8202=DIRECTION('',(0.0,0.0,-1.0));
#8203=DIRECTION('',(0.0,0.0,1.0));
#8204=DIRECTION('',(0.0,0.0,1.0));
#8205=DIRECTION('',(0.0,0.0,-1.0));
#8206=CARTESIAN_POINT('',(8.9,2.5,-4.63));
#8207=DIRECTION('',(0.0,0.0,-1.0));
#8208=DIRECTION('',(0.610169491525396,-0.792270907967495,0.0));
#8209=DIRECTION('',(0.0,0.0,1.0));
#8210=DIRECTION('',(0.0,0.0,1.0));
#8211=CARTESIAN_POINT('',(8.9,2.5,-4.63));
#8212=DIRECTION('',(0.0,0.0,-1.0));
#8213=DIRECTION('',(-0.610169491525396,0.792270907967495,0.0));
#8214=DIRECTION('',(0.0,0.0,1.0));
#8215=DIRECTION('',(0.0,0.0,1.0));
#8216=DIRECTION('',(0.0,0.0,1.0));
#8217=CARTESIAN_POINT('',(9.8,2.5,-2.43));
#8218=DIRECTION('',(1.0,0.0,0.0));
#8219=DIRECTION('',(0.0,1.0,0.0));
#8220=DIRECTION('',(0.0,0.0,1.0));
#8221=DIRECTION('',(0.0,1.0,0.0));
#8222=DIRECTION('',(0.0,0.0,-1.0));
#8223=DIRECTION('',(0.0,1.0,0.0));
#8224=DIRECTION('',(0.0,1.0,0.0));
#8225=DIRECTION('',(0.0,0.0,-1.0));
#8226=DIRECTION('',(0.0,1.0,0.0));
#8227=DIRECTION('',(0.0,-1.0,0.0));
#8228=DIRECTION('',(-0.573576436351011,0.0,-0.819152044289016));
#8229=DIRECTION('',(0.0,-1.0,0.0));
#8230=DIRECTION('',(-0.573576436351011,0.0,-0.819152044289016));
#8231=DIRECTION('',(-1.0,0.0,0.0));
#8232=DIRECTION('',(0.0,0.0,1.0));
#8233=DIRECTION('',(-0.573576436351011,0.0,0.819152044289016));
#8234=DIRECTION('',(-1.0,0.0,0.0));
#8235=DIRECTION('',(0.0,-1.0,0.0));
#8236=CARTESIAN_POINT('',(8.9,2.5,-5.73));
#8237=DIRECTION('',(0.0,0.0,-1.0));
#8238=DIRECTION('',(-0.258363703229786,0.966047719759946,0.0));
#8239=CARTESIAN_POINT('',(8.9,2.5,-5.73));
#8240=DIRECTION('',(0.0,0.0,-1.0));
#8241=DIRECTION('',(0.258363703229786,-0.966047719759946,0.0));
#8242=DIRECTION('',(0.0,-1.0,0.0));
#8243=DIRECTION('',(-1.0,0.0,0.0));
#8244=CARTESIAN_POINT('',(8.9,2.5,-4.88));
#8245=DIRECTION('',(0.0,0.0,-1.0));
#8246=DIRECTION('',(0.5070422535211,-0.861921198918001,0.0));
#8247=CARTESIAN_POINT('',(8.9,2.5,-4.88));
#8248=DIRECTION('',(0.0,0.0,-1.0));
#8249=DIRECTION('',(-0.5070422535211,0.861921198918001,0.0));
#8250=DIRECTION('',(0.0,-1.0,0.0));
#8251=DIRECTION('',(0.0,-1.0,0.0));
#8252=DIRECTION('',(-0.573576436351011,0.0,0.819152044289016));
#8253=CARTESIAN_POINT('',(8.0,2.5,-2.43));
#8254=DIRECTION('',(1.0,0.0,0.0));
#8255=DIRECTION('',(0.0,1.0,0.0));
#8256=DIRECTION('',(0.0,-1.0,0.0));
#8257=DIRECTION('',(0.0,-1.0,0.0));
#8258=CARTESIAN_POINT('',(8.0,2.5,-2.43));
#8259=DIRECTION('',(1.0,0.0,0.0));
#8260=DIRECTION('',(0.0,-0.6,0.8));
#8261=DIRECTION('',(0.0,0.0,1.0));
#8262=CARTESIAN_POINT('',(8.9,2.5,-4.63));
#8263=DIRECTION('',(0.0,-0.0,1.0));
#8264=DIRECTION('',(0.5070422535211,0.861921198918001,0.0));
#8265=CARTESIAN_POINT('',(8.9,2.5,-4.63));
#8266=DIRECTION('',(0.0,0.0,1.0));
#8267=DIRECTION('',(-0.5070422535211,-0.861921198918001,0.0));
#8268=DIRECTION('',(-1.0,0.0,0.0));
#8269=CARTESIAN_POINT('',(8.0,2.5,-2.43));
#8270=DIRECTION('',(1.0,0.0,-0.0));
#8271=DIRECTION('',(0.0,0.6,0.8));
#8272=DIRECTION('',(0.0,0.0,1.0));
#8273=DIRECTION('',(0.0,0.0,1.0));
#8274=DIRECTION('',(0.0,0.0,-1.0));
#8275=DIRECTION('',(0.0,0.0,1.0));
#8276=DIRECTION('',(0.0,0.0,1.0));
#8277=DIRECTION('',(9.8420882042437E-07,-1.13698259542197E-06,-0.999999999998869));
#8278=CARTESIAN_POINT('',(-8.9,2.5,-4.63));
#8279=DIRECTION('',(0.0,0.0,-1.0));
#8280=DIRECTION('',(-0.610169491525396,0.792270907967495,0.0));
#8281=DIRECTION('',(0.0,0.0,1.0));
#8282=DIRECTION('',(0.0,0.0,1.0));
#8283=CARTESIAN_POINT('',(-8.9,2.5,-4.63));
#8284=DIRECTION('',(0.0,0.0,-1.0));
#8285=DIRECTION('',(0.610169491525396,-0.792270907967495,0.0));
#8286=DIRECTION('',(-9.8420882042437E-07,-1.13698259533697E-06,0.999999999998869));
#8287=DIRECTION('',(0.0,0.0,1.0));
#8288=DIRECTION('',(0.0,0.0,1.0));
#8289=CARTESIAN_POINT('',(-9.8,2.5,-2.43));
#8290=DIRECTION('',(-1.0,-0.0,0.0));
#8291=DIRECTION('',(0.0,-1.0,-1.06581410364E-14));
#8292=DIRECTION('',(0.0,0.0,1.0));
#8293=DIRECTION('',(0.0,-1.0,0.0));
#8294=DIRECTION('',(0.0,0.0,-1.0));
#8295=DIRECTION('',(0.0,-1.0,0.0));
#8296=DIRECTION('',(0.0,-1.0,0.0));
#8297=DIRECTION('',(0.0,0.0,-1.0));
#8298=DIRECTION('',(0.0,-1.0,0.0));
#8299=DIRECTION('',(0.0,1.0,0.0));
#8300=DIRECTION('',(-0.573576436351011,0.0,0.819152044289016));
#8301=DIRECTION('',(0.0,1.0,0.0));
#8302=DIRECTION('',(-0.573576436351011,0.0,0.819152044289016));
#8303=DIRECTION('',(1.0,0.0,0.0));
#8304=DIRECTION('',(1.0,0.0,0.0));
#8305=DIRECTION('',(0.0,0.0,1.0));
#8306=DIRECTION('',(-0.573576436351011,0.0,-0.819152044289016));
#8307=DIRECTION('',(0.0,1.0,0.0));
#8308=DIRECTION('',(0.0,1.0,0.0));
#8309=DIRECTION('',(0.0,1.0,0.0));
#8310=DIRECTION('',(0.0,1.0,0.0));
#8311=DIRECTION('',(-0.573576436351011,0.0,-0.819152044289016));
#8312=CARTESIAN_POINT('',(-8.9,2.5,-5.73));
#8313=DIRECTION('',(0.0,0.0,-1.0));
#8314=DIRECTION('',(-0.258363703229692,0.966047719759971,0.0));
#8315=CARTESIAN_POINT('',(-8.9,2.5,-4.88));
#8316=DIRECTION('',(0.0,0.0,-1.0));
#8317=DIRECTION('',(-0.5070422535211,0.861921198918001,0.0));
#8318=CARTESIAN_POINT('',(-8.9,2.5,-4.88));
#8319=DIRECTION('',(0.0,0.0,-1.0));
#8320=DIRECTION('',(0.5070422535211,-0.861921198918001,0.0));
#8321=CARTESIAN_POINT('',(-8.9,2.5,-5.73));
#8322=DIRECTION('',(0.0,0.0,-1.0));
#8323=DIRECTION('',(0.258363703229692,-0.966047719759971,0.0));
#8324=CARTESIAN_POINT('',(-8.9,2.5,-4.63));
#8325=DIRECTION('',(0.0,0.0,1.0));
#8326=DIRECTION('',(-0.5070422535211,-0.861921198918001,0.0));
#8327=CARTESIAN_POINT('',(-8.9,2.5,-4.63));
#8328=DIRECTION('',(0.0,-0.0,1.0));
#8329=DIRECTION('',(0.5070422535211,0.861921198918001,0.0));
#8330=DIRECTION('',(0.0,1.0,0.0));
#8331=DIRECTION('',(0.0,1.0,0.0));
#8332=CARTESIAN_POINT('',(-8.0,2.5,-2.43));
#8333=DIRECTION('',(-1.0,0.0,0.0));
#8334=DIRECTION('',(0.0,-1.0,0.0));
#8335=CARTESIAN_POINT('',(-8.0,2.5,-2.43));
#8336=DIRECTION('',(-1.0,0.0,0.0));
#8337=DIRECTION('',(0.0,0.6,0.8));
#8338=DIRECTION('',(0.0,0.0,1.0));
#8339=DIRECTION('',(1.0,0.0,0.0));
#8340=CARTESIAN_POINT('',(-8.0,2.5,-2.43));
#8341=DIRECTION('',(-1.0,0.0,0.0));
#8342=DIRECTION('',(0.0,-0.6,0.8));
#8343=DIRECTION('',(1.0,0.0,0.0));
#8344=DIRECTION('',(0.0,0.0,1.0));
#8345=DIRECTION('',(0.0,0.0,1.0));
#8346=DIRECTION('',(0.0,0.0,-1.0));
#8347=DIRECTION('',(0.0,-1.0,0.0));
#8348=DIRECTION('',(0.0,0.0,-1.0));
#8349=DIRECTION('',(1.0,0.0,0.0));
#8350=DIRECTION('',(0.0,0.0,-1.0));
#8351=DIRECTION('',(0.0,1.0,0.0));
#8352=DIRECTION('',(0.0,0.0,-1.0));
#8353=DIRECTION('',(-1.0,0.0,0.0));
#8354=DIRECTION('',(0.0,-1.0,0.0));
#8355=DIRECTION('',(-1.0,0.0,0.0));
#8356=DIRECTION('',(0.0,1.0,0.0));
#8357=DIRECTION('',(1.0,0.0,0.0));
#8358=DIRECTION('',(0.0,1.0,0.0));
#8359=DIRECTION('',(1.0,0.0,0.0));
#8360=DIRECTION('',(0.0,-1.0,0.0));
#8361=DIRECTION('',(-1.0,0.0,0.0));
#8362=DIRECTION('',(1.0,0.0,0.0));
#8363=DIRECTION('',(0.0,-1.0,0.0));
#8364=DIRECTION('',(-1.0,0.0,0.0));
#8365=DIRECTION('',(0.0,1.0,0.0));
#8366=DIRECTION('',(0.0,0.0,-1.0));
#8367=DIRECTION('',(0.0,0.0,-1.0));
#8368=DIRECTION('',(0.0,0.0,-1.0));
#8369=DIRECTION('',(0.0,0.0,-1.0));
#8370=DIRECTION('',(0.0,0.0,-1.0));
#8371=DIRECTION('',(0.0,0.0,-1.0));
#8372=DIRECTION('',(0.0,0.0,-1.0));
#8373=DIRECTION('',(0.0,0.0,-1.0));
#8374=DIRECTION('',(0.0,0.0,-1.0));
#8375=DIRECTION('',(0.0,0.0,-1.0));
#8376=DIRECTION('',(0.0,0.0,-1.0));
#8377=DIRECTION('',(0.0,0.0,-1.0));
#8378=DIRECTION('',(0.0,0.0,-1.0));
#8379=DIRECTION('',(0.0,-1.0,0.0));
#8380=DIRECTION('',(0.0,0.0,-1.0));
#8381=DIRECTION('',(1.0,0.0,0.0));
#8382=DIRECTION('',(0.0,0.0,-1.0));
#8383=DIRECTION('',(0.0,1.0,0.0));
#8384=DIRECTION('',(0.0,0.0,-1.0));
#8385=DIRECTION('',(-1.0,0.0,0.0));
#8386=DIRECTION('',(0.0,-1.0,0.0));
#8387=DIRECTION('',(-1.0,0.0,0.0));
#8388=DIRECTION('',(0.0,1.0,0.0));
#8389=DIRECTION('',(1.0,0.0,0.0));
#8390=DIRECTION('',(0.0,1.0,0.0));
#8391=DIRECTION('',(1.0,0.0,0.0));
#8392=DIRECTION('',(0.0,-1.0,0.0));
#8393=DIRECTION('',(-1.0,0.0,0.0));
#8394=DIRECTION('',(1.0,0.0,0.0));
#8395=DIRECTION('',(0.0,-1.0,0.0));
#8396=DIRECTION('',(-1.0,0.0,0.0));
#8397=DIRECTION('',(0.0,1.0,0.0));
#8398=DIRECTION('',(0.0,0.0,-1.0));
#8399=DIRECTION('',(0.0,0.0,-1.0));
#8400=DIRECTION('',(0.0,0.0,-1.0));
#8401=DIRECTION('',(0.0,0.0,-1.0));
#8402=DIRECTION('',(0.0,0.0,-1.0));
#8403=DIRECTION('',(0.0,0.0,-1.0));
#8404=DIRECTION('',(0.0,0.0,-1.0));
#8405=DIRECTION('',(0.0,0.0,-1.0));
#8406=DIRECTION('',(0.0,0.0,-1.0));
#8407=DIRECTION('',(0.0,0.0,-1.0));
#8408=DIRECTION('',(0.0,0.0,-1.0));
#8409=DIRECTION('',(0.0,0.0,-1.0));
#8410=DIRECTION('',(0.0,0.0,-1.0));
#8411=DIRECTION('',(0.0,-1.0,0.0));
#8412=DIRECTION('',(0.0,0.0,-1.0));
#8413=DIRECTION('',(1.0,0.0,0.0));
#8414=DIRECTION('',(0.0,0.0,-1.0));
#8415=DIRECTION('',(0.0,1.0,0.0));
#8416=DIRECTION('',(0.0,0.0,-1.0));
#8417=DIRECTION('',(-1.0,0.0,0.0));
#8418=DIRECTION('',(0.0,-1.0,0.0));
#8419=DIRECTION('',(-1.0,0.0,0.0));
#8420=DIRECTION('',(0.0,1.0,0.0));
#8421=DIRECTION('',(1.0,0.0,0.0));
#8422=DIRECTION('',(0.0,1.0,0.0));
#8423=DIRECTION('',(1.0,0.0,0.0));
#8424=DIRECTION('',(0.0,-1.0,0.0));
#8425=DIRECTION('',(-1.0,0.0,0.0));
#8426=DIRECTION('',(1.0,0.0,0.0));
#8427=DIRECTION('',(0.0,-1.0,0.0));
#8428=DIRECTION('',(-1.0,0.0,0.0));
#8429=DIRECTION('',(0.0,1.0,0.0));
#8430=DIRECTION('',(0.0,0.0,-1.0));
#8431=DIRECTION('',(0.0,0.0,-1.0));
#8432=DIRECTION('',(0.0,0.0,-1.0));
#8433=DIRECTION('',(0.0,0.0,-1.0));
#8434=DIRECTION('',(0.0,0.0,-1.0));
#8435=DIRECTION('',(0.0,0.0,-1.0));
#8436=DIRECTION('',(0.0,0.0,-1.0));
#8437=DIRECTION('',(0.0,0.0,-1.0));
#8438=DIRECTION('',(0.0,0.0,-1.0));
#8439=DIRECTION('',(0.0,0.0,-1.0));
#8440=DIRECTION('',(0.0,0.0,-1.0));
#8441=DIRECTION('',(0.0,0.0,-1.0));
#8442=DIRECTION('',(0.0,0.0,1.0));
#8443=DIRECTION('',(0.0,-1.0,0.0));
#8444=DIRECTION('',(0.0,0.0,1.0));
#8445=DIRECTION('',(0.0,0.0,1.0));
#8446=DIRECTION('',(0.0,0.0,1.0));
#8447=DIRECTION('',(1.0,0.0,0.0));
#8448=DIRECTION('',(0.0,0.0,1.0));
#8449=DIRECTION('',(1.0,0.0,0.0));
#8450=DIRECTION('',(1.0,0.0,0.0));
#8451=DIRECTION('',(0.0,1.0,0.0));
#8452=DIRECTION('',(0.0,0.0,1.0));
#8453=DIRECTION('',(0.0,0.0,1.0));
#8454=DIRECTION('',(-1.0,0.0,0.0));
#8455=DIRECTION('',(0.0,0.0,1.0));
#8456=DIRECTION('',(0.0,1.0,0.0));
#8457=DIRECTION('',(0.0,0.0,1.0));
#8458=DIRECTION('',(1.0,0.0,0.0));
#8459=DIRECTION('',(0.0,0.0,1.0));
#8460=DIRECTION('',(0.0,-1.0,0.0));
#8461=DIRECTION('',(0.707106781186548,-0.707106781186548,0.0));
#8462=DIRECTION('',(0.707106781186548,0.707106781186548,0.0));
#8463=DIRECTION('',(0.0,1.0,0.0));
#8464=DIRECTION('',(-1.0,0.0,0.0));
#8465=DIRECTION('',(0.0,-1.0,0.0));
#8466=DIRECTION('',(-1.0,0.0,0.0));
#8467=DIRECTION('',(0.0,1.0,0.0));
#8468=DIRECTION('',(0.707106781186548,0.707106781186548,0.0));
#8469=DIRECTION('',(1.0,0.0,0.0));
#8470=DIRECTION('',(0.707106781186498,-0.707106781186598,0.0));
#8471=DIRECTION('',(0.0,-1.0,0.0));
#8472=DIRECTION('',(-1.0,0.0,0.0));
#8473=DIRECTION('',(0.0,1.0,0.0));
#8474=DIRECTION('',(0.707106781186498,0.707106781186598,0.0));
#8475=DIRECTION('',(1.0,0.0,0.0));
#8476=DIRECTION('',(0.707106781186498,-0.707106781186598,0.0));
#8477=DIRECTION('',(0.0,-1.0,0.0));
#8478=DIRECTION('',(0.0,0.0,1.0));
#8479=DIRECTION('',(0.0,0.0,1.0));
#8480=DIRECTION('',(0.0,0.0,1.0));
#8481=DIRECTION('',(0.0,0.0,1.0));
#8482=DIRECTION('',(0.0,0.0,-1.0));
#8483=DIRECTION('',(0.0,-1.0,0.0));
#8484=DIRECTION('',(0.0,0.0,-1.0));
#8485=DIRECTION('',(-1.0,0.0,0.0));
#8486=DIRECTION('',(0.0,0.0,-1.0));
#8487=DIRECTION('',(0.0,1.0,0.0));
#8488=DIRECTION('',(0.0,0.0,-1.0));
#8489=DIRECTION('',(0.707106781186548,0.707106781186548,0.0));
#8490=DIRECTION('',(0.0,0.0,-1.0));
#8491=DIRECTION('',(1.0,0.0,0.0));
#8492=DIRECTION('',(0.0,0.0,-1.0));
#8493=DIRECTION('',(0.707106781186498,-0.707106781186598,0.0));
#8494=DIRECTION('',(0.707106781186498,-0.707106781186598,0.0));
#8495=DIRECTION('',(1.0,0.0,0.0));
#8496=DIRECTION('',(0.707106781186498,0.707106781186598,0.0));
#8497=DIRECTION('',(0.0,1.0,0.0));
#8498=DIRECTION('',(-1.0,0.0,0.0));
#8499=DIRECTION('',(0.0,-1.0,0.0));
#8500=DIRECTION('',(0.0,0.0,-1.0));
#8501=DIRECTION('',(0.0,0.0,-1.0));
#8502=DIRECTION('',(0.0,0.0,-1.0));
#8503=DIRECTION('',(0.0,0.0,-1.0));
#8504=DIRECTION('',(0.0,0.0,-1.0));
#8505=DIRECTION('',(0.0,0.0,-1.0));
#8506=DIRECTION('',(0.0,0.0,1.0));
#8507=DIRECTION('',(0.0,-1.0,0.0));
#8508=DIRECTION('',(0.0,0.0,1.0));
#8509=DIRECTION('',(0.0,0.0,1.0));
#8510=DIRECTION('',(0.0,0.0,1.0));
#8511=DIRECTION('',(1.0,0.0,0.0));
#8512=DIRECTION('',(0.0,0.0,1.0));
#8513=DIRECTION('',(1.0,0.0,0.0));
#8514=DIRECTION('',(0.0,1.0,0.0));
#8515=DIRECTION('',(1.0,0.0,0.0));
#8516=DIRECTION('',(0.0,0.0,1.0));
#8517=DIRECTION('',(-1.0,0.0,0.0));
#8518=DIRECTION('',(0.0,0.0,1.0));
#8519=DIRECTION('',(0.0,0.0,1.0));
#8520=DIRECTION('',(0.0,1.0,0.0));
#8521=DIRECTION('',(0.0,0.0,1.0));
#8522=DIRECTION('',(0.707106781186548,0.707106781186548,0.0));
#8523=DIRECTION('',(0.0,0.0,1.0));
#8524=DIRECTION('',(1.0,0.0,0.0));
#8525=DIRECTION('',(0.0,0.0,1.0));
#8526=DIRECTION('',(0.707106781186548,-0.707106781186548,0.0));
#8527=DIRECTION('',(0.0,0.0,1.0));
#8528=DIRECTION('',(0.0,-1.0,0.0));
#8529=DIRECTION('',(-1.0,0.0,0.0));
#8530=DIRECTION('',(0.0,1.0,0.0));
#8531=DIRECTION('',(0.707106781186498,0.707106781186598,0.0));
#8532=DIRECTION('',(1.0,0.0,0.0));
#8533=DIRECTION('',(0.707106781186548,-0.707106781186548,0.0));
#8534=DIRECTION('',(0.0,-1.0,0.0));
#8535=DIRECTION('',(-1.0,0.0,0.0));
#8536=DIRECTION('',(0.0,-1.0,0.0));
#8537=DIRECTION('',(0.0,1.0,0.0));
#8538=DIRECTION('',(-1.0,0.0,0.0));
#8539=DIRECTION('',(0.0,1.0,0.0));
#8540=DIRECTION('',(0.707106781186548,0.707106781186548,0.0));
#8541=DIRECTION('',(1.0,0.0,0.0));
#8542=DIRECTION('',(0.707106781186548,-0.707106781186548,0.0));
#8543=DIRECTION('',(0.0,-1.0,0.0));
#8544=DIRECTION('',(0.0,1.0,0.0));
#8545=DIRECTION('',(-1.0,0.0,0.0));
#8546=DIRECTION('',(0.0,-1.0,0.0));
#8547=DIRECTION('',(0.707106781186548,-0.707106781186548,0.0));
#8548=DIRECTION('',(1.0,0.0,0.0));
#8549=DIRECTION('',(0.707106781186548,0.707106781186548,0.0));
#8550=DIRECTION('',(-1.0,0.0,0.0));
#8551=DIRECTION('',(0.0,1.0,0.0));
#8552=DIRECTION('',(0.707106781186548,0.707106781186548,0.0));
#8553=DIRECTION('',(1.0,0.0,0.0));
#8554=DIRECTION('',(0.707106781186548,-0.707106781186548,0.0));
#8555=DIRECTION('',(0.0,-1.0,0.0));
#8556=DIRECTION('',(-1.0,0.0,0.0));
#8557=DIRECTION('',(0.0,-1.0,0.0));
#8558=DIRECTION('',(1.0,0.0,0.0));
#8559=DIRECTION('',(0.0,1.0,0.0));
#8560=DIRECTION('',(-1.0,0.0,0.0));
#8561=DIRECTION('',(0.0,1.0,0.0));
#8562=DIRECTION('',(0.707106781186548,0.707106781186548,0.0));
#8563=DIRECTION('',(1.0,0.0,0.0));
#8564=DIRECTION('',(0.707106781186498,-0.707106781186598,0.0));
#8565=DIRECTION('',(0.0,-1.0,0.0));
#8566=DIRECTION('',(0.0,0.0,1.0));
#8567=DIRECTION('',(0.0,0.0,1.0));
#8568=DIRECTION('',(0.0,0.0,1.0));
#8569=DIRECTION('',(0.0,0.0,1.0));
#8570=DIRECTION('',(0.0,0.0,1.0));
#8571=DIRECTION('',(0.0,0.0,1.0));
#8572=DIRECTION('',(0.0,0.0,1.0));
#8573=DIRECTION('',(0.0,0.0,1.0));
#8574=DIRECTION('',(0.0,0.0,1.0));
#8575=DIRECTION('',(0.0,0.0,1.0));
#8576=DIRECTION('',(1.0,0.0,0.0));
#8577=DIRECTION('',(0.0,1.0,0.0));
#8578=DIRECTION('',(1.0,0.0,0.0));
#8579=DIRECTION('',(0.0,-1.0,0.0));
#8580=DIRECTION('',(0.0,0.0,1.0));
#8581=DIRECTION('',(0.0,0.0,1.0));
#8582=DIRECTION('',(0.0,0.0,1.0));
#8583=DIRECTION('',(0.0,0.0,1.0));
#8584=DIRECTION('',(0.0,0.0,1.0));
#8585=DIRECTION('',(0.0,0.0,1.0));
#8586=DIRECTION('',(0.0,0.0,-1.0));
#8587=DIRECTION('',(0.0,-1.0,0.0));
#8588=DIRECTION('',(0.0,0.0,-1.0));
#8589=DIRECTION('',(-1.0,0.0,0.0));
#8590=DIRECTION('',(0.0,0.0,-1.0));
#8591=DIRECTION('',(0.0,1.0,0.0));
#8592=DIRECTION('',(0.0,0.0,-1.0));
#8593=DIRECTION('',(0.707106781186548,0.707106781186548,0.0));
#8594=DIRECTION('',(0.0,0.0,-1.0));
#8595=DIRECTION('',(1.0,0.0,0.0));
#8596=DIRECTION('',(0.0,0.0,-1.0));
#8597=DIRECTION('',(0.707106781186548,-0.707106781186548,0.0));
#8598=DIRECTION('',(0.707106781186548,-0.707106781186548,0.0));
#8599=DIRECTION('',(1.0,0.0,0.0));
#8600=DIRECTION('',(0.707106781186548,0.707106781186548,0.0));
#8601=DIRECTION('',(0.0,1.0,0.0));
#8602=DIRECTION('',(-1.0,0.0,0.0));
#8603=DIRECTION('',(0.0,-1.0,0.0));
#8604=DIRECTION('',(0.0,0.0,-1.0));
#8605=DIRECTION('',(0.0,0.0,-1.0));
#8606=DIRECTION('',(0.0,0.0,-1.0));
#8607=DIRECTION('',(0.0,0.0,-1.0));
#8608=DIRECTION('',(0.0,0.0,-1.0));
#8609=DIRECTION('',(0.0,0.0,-1.0));
#8610=DIRECTION('',(0.0,0.0,-1.0));
#8611=DIRECTION('',(0.0,-1.0,0.0));
#8612=DIRECTION('',(0.0,0.0,-1.0));
#8613=DIRECTION('',(-1.0,0.0,0.0));
#8614=DIRECTION('',(0.0,0.0,-1.0));
#8615=DIRECTION('',(0.0,1.0,0.0));
#8616=DIRECTION('',(0.0,0.0,-1.0));
#8617=DIRECTION('',(0.707106781186548,0.707106781186548,0.0));
#8618=DIRECTION('',(0.0,0.0,-1.0));
#8619=DIRECTION('',(1.0,0.0,0.0));
#8620=DIRECTION('',(0.0,0.0,-1.0));
#8621=DIRECTION('',(0.707106781186498,-0.707106781186598,0.0));
#8622=DIRECTION('',(0.707106781186548,-0.707106781186548,0.0));
#8623=DIRECTION('',(1.0,0.0,0.0));
#8624=DIRECTION('',(0.707106781186548,0.707106781186548,0.0));
#8625=DIRECTION('',(0.0,1.0,0.0));
#8626=DIRECTION('',(-1.0,0.0,0.0));
#8627=DIRECTION('',(0.0,-1.0,0.0));
#8628=DIRECTION('',(0.0,0.0,-1.0));
#8629=DIRECTION('',(0.0,0.0,-1.0));
#8630=DIRECTION('',(0.0,0.0,-1.0));
#8631=DIRECTION('',(0.0,0.0,-1.0));
#8632=DIRECTION('',(0.0,0.0,-1.0));
#8633=DIRECTION('',(0.0,0.0,-1.0));
#8634=PRESENTATION_LAYER_ASSIGNMENT('','',(#26,#49,#50,#51,#52,#53,#54,#55,#56,#57,#62,#63,#64,#65,#66,#67,#68,#69,#70,#71,#72,#73,#74,#75,#76,#77,#78,#79,#80,#81,#82,#83,#84,#85,#86,#87,#88,#89,#90,#91,#92,#93,#94,#95,#96,#97,#98,#99,#100,#101,#102,#103,#104,#105,#106,#107,#108,#109,#110,#111,#112,#113,#114,#115,#116,#117,#118,#119,#120,#121,#122,#123,#124,#125,#126,#127,#128,#129,#130,#131,#132,#133,#134,#135,#136,#137,#138,#139,#140,#141,#142,#143,#144,#145,#146,#147,#148,#149,#150,#151,#152,#153,#154,#155,#156,#157,#158,#159,#160,#161,#162,#163,#164,#165,#166,#167,#168,#169,#170,#171,#172,#173,#174,#175,#176,#177,#178,#179,#180,#181,#182,#183,#184,#185,#186,#187,#188,#189,#190,#191,#192,#193,#194,#195,#196,#197,#198,#199,#200,#201,#202,#203,#204,#205,#206,#207,#208,#209,#210,#211,#212,#213,#214,#215,#216,#217,#218,#219,#220,#221,#222,#223,#224,#225,#226,#227,#228,#229,#230,#231,#232,#233,#234,#235,#236,#237,#238,#239,#240,#241,#242,#243,#244,#245,#246,#247,#248,#249,#250,#251,#252,#253,#254,#255,#256,#257,#258,#259,#260,#261,#262,#263,#264,#265,#266,#267,#268,#269,#270,#271,#272,#273,#274,#275,#276,#277,#278,#279,#280,#281,#282,#283,#284,#285,#286,#287,#288,#289,#290,#291,#292,#293,#294,#295,#296,#297,#298,#299,#300,#301,#302,#303,#304,#305,#306,#307,#308,#309,#310,#311,#312,#313,#314,#315,#316,#317,#318,#319,#320,#321,#322,#323,#324,#325,#326,#327,#328,#329,#330,#331,#332,#333,#334,#335,#336,#337,#338,#339,#942,#943,#944,#945,#946,#947,#948,#949,#950,#951,#952,#953,#954,#955,#956,#957,#958,#959,#3878,#3879,#3880,#3882,#3883,#3884,#3886,#3887,#3889,#3890,#3892,#3893,#3894,#3896,#3897,#3898,#3900,#3901,#3903,#3904,#3906,#3907,#3908,#3909,#3910,#3911,#3912,#3913,#3914,#3915,#3916,#3917,#3918,#3919,#3920,#3921,#3922,#3923,#3924,#3925,#3926,#3927,#3928,#3929,#3930,#3931,#3932,#3933,#3934,#3935,#3936,#3937,#3938,#3939,#3940,#3941,#3942,#3943,#3944,#3945,#3946,#3947,#3948,#3949,#3950,#3951,#3952,#3953,#3954,#3955,#3956,#3957,#3958,#3959,#3960,#3961,#3962,#3963,#3964,#3965,#3966,#3967,#3968,#3969,#3970,#3971,#3972,#3973,#3974,#3975,#3976,#3977,#3978,#3979,#3980,#3981,#3982,#3983,#3984,#3985,#3986,#3987,#3988,#3989,#3990,#3991,#3992,#3993,#3994,#3995,#3996,#3997,#3998,#3999,#4000,#4001,#4002,#4003,#4004,#4005,#4006,#4007,#4008,#4009,#4010,#4011,#4012,#4013,#4014,#4015,#4016,#4017,#4018,#4019,#4020,#4021,#4022,#4023,#4024,#4025,#4026,#4027,#4028,#4029,#4030,#4031,#4032,#4033,#4034,#4035,#4036,#4037,#4038,#4039,#4040,#4041,#4042,#4043,#4044,#4045,#4046,#4047,#4048,#4049,#4050,#4051,#4052,#4053,#4054,#4055,#4056,#4057,#4058,#4059,#4060,#4061,#4062,#4063,#4064,#4065,#4066,#4067,#4068,#4069,#4070,#4071,#4072,#4073,#4074,#4075,#4076,#4077,#4078,#4079,#4080,#4081,#4082,#4083,#4084,#4085,#4086,#4087,#4088,#4089,#4090,#4091,#4092,#4093,#4094,#4095,#4096,#4097,#4098,#4099,#4100,#4101,#4102,#4103,#4104,#4105,#4106,#4107,#4108,#4109,#4110,#4111,#4112,#4113,#4114,#4115,#4116,#4117,#4118,#4119,#4120,#4121,#4122,#4123,#4124,#4125,#4126,#4127,#4128,#4129,#4130,#4131,#4132,#4133,#4134,#4135,#4136,#4137,#4138,#4139,#4140,#4141,#4142,#4143,#4144,#4145,#4146,#4147,#4148,#4149,#4150,#4151,#4152,#4153,#4154,#4155,#4156,#4157,#4158,#4159,#4160,#4161,#4162,#4163,#4164,#4165,#4166,#4167,#4168,#4169,#4170,#4171,#4172,#4173,#4174,#4175,#4176,#4177,#4178,#4179,#4180,#4181,#4182,#4183,#4184,#4185,#4186,#4187,#4188,#4189,#4190,#4191,#4192,#4193,#4194,#4195,#4196,#4197,#4198,#4199,#4200,#4201,#4202,#4203,#4204,#4205,#4206,#4207,#4208,#4209,#4210,#4211,#4212,#4213,#4214,#4215,#4216,#4217,#4218,#4219,#4220,#4221,#4222,#4223,#4224,#4225,#4226,#4227,#4228,#4229,#4230,#4231,#4232,#4233,#4234,#4235,#4236,#4237,#4238,#4239,#4240,#4241,#4242,#4243,#4244,#4245,#4246,#4247,#4248,#4249,#4250,#4251,#4252,#4253,#4254,#4255,#4256,#4257,#4258,#4259,#4260,#4261,#4262,#4263,#4264,#4265,#4266,#4267,#4268,#4269,#4270,#4271,#4272,#4273,#4274,#4275,#4276,#4277,#4278,#4279,#4280,#4281,#4282,#4283,#4284,#4285,#4286,#4287,#4288,#4289,#4290,#4291,#4292,#4293,#4294,#4295,#4296,#4297,#4298,#4299,#4300,#4301,#4302,#4303,#4304,#4305,#4306,#4307,#4308,#4309,#4310,#4311,#4312,#4313,#4314,#4315,#4316,#4317,#4318,#4319,#4320,#4321,#4322,#4323,#4324,#4325,#4326,#4327,#4328,#4329,#4330,#4331,#4332,#4333,#4334,#4335,#4336,#4337,#4338,#4339,#4340,#4341,#4342,#4343,#4344,#4345,#4346,#4347,#4348,#4349,#4350,#4351,#4352,#4353,#4354,#4355,#4356,#4357,#4358,#4359,#4360,#4361,#4362,#4363,#4364,#4365,#4366,#4367,#4368,#4369,#4370,#4371,#4372,#4373,#4374,#4375,#4376,#4377,#4378,#4379,#4380,#4381,#4382,#4383,#4384,#4385,#4386,#4387,#4388,#4389,#4390,#4391,#4392,#4393,#4394,#4395,#4396,#4397,#4398,#4399,#4400,#4401,#4402,#4403,#4404,#4405,#4406,#4407,#4408,#4409,#4410,#4411,#4412,#4413,#4414,#4415,#4416,#4417,#4418,#4419,#4420,#4421,#4422,#4423,#4424,#4425,#4426,#4427,#4428,#4429,#4430,#4431,#4432,#4433,#4434,#4435,#4436,#4437,#4438,#4439,#4440,#4441,#4442,#4443,#4444,#4445,#4446,#4447,#4448,#4449,#4450,#4451,#4452,#4453,#4454,#4455,#4456,#4457,#4458,#4459,#4460,#4461,#4462,#4463,#4464,#4465,#4466,#4467,#4468,#4469,#4470,#4471,#4472,#4473,#4474,#4475,#4476,#4477,#4478,#4479,#4480,#4481,#4482,#4483,#4484,#4485,#4486,#4487,#4488,#4489,#4490,#4491,#4492,#4493,#4494,#4495,#4496,#4497,#4498,#4499,#4500,#4501,#4502,#4503,#4504,#4505,#4506,#4507,#4508,#4509,#4510,#4511,#4512,#4513,#4514,#4515,#4516,#4517,#4518,#4519,#4520,#4521,#4522,#4523,#4524,#4525,#4526,#4527,#4528,#4529,#4530,#4531,#4532,#4533,#4534,#4535,#4536,#4537,#4538,#4539,#4540,#4541,#4542,#4543,#4544,#4545,#4546,#4547,#4548,#4549,#4550,#4551,#4552,#4553,#4554,#4555,#4556,#4557,#4558,#4559,#4560,#4561,#4562,#4563,#4564,#4565,#4566,#4567,#4568,#4569,#4570,#4571,#4572,#4573,#4574,#4575,#4576,#4577,#4578,#4579,#4580,#4581,#4582,#4583,#4584,#4585,#4586,#4587,#4588,#4589,#4590,#4591,#4592,#4593,#4594,#4595,#4596,#4597,#4598,#4599,#4600,#4601,#4602,#4603,#4604,#4605,#4606,#4607,#4661,#4663,#4669,#4671,#4676,#4681,#4687,#4689,#4695,#4697,#4702,#4707,#4713,#4715,#4718,#4719,#4721,#4723,#4725,#4727,#4729,#4731,#4733,#4735,#4737,#4739,#4741,#4743,#4745,#4747,#4749,#4751,#4753,#4755,#4757,#4759,#4761,#4763,#4766,#4769,#4770,#4772,#4774,#4776,#4778,#4780,#4782,#4784,#4786,#4788,#4790,#4792,#4794,#4797,#4798,#4800,#4802,#4804,#4806,#4808,#4810,#4812,#4814,#4816,#4818,#4820,#4822,#4825,#4826,#4828,#4830,#4832,#4834,#4836,#4838,#4840,#4842,#4844,#4846,#4848,#4850,#4853,#4854,#4857,#4859,#4862,#4865,#4866,#4868,#4870,#4874,#4876,#4879,#4880,#4882,#4884,#4887,#4888,#4890,#4892,#4895,#4896,#4898,#4900,#4903,#4904,#4906,#4908,#4911,#4912,#4919,#4920,#4922,#4924,#4927,#4929,#4932,#4933,#4935,#4937,#4940,#4942,#4945,#4946,#4948,#4950,#4953,#4954,#4959,#4961,#4964,#4966,#4969,#4970,#4974,#4976,#4978,#4980,#4982,#4984,#4986,#4988,#4990,#4992,#4995,#4998,#5000,#5003,#5005,#5008,#5010,#5012,#5014,#5016,#5018,#5020,#5022,#5024,#5026,#5028,#5030,#5033,#5035,#5038,#5040,#5043,#5047,#5048,#5050,#5052,#5055,#5056,#5058,#5060,#5063,#5064,#5066,#5068,#5071,#5072,#5074,#5076,#5079,#5080,#5082,#5084,#5087,#5088,#5090,#5092,#5095,#5096,#5098,#5100,#5103,#5104,#5106,#5108,#5111,#5112,#5114,#5116,#5119,#5120,#5122,#5124,#5127,#5128,#5130,#5132,#5135,#5136,#5138,#5140,#5143,#5144,#5146,#5148,#5151,#5152,#5154,#5156,#5159,#5160,#5162,#5164,#5167,#5168,#5170,#5172,#5175,#5176,#5178,#5180,#5183,#5184,#5186,#5188,#5191,#5193,#5196,#5199,#5203,#5204,#5206,#5208,#5215,#5217,#5220,#5223,#5227,#5228,#5230,#5232,#5239,#5241,#5244,#5247,#5251,#5252,#5254,#5256,#5280,#5282,#5285,#5287,#5291,#5292,#5294,#5296,#5298,#5300,#5303,#5305,#5308,#5309,#5313,#5314,#5318,#5320,#5322,#5328,#5334,#5340,#5352,#5354,#5357,#5359,#5363,#5364,#5366,#5368,#5370,#5372,#5375,#5377,#5380,#5381,#5385,#5386,#5390,#5392,#5394,#5399,#5401,#5413,#5421,#5423,#5426,#5429,#5433,#5434,#5436,#5438,#5441,#5442,#5444,#5446,#5449,#5450,#5452,#5454,#5469,#5471,#5474,#5477,#5481,#5482,#5484,#5486,#5489,#5490,#5492,#5494,#5497,#5498,#5500,#5502,#5517,#5519,#5522,#5525,#5529,#5530,#5532,#5534,#5537,#5538,#5540,#5542,#5545,#5546,#5548,#5550,#5565,#5567,#5570,#5572,#5574,#5578,#5582,#5584,#5587,#5590,#5594,#5596,#5598,#5600,#5603,#5604,#5606,#5608,#5610,#5612,#5615,#5616,#5618,#5620,#5622,#5624,#5631,#5633,#5636,#5639,#5642,#5645,#5649,#5650,#5652,#5654,#5656,#5658,#5667,#5669,#5672,#5674,#5676,#5680,#5683,#5685,#5689,#5692,#5695,#5698,#5702,#5703,#5705,#5707,#5709,#5711,#5714,#5715,#5719,#5720,#5722,#5724,#5726,#5728,#5731,#5732,#5734,#5736,#5738,#5740,#5743,#5744,#5746,#5748,#5750,#5752,#5755,#5756,#5758,#5760,#5763,#5764,#5766,#5768,#5770,#5772,#5782,#5785,#5788,#5790,#5799,#5801,#5804,#5807,#5810,#5813,#5817,#5818,#5820,#5822,#5824,#5826,#5835,#5837,#5840,#5843,#5846,#5849,#5853,#5854,#5856,#5858,#5860,#5862));
ENDSEC;
END-ISO-10303-21;
