ISO-10303-21;
HEADER;
FILE_DESCRIPTION (( 'STEP AP214' ),
    '1' );
FILE_NAME ('TPS259830LNRGER.STEP',
    '2026-04-17T22:46:38',
    ( '' ),
    ( '' ),
    'SwSTEP 2.0',
    'SolidWorks 2021',
    '' );
FILE_SCHEMA (( 'AUTOMOTIVE_DESIGN' ));
ENDSEC;

DATA;
#1 = DIRECTION ( 'NONE',  ( 0.000000000000000000, -1.000000000000000000, 0.000000000000000000 ) ) ;
#2 = LINE ( 'NONE', #6069, #4429 ) ;
#3 = CARTESIAN_POINT ( 'NONE',  ( 1.606164317247239959, 0.2000000000000000111, -1.287966265713290204 ) ) ;
#4 = LINE ( 'NONE', #7615, #5380 ) ;
#5 = EDGE_CURVE ( 'NONE', #3049, #144, #7838, .T. ) ;
#6 = EDGE_CURVE ( 'NONE', #900, #7095, #1651, .T. ) ;
#7 = ORIENTED_EDGE ( 'NONE', *, *, #6871, .F. ) ;
#8 = DIRECTION ( 'NONE',  ( -0.000000000000000000, 1.000000000000000000, 0.000000000000000000 ) ) ;
#9 = ORIENTED_EDGE ( 'NONE', *, *, #2183, .T. ) ;
#10 = AXIS2_PLACEMENT_3D ( 'NONE', #9701, #4478, #2227 ) ;
#11 = DIRECTION ( 'NONE',  ( 0.000000000000000000, -1.000000000000000000, 0.000000000000000000 ) ) ;
#12 = ORIENTED_EDGE ( 'NONE', *, *, #3340, .F. ) ;
#13 = LINE ( 'NONE', #5250, #515 ) ;
#14 = DIRECTION ( 'NONE',  ( 0.000000000000000000, 0.000000000000000000, 1.000000000000000000 ) ) ;
#15 = CARTESIAN_POINT ( 'NONE',  ( 2.000000000000000000, 0.000000000000000000, 0.6300000000000000044 ) ) ;
#16 = ORIENTED_EDGE ( 'NONE', *, *, #6377, .F. ) ;
#17 = DIRECTION ( 'NONE',  ( 0.000000000000000000, -1.000000000000000000, 0.000000000000000000 ) ) ;
#18 = ORIENTED_EDGE ( 'NONE', *, *, #8283, .F. ) ;
#19 = DIRECTION ( 'NONE',  ( 1.000000000000000000, 0.000000000000000000, 0.000000000000000000 ) ) ;
#20 = DIRECTION ( 'NONE',  ( 0.000000000000000000, -1.000000000000000000, 0.000000000000000000 ) ) ;
#21 = CARTESIAN_POINT ( 'NONE',  ( -1.719999999999999973, 0.6664761515876239661, 1.250000000000000000 ) ) ;
#22 = DIRECTION ( 'NONE',  ( 0.000000000000000000, -1.000000000000000000, 0.000000000000000000 ) ) ;
#23 = AXIS2_PLACEMENT_3D ( 'NONE', #9716, #2941, #2302 ) ;
#24 = ADVANCED_FACE ( 'NONE', ( #3306 ), #4625, .F. ) ;
#25 = EDGE_CURVE ( 'NONE', #179, #2190, #8381, .T. ) ;
#26 = EDGE_CURVE ( 'NONE', #8451, #4702, #4077, .T. ) ;
#27 = AXIS2_PLACEMENT_3D ( 'NONE', #7473, #5843, #8911 ) ;
#28 = DIRECTION ( 'NONE',  ( 0.000000000000000000, 0.000000000000000000, -1.000000000000000000 ) ) ;
#29 = FACE_OUTER_BOUND ( 'NONE', #5324, .T. ) ;
#30 = ORIENTED_EDGE ( 'NONE', *, *, #2165, .F. ) ;
#31 = LINE ( 'NONE', #9030, #5028 ) ;
#32 = ORIENTED_EDGE ( 'NONE', *, *, #2002, .F. ) ;
#33 = LINE ( 'NONE', #4491, #9580 ) ;
#34 = CARTESIAN_POINT ( 'NONE',  ( 2.000000000000000000, 0.6664761515876239661, 0.6300000000000000044 ) ) ;
#35 = LINE ( 'NONE', #3030, #1655 ) ;
#36 = AXIS2_PLACEMENT_3D ( 'NONE', #2676, #4281, #8817 ) ;
#37 = EDGE_CURVE ( 'NONE', #424, #2253, #9175, .T. ) ;
#38 = ADVANCED_FACE ( 'NONE', ( #6297 ), #1695, .T. ) ;
#39 = CARTESIAN_POINT ( 'NONE',  ( 2.000000000000000000, 0.000000000000000000, 0.1299999999999999767 ) ) ;
#40 = CIRCLE ( 'NONE', #7879, 0.1200000000000000927 ) ;
#41 = ORIENTED_EDGE ( 'NONE', *, *, #9207, .F. ) ;
#42 = VECTOR ( 'NONE', #5698, 1000.000000000000000 ) ;
#43 = EDGE_LOOP ( 'NONE', ( #6899, #785, #1226, #3333, #6674, #3973, #2342, #3516 ) ) ;
#44 = EDGE_LOOP ( 'NONE', ( #7322, #1309, #9068, #1481, #7760 ) ) ;
#45 = CARTESIAN_POINT ( 'NONE',  ( -2.000000000000000000, 0.000000000000000000, 1.129999999999999893 ) ) ;
#46 = EDGE_LOOP ( 'NONE', ( #6308, #1175, #6100, #4413 ) ) ;
#47 = DIRECTION ( 'NONE',  ( 9.035018104045863447E-15, 0.000000000000000000, 1.000000000000000000 ) ) ;
#48 = CARTESIAN_POINT ( 'NONE',  ( 1.719999999999999973, 0.2000000000000000111, 1.129999999999999893 ) ) ;
#49 = CARTESIAN_POINT ( 'NONE',  ( 1.369999999999999885, 0.2000000000000000111, -1.719999999999999973 ) ) ;
#50 = VECTOR ( 'NONE', #441, 1000.000000000000000 ) ;
#51 = EDGE_CURVE ( 'NONE', #7425, #7008, #5413, .T. ) ;
#52 = ORIENTED_EDGE ( 'NONE', *, *, #7175, .F. ) ;
#53 = DIRECTION ( 'NONE',  ( 0.000000000000000000, 1.000000000000000000, 0.000000000000000000 ) ) ;
#54 = AXIS2_PLACEMENT_3D ( 'NONE', #5093, #9626, #8116 ) ;
#55 = VERTEX_POINT ( 'NONE', #1009 ) ;
#56 = DIRECTION ( 'NONE',  ( 0.000000000000000000, -1.000000000000000000, 0.000000000000000000 ) ) ;
#57 =( NAMED_UNIT ( * ) PLANE_ANGLE_UNIT ( ) SI_UNIT ( $, .RADIAN. ) );
#58 = ORIENTED_EDGE ( 'NONE', *, *, #4040, .F. ) ;
#59 = AXIS2_PLACEMENT_3D ( 'NONE', #7897, #1112, #3418 ) ;
#60 = CARTESIAN_POINT ( 'NONE',  ( -1.719999999999999973, 0.2000000000000000111, 0.8699999999999999956 ) ) ;
#61 = DIRECTION ( 'NONE',  ( 0.000000000000000000, -1.000000000000000000, 0.000000000000000000 ) ) ;
#62 = CARTESIAN_POINT ( 'NONE',  ( -1.719999999999999973, 0.2000000000000000111, 1.250000000000000000 ) ) ;
#63 = DIRECTION ( 'NONE',  ( 0.000000000000000000, 1.000000000000000000, 0.000000000000000000 ) ) ;
#64 = EDGE_CURVE ( 'NONE', #2004, #1078, #4819, .T. ) ;
#65 = VECTOR ( 'NONE', #7197, 1000.000000000000000 ) ;
#66 = AXIS2_PLACEMENT_3D ( 'NONE', #5611, #2071, #7138 ) ;
#67 = ORIENTED_EDGE ( 'NONE', *, *, #6577, .F. ) ;
#68 = DIRECTION ( 'NONE',  ( -0.7071067811865455743, 0.000000000000000000, -0.7071067811865495711 ) ) ;
#69 = EDGE_LOOP ( 'NONE', ( #1089, #191, #2554, #1565, #4974 ) ) ;
#70 = DIRECTION ( 'NONE',  ( 0.000000000000000000, 0.000000000000000000, -1.000000000000000000 ) ) ;
#71 = LINE ( 'NONE', #2377, #5744 ) ;
#72 = VECTOR ( 'NONE', #6933, 1000.000000000000000 ) ;
#73 = DIRECTION ( 'NONE',  ( 0.000000000000000000, 0.000000000000000000, 1.000000000000000000 ) ) ;
#74 = FACE_OUTER_BOUND ( 'NONE', #634, .T. ) ;
#75 = AXIS2_PLACEMENT_3D ( 'NONE', #7512, #5787, #6722 ) ;
#76 = FACE_OUTER_BOUND ( 'NONE', #5447, .T. ) ;
#77 = AXIS2_PLACEMENT_3D ( 'NONE', #9391, #1087, #2657 ) ;
#78 = AXIS2_PLACEMENT_3D ( 'NONE', #5924, #7399, #6713 ) ;
#79 = CARTESIAN_POINT ( 'NONE',  ( 0.7500000000000000000, 0.000000000000000000, 1.719999999999999973 ) ) ;
#80 = DIRECTION ( 'NONE',  ( -1.734723475976807834E-16, 0.000000000000000000, 1.000000000000000000 ) ) ;
#81 = EDGE_LOOP ( 'NONE', ( #7421, #3472, #9723, #8943 ) ) ;
#82 = DIRECTION ( 'NONE',  ( 0.000000000000000000, -1.000000000000000000, 0.000000000000000000 ) ) ;
#83 = EDGE_LOOP ( 'NONE', ( #2723, #2118, #5469, #3919 ) ) ;
#84 = DIRECTION ( 'NONE',  ( 0.000000000000000000, 0.000000000000000000, -1.000000000000000000 ) ) ;
#85 = DIRECTION ( 'NONE',  ( 1.000000000000000000, 0.000000000000000000, 7.744301232039309779E-16 ) ) ;
#86 = COLOUR_RGB ( '',0.7921568627450980005, 0.8196078431372548767, 0.9333333333333333481 ) ;
#87 = CARTESIAN_POINT ( 'NONE',  ( 0.7500000000000000000, 0.2000000000000000111, 1.600000000000000089 ) ) ;
#88 = AXIS2_PLACEMENT_3D ( 'NONE', #722, #6597, #5122 ) ;
#89 = FILL_AREA_STYLE ('',( #7402 ) ) ;
#90 = CIRCLE ( 'NONE', #1514, 0.1200000000000000927 ) ;
#91 = ORIENTED_EDGE ( 'NONE', *, *, #2365, .F. ) ;
#92 = EDGE_CURVE ( 'NONE', #7462, #2756, #3999, .T. ) ;
#93 = ORIENTED_EDGE ( 'NONE', *, *, #1605, .F. ) ;
#94 = EDGE_CURVE ( 'NONE', #7159, #5828, #274, .T. ) ;
#95 = ORIENTED_EDGE ( 'NONE', *, *, #7626, .F. ) ;
#96 = CARTESIAN_POINT ( 'NONE',  ( 2.000000000000000000, 7.656854249492380582, -2.000000000000000000 ) ) ;
#97 = ORIENTED_EDGE ( 'NONE', *, *, #494, .F. ) ;
#98 = CARTESIAN_POINT ( 'NONE',  ( 1.719999999999999973, 0.000000000000000000, -0.2500000000000000000 ) ) ;
#99 = CARTESIAN_POINT ( 'NONE',  ( -0.6300000000000000044, 0.6664761515876239661, 1.719999999999999973 ) ) ;
#100 = EDGE_CURVE ( 'NONE', #8634, #8729, #224, .T. ) ;
#101 = CARTESIAN_POINT ( 'NONE',  ( -0.7500000000000000000, 0.000000000000000000, -1.719999999999999973 ) ) ;
#102 = AXIS2_PLACEMENT_3D ( 'NONE', #4849, #7871, #2908 ) ;
#103 = AXIS2_PLACEMENT_3D ( 'NONE', #1587, #9658, #854 ) ;
#104 = ORIENTED_EDGE ( 'NONE', *, *, #8620, .F. ) ;
#105 = LINE ( 'NONE', #3771, #5220 ) ;
#106 = VERTEX_POINT ( 'NONE', #1740 ) ;
#107 = EDGE_CURVE ( 'NONE', #7095, #7352, #2921, .T. ) ;
#108 = ORIENTED_EDGE ( 'NONE', *, *, #8372, .T. ) ;
#109 = CARTESIAN_POINT ( 'NONE',  ( 2.000000000000000000, 0.2000000000000000111, -0.8699999999999999956 ) ) ;
#110 = ORIENTED_EDGE ( 'NONE', *, *, #2327, .F. ) ;
#111 = FACE_OUTER_BOUND ( 'NONE', #1823, .T. ) ;
#112 = DIRECTION ( 'NONE',  ( 0.000000000000000000, -1.000000000000000000, 0.000000000000000000 ) ) ;
#113 = PLANE ( 'NONE',  #9428 ) ;
#114 = CARTESIAN_POINT ( 'NONE',  ( 2.000000000000000000, 0.000000000000000000, 0.1299999999999999767 ) ) ;
#115 = ORIENTED_EDGE ( 'NONE', *, *, #2925, .F. ) ;
#116 =( LENGTH_UNIT ( ) NAMED_UNIT ( * ) SI_UNIT ( .MILLI., .METRE. ) );
#117 = VERTEX_POINT ( 'NONE', #4282 ) ;
#118 = ADVANCED_FACE ( 'NONE', ( #6396 ), #7939, .F. ) ;
#119 = CARTESIAN_POINT ( 'NONE',  ( 1.129999999999999893, 0.05000000000000000278, 1.719999999999999973 ) ) ;
#120 = CARTESIAN_POINT ( 'NONE',  ( 1.719999999999999973, 0.05000000000000000278, -1.129999999999999893 ) ) ;
#121 = ORIENTED_EDGE ( 'NONE', *, *, #3997, .F. ) ;
#122 = DIRECTION ( 'NONE',  ( 0.000000000000000000, -1.000000000000000000, 0.000000000000000000 ) ) ;
#123 = CARTESIAN_POINT ( 'NONE',  ( -1.350000000000000089, 0.000000000000000000, -1.050000000000000044 ) ) ;
#124 = FACE_OUTER_BOUND ( 'NONE', #6507, .T. ) ;
#125 = CARTESIAN_POINT ( 'NONE',  ( 1.287966265713291980, 0.000000000000000000, 1.606164317247235074 ) ) ;
#126 = CARTESIAN_POINT ( 'NONE',  ( -1.129999999999999893, 0.6664761515876239661, -1.719999999999999973 ) ) ;
#127 = ORIENTED_EDGE ( 'NONE', *, *, #6144, .F. ) ;
#128 = DIRECTION ( 'NONE',  ( -7.744301232039309779E-16, 0.000000000000000000, 1.000000000000000000 ) ) ;
#129 = EDGE_LOOP ( 'NONE', ( #1227, #1820, #2810, #4086 ) ) ;
#130 = DIRECTION ( 'NONE',  ( 0.000000000000000000, 1.000000000000000000, 0.000000000000000000 ) ) ;
#131 = LINE ( 'NONE', #3122, #5536 ) ;
#132 = LINE ( 'NONE', #953, #3377 ) ;
#133 = DIRECTION ( 'NONE',  ( 0.000000000000000000, -1.000000000000000000, 0.000000000000000000 ) ) ;
#134 = EDGE_LOOP ( 'NONE', ( #1561, #8304, #4055, #5008 ) ) ;
#135 = VERTEX_POINT ( 'NONE', #4969 ) ;
#136 = ORIENTED_EDGE ( 'NONE', *, *, #6126, .T. ) ;
#137 = FACE_OUTER_BOUND ( 'NONE', #9221, .T. ) ;
#138 = VERTEX_POINT ( 'NONE', #7885 ) ;
#139 = CARTESIAN_POINT ( 'NONE',  ( 0.2500000000000000000, 0.2000000000000000111, -1.719999999999999973 ) ) ;
#140 = LINE ( 'NONE', #8997, #4106 ) ;
#141 = CARTESIAN_POINT ( 'NONE',  ( -0.1299999999999999767, 0.05000000000000000278, 1.719999999999999973 ) ) ;
#142 = ADVANCED_FACE ( 'NONE', ( #4917 ), #3408, .F. ) ;
#143 = EDGE_CURVE ( 'NONE', #4489, #4394, #4185, .T. ) ;
#144 = VERTEX_POINT ( 'NONE', #6495 ) ;
#145 = CYLINDRICAL_SURFACE ( 'NONE', #3355, 0.1199999999999999956 ) ;
#146 = ORIENTED_EDGE ( 'NONE', *, *, #9710, .F. ) ;
#147 = ORIENTED_EDGE ( 'NONE', *, *, #3702, .T. ) ;
#148 = CARTESIAN_POINT ( 'NONE',  ( 1.250000000000000000, 0.2000000000000000111, 1.719999999999999973 ) ) ;
#149 = ORIENTED_EDGE ( 'NONE', *, *, #3768, .F. ) ;
#150 = LINE ( 'NONE', #790, #9152 ) ;
#151 = DIRECTION ( 'NONE',  ( 1.000000000000000000, 0.000000000000000000, -7.744301232039309779E-16 ) ) ;
#152 = DIRECTION ( 'NONE',  ( 0.000000000000000000, -1.000000000000000000, 0.000000000000000000 ) ) ;
#153 = LINE ( 'NONE', #843, #8386 ) ;
#154 = EDGE_CURVE ( 'NONE', #1453, #6079, #5657, .T. ) ;
#155 = EDGE_CURVE ( 'NONE', #7759, #6729, #6546, .T. ) ;
#156 = EDGE_CURVE ( 'NONE', #9143, #9254, #612, .T. ) ;
#157 = EDGE_CURVE ( 'NONE', #7550, #1176, #2783, .T. ) ;
#158 = ORIENTED_EDGE ( 'NONE', *, *, #3222, .T. ) ;
#159 = CARTESIAN_POINT ( 'NONE',  ( -1.606164317247235074, 0.2000000000000000111, -1.287966265713290204 ) ) ;
#160 = CARTESIAN_POINT ( 'NONE',  ( -0.1299999999999999767, 0.6664761515876239661, -1.719999999999999973 ) ) ;
#161 = VERTEX_POINT ( 'NONE', #512 ) ;
#162 = DIRECTION ( 'NONE',  ( 0.000000000000000000, -1.000000000000000000, 0.000000000000000000 ) ) ;
#163 = DIRECTION ( 'NONE',  ( 0.000000000000000000, -1.000000000000000000, 0.000000000000000000 ) ) ;
#164 = FACE_OUTER_BOUND ( 'NONE', #4528, .T. ) ;
#165 = CARTESIAN_POINT ( 'NONE',  ( -0.3699999999999999956, 0.000000000000000000, -2.000000000000000000 ) ) ;
#166 = EDGE_CURVE ( 'NONE', #2449, #2039, #8412, .T. ) ;
#167 = LINE ( 'NONE', #7676, #1319 ) ;
#168 = PLANE ( 'NONE',  #1973 ) ;
#169 = VERTEX_POINT ( 'NONE', #3593 ) ;
#170 = VECTOR ( 'NONE', #9494, 1000.000000000000000 ) ;
#171 = FACE_OUTER_BOUND ( 'NONE', #46, .T. ) ;
#172 = DIRECTION ( 'NONE',  ( -0.000000000000000000, 1.000000000000000000, -0.000000000000000000 ) ) ;
#173 = DIRECTION ( 'NONE',  ( -0.000000000000000000, 1.000000000000000000, 0.000000000000000000 ) ) ;
#174 = LINE ( 'NONE', #2347, #9350 ) ;
#175 = EDGE_CURVE ( 'NONE', #2459, #3762, #2825, .T. ) ;
#176 = AXIS2_PLACEMENT_3D ( 'NONE', #3317, #4507, #5468 ) ;
#177 = PLANE ( 'NONE',  #1002 ) ;
#178 = VERTEX_POINT ( 'NONE', #2032 ) ;
#179 = VERTEX_POINT ( 'NONE', #5764 ) ;
#180 = VECTOR ( 'NONE', #1081, 1000.000000000000000 ) ;
#181 = ORIENTED_EDGE ( 'NONE', *, *, #6009, .F. ) ;
#182 = DIRECTION ( 'NONE',  ( 0.000000000000000000, -1.000000000000000000, 0.000000000000000000 ) ) ;
#183 = EDGE_LOOP ( 'NONE', ( #5136, #5750, #2448, #4773, #4250, #8329, #9267 ) ) ;
#184 = VECTOR ( 'NONE', #6892, 1000.000000000000000 ) ;
#185 = DIRECTION ( 'NONE',  ( 0.000000000000000000, 0.000000000000000000, 1.000000000000000000 ) ) ;
#186 = CARTESIAN_POINT ( 'NONE',  ( -1.719999999999999973, 0.2000000000000000111, 0.1299999999999999767 ) ) ;
#187 = CARTESIAN_POINT ( 'NONE',  ( 1.369999999999999885, 0.2000000000000000111, 1.719999999999999973 ) ) ;
#188 = ADVANCED_FACE ( 'NONE', ( #8090 ), #3501, .T. ) ;
#189 = VECTOR ( 'NONE', #7252, 1000.000000000000000 ) ;
#190 = LINE ( 'NONE', #1760, #4919 ) ;
#191 = ORIENTED_EDGE ( 'NONE', *, *, #2672, .F. ) ;
#192 = ORIENTED_EDGE ( 'NONE', *, *, #288, .T. ) ;
#193 = EDGE_LOOP ( 'NONE', ( #5088, #1335, #835, #2596 ) ) ;
#194 = ORIENTED_EDGE ( 'NONE', *, *, #4156, .F. ) ;
#195 = AXIS2_PLACEMENT_3D ( 'NONE', #1490, #8127, #5001 ) ;
#196 = EDGE_CURVE ( 'NONE', #6758, #1059, #1932, .T. ) ;
#197 = UNCERTAINTY_MEASURE_WITH_UNIT (LENGTH_MEASURE( 1.000000000000000082E-05 ), #6180, 'distance_accuracy_value', 'NONE');
#198 = PLANE ( 'NONE',  #7414 ) ;
#199 = DIRECTION ( 'NONE',  ( 0.000000000000000000, -1.000000000000000000, 0.000000000000000000 ) ) ;
#200 = DIRECTION ( 'NONE',  ( 0.000000000000000000, -1.000000000000000000, 0.000000000000000000 ) ) ;
#201 = ADVANCED_FACE ( 'NONE', ( #1301 ), #2636, .T. ) ;
#202 = AXIS2_PLACEMENT_3D ( 'NONE', #99, #5319, #1613 ) ;
#203 = AXIS2_PLACEMENT_3D ( 'NONE', #7207, #1219, #2499 ) ;
#204 = ORIENTED_EDGE ( 'NONE', *, *, #2948, .T. ) ;
#205 = VERTEX_POINT ( 'NONE', #6439 ) ;
#206 = CARTESIAN_POINT ( 'NONE',  ( 1.129999999999999893, 0.05000000000000000278, -2.000000000000000000 ) ) ;
#207 = CARTESIAN_POINT ( 'NONE',  ( 1.129999999999999893, 0.6664761515876239661, -2.000000000000000000 ) ) ;
#208 = ORIENTED_EDGE ( 'NONE', *, *, #4551, .T. ) ;
#209 = ADVANCED_FACE ( 'NONE', ( #3448 ), #1986, .F. ) ;
#210 = ADVANCED_FACE ( 'NONE', ( #4861 ), #1149, .F. ) ;
#211 = CARTESIAN_POINT ( 'NONE',  ( -2.000000000000000000, 0.6664761515876239661, -0.6300000000000000044 ) ) ;
#212 = CARTESIAN_POINT ( 'NONE',  ( 1.719999999999999973, 0.6664761515876239661, 1.369999999999999885 ) ) ;
#213 = CARTESIAN_POINT ( 'NONE',  ( -1.719999999999999973, 0.000000000000000000, 0.8699999999999999956 ) ) ;
#214 = AXIS2_PLACEMENT_3D ( 'NONE', #1987, #4186, #6398 ) ;
#215 = ADVANCED_FACE ( 'NONE', ( #3744 ), #5999, .T. ) ;
#216 = AXIS2_PLACEMENT_3D ( 'NONE', #4709, #6989, #8470 ) ;
#217 = VECTOR ( 'NONE', #2252, 1000.000000000000114 ) ;
#218 = PLANE ( 'NONE',  #8077 ) ;
#219 = AXIS2_PLACEMENT_3D ( 'NONE', #662, #4378, #8181 ) ;
#220 = ORIENTED_EDGE ( 'NONE', *, *, #7524, .T. ) ;
#221 = CIRCLE ( 'NONE', #4445, 0.1200000000000000927 ) ;
#222 = LINE ( 'NONE', #3219, #3618 ) ;
#223 = ADVANCED_FACE ( 'NONE', ( #1548 ), #7530, .F. ) ;
#224 = LINE ( 'NONE', #5460, #1042 ) ;
#225 = FACE_OUTER_BOUND ( 'NONE', #1019, .T. ) ;
#226 = EDGE_CURVE ( 'NONE', #5883, #8605, #6787, .T. ) ;
#227 = VECTOR ( 'NONE', #2437, 1000.000000000000000 ) ;
#228 = CARTESIAN_POINT ( 'NONE',  ( -0.6300000000000000044, 0.6664761515876239661, 2.000000000000000000 ) ) ;
#229 = PRESENTATION_LAYER_ASSIGNMENT (  '', '', ( #384 ) ) ;
#230 = VECTOR ( 'NONE', #8847, 1000.000000000000000 ) ;
#231 = DIRECTION ( 'NONE',  ( 0.000000000000000000, 1.000000000000000000, 0.000000000000000000 ) ) ;
#232 = ORIENTED_EDGE ( 'NONE', *, *, #9660, .F. ) ;
#233 = COLOUR_RGB ( '',0.7921568627450980005, 0.8196078431372548767, 0.9333333333333333481 ) ;
#234 = ORIENTED_EDGE ( 'NONE', *, *, #7989, .T. ) ;
#235 = CARTESIAN_POINT ( 'NONE',  ( 1.369999999999999885, 0.2000000000000000111, -1.719999999999999973 ) ) ;
#236 = EDGE_CURVE ( 'NONE', #4021, #4422, #5261, .T. ) ;
#237 = ORIENTED_EDGE ( 'NONE', *, *, #4290, .F. ) ;
#238 = LINE ( 'NONE', #2543, #1599 ) ;
#239 = ORIENTED_EDGE ( 'NONE', *, *, #3926, .T. ) ;
#240 = AXIS2_PLACEMENT_3D ( 'NONE', #4197, #1952, #3380 ) ;
#241 = CARTESIAN_POINT ( 'NONE',  ( -2.000000000000000000, 0.2000000000000000111, 0.6300000000000000044 ) ) ;
#242 = PLANE ( 'NONE',  #7094 ) ;
#243 = LINE ( 'NONE', #4684, #5083 ) ;
#244 = VECTOR ( 'NONE', #3800, 1000.000000000000000 ) ;
#245 = CARTESIAN_POINT ( 'NONE',  ( -0.6300000000000000044, 0.2000000000000000111, 1.719999999999999973 ) ) ;
#246 = ORIENTED_EDGE ( 'NONE', *, *, #6432, .F. ) ;
#247 = CYLINDRICAL_SURFACE ( 'NONE', #1012, 0.1200000000000000927 ) ;
#248 = ORIENTED_EDGE ( 'NONE', *, *, #2457, .T. ) ;
#249 = VERTEX_POINT ( 'NONE', #4377 ) ;
#250 =( NAMED_UNIT ( * ) SI_UNIT ( $, .STERADIAN. ) SOLID_ANGLE_UNIT ( ) );
#251 = EDGE_LOOP ( 'NONE', ( #7170, #4410, #8112, #3085 ) ) ;
#252 = CARTESIAN_POINT ( 'NONE',  ( 1.129999999999999893, 0.000000000000000000, 1.719999999999999973 ) ) ;
#253 = DIRECTION ( 'NONE',  ( 0.000000000000000000, -1.000000000000000000, 0.000000000000000000 ) ) ;
#254 = CARTESIAN_POINT ( 'NONE',  ( 2.000000000000000000, 0.05000000000000000278, 2.000000000000000000 ) ) ;
#255 = VECTOR ( 'NONE', #5653, 1000.000000000000000 ) ;
#256 = DIRECTION ( 'NONE',  ( 0.000000000000000000, -1.000000000000000000, 0.000000000000000000 ) ) ;
#257 = VECTOR ( 'NONE', #7925, 1000.000000000000000 ) ;
#258 = ORIENTED_EDGE ( 'NONE', *, *, #2788, .T. ) ;
#259 = ORIENTED_EDGE ( 'NONE', *, *, #7586, .F. ) ;
#260 = DIRECTION ( 'NONE',  ( 0.000000000000000000, 0.000000000000000000, 1.000000000000000000 ) ) ;
#261 = VECTOR ( 'NONE', #5500, 1000.000000000000000 ) ;
#262 =( NAMED_UNIT ( * ) SI_UNIT ( $, .STERADIAN. ) SOLID_ANGLE_UNIT ( ) );
#263 = ORIENTED_EDGE ( 'NONE', *, *, #4475, .T. ) ;
#264 =( LENGTH_UNIT ( ) NAMED_UNIT ( * ) SI_UNIT ( .MILLI., .METRE. ) );
#265 = CARTESIAN_POINT ( 'NONE',  ( 2.000000000000000000, 0.2000000000000000111, 0.3699999999999999956 ) ) ;
#266 = DIRECTION ( 'NONE',  ( 0.000000000000000000, 0.000000000000000000, -1.000000000000000000 ) ) ;
#267 = CARTESIAN_POINT ( 'NONE',  ( 1.250000000000000000, 0.05000000000000000278, 0.6000000000000000888 ) ) ;
#268 = EDGE_CURVE ( 'NONE', #5142, #9517, #5203, .T. ) ;
#269 = EDGE_CURVE ( 'NONE', #3906, #6541, #2142, .T. ) ;
#270 = DIRECTION ( 'NONE',  ( 0.000000000000000000, -1.000000000000000000, 0.000000000000000000 ) ) ;
#271 = ADVANCED_FACE ( 'NONE', ( #74 ), #6740, .F. ) ;
#272 = EDGE_LOOP ( 'NONE', ( #3365, #5944, #2167, #479 ) ) ;
#273 = CARTESIAN_POINT ( 'NONE',  ( 1.719999999999999973, 0.2000000000000000111, 0.3699999999999999956 ) ) ;
#274 = LINE ( 'NONE', #4669, #5258 ) ;
#275 = DIRECTION ( 'NONE',  ( 0.000000000000000000, -1.000000000000000000, 0.000000000000000000 ) ) ;
#276 = DIRECTION ( 'NONE',  ( -0.000000000000000000, 1.000000000000000000, 0.000000000000000000 ) ) ;
#277 = ADVANCED_FACE ( 'NONE', ( #1503 ), #8281, .F. ) ;
#278 = DIRECTION ( 'NONE',  ( -1.000000000000000000, 0.000000000000000000, 7.744301232039309779E-16 ) ) ;
#279 = ORIENTED_EDGE ( 'NONE', *, *, #445, .T. ) ;
#280 = EDGE_LOOP ( 'NONE', ( #6756, #7704, #5887, #8539 ) ) ;
#281 = CYLINDRICAL_SURFACE ( 'NONE', #5824, 0.1200000000000000927 ) ;
#282 = ORIENTED_EDGE ( 'NONE', *, *, #4992, .F. ) ;
#283 = CARTESIAN_POINT ( 'NONE',  ( 0.6300000000000000044, 0.000000000000000000, -1.719999999999999973 ) ) ;
#284 = VERTEX_POINT ( 'NONE', #1445 ) ;
#285 = CARTESIAN_POINT ( 'NONE',  ( 1.287966265713291980, 0.2000000000000000111, 1.606164317247235074 ) ) ;
#286 = LINE ( 'NONE', #9235, #8526 ) ;
#287 = PLANE ( 'NONE',  #8238 ) ;
#288 = EDGE_CURVE ( 'NONE', #3127, #4091, #4427, .T. ) ;
#289 = DIRECTION ( 'NONE',  ( 1.000000000000000000, 0.000000000000000000, -7.744301232039309779E-16 ) ) ;
#290 = ORIENTED_EDGE ( 'NONE', *, *, #2975, .F. ) ;
#291 = PRESENTATION_STYLE_ASSIGNMENT (( #9462 ) ) ;
#292 = VERTEX_POINT ( 'NONE', #5948 ) ;
#293 = ORIENTED_EDGE ( 'NONE', *, *, #3381, .F. ) ;
#294 = SURFACE_STYLE_USAGE ( .BOTH. , #7064 ) ;
#295 = ORIENTED_EDGE ( 'NONE', *, *, #3447, .T. ) ;
#296 = DIRECTION ( 'NONE',  ( -7.744301232039309779E-16, 0.000000000000000000, 1.000000000000000000 ) ) ;
#297 = UNCERTAINTY_MEASURE_WITH_UNIT (LENGTH_MEASURE( 1.000000000000000082E-05 ), #586, 'distance_accuracy_value', 'NONE');
#298 = LINE ( 'NONE', #6276, #5348 ) ;
#299 = PLANE ( 'NONE',  #4698 ) ;
#300 = FACE_OUTER_BOUND ( 'NONE', #6011, .T. ) ;
#301 = FACE_OUTER_BOUND ( 'NONE', #6357, .T. ) ;
#302 = ORIENTED_EDGE ( 'NONE', *, *, #9291, .T. ) ;
#303 = VERTEX_POINT ( 'NONE', #3015 ) ;
#304 = FACE_OUTER_BOUND ( 'NONE', #1146, .T. ) ;
#305 = ORIENTED_EDGE ( 'NONE', *, *, #2966, .F. ) ;
#306 = PRESENTATION_STYLE_ASSIGNMENT (( #8366 ) ) ;
#307 = CARTESIAN_POINT ( 'NONE',  ( 1.369999999999999885, 0.05000000000000000278, 0.000000000000000000 ) ) ;
#308 = DIRECTION ( 'NONE',  ( 0.000000000000000000, 0.000000000000000000, -1.000000000000000000 ) ) ;
#309 = CARTESIAN_POINT ( 'NONE',  ( 0.2500000000000000000, 0.6664761515876239661, -1.719999999999999973 ) ) ;
#310 = ADVANCED_FACE ( 'NONE', ( #8969 ), #2870, .F. ) ;
#311 = DIRECTION ( 'NONE',  ( 0.000000000000000000, -1.000000000000000000, 0.000000000000000000 ) ) ;
#312 = FACE_OUTER_BOUND ( 'NONE', #5087, .T. ) ;
#313 = ORIENTED_EDGE ( 'NONE', *, *, #3522, .T. ) ;
#314 =( GEOMETRIC_REPRESENTATION_CONTEXT ( 3 ) GLOBAL_UNCERTAINTY_ASSIGNED_CONTEXT ( ( #5595 ) ) GLOBAL_UNIT_ASSIGNED_CONTEXT ( ( #4330, #7018, #7575 ) ) REPRESENTATION_CONTEXT ( 'NONE', 'WORKASPACE' ) );
#315 = CARTESIAN_POINT ( 'NONE',  ( 1.129999999999999893, 0.6664761515876239661, 2.000000000000000000 ) ) ;
#316 = DIRECTION ( 'NONE',  ( 0.000000000000000000, -1.000000000000000000, 0.000000000000000000 ) ) ;
#317 = EDGE_CURVE ( 'NONE', #1351, #3422, #7632, .T. ) ;
#318 = ADVANCED_FACE ( 'NONE', ( #8876 ), #3842, .F. ) ;
#319 = DIRECTION ( 'NONE',  ( 0.000000000000000000, 0.000000000000000000, 1.000000000000000000 ) ) ;
#320 = FACE_OUTER_BOUND ( 'NONE', #6245, .T. ) ;
#321 = ADVANCED_FACE ( 'NONE', ( #3700 ), #2926, .T. ) ;
#322 = FACE_OUTER_BOUND ( 'NONE', #8920, .T. ) ;
#323 = VERTEX_POINT ( 'NONE', #8925 ) ;
#324 = ORIENTED_EDGE ( 'NONE', *, *, #9300, .T. ) ;
#325 = LINE ( 'NONE', #3052, #1591 ) ;
#326 = ORIENTED_EDGE ( 'NONE', *, *, #5431, .T. ) ;
#327 = CARTESIAN_POINT ( 'NONE',  ( -1.250000000000000000, 0.05000000000000000278, 1.250000000000000000 ) ) ;
#328 = ORIENTED_EDGE ( 'NONE', *, *, #8202, .F. ) ;
#329 = FACE_OUTER_BOUND ( 'NONE', #9552, .T. ) ;
#330 = EDGE_CURVE ( 'NONE', #8099, #4838, #7439, .T. ) ;
#331 = FACE_OUTER_BOUND ( 'NONE', #3584, .T. ) ;
#332 = CARTESIAN_POINT ( 'NONE',  ( -2.000000000000000000, 0.000000000000000000, 1.129999999999999893 ) ) ;
#333 = VECTOR ( 'NONE', #1192, 1000.000000000000000 ) ;
#334 = EDGE_CURVE ( 'NONE', #6477, #4783, #9705, .T. ) ;
#335 = ADVANCED_FACE ( 'NONE', ( #6987 ), #6929, .T. ) ;
#336 = PLANE ( 'NONE',  #2433 ) ;
#337 = CIRCLE ( 'NONE', #7396, 0.1200000000000000927 ) ;
#338 = EDGE_LOOP ( 'NONE', ( #874, #1136, #6861, #448 ) ) ;
#339 = CIRCLE ( 'NONE', #2536, 0.1199999999999999956 ) ;
#340 = VERTEX_POINT ( 'NONE', #902 ) ;
#341 = ORIENTED_EDGE ( 'NONE', *, *, #9673, .F. ) ;
#342 = LINE ( 'NONE', #4013, #5020 ) ;
#343 = VERTEX_POINT ( 'NONE', #3882 ) ;
#344 = DIRECTION ( 'NONE',  ( -0.000000000000000000, -0.000000000000000000, -1.000000000000000000 ) ) ;
#345 = EDGE_CURVE ( 'NONE', #8541, #3762, #1829, .T. ) ;
#346 = CARTESIAN_POINT ( 'NONE',  ( 1.369999999999999885, 0.6664761515876239661, 1.719999999999999973 ) ) ;
#347 = CARTESIAN_POINT ( 'NONE',  ( -1.606164317247235074, 0.2000000000000000111, -1.287966265713290204 ) ) ;
#348 = CARTESIAN_POINT ( 'NONE',  ( -1.500000000000000000, 0.9000000000000000222, -1.500000000000000000 ) ) ;
#349 = AXIS2_PLACEMENT_3D ( 'NONE', #2150, #8937, #7395 ) ;
#350 = VECTOR ( 'NONE', #6246, 1000.000000000000000 ) ;
#351 = CARTESIAN_POINT ( 'NONE',  ( 1.363835682752764011, -0.05729555854656199348, 1.682033734286709770 ) ) ;
#352 = ORIENTED_EDGE ( 'NONE', *, *, #4515, .F. ) ;
#353 = VECTOR ( 'NONE', #4164, 1000.000000000000000 ) ;
#354 = VERTEX_POINT ( 'NONE', #9215 ) ;
#355 = CARTESIAN_POINT ( 'NONE',  ( -1.250000000000000000, 0.2000000000000000111, -1.719999999999999973 ) ) ;
#356 = DIRECTION ( 'NONE',  ( 0.000000000000000000, 0.000000000000000000, -1.000000000000000000 ) ) ;
#357 = ORIENTED_EDGE ( 'NONE', *, *, #2850, .T. ) ;
#358 = VECTOR ( 'NONE', #7723, 1000.000000000000000 ) ;
#359 = PRESENTATION_STYLE_ASSIGNMENT (( #7077 ) ) ;
#360 = EDGE_CURVE ( 'NONE', #8017, #2792, #4327, .T. ) ;
#361 = DIRECTION ( 'NONE',  ( 0.000000000000000000, -1.000000000000000000, 0.000000000000000000 ) ) ;
#362 = CYLINDRICAL_SURFACE ( 'NONE', #5108, 0.1200000000000000927 ) ;
#363 = CARTESIAN_POINT ( 'NONE',  ( 1.719999999999999973, 0.2000000000000000111, 0.1299999999999999767 ) ) ;
#364 = VECTOR ( 'NONE', #4095, 1000.000000000000000 ) ;
#365 = AXIS2_PLACEMENT_3D ( 'NONE', #3688, #8167, #6687 ) ;
#366 = DIRECTION ( 'NONE',  ( 0.000000000000000000, 0.000000000000000000, -1.000000000000000000 ) ) ;
#367 = CARTESIAN_POINT ( 'NONE',  ( -1.250000000000000000, 0.2000000000000000111, -1.719999999999999973 ) ) ;
#368 = ORIENTED_EDGE ( 'NONE', *, *, #1756, .T. ) ;
#369 = CIRCLE ( 'NONE', #4114, 0.1200000000000000927 ) ;
#370 = CARTESIAN_POINT ( 'NONE',  ( 0.2500000000000000000, 0.05000000000000000278, -1.719999999999999973 ) ) ;
#371 = CARTESIAN_POINT ( 'NONE',  ( 1.719999999999999973, 0.000000000000000000, 0.7500000000000000000 ) ) ;
#372 = CARTESIAN_POINT ( 'NONE',  ( -2.000000000000000000, 0.6664761515876239661, -0.3699999999999999956 ) ) ;
#373 = VECTOR ( 'NONE', #615, 1000.000000000000000 ) ;
#374 = CIRCLE ( 'NONE', #9169, 0.1200000000000000927 ) ;
#375 = AXIS2_PLACEMENT_3D ( 'NONE', #4814, #4762, #5501 ) ;
#376 = LINE ( 'NONE', #1804, #8849 ) ;
#377 = EDGE_LOOP ( 'NONE', ( #8827, #7706, #9229, #3466 ) ) ;
#378 = ORIENTED_EDGE ( 'NONE', *, *, #1222, .T. ) ;
#379 = DIRECTION ( 'NONE',  ( 0.000000000000000000, -1.000000000000000000, 0.000000000000000000 ) ) ;
#380 = VERTEX_POINT ( 'NONE', #3258 ) ;
#381 = DIRECTION ( 'NONE',  ( -0.000000000000000000, 1.000000000000000000, -0.000000000000000000 ) ) ;
#382 = ORIENTED_EDGE ( 'NONE', *, *, #7960, .F. ) ;
#383 = AXIS2_PLACEMENT_3D ( 'NONE', #7983, #9506, #4181 ) ;
#384 = STYLED_ITEM ( 'NONE', ( #291 ), #8334 ) ;
#385 = CARTESIAN_POINT ( 'NONE',  ( 1.369999999999999885, 0.2000000000000000111, 1.719999999999999973 ) ) ;
#386 = DIRECTION ( 'NONE',  ( 0.000000000000000000, 0.000000000000000000, 1.000000000000000000 ) ) ;
#387 = DIRECTION ( 'NONE',  ( 0.000000000000000000, -1.000000000000000000, 0.000000000000000000 ) ) ;
#388 = VECTOR ( 'NONE', #741, 1000.000000000000000 ) ;
#389 = ADVANCED_FACE ( 'NONE', ( #4760 ), #3154, .T. ) ;
#390 = SURFACE_SIDE_STYLE ('',( #6906 ) ) ;
#391 = VECTOR ( 'NONE', #7319, 1000.000000000000000 ) ;
#392 = EDGE_CURVE ( 'NONE', #3879, #9254, #6242, .T. ) ;
#393 = AXIS2_PLACEMENT_3D ( 'NONE', #2100, #2045, #8784 ) ;
#394 = ORIENTED_EDGE ( 'NONE', *, *, #6815, .F. ) ;
#395 = ORIENTED_EDGE ( 'NONE', *, *, #8309, .F. ) ;
#396 = ORIENTED_EDGE ( 'NONE', *, *, #1104, .T. ) ;
#397 = DIRECTION ( 'NONE',  ( 0.000000000000000000, 0.000000000000000000, -1.000000000000000000 ) ) ;
#398 = ORIENTED_EDGE ( 'NONE', *, *, #330, .T. ) ;
#399 = DIRECTION ( 'NONE',  ( 1.000000000000000000, 0.000000000000000000, 7.744301232039309779E-16 ) ) ;
#400 = DIRECTION ( 'NONE',  ( 7.744301232039309779E-16, 0.000000000000000000, -1.000000000000000000 ) ) ;
#401 = FACE_OUTER_BOUND ( 'NONE', #7985, .T. ) ;
#402 = AXIS2_PLACEMENT_3D ( 'NONE', #3877, #3972, #7528 ) ;
#403 = LINE ( 'NONE', #8652, #5708 ) ;
#404 = EDGE_CURVE ( 'NONE', #6724, #4723, #1688, .T. ) ;
#405 = ORIENTED_EDGE ( 'NONE', *, *, #8563, .T. ) ;
#406 = ORIENTED_EDGE ( 'NONE', *, *, #7832, .F. ) ;
#407 = CARTESIAN_POINT ( 'NONE',  ( 1.287966265713291980, 0.2000000000000000111, 1.606164317247235074 ) ) ;
#408 = LINE ( 'NONE', #4704, #8414 ) ;
#409 = ORIENTED_EDGE ( 'NONE', *, *, #1066, .T. ) ;
#410 = CIRCLE ( 'NONE', #2130, 0.1200000000000000927 ) ;
#411 = PLANE ( 'NONE',  #4421 ) ;
#412 = DIRECTION ( 'NONE',  ( 0.000000000000000000, -1.000000000000000000, 0.000000000000000000 ) ) ;
#413 = PLANE ( 'NONE',  #2364 ) ;
#414 = DIRECTION ( 'NONE',  ( 0.000000000000000000, -1.000000000000000000, 0.000000000000000000 ) ) ;
#415 = VECTOR ( 'NONE', #3541, 1000.000000000000000 ) ;
#416 = PLANE ( 'NONE',  #534 ) ;
#417 = CARTESIAN_POINT ( 'NONE',  ( -0.1299999999999999767, 0.2000000000000000111, 1.719999999999999973 ) ) ;
#418 = ORIENTED_EDGE ( 'NONE', *, *, #7843, .F. ) ;
#419 = CARTESIAN_POINT ( 'NONE',  ( -2.000000000000000000, 0.6664761515876239661, 0.8699999999999999956 ) ) ;
#420 = DIRECTION ( 'NONE',  ( 1.000000000000000000, 0.000000000000000000, -7.744301232039309779E-16 ) ) ;
#421 = CARTESIAN_POINT ( 'NONE',  ( 1.369999999999999885, 0.6664761515876239661, 2.000000000000000000 ) ) ;
#422 = ADVANCED_FACE ( 'NONE', ( #3208 ), #8519, .T. ) ;
#423 = DIRECTION ( 'NONE',  ( 0.7071067811865445751, 0.000000000000000000, 0.7071067811865504593 ) ) ;
#424 = VERTEX_POINT ( 'NONE', #4027 ) ;
#425 = EDGE_LOOP ( 'NONE', ( #147, #7464, #3737, #2645 ) ) ;
#426 = CARTESIAN_POINT ( 'NONE',  ( 0.3699999999999999956, 0.2000000000000000111, 1.719999999999999973 ) ) ;
#427 = ORIENTED_EDGE ( 'NONE', *, *, #6423, .F. ) ;
#428 = CARTESIAN_POINT ( 'NONE',  ( 0.1299999999999999767, 0.000000000000000000, 1.719999999999999973 ) ) ;
#429 = ORIENTED_EDGE ( 'NONE', *, *, #4050, .T. ) ;
#430 = DIRECTION ( 'NONE',  ( -1.000000000000000000, 0.000000000000000000, 0.000000000000000000 ) ) ;
#431 = CARTESIAN_POINT ( 'NONE',  ( -1.719999999999999973, 0.000000000000000000, -1.129999999999999893 ) ) ;
#432 = CARTESIAN_POINT ( 'NONE',  ( 0.7500000000000000000, 0.2000000000000000111, 1.719999999999999973 ) ) ;
#433 = SURFACE_SIDE_STYLE ('',( #7164 ) ) ;
#434 = FILL_AREA_STYLE_COLOUR ( '', #5801 ) ;
#435 = VERTEX_POINT ( 'NONE', #9256 ) ;
#436 = ORIENTED_EDGE ( 'NONE', *, *, #1876, .F. ) ;
#437 = ORIENTED_EDGE ( 'NONE', *, *, #1954, .T. ) ;
#438 = DIRECTION ( 'NONE',  ( 0.000000000000000000, 1.000000000000000000, 0.000000000000000000 ) ) ;
#439 = ORIENTED_EDGE ( 'NONE', *, *, #4827, .T. ) ;
#440 = CARTESIAN_POINT ( 'NONE',  ( 0.1299999999999999767, 0.2000000000000000111, 2.000000000000000000 ) ) ;
#441 = DIRECTION ( 'NONE',  ( 0.000000000000000000, -1.000000000000000000, 0.000000000000000000 ) ) ;
#442 = CARTESIAN_POINT ( 'NONE',  ( -1.129999999999999893, 0.2000000000000000111, 1.719999999999999973 ) ) ;
#443 = ADVANCED_FACE ( 'NONE', ( #164 ), #9162, .F. ) ;
#444 = ADVANCED_FACE ( 'NONE', ( #3113 ), #3299, .F. ) ;
#445 = EDGE_CURVE ( 'NONE', #7690, #8992, #2577, .T. ) ;
#446 = ORIENTED_EDGE ( 'NONE', *, *, #2000, .F. ) ;
#447 = CARTESIAN_POINT ( 'NONE',  ( 2.000000000000000000, 0.2000000000000000111, 1.129999999999999893 ) ) ;
#448 = ORIENTED_EDGE ( 'NONE', *, *, #6390, .T. ) ;
#449 = FACE_OUTER_BOUND ( 'NONE', #6509, .T. ) ;
#450 = PRESENTATION_STYLE_ASSIGNMENT (( #4065 ) ) ;
#451 = EDGE_LOOP ( 'NONE', ( #3174, #496, #619, #4781 ) ) ;
#452 = DIRECTION ( 'NONE',  ( 0.000000000000000000, -1.000000000000000000, 0.000000000000000000 ) ) ;
#453 = CARTESIAN_POINT ( 'NONE',  ( -1.250000000000000000, 0.2000000000000000111, -1.719999999999999973 ) ) ;
#454 = PLANE ( 'NONE',  #1789 ) ;
#455 = EDGE_CURVE ( 'NONE', #7065, #6102, #8469, .T. ) ;
#456 = EDGE_CURVE ( 'NONE', #7475, #8721, #4617, .T. ) ;
#457 = EDGE_CURVE ( 'NONE', #8425, #354, #943, .T. ) ;
#458 = CARTESIAN_POINT ( 'NONE',  ( 2.000000000000000000, 0.2000000000000000111, 0.3699999999999999956 ) ) ;
#459 = CARTESIAN_POINT ( 'NONE',  ( -1.719999999999999973, 0.2000000000000000111, 0.3699999999999999956 ) ) ;
#460 = ORIENTED_EDGE ( 'NONE', *, *, #6087, .T. ) ;
#461 = DIRECTION ( 'NONE',  ( 0.000000000000000000, -1.000000000000000000, 0.000000000000000000 ) ) ;
#462 = DIRECTION ( 'NONE',  ( -1.000000000000000000, 0.000000000000000000, 0.000000000000000000 ) ) ;
#463 = EDGE_CURVE ( 'NONE', #9155, #8201, #9110, .T. ) ;
#464 = FACE_OUTER_BOUND ( 'NONE', #8302, .T. ) ;
#465 = CARTESIAN_POINT ( 'NONE',  ( -0.1299999999999999767, 0.2000000000000000111, 1.719999999999999973 ) ) ;
#466 = DIRECTION ( 'NONE',  ( 0.000000000000000000, 1.000000000000000000, 0.000000000000000000 ) ) ;
#467 = ORIENTED_EDGE ( 'NONE', *, *, #6879, .T. ) ;
#468 = AXIS2_PLACEMENT_3D ( 'NONE', #62, #6690, #6732 ) ;
#469 = EDGE_LOOP ( 'NONE', ( #9142, #2157, #4836, #7010 ) ) ;
#470 = PLANE ( 'NONE',  #1119 ) ;
#471 = VERTEX_POINT ( 'NONE', #7635 ) ;
#472 = CARTESIAN_POINT ( 'NONE',  ( -1.369999999999999885, 0.05000000000000000278, 1.719999999999999973 ) ) ;
#473 = ORIENTED_EDGE ( 'NONE', *, *, #6084, .F. ) ;
#474 = FACE_OUTER_BOUND ( 'NONE', #2005, .T. ) ;
#475 = EDGE_CURVE ( 'NONE', #4783, #3879, #1731, .T. ) ;
#476 = CARTESIAN_POINT ( 'NONE',  ( 1.719999999999999973, 0.2000000000000000111, -0.1299999999999999767 ) ) ;
#477 = DIRECTION ( 'NONE',  ( -7.744301232039309779E-16, 0.000000000000000000, 1.000000000000000000 ) ) ;
#478 = SURFACE_STYLE_FILL_AREA ( #1223 ) ;
#479 = ORIENTED_EDGE ( 'NONE', *, *, #3260, .F. ) ;
#480 = ORIENTED_EDGE ( 'NONE', *, *, #5047, .T. ) ;
#481 = EDGE_LOOP ( 'NONE', ( #4020, #9637, #7202, #4160 ) ) ;
#482 = CARTESIAN_POINT ( 'NONE',  ( 0.1299999999999999767, 0.6664761515876239661, 1.719999999999999973 ) ) ;
#483 = ORIENTED_EDGE ( 'NONE', *, *, #4079, .T. ) ;
#484 = CIRCLE ( 'NONE', #6116, 0.1200000000000000927 ) ;
#485 = CARTESIAN_POINT ( 'NONE',  ( -1.287966265713290204, 0.000000000000000000, -1.606164317247235074 ) ) ;
#486 = CARTESIAN_POINT ( 'NONE',  ( 1.287966265713291980, 0.05000000000000000278, 1.606164317247235074 ) ) ;
#487 = EDGE_CURVE ( 'NONE', #4702, #8216, #7157, .T. ) ;
#488 = LINE ( 'NONE', #2703, #5071 ) ;
#489 = VECTOR ( 'NONE', #9542, 1000.000000000000000 ) ;
#490 = PLANE ( 'NONE',  #2591 ) ;
#491 = ORIENTED_EDGE ( 'NONE', *, *, #8208, .F. ) ;
#492 = DIRECTION ( 'NONE',  ( 0.000000000000000000, 0.000000000000000000, -1.000000000000000000 ) ) ;
#493 = EDGE_LOOP ( 'NONE', ( #2318, #8994, #5569, #6883 ) ) ;
#494 = EDGE_CURVE ( 'NONE', #3204, #7603, #9500, .T. ) ;
#495 = CARTESIAN_POINT ( 'NONE',  ( -1.369999999999999885, 0.000000000000000000, -1.719999999999999973 ) ) ;
#496 = ORIENTED_EDGE ( 'NONE', *, *, #6859, .T. ) ;
#497 = VECTOR ( 'NONE', #7169, 1000.000000000000000 ) ;
#498 = CARTESIAN_POINT ( 'NONE',  ( 1.719999999999999973, 0.2000000000000000111, 1.369999999999999885 ) ) ;
#499 = PLANE ( 'NONE',  #977 ) ;
#500 = FACE_OUTER_BOUND ( 'NONE', #823, .T. ) ;
#501 = PLANE ( 'NONE',  #66 ) ;
#502 = VECTOR ( 'NONE', #5712, 1000.000000000000000 ) ;
#503 = VECTOR ( 'NONE', #4193, 1000.000000000000000 ) ;
#504 = STYLED_ITEM ( 'NONE', ( #306 ), #2196 ) ;
#505 = ORIENTED_EDGE ( 'NONE', *, *, #8208, .T. ) ;
#506 = ADVANCED_FACE ( 'NONE', ( #1198 ), #362, .F. ) ;
#507 = CARTESIAN_POINT ( 'NONE',  ( -1.719999999999999973, 0.000000000000000000, 0.3699999999999999956 ) ) ;
#508 = EDGE_CURVE ( 'NONE', #698, #9208, #9521, .T. ) ;
#509 = CARTESIAN_POINT ( 'NONE',  ( -0.7500000000000000000, 0.05000000000000000278, 1.719999999999999973 ) ) ;
#510 = VERTEX_POINT ( 'NONE', #3488 ) ;
#511 = CARTESIAN_POINT ( 'NONE',  ( -1.250000000000000000, 0.05000000000000000278, -1.719999999999999973 ) ) ;
#512 = CARTESIAN_POINT ( 'NONE',  ( 0.3699999999999999956, 0.000000000000000000, 1.719999999999999973 ) ) ;
#513 = EDGE_CURVE ( 'NONE', #1848, #6782, #5263, .T. ) ;
#514 = APPLICATION_CONTEXT ( 'automotive_design' ) ;
#515 = VECTOR ( 'NONE', #3776, 1000.000000000000000 ) ;
#516 = LINE ( 'NONE', #8038, #1147 ) ;
#517 =( GEOMETRIC_REPRESENTATION_CONTEXT ( 3 ) GLOBAL_UNCERTAINTY_ASSIGNED_CONTEXT ( ( #8557 ) ) GLOBAL_UNIT_ASSIGNED_CONTEXT ( ( #5249, #6730, #8915 ) ) REPRESENTATION_CONTEXT ( 'NONE', 'WORKASPACE' ) );
#518 = DIRECTION ( 'NONE',  ( 7.744301232039309779E-16, 0.000000000000000000, 1.000000000000000000 ) ) ;
#519 = AXIS2_PLACEMENT_3D ( 'NONE', #4946, #6617, #5786 ) ;
#520 = ADVANCED_FACE ( 'NONE', ( #8076 ), #1140, .T. ) ;
#521 = LINE ( 'NONE', #7702, #3819 ) ;
#522 = ORIENTED_EDGE ( 'NONE', *, *, #4823, .F. ) ;
#523 = VECTOR ( 'NONE', #5373, 1000.000000000000000 ) ;
#524 = EDGE_LOOP ( 'NONE', ( #6088, #6867, #6755, #1388, #3197, #2316 ) ) ;
#525 = DIRECTION ( 'NONE',  ( 0.000000000000000000, -1.000000000000000000, 0.000000000000000000 ) ) ;
#526 = ORIENTED_EDGE ( 'NONE', *, *, #9583, .F. ) ;
#527 = CARTESIAN_POINT ( 'NONE',  ( -1.500000000000000000, 1.000000000000000000, -1.500000000000000000 ) ) ;
#528 = ORIENTED_EDGE ( 'NONE', *, *, #2000, .T. ) ;
#529 = CARTESIAN_POINT ( 'NONE',  ( -1.719999999999999973, 0.6664761515876239661, 0.8699999999999999956 ) ) ;
#530 = CARTESIAN_POINT ( 'NONE',  ( -1.719999999999999973, 0.2000000000000000111, 0.6300000000000000044 ) ) ;
#531 = DIRECTION ( 'NONE',  ( 0.000000000000000000, 0.000000000000000000, 1.000000000000000000 ) ) ;
#532 = AXIS2_PLACEMENT_3D ( 'NONE', #6300, #5573, #4718 ) ;
#533 = EDGE_CURVE ( 'NONE', #4117, #8955, #8273, .T. ) ;
#534 = AXIS2_PLACEMENT_3D ( 'NONE', #2671, #5707, #8766 ) ;
#535 = ORIENTED_EDGE ( 'NONE', *, *, #5714, .F. ) ;
#536 = VECTOR ( 'NONE', #3622, 1000.000000000000000 ) ;
#537 = ORIENTED_EDGE ( 'NONE', *, *, #8878, .T. ) ;
#538 = ORIENTED_EDGE ( 'NONE', *, *, #1954, .F. ) ;
#539 = CARTESIAN_POINT ( 'NONE',  ( -1.250000000000000000, 0.2000000000000000111, 1.719999999999999973 ) ) ;
#540 = EDGE_LOOP ( 'NONE', ( #5920, #382, #6112, #7130 ) ) ;
#541 = CIRCLE ( 'NONE', #8080, 0.1200000000000000927 ) ;
#542 = DIRECTION ( 'NONE',  ( -1.000000000000000000, 0.000000000000000000, 0.000000000000000000 ) ) ;
#543 = DIRECTION ( 'NONE',  ( 0.000000000000000000, -1.000000000000000000, 0.000000000000000000 ) ) ;
#544 = LINE ( 'NONE', #7865, #3820 ) ;
#545 = AXIS2_PLACEMENT_3D ( 'NONE', #3430, #1043, #6234 ) ;
#546 = CIRCLE ( 'NONE', #4140, 0.2000000000000000944 ) ;
#547 = FACE_OUTER_BOUND ( 'NONE', #8641, .T. ) ;
#548 = EDGE_CURVE ( 'NONE', #6685, #6058, #2771, .T. ) ;
#549 = ORIENTED_EDGE ( 'NONE', *, *, #5431, .F. ) ;
#550 = CARTESIAN_POINT ( 'NONE',  ( 1.719999999999999973, 0.6664761515876239661, 0.7500000000000000000 ) ) ;
#551 = VERTEX_POINT ( 'NONE', #8024 ) ;
#552 = FACE_OUTER_BOUND ( 'NONE', #4531, .T. ) ;
#553 = VERTEX_POINT ( 'NONE', #2717 ) ;
#554 = CARTESIAN_POINT ( 'NONE',  ( -1.250000000000000000, 0.2000000000000000111, -1.719999999999999973 ) ) ;
#555 = DIRECTION ( 'NONE',  ( 1.000000000000000000, 0.000000000000000000, 0.000000000000000000 ) ) ;
#556 = CARTESIAN_POINT ( 'NONE',  ( -1.719999999999999973, 0.6664761515876239661, 0.2500000000000000000 ) ) ;
#557 = PRESENTATION_LAYER_ASSIGNMENT (  '', '', ( #5237 ) ) ;
#558 = AXIS2_PLACEMENT_3D ( 'NONE', #1800, #5513, #2590 ) ;
#559 = CARTESIAN_POINT ( 'NONE',  ( -0.2500000000000000000, 0.2000000000000000111, 1.600000000000000089 ) ) ;
#560 = VECTOR ( 'NONE', #4032, 1000.000000000000114 ) ;
#561 = VERTEX_POINT ( 'NONE', #6483 ) ;
#562 = CARTESIAN_POINT ( 'NONE',  ( -1.250000000000000000, 0.2000000000000000111, -1.719999999999999973 ) ) ;
#563 = PLANE ( 'NONE',  #9671 ) ;
#564 = ORIENTED_EDGE ( 'NONE', *, *, #7728, .F. ) ;
#565 = DIRECTION ( 'NONE',  ( 0.000000000000000000, 0.000000000000000000, 1.000000000000000000 ) ) ;
#566 = DIRECTION ( 'NONE',  ( 0.000000000000000000, 0.000000000000000000, 1.000000000000000000 ) ) ;
#567 = CARTESIAN_POINT ( 'NONE',  ( -2.000000000000000000, 0.2000000000000000111, -0.3699999999999999956 ) ) ;
#568 = VECTOR ( 'NONE', #5259, 1000.000000000000000 ) ;
#569 = EDGE_CURVE ( 'NONE', #7113, #8059, #4167, .T. ) ;
#570 = ADVANCED_FACE ( 'NONE', ( #6538 ), #9547, .F. ) ;
#571 = ADVANCED_FACE ( 'NONE', ( #7137 ), #413, .F. ) ;
#572 = DIRECTION ( 'NONE',  ( -0.000000000000000000, 1.000000000000000000, -0.000000000000000000 ) ) ;
#573 = CARTESIAN_POINT ( 'NONE',  ( -1.369999999999999885, 0.2000000000000000111, -2.000000000000000000 ) ) ;
#574 = ORIENTED_EDGE ( 'NONE', *, *, #25, .F. ) ;
#575 = ORIENTED_EDGE ( 'NONE', *, *, #7814, .F. ) ;
#576 = CARTESIAN_POINT ( 'NONE',  ( -1.719999999999999973, 0.6664761515876239661, -0.1299999999999999767 ) ) ;
#577 = ORIENTED_EDGE ( 'NONE', *, *, #2678, .F. ) ;
#578 = AXIS2_PLACEMENT_3D ( 'NONE', #8178, #8234, #800 ) ;
#579 = CARTESIAN_POINT ( 'NONE',  ( 0.7500000000000000000, 0.2000000000000000111, 1.719999999999999973 ) ) ;
#580 = DIRECTION ( 'NONE',  ( 0.000000000000000000, -1.000000000000000000, 0.000000000000000000 ) ) ;
#581 = DIRECTION ( 'NONE',  ( 0.7071067811865455743, 0.000000000000000000, 0.7071067811865495711 ) ) ;
#582 = CARTESIAN_POINT ( 'NONE',  ( -2.000000000000000000, 0.000000000000000000, -0.1299999999999999767 ) ) ;
#583 = EDGE_CURVE ( 'NONE', #1703, #4753, #5799, .T. ) ;
#584 = ADVANCED_FACE ( 'NONE', ( #7929 ), #5610, .T. ) ;
#585 = ADVANCED_FACE ( 'NONE', ( #500 ), #9362, .F. ) ;
#586 =( LENGTH_UNIT ( ) NAMED_UNIT ( * ) SI_UNIT ( .MILLI., .METRE. ) );
#587 = ORIENTED_EDGE ( 'NONE', *, *, #4948, .F. ) ;
#588 = ORIENTED_EDGE ( 'NONE', *, *, #6211, .F. ) ;
#589 = ORIENTED_EDGE ( 'NONE', *, *, #4627, .F. ) ;
#590 = CARTESIAN_POINT ( 'NONE',  ( 0.8699999999999999956, 0.05000000000000000278, -2.000000000000000000 ) ) ;
#591 = EDGE_LOOP ( 'NONE', ( #4518, #4726, #2375, #6360 ) ) ;
#592 = CARTESIAN_POINT ( 'NONE',  ( 1.606164317247239959, 0.2000000000000000111, 1.287966265713290204 ) ) ;
#593 = CARTESIAN_POINT ( 'NONE',  ( 2.000000000000000000, 0.6664761515876239661, 0.3699999999999999956 ) ) ;
#594 = DIRECTION ( 'NONE',  ( -1.000000000000000000, 0.000000000000000000, 1.084202172485503818E-16 ) ) ;
#595 = ADVANCED_FACE ( 'NONE', ( #8660 ), #4904, .T. ) ;
#596 = CYLINDRICAL_SURFACE ( 'NONE', #3205, 0.1200000000000000927 ) ;
#597 = ORIENTED_EDGE ( 'NONE', *, *, #1886, .F. ) ;
#598 = DIRECTION ( 'NONE',  ( 0.000000000000000000, -1.000000000000000000, 0.000000000000000000 ) ) ;
#599 = VERTEX_POINT ( 'NONE', #7979 ) ;
#600 = CARTESIAN_POINT ( 'NONE',  ( -1.719999999999999973, 0.000000000000000000, -0.8699999999999999956 ) ) ;
#601 = CARTESIAN_POINT ( 'NONE',  ( -0.1299999999999999767, 0.6664761515876239661, -1.719999999999999973 ) ) ;
#602 = ORIENTED_EDGE ( 'NONE', *, *, #9114, .F. ) ;
#603 = SURFACE_STYLE_FILL_AREA ( #2912 ) ;
#604 = CARTESIAN_POINT ( 'NONE',  ( 1.606164317247239959, 0.2000000000000000111, -1.287966265713290204 ) ) ;
#605 = PLANE ( 'NONE',  #8885 ) ;
#606 = DIRECTION ( 'NONE',  ( 0.000000000000000000, -1.000000000000000000, 0.000000000000000000 ) ) ;
#607 = ORIENTED_EDGE ( 'NONE', *, *, #8037, .T. ) ;
#608 = CARTESIAN_POINT ( 'NONE',  ( -1.250000000000000000, 0.2000000000000000111, 1.719999999999999973 ) ) ;
#609 = DIRECTION ( 'NONE',  ( 0.000000000000000000, 0.000000000000000000, -1.000000000000000000 ) ) ;
#610 = ORIENTED_EDGE ( 'NONE', *, *, #2470, .F. ) ;
#611 =( LENGTH_UNIT ( ) NAMED_UNIT ( * ) SI_UNIT ( .MILLI., .METRE. ) );
#612 = LINE ( 'NONE', #5010, #1662 ) ;
#613 = CARTESIAN_POINT ( 'NONE',  ( 2.000000000000000000, 0.05000000000000000278, -2.000000000000000000 ) ) ;
#614 = EDGE_CURVE ( 'NONE', #7603, #2350, #2200, .T. ) ;
#615 = DIRECTION ( 'NONE',  ( -1.000000000000000000, 0.000000000000000000, 7.744301232039309779E-16 ) ) ;
#616 = CARTESIAN_POINT ( 'NONE',  ( -1.500000000000000000, 0.9000000000000000222, -1.500000000000000000 ) ) ;
#617 = ORIENTED_EDGE ( 'NONE', *, *, #8217, .T. ) ;
#618 = ADVANCED_FACE ( 'NONE', ( #752 ), #6583, .F. ) ;
#619 = ORIENTED_EDGE ( 'NONE', *, *, #5351, .T. ) ;
#620 = EDGE_CURVE ( 'NONE', #7774, #7267, #8477, .T. ) ;
#621 = CARTESIAN_POINT ( 'NONE',  ( 2.000000000000000000, 0.6664761515876239661, -0.6300000000000000044 ) ) ;
#622 = ORIENTED_EDGE ( 'NONE', *, *, #1761, .T. ) ;
#623 = DIRECTION ( 'NONE',  ( 0.000000000000000000, 0.000000000000000000, -1.000000000000000000 ) ) ;
#624 = DIRECTION ( 'NONE',  ( 0.000000000000000000, 0.000000000000000000, -1.000000000000000000 ) ) ;
#625 = CARTESIAN_POINT ( 'NONE',  ( 1.719999999999999973, 0.000000000000000000, 0.6300000000000000044 ) ) ;
#626 = EDGE_CURVE ( 'NONE', #7690, #3959, #6820, .T. ) ;
#627 = PLANE ( 'NONE',  #4454 ) ;
#628 = SURFACE_SIDE_STYLE ('',( #478 ) ) ;
#629 = ORIENTED_EDGE ( 'NONE', *, *, #3438, .T. ) ;
#630 = ORIENTED_EDGE ( 'NONE', *, *, #1446, .F. ) ;
#631 = EDGE_CURVE ( 'NONE', #1118, #2802, #704, .T. ) ;
#632 = ORIENTED_EDGE ( 'NONE', *, *, #929, .T. ) ;
#633 = CARTESIAN_POINT ( 'NONE',  ( -1.129999999999999893, 0.2000000000000000111, 2.000000000000000000 ) ) ;
#634 = EDGE_LOOP ( 'NONE', ( #9393, #3944, #4986, #4372 ) ) ;
#635 = DIRECTION ( 'NONE',  ( 0.000000000000000000, -1.000000000000000000, 0.000000000000000000 ) ) ;
#636 = CARTESIAN_POINT ( 'NONE',  ( 0.3699999999999999956, 0.2000000000000000111, 1.719999999999999973 ) ) ;
#637 = EDGE_CURVE ( 'NONE', #3415, #5917, #7429, .T. ) ;
#638 = EDGE_CURVE ( 'NONE', #2559, #4066, #2597, .T. ) ;
#639 = LINE ( 'NONE', #5834, #230 ) ;
#640 = CARTESIAN_POINT ( 'NONE',  ( 2.000000000000000000, 0.05000000000000000278, -1.369999999999999885 ) ) ;
#641 = ORIENTED_EDGE ( 'NONE', *, *, #4180, .F. ) ;
#642 = AXIS2_PLACEMENT_3D ( 'NONE', #1264, #2835, #9563 ) ;
#643 = CARTESIAN_POINT ( 'NONE',  ( 0.3699999999999999956, 0.000000000000000000, 2.000000000000000000 ) ) ;
#644 = VERTEX_POINT ( 'NONE', #5848 ) ;
#645 = ADVANCED_FACE ( 'NONE', ( #3690 ), #9697, .T. ) ;
#646 = FACE_OUTER_BOUND ( 'NONE', #3653, .T. ) ;
#647 = ORIENTED_EDGE ( 'NONE', *, *, #4908, .T. ) ;
#648 = CYLINDRICAL_SURFACE ( 'NONE', #365, 0.1200000000000000927 ) ;
#649 = DIRECTION ( 'NONE',  ( 0.000000000000000000, -1.000000000000000000, 0.000000000000000000 ) ) ;
#650 = PLANE ( 'NONE',  #4774 ) ;
#651 = DIRECTION ( 'NONE',  ( 0.000000000000000000, -1.000000000000000000, 0.000000000000000000 ) ) ;
#652 = VECTOR ( 'NONE', #2121, 1000.000000000000114 ) ;
#653 = ORIENTED_EDGE ( 'NONE', *, *, #6440, .F. ) ;
#654 = LINE ( 'NONE', #3638, #8963 ) ;
#655 = AXIS2_PLACEMENT_3D ( 'NONE', #2007, #1379, #9622 ) ;
#656 = EDGE_CURVE ( 'NONE', #7998, #7049, #4326, .T. ) ;
#657 = ORIENTED_EDGE ( 'NONE', *, *, #4924, .T. ) ;
#658 = CIRCLE ( 'NONE', #8985, 0.1000000000000000472 ) ;
#659 = DIRECTION ( 'NONE',  ( 0.000000000000000000, 0.000000000000000000, -1.000000000000000000 ) ) ;
#660 = CARTESIAN_POINT ( 'NONE',  ( 1.682033734286709770, -0.05729555854656199348, 1.363835682752762013 ) ) ;
#661 = LINE ( 'NONE', #7532, #3815 ) ;
#662 = CARTESIAN_POINT ( 'NONE',  ( -2.000000000000000000, 0.6664761515876239661, 0.3699999999999999956 ) ) ;
#663 = VECTOR ( 'NONE', #9468, 1000.000000000000000 ) ;
#664 = DIRECTION ( 'NONE',  ( -0.000000000000000000, 1.000000000000000000, 0.000000000000000000 ) ) ;
#665 = ADVANCED_FACE ( 'NONE', ( #8862 ), #605, .F. ) ;
#666 = DIRECTION ( 'NONE',  ( 0.000000000000000000, 0.000000000000000000, 1.000000000000000000 ) ) ;
#667 = EDGE_LOOP ( 'NONE', ( #9117, #7007, #684, #1545 ) ) ;
#668 = ORIENTED_EDGE ( 'NONE', *, *, #8413, .F. ) ;
#669 = VECTOR ( 'NONE', #8846, 1000.000000000000000 ) ;
#670 = DIRECTION ( 'NONE',  ( 0.000000000000000000, -1.000000000000000000, 0.000000000000000000 ) ) ;
#671 = ORIENTED_EDGE ( 'NONE', *, *, #6316, .T. ) ;
#672 = DIRECTION ( 'NONE',  ( 0.000000000000000000, 0.000000000000000000, 1.000000000000000000 ) ) ;
#673 = STYLED_ITEM ( 'NONE', ( #6536 ), #2339 ) ;
#674 = DIRECTION ( 'NONE',  ( 0.000000000000000000, 0.000000000000000000, -1.000000000000000000 ) ) ;
#675 = LINE ( 'NONE', #3658, #7583 ) ;
#676 = PLANE ( 'NONE',  #2592 ) ;
#677 = VECTOR ( 'NONE', #6763, 1000.000000000000000 ) ;
#678 = VECTOR ( 'NONE', #8844, 1000.000000000000000 ) ;
#679 = LINE ( 'NONE', #39, #1937 ) ;
#680 = ORIENTED_EDGE ( 'NONE', *, *, #457, .F. ) ;
#681 = VERTEX_POINT ( 'NONE', #8224 ) ;
#682 = ORIENTED_EDGE ( 'NONE', *, *, #5077, .F. ) ;
#683 = CARTESIAN_POINT ( 'NONE',  ( -1.719999999999999973, 0.6664761515876239661, -1.250000000000000000 ) ) ;
#684 = ORIENTED_EDGE ( 'NONE', *, *, #8085, .T. ) ;
#685 = AXIS2_PLACEMENT_3D ( 'NONE', #34, #3799, #85 ) ;
#686 = CARTESIAN_POINT ( 'NONE',  ( -0.6300000000000000044, 0.2000000000000000111, -1.719999999999999973 ) ) ;
#687 = CARTESIAN_POINT ( 'NONE',  ( 1.719999999999999973, 0.2000000000000000111, -1.129999999999999893 ) ) ;
#688 = LINE ( 'NONE', #3675, #1956 ) ;
#689 = VECTOR ( 'NONE', #7269, 1000.000000000000000 ) ;
#690 = ADVANCED_FACE ( 'NONE', ( #2280 ), #650, .F. ) ;
#691 = EDGE_CURVE ( 'NONE', #3958, #9322, #6776, .T. ) ;
#692 = VECTOR ( 'NONE', #9373, 1000.000000000000000 ) ;
#693 = LINE ( 'NONE', #5934, #8385 ) ;
#694 = AXIS2_PLACEMENT_3D ( 'NONE', #8971, #9708, #4483 ) ;
#695 = CIRCLE ( 'NONE', #1933, 0.1200000000000000927 ) ;
#696 = ORIENTED_EDGE ( 'NONE', *, *, #1325, .T. ) ;
#697 = CARTESIAN_POINT ( 'NONE',  ( 0.6300000000000000044, 0.2000000000000000111, -2.000000000000000000 ) ) ;
#698 = VERTEX_POINT ( 'NONE', #9590 ) ;
#699 = DIRECTION ( 'NONE',  ( 0.000000000000000000, 0.000000000000000000, 1.000000000000000000 ) ) ;
#700 = DIRECTION ( 'NONE',  ( -0.7071067811865504593, 0.000000000000000000, 0.7071067811865445751 ) ) ;
#701 = ORIENTED_EDGE ( 'NONE', *, *, #445, .F. ) ;
#702 = FILL_AREA_STYLE_COLOUR ( '', #830 ) ;
#703 = CARTESIAN_POINT ( 'NONE',  ( 1.129999999999999893, 0.000000000000000000, -2.000000000000000000 ) ) ;
#704 = LINE ( 'NONE', #5942, #1029 ) ;
#705 = AXIS2_PLACEMENT_3D ( 'NONE', #3884, #5350, #4072 ) ;
#706 = CARTESIAN_POINT ( 'NONE',  ( -2.000000000000000000, 0.2000000000000000111, -0.6300000000000000044 ) ) ;
#707 = VECTOR ( 'NONE', #7416, 1000.000000000000000 ) ;
#708 = VECTOR ( 'NONE', #6418, 1000.000000000000000 ) ;
#709 = EDGE_CURVE ( 'NONE', #2611, #7505, #982, .T. ) ;
#710 = EDGE_CURVE ( 'NONE', #4263, #3287, #2325, .T. ) ;
#711 = VERTEX_POINT ( 'NONE', #3586 ) ;
#712 = LINE ( 'NONE', #8278, #6264 ) ;
#713 = MECHANICAL_DESIGN_GEOMETRIC_PRESENTATION_REPRESENTATION (  '', ( #5394 ), #6951 ) ;
#714 = CARTESIAN_POINT ( 'NONE',  ( 2.000000000000000000, 0.2000000000000000111, 0.1299999999999999767 ) ) ;
#715 = CIRCLE ( 'NONE', #78, 0.1199999999999999956 ) ;
#716 = CARTESIAN_POINT ( 'NONE',  ( -1.250000000000000000, 0.05000000000000000278, -1.719999999999999973 ) ) ;
#717 = CARTESIAN_POINT ( 'NONE',  ( -1.719999999999999973, 0.2000000000000000111, -1.129999999999999893 ) ) ;
#718 = PLANE ( 'NONE',  #8379 ) ;
#719 = CARTESIAN_POINT ( 'NONE',  ( -1.719999999999999973, 0.000000000000000000, -0.7500000000000000000 ) ) ;
#720 = VECTOR ( 'NONE', #910, 1000.000000000000000 ) ;
#721 = CARTESIAN_POINT ( 'NONE',  ( -1.719999999999999973, 0.2000000000000000111, -1.129999999999999893 ) ) ;
#722 = CARTESIAN_POINT ( 'NONE',  ( 1.250000000000000000, 0.000000000000000000, 1.719999999999999973 ) ) ;
#723 = VERTEX_POINT ( 'NONE', #1436 ) ;
#724 = CARTESIAN_POINT ( 'NONE',  ( 2.000000000000000000, 0.000000000000000000, 0.8699999999999999956 ) ) ;
#725 = ORIENTED_EDGE ( 'NONE', *, *, #3506, .F. ) ;
#726 = DIRECTION ( 'NONE',  ( 1.000000000000000000, 0.000000000000000000, 0.000000000000000000 ) ) ;
#727 = VECTOR ( 'NONE', #1552, 1000.000000000000000 ) ;
#728 = FACE_OUTER_BOUND ( 'NONE', #2789, .T. ) ;
#729 = FACE_OUTER_BOUND ( 'NONE', #6858, .T. ) ;
#730 = CLOSED_SHELL ( 'NONE', ( #7587, #787, #321, #690, #1776, #9082 ) ) ;
#731 = CARTESIAN_POINT ( 'NONE',  ( 1.719999999999999973, 0.6664761515876239661, 0.2500000000000000000 ) ) ;
#732 = STYLED_ITEM ( 'NONE', ( #3012 ), #5377 ) ;
#733 = AXIS2_PLACEMENT_3D ( 'NONE', #8421, #1786, #1640 ) ;
#734 = ORIENTED_EDGE ( 'NONE', *, *, #6211, .T. ) ;
#735 = ORIENTED_EDGE ( 'NONE', *, *, #6199, .F. ) ;
#736 = ORIENTED_EDGE ( 'NONE', *, *, #8194, .T. ) ;
#737 = DIRECTION ( 'NONE',  ( 0.000000000000000000, 0.000000000000000000, 1.000000000000000000 ) ) ;
#738 = ORIENTED_EDGE ( 'NONE', *, *, #9488, .F. ) ;
#739 = LINE ( 'NONE', #8115, #5853 ) ;
#740 = DIRECTION ( 'NONE',  ( 0.000000000000000000, 0.000000000000000000, -1.000000000000000000 ) ) ;
#741 = DIRECTION ( 'NONE',  ( 1.000000000000000000, 0.000000000000000000, 0.000000000000000000 ) ) ;
#742 = CARTESIAN_POINT ( 'NONE',  ( -0.1299999999999999767, 0.2000000000000000111, 2.000000000000000000 ) ) ;
#743 = EDGE_LOOP ( 'NONE', ( #9375, #3918, #4213, #928 ) ) ;
#744 = CARTESIAN_POINT ( 'NONE',  ( 0.3699999999999999956, 0.6664761515876239661, -2.000000000000000000 ) ) ;
#745 = VERTEX_POINT ( 'NONE', #2915 ) ;
#746 = CARTESIAN_POINT ( 'NONE',  ( 1.606164317247239959, 0.2000000000000000111, 1.287966265713290204 ) ) ;
#747 = VERTEX_POINT ( 'NONE', #7479 ) ;
#748 = EDGE_CURVE ( 'NONE', #1749, #5248, #2860, .T. ) ;
#749 = SURFACE_STYLE_USAGE ( .BOTH. , #3003 ) ;
#750 = ADVANCED_FACE ( 'NONE', ( #4369 ), #5899, .T. ) ;
#751 = DIRECTION ( 'NONE',  ( -1.000000000000000000, 0.000000000000000000, 0.000000000000000000 ) ) ;
#752 = FACE_OUTER_BOUND ( 'NONE', #667, .T. ) ;
#753 = CARTESIAN_POINT ( 'NONE',  ( 0.6300000000000000044, 0.6664761515876239661, 2.000000000000000000 ) ) ;
#754 = EDGE_CURVE ( 'NONE', #4786, #7506, #6991, .T. ) ;
#755 = ORIENTED_EDGE ( 'NONE', *, *, #9585, .T. ) ;
#756 = CARTESIAN_POINT ( 'NONE',  ( -2.000000000000000000, 0.2000000000000000111, 1.129999999999999893 ) ) ;
#757 = ORIENTED_EDGE ( 'NONE', *, *, #6434, .T. ) ;
#758 = PLANE ( 'NONE',  #6046 ) ;
#759 = EDGE_CURVE ( 'NONE', #5228, #380, #4017, .T. ) ;
#760 = CARTESIAN_POINT ( 'NONE',  ( 1.369999999999999885, 0.2000000000000000111, 2.000000000000000000 ) ) ;
#761 = DIRECTION ( 'NONE',  ( 0.000000000000000000, -1.000000000000000000, 0.000000000000000000 ) ) ;
#762 = EDGE_CURVE ( 'NONE', #3942, #7234, #9246, .T. ) ;
#763 = EDGE_CURVE ( 'NONE', #8681, #4549, #4075, .T. ) ;
#764 = CARTESIAN_POINT ( 'NONE',  ( 1.719999999999999973, 0.2000000000000000111, 0.3699999999999999956 ) ) ;
#765 = CARTESIAN_POINT ( 'NONE',  ( -1.363835682752762013, 0.2000000000000000111, -1.682033734286709770 ) ) ;
#766 = VERTEX_POINT ( 'NONE', #7709 ) ;
#767 = CARTESIAN_POINT ( 'NONE',  ( 1.606164317247235074, 0.05000000000000000278, -1.287966265713290204 ) ) ;
#768 = EDGE_CURVE ( 'NONE', #8155, #2640, #1273, .T. ) ;
#769 = ORIENTED_EDGE ( 'NONE', *, *, #6859, .F. ) ;
#770 = DIRECTION ( 'NONE',  ( 0.000000000000000000, -1.000000000000000000, 0.000000000000000000 ) ) ;
#771 = CARTESIAN_POINT ( 'NONE',  ( 1.369999999999999885, 0.2000000000000000111, -1.719999999999999973 ) ) ;
#772 = LINE ( 'NONE', #3756, #4768 ) ;
#773 = ORIENTED_EDGE ( 'NONE', *, *, #5576, .T. ) ;
#774 = ORIENTED_EDGE ( 'NONE', *, *, #5404, .T. ) ;
#775 = EDGE_CURVE ( 'NONE', #4422, #6685, #4071, .T. ) ;
#776 = ORIENTED_EDGE ( 'NONE', *, *, #4038, .F. ) ;
#777 = PLANE ( 'NONE',  #2385 ) ;
#778 = VERTEX_POINT ( 'NONE', #7767 ) ;
#779 = FACE_OUTER_BOUND ( 'NONE', #4734, .T. ) ;
#780 = LINE ( 'NONE', #3764, #677 ) ;
#781 = CARTESIAN_POINT ( 'NONE',  ( -1.350000000000000089, 0.000000000000000000, -3.252606517456513302E-16 ) ) ;
#782 =( NAMED_UNIT ( * ) PLANE_ANGLE_UNIT ( ) SI_UNIT ( $, .RADIAN. ) );
#783 = EDGE_LOOP ( 'NONE', ( #305, #5554, #9416, #7054 ) ) ;
#784 = CARTESIAN_POINT ( 'NONE',  ( 1.369999999999999885, 0.2000000000000000111, 1.719999999999999973 ) ) ;
#785 = ORIENTED_EDGE ( 'NONE', *, *, #8860, .F. ) ;
#786 = DIRECTION ( 'NONE',  ( 1.000000000000000000, 0.000000000000000000, -7.744301232039309779E-16 ) ) ;
#787 = ADVANCED_FACE ( 'NONE', ( #1628 ), #299, .T. ) ;
#788 = PRESENTATION_STYLE_ASSIGNMENT (( #7563 ) ) ;
#789 = ORIENTED_EDGE ( 'NONE', *, *, #5608, .T. ) ;
#790 = CARTESIAN_POINT ( 'NONE',  ( 2.000000000000000000, 0.2000000000000000111, 0.6300000000000000044 ) ) ;
#791 = UNCERTAINTY_MEASURE_WITH_UNIT (LENGTH_MEASURE( 1.000000000000000082E-05 ), #8301, 'distance_accuracy_value', 'NONE');
#792 = DIRECTION ( 'NONE',  ( -7.744301232039309779E-16, 0.000000000000000000, -1.000000000000000000 ) ) ;
#793 = CARTESIAN_POINT ( 'NONE',  ( -1.719999999999999973, 0.6664761515876239661, -0.1299999999999999767 ) ) ;
#794 = CARTESIAN_POINT ( 'NONE',  ( 1.719999999999999973, 0.000000000000000000, 1.369999999999999885 ) ) ;
#795 = VERTEX_POINT ( 'NONE', #933 ) ;
#796 = DIRECTION ( 'NONE',  ( 1.000000000000000000, 0.000000000000000000, -7.744301232039309779E-16 ) ) ;
#797 = LINE ( 'NONE', #7577, #7301 ) ;
#798 = CARTESIAN_POINT ( 'NONE',  ( -2.000000000000000000, 0.05000000000000000278, -2.000000000000000000 ) ) ;
#799 = CARTESIAN_POINT ( 'NONE',  ( 2.000000000000000000, 0.6664761515876239661, -1.369999999999999885 ) ) ;
#800 = DIRECTION ( 'NONE',  ( 1.000000000000000000, 0.000000000000000000, -7.744301232039309779E-16 ) ) ;
#801 = CARTESIAN_POINT ( 'NONE',  ( -1.719999999999999973, 0.2000000000000000111, 0.8699999999999999956 ) ) ;
#802 = AXIS2_PLACEMENT_3D ( 'NONE', #8245, #2982, #8192 ) ;
#803 = ADVANCED_FACE ( 'NONE', ( #5487 ), #6184, .F. ) ;
#804 = VECTOR ( 'NONE', #6911, 1000.000000000000000 ) ;
#805 = ADVANCED_FACE ( 'NONE', ( #9292 ), #2564, .T. ) ;
#806 = VECTOR ( 'NONE', #379, 1000.000000000000000 ) ;
#807 = LINE ( 'NONE', #6845, #4286 ) ;
#808 = DIRECTION ( 'NONE',  ( 0.000000000000000000, 0.000000000000000000, 1.000000000000000000 ) ) ;
#809 = EDGE_LOOP ( 'NONE', ( #888, #2609, #1993, #8654 ) ) ;
#810 = LINE ( 'NONE', #3796, #8347 ) ;
#811 = VERTEX_POINT ( 'NONE', #3143 ) ;
#812 = AXIS2_PLACEMENT_3D ( 'NONE', #4296, #6404, #8736 ) ;
#813 = LINE ( 'NONE', #6103, #2052 ) ;
#814 = DIRECTION ( 'NONE',  ( 0.000000000000000000, -1.000000000000000000, 0.000000000000000000 ) ) ;
#815 = FACE_OUTER_BOUND ( 'NONE', #3579, .T. ) ;
#816 = CIRCLE ( 'NONE', #3158, 0.1200000000000000927 ) ;
#817 = EDGE_CURVE ( 'NONE', #7982, #117, #4554, .T. ) ;
#818 = CARTESIAN_POINT ( 'NONE',  ( -1.350000000000000089, 0.05000000000000000278, -1.050000000000000044 ) ) ;
#819 = AXIS2_PLACEMENT_3D ( 'NONE', #1577, #112, #8408 ) ;
#820 = ORIENTED_EDGE ( 'NONE', *, *, #2733, .F. ) ;
#821 = PRESENTATION_LAYER_ASSIGNMENT (  '', '', ( #7571 ) ) ;
#822 = EDGE_LOOP ( 'NONE', ( #5580, #8254, #3074, #3060 ) ) ;
#823 = EDGE_LOOP ( 'NONE', ( #2624, #1295, #6075, #6373 ) ) ;
#824 = PLANE ( 'NONE',  #3927 ) ;
#825 = EDGE_LOOP ( 'NONE', ( #820, #2344, #1618, #1439 ) ) ;
#826 = DIRECTION ( 'NONE',  ( -1.000000000000000000, 0.000000000000000000, 7.744301232039309779E-16 ) ) ;
#827 = DIRECTION ( 'NONE',  ( 0.000000000000000000, 1.000000000000000000, 0.000000000000000000 ) ) ;
#828 = DIRECTION ( 'NONE',  ( 0.7071067811865455743, 0.000000000000000000, 0.7071067811865495711 ) ) ;
#829 = AXIS2_PLACEMENT_3D ( 'NONE', #1074, #1707, #386 ) ;
#830 = COLOUR_RGB ( '',0.7921568627450980005, 0.8196078431372548767, 0.9333333333333333481 ) ;
#831 = EDGE_CURVE ( 'NONE', #9127, #5356, #3964, .T. ) ;
#832 = VERTEX_POINT ( 'NONE', #3830 ) ;
#833 = CARTESIAN_POINT ( 'NONE',  ( -0.2500000000000000000, 0.2000000000000000111, 1.719999999999999973 ) ) ;
#834 = VECTOR ( 'NONE', #1358, 1000.000000000000000 ) ;
#835 = ORIENTED_EDGE ( 'NONE', *, *, #4336, .T. ) ;
#836 = VERTEX_POINT ( 'NONE', #2370 ) ;
#837 = LINE ( 'NONE', #8353, #1955 ) ;
#838 = ORIENTED_EDGE ( 'NONE', *, *, #7317, .F. ) ;
#839 = VECTOR ( 'NONE', #8596, 1000.000000000000000 ) ;
#840 = DIRECTION ( 'NONE',  ( 0.000000000000000000, -1.000000000000000000, 0.000000000000000000 ) ) ;
#841 = CARTESIAN_POINT ( 'NONE',  ( -1.719999999999999973, 0.2000000000000000111, -0.8699999999999999956 ) ) ;
#842 = DIRECTION ( 'NONE',  ( 0.000000000000000000, -1.000000000000000000, 0.000000000000000000 ) ) ;
#843 = CARTESIAN_POINT ( 'NONE',  ( 1.287966265713290204, 0.2000000000000000111, -1.606164317247239959 ) ) ;
#844 = MECHANICAL_DESIGN_GEOMETRIC_PRESENTATION_REPRESENTATION (  '', ( #4905 ), #5881 ) ;
#845 = AXIS2_PLACEMENT_3D ( 'NONE', #2182, #1448, #8877 ) ;
#846 = VECTOR ( 'NONE', #9307, 1000.000000000000114 ) ;
#847 = VERTEX_POINT ( 'NONE', #6833 ) ;
#848 = ORIENTED_EDGE ( 'NONE', *, *, #9338, .T. ) ;
#849 = DIRECTION ( 'NONE',  ( 0.000000000000000000, 0.000000000000000000, 1.000000000000000000 ) ) ;
#850 = VECTOR ( 'NONE', #858, 1000.000000000000114 ) ;
#851 = ORIENTED_EDGE ( 'NONE', *, *, #5564, .F. ) ;
#852 = CIRCLE ( 'NONE', #7589, 0.1199999999999999956 ) ;
#853 = FILL_AREA_STYLE_COLOUR ( '', #6926 ) ;
#854 = DIRECTION ( 'NONE',  ( 0.000000000000000000, 0.000000000000000000, 1.000000000000000000 ) ) ;
#855 = VECTOR ( 'NONE', #7666, 1000.000000000000114 ) ;
#856 = LINE ( 'NONE', #9024, #9320 ) ;
#857 = VECTOR ( 'NONE', #3900, 1000.000000000000000 ) ;
#858 = DIRECTION ( 'NONE',  ( 0.7071067811865505703, 0.000000000000000000, -0.7071067811865444641 ) ) ;
#859 = DIRECTION ( 'NONE',  ( -1.000000000000000000, 0.000000000000000000, 0.000000000000000000 ) ) ;
#860 = ORIENTED_EDGE ( 'NONE', *, *, #3115, .F. ) ;
#861 = CARTESIAN_POINT ( 'NONE',  ( -2.000000000000000000, 0.6664761515876239661, 0.6300000000000000044 ) ) ;
#862 = ORIENTED_EDGE ( 'NONE', *, *, #5178, .T. ) ;
#863 = ADVANCED_FACE ( 'NONE', ( #981 ), #113, .F. ) ;
#864 = COLOUR_RGB ( '',0.7921568627450980005, 0.8196078431372548767, 0.9333333333333333481 ) ;
#865 = CARTESIAN_POINT ( 'NONE',  ( 1.249999999999999778, 0.05000000000000000278, -1.350000000000000089 ) ) ;
#866 = ADVANCED_FACE ( 'NONE', ( #4605 ), #7624, .T. ) ;
#867 = VECTOR ( 'NONE', #8128, 1000.000000000000000 ) ;
#868 = CARTESIAN_POINT ( 'NONE',  ( 0.3699999999999999956, 0.6664761515876239661, 1.719999999999999973 ) ) ;
#869 = CIRCLE ( 'NONE', #6821, 0.1200000000000000927 ) ;
#870 = LINE ( 'NONE', #7684, #9194 ) ;
#871 = VECTOR ( 'NONE', #5915, 1000.000000000000000 ) ;
#872 =( LENGTH_UNIT ( ) NAMED_UNIT ( * ) SI_UNIT ( .MILLI., .METRE. ) );
#873 = VECTOR ( 'NONE', #2934, 1000.000000000000000 ) ;
#874 = ORIENTED_EDGE ( 'NONE', *, *, #1950, .T. ) ;
#875 = ORIENTED_EDGE ( 'NONE', *, *, #4040, .T. ) ;
#876 = ORIENTED_EDGE ( 'NONE', *, *, #7558, .F. ) ;
#877 = CLOSED_SHELL ( 'NONE', ( #3867, #7178, #8261, #8433, #4569, #7812, #6407 ) ) ;
#878 = DIRECTION ( 'NONE',  ( 0.000000000000000000, -1.000000000000000000, 0.000000000000000000 ) ) ;
#879 = VERTEX_POINT ( 'NONE', #9150 ) ;
#880 = CARTESIAN_POINT ( 'NONE',  ( -1.287966265713290204, 0.2000000000000000111, -1.606164317247235074 ) ) ;
#881 = ADVANCED_FACE ( 'NONE', ( #2418 ), #3912, .T. ) ;
#882 = CARTESIAN_POINT ( 'NONE',  ( 1.719999999999999973, 0.2000000000000000111, -0.7500000000000000000 ) ) ;
#883 = DIRECTION ( 'NONE',  ( 0.000000000000000000, -1.000000000000000000, 0.000000000000000000 ) ) ;
#884 = EDGE_CURVE ( 'NONE', #7799, #7462, #6970, .T. ) ;
#885 = ORIENTED_EDGE ( 'NONE', *, *, #2384, .T. ) ;
#886 = CARTESIAN_POINT ( 'NONE',  ( -1.129999999999999893, 0.05000000000000000278, 1.719999999999999973 ) ) ;
#887 = ORIENTED_EDGE ( 'NONE', *, *, #6798, .F. ) ;
#888 = ORIENTED_EDGE ( 'NONE', *, *, #1593, .F. ) ;
#889 = FILL_AREA_STYLE_COLOUR ( '', #1345 ) ;
#890 = VERTEX_POINT ( 'NONE', #8891 ) ;
#891 = CARTESIAN_POINT ( 'NONE',  ( -1.606164317247235074, 0.000000000000000000, -1.287966265713290204 ) ) ;
#892 = ADVANCED_FACE ( 'NONE', ( #2096 ), #5080, .F. ) ;
#893 = UNCERTAINTY_MEASURE_WITH_UNIT (LENGTH_MEASURE( 1.000000000000000082E-05 ), #3583, 'distance_accuracy_value', 'NONE');
#894 = CARTESIAN_POINT ( 'NONE',  ( -8.751060392204418926E-16, 0.05000000000000000278, 1.129999999999999893 ) ) ;
#895 = DIRECTION ( 'NONE',  ( 0.000000000000000000, -1.000000000000000000, 0.000000000000000000 ) ) ;
#896 = LINE ( 'NONE', #983, #3672 ) ;
#897 = VERTEX_POINT ( 'NONE', #4298 ) ;
#898 = CYLINDRICAL_SURFACE ( 'NONE', #402, 0.1200000000000000927 ) ;
#899 = CARTESIAN_POINT ( 'NONE',  ( 0.2500000000000000000, 0.05000000000000000278, 1.719999999999999973 ) ) ;
#900 = VERTEX_POINT ( 'NONE', #7397 ) ;
#901 = DIRECTION ( 'NONE',  ( 0.000000000000000000, 0.000000000000000000, -1.000000000000000000 ) ) ;
#902 = CARTESIAN_POINT ( 'NONE',  ( 1.682033734286709770, 0.2000000000000000111, -1.363835682752762013 ) ) ;
#903 = DIRECTION ( 'NONE',  ( 0.000000000000000000, -1.000000000000000000, 0.000000000000000000 ) ) ;
#904 = DIRECTION ( 'NONE',  ( -3.336006684570783101E-16, 0.000000000000000000, 1.000000000000000000 ) ) ;
#905 = DIRECTION ( 'NONE',  ( 0.000000000000000000, 1.000000000000000000, 0.000000000000000000 ) ) ;
#906 = ORIENTED_EDGE ( 'NONE', *, *, #4652, .F. ) ;
#907 = CARTESIAN_POINT ( 'NONE',  ( -2.000000000000000000, 0.2000000000000000111, -1.129999999999999893 ) ) ;
#908 = ORIENTED_EDGE ( 'NONE', *, *, #7106, .T. ) ;
#909 = DIRECTION ( 'NONE',  ( -1.000000000000000000, 0.000000000000000000, -7.744301232039309779E-16 ) ) ;
#910 = DIRECTION ( 'NONE',  ( -1.000000000000000000, 0.000000000000000000, 7.744301232039309779E-16 ) ) ;
#911 = DIRECTION ( 'NONE',  ( 0.000000000000000000, -1.000000000000000000, 0.000000000000000000 ) ) ;
#912 = EDGE_CURVE ( 'NONE', #745, #6475, #8782, .T. ) ;
#913 = ORIENTED_EDGE ( 'NONE', *, *, #6804, .F. ) ;
#914 = VERTEX_POINT ( 'NONE', #7355 ) ;
#915 = VERTEX_POINT ( 'NONE', #2151 ) ;
#916 = ADVANCED_FACE ( 'NONE', ( #6511 ), #9613, .T. ) ;
#917 = DIRECTION ( 'NONE',  ( 0.000000000000000000, 1.000000000000000000, 0.000000000000000000 ) ) ;
#918 = ORIENTED_EDGE ( 'NONE', *, *, #1204, .F. ) ;
#919 = DIRECTION ( 'NONE',  ( 0.000000000000000000, -1.000000000000000000, 0.000000000000000000 ) ) ;
#920 = LINE ( 'NONE', #8949, #2719 ) ;
#921 = LINE ( 'NONE', #1569, #1013 ) ;
#922 = EDGE_CURVE ( 'NONE', #5086, #8451, #484, .T. ) ;
#923 = LINE ( 'NONE', #5239, #3975 ) ;
#924 = EDGE_CURVE ( 'NONE', #7182, #2794, #4388, .T. ) ;
#925 = ORIENTED_EDGE ( 'NONE', *, *, #2660, .T. ) ;
#926 = DIRECTION ( 'NONE',  ( 1.000000000000000000, 0.000000000000000000, 0.000000000000000000 ) ) ;
#927 = ORIENTED_EDGE ( 'NONE', *, *, #2551, .T. ) ;
#928 = ORIENTED_EDGE ( 'NONE', *, *, #7793, .T. ) ;
#929 = EDGE_CURVE ( 'NONE', #4806, #6610, #2795, .T. ) ;
#930 = ORIENTED_EDGE ( 'NONE', *, *, #3962, .T. ) ;
#931 = DIRECTION ( 'NONE',  ( -0.000000000000000000, 1.000000000000000000, 0.000000000000000000 ) ) ;
#932 = CARTESIAN_POINT ( 'NONE',  ( 1.719999999999999973, 0.2000000000000000111, 1.369999999999999885 ) ) ;
#933 = CARTESIAN_POINT ( 'NONE',  ( 0.8699999999999999956, 0.2000000000000000111, 1.719999999999999973 ) ) ;
#934 = DIRECTION ( 'NONE',  ( 0.000000000000000000, 0.000000000000000000, -1.000000000000000000 ) ) ;
#935 = ADVANCED_FACE ( 'NONE', ( #9347 ), #1826, .T. ) ;
#936 = ORIENTED_EDGE ( 'NONE', *, *, #3804, .T. ) ;
#937 = ORIENTED_EDGE ( 'NONE', *, *, #3026, .F. ) ;
#938 = ADVANCED_FACE ( 'NONE', ( #1314 ), #8104, .F. ) ;
#939 = DIRECTION ( 'NONE',  ( 0.000000000000000000, -1.000000000000000000, 0.000000000000000000 ) ) ;
#940 = ORIENTED_EDGE ( 'NONE', *, *, #7457, .F. ) ;
#941 = FACE_OUTER_BOUND ( 'NONE', #5601, .T. ) ;
#942 = CARTESIAN_POINT ( 'NONE',  ( -1.500000000000000000, 0.9000000000000000222, -1.699999999999999956 ) ) ;
#943 = LINE ( 'NONE', #123, #2618 ) ;
#944 = DIRECTION ( 'NONE',  ( 0.000000000000000000, 0.000000000000000000, -1.000000000000000000 ) ) ;
#945 = EDGE_CURVE ( 'NONE', #6102, #6784, #2043, .T. ) ;
#946 = DIRECTION ( 'NONE',  ( 0.000000000000000000, 0.000000000000000000, 1.000000000000000000 ) ) ;
#947 = SURFACE_STYLE_FILL_AREA ( #4571 ) ;
#948 = ORIENTED_EDGE ( 'NONE', *, *, #494, .T. ) ;
#949 = AXIS2_PLACEMENT_3D ( 'NONE', #9525, #5021, #5128 ) ;
#950 = LINE ( 'NONE', #3932, #964 ) ;
#951 = VERTEX_POINT ( 'NONE', #4800 ) ;
#952 = DIRECTION ( 'NONE',  ( 0.000000000000000000, -1.000000000000000000, 0.000000000000000000 ) ) ;
#953 = CARTESIAN_POINT ( 'NONE',  ( -2.000000000000000000, 0.2000000000000000111, -0.1299999999999999767 ) ) ;
#954 = AXIS2_PLACEMENT_3D ( 'NONE', #5896, #5793, #5938 ) ;
#955 = ADVANCED_FACE ( 'NONE', ( #8145 ), #1410, .F. ) ;
#956 = CARTESIAN_POINT ( 'NONE',  ( 1.719999999999999973, 0.000000000000000000, 0.2500000000000000000 ) ) ;
#957 = ORIENTED_EDGE ( 'NONE', *, *, #4347, .F. ) ;
#958 = ORIENTED_EDGE ( 'NONE', *, *, #1777, .T. ) ;
#959 = VECTOR ( 'NONE', #4452, 1000.000000000000000 ) ;
#960 = CARTESIAN_POINT ( 'NONE',  ( -0.3699999999999999956, 0.2000000000000000111, -1.719999999999999973 ) ) ;
#961 = ORIENTED_EDGE ( 'NONE', *, *, #7292, .F. ) ;
#962 = CARTESIAN_POINT ( 'NONE',  ( -1.369999999999999885, 0.000000000000000000, 1.719999999999999973 ) ) ;
#963 = VERTEX_POINT ( 'NONE', #9672 ) ;
#964 = VECTOR ( 'NONE', #6937, 1000.000000000000000 ) ;
#965 = LINE ( 'NONE', #6953, #7903 ) ;
#966 = CARTESIAN_POINT ( 'NONE',  ( -2.000000000000000000, 0.6664761515876239661, -1.369999999999999885 ) ) ;
#967 = FACE_OUTER_BOUND ( 'NONE', #2840, .T. ) ;
#968 = VECTOR ( 'NONE', #9161, 1000.000000000000000 ) ;
#969 = AXIS2_PLACEMENT_3D ( 'NONE', #5498, #6985, #5345 ) ;
#970 = DIRECTION ( 'NONE',  ( 0.000000000000000000, 0.000000000000000000, -1.000000000000000000 ) ) ;
#971 = ORIENTED_EDGE ( 'NONE', *, *, #4079, .F. ) ;
#972 = DIRECTION ( 'NONE',  ( 0.000000000000000000, 0.000000000000000000, -1.000000000000000000 ) ) ;
#973 = EDGE_LOOP ( 'NONE', ( #5871, #8256, #9558, #4637 ) ) ;
#974 = ORIENTED_EDGE ( 'NONE', *, *, #8979, .F. ) ;
#975 = DIRECTION ( 'NONE',  ( 0.000000000000000000, 1.000000000000000000, 0.000000000000000000 ) ) ;
#976 = VERTEX_POINT ( 'NONE', #3339 ) ;
#977 = AXIS2_PLACEMENT_3D ( 'NONE', #5847, #4368, #1343 ) ;
#978 = CARTESIAN_POINT ( 'NONE',  ( -1.500000000000000000, 0.9000000000000000222, -1.699999999999999956 ) ) ;
#979 = UNCERTAINTY_MEASURE_WITH_UNIT (LENGTH_MEASURE( 1.000000000000000082E-05 ), #6461, 'distance_accuracy_value', 'NONE');
#980 = DIRECTION ( 'NONE',  ( 0.000000000000000000, 0.000000000000000000, 1.000000000000000000 ) ) ;
#981 = FACE_OUTER_BOUND ( 'NONE', #4796, .T. ) ;
#982 = CIRCLE ( 'NONE', #4267, 0.1199999999999999956 ) ;
#983 = CARTESIAN_POINT ( 'NONE',  ( 0.3699999999999999956, 0.6664761515876239661, -1.719999999999999973 ) ) ;
#984 = VECTOR ( 'NONE', #8805, 1000.000000000000000 ) ;
#985 = ADVANCED_FACE ( 'NONE', ( #7255 ), #7819, .T. ) ;
#986 = EDGE_CURVE ( 'NONE', #8070, #6643, #5774, .T. ) ;
#987 = ADVANCED_FACE ( 'NONE', ( #8833 ), #6557, .F. ) ;
#988 = CARTESIAN_POINT ( 'NONE',  ( -1.250000000000000000, 0.05000000000000000278, 1.719999999999999973 ) ) ;
#989 = CIRCLE ( 'NONE', #8836, 0.1200000000000000927 ) ;
#990 = VECTOR ( 'NONE', #4876, 1000.000000000000000 ) ;
#991 = VERTEX_POINT ( 'NONE', #4980 ) ;
#992 = EDGE_LOOP ( 'NONE', ( #8418, #2595, #549, #1121 ) ) ;
#993 = FACE_OUTER_BOUND ( 'NONE', #2078, .T. ) ;
#994 = PRESENTATION_STYLE_ASSIGNMENT (( #1050 ) ) ;
#995 = VERTEX_POINT ( 'NONE', #3027 ) ;
#996 = DIRECTION ( 'NONE',  ( 0.000000000000000000, 0.000000000000000000, -1.000000000000000000 ) ) ;
#997 = DIRECTION ( 'NONE',  ( -1.000000000000000000, 0.000000000000000000, 0.000000000000000000 ) ) ;
#998 = CARTESIAN_POINT ( 'NONE',  ( 0.6300000000000000044, 0.2000000000000000111, 2.000000000000000000 ) ) ;
#999 = AXIS2_PLACEMENT_3D ( 'NONE', #2942, #5923, #2193 ) ;
#1000 = ADVANCED_FACE ( 'NONE', ( #6750 ), #2345, .F. ) ;
#1001 = EDGE_CURVE ( 'NONE', #117, #5854, #33, .T. ) ;
#1002 = AXIS2_PLACEMENT_3D ( 'NONE', #5422, #6159, #8434 ) ;
#1003 = DIRECTION ( 'NONE',  ( 0.000000000000000000, 0.000000000000000000, -1.000000000000000000 ) ) ;
#1004 = CIRCLE ( 'NONE', #8692, 0.1199999999999999956 ) ;
#1005 = DIRECTION ( 'NONE',  ( 0.000000000000000000, 0.000000000000000000, 1.000000000000000000 ) ) ;
#1006 = ORIENTED_EDGE ( 'NONE', *, *, #1363, .T. ) ;
#1007 = AXIS2_PLACEMENT_3D ( 'NONE', #8752, #2759, #1232 ) ;
#1008 = LINE ( 'NONE', #907, #6607 ) ;
#1009 = CARTESIAN_POINT ( 'NONE',  ( -1.719999999999999973, 0.2000000000000000111, 0.8699999999999999956 ) ) ;
#1010 = DIRECTION ( 'NONE',  ( -1.000000000000000000, 0.000000000000000000, -6.505213034913026604E-17 ) ) ;
#1011 = CARTESIAN_POINT ( 'NONE',  ( -0.6300000000000000044, 0.2000000000000000111, 2.000000000000000000 ) ) ;
#1012 = AXIS2_PLACEMENT_3D ( 'NONE', #4233, #2460, #3510 ) ;
#1013 = VECTOR ( 'NONE', #9382, 1000.000000000000000 ) ;
#1014 = DIRECTION ( 'NONE',  ( -1.000000000000000000, 0.000000000000000000, 0.000000000000000000 ) ) ;
#1015 = ORIENTED_EDGE ( 'NONE', *, *, #6855, .T. ) ;
#1016 =( GEOMETRIC_REPRESENTATION_CONTEXT ( 3 ) GLOBAL_UNCERTAINTY_ASSIGNED_CONTEXT ( ( #9345 ) ) GLOBAL_UNIT_ASSIGNED_CONTEXT ( ( #2001, #8107, #5825 ) ) REPRESENTATION_CONTEXT ( 'NONE', 'WORKASPACE' ) );
#1017 = ORIENTED_EDGE ( 'NONE', *, *, #7960, .T. ) ;
#1018 = DIRECTION ( 'NONE',  ( 0.000000000000000000, -1.000000000000000000, 0.000000000000000000 ) ) ;
#1019 = EDGE_LOOP ( 'NONE', ( #3637, #7859, #8448, #9621, #6040, #2080, #6036, #5736 ) ) ;
#1020 = AXIS2_PLACEMENT_3D ( 'NONE', #7975, #8165, #700 ) ;
#1021 = CARTESIAN_POINT ( 'NONE',  ( -1.719999999999999973, 0.2000000000000000111, -0.1299999999999999767 ) ) ;
#1022 = ORIENTED_EDGE ( 'NONE', *, *, #8509, .T. ) ;
#1023 = VECTOR ( 'NONE', #8240, 1000.000000000000000 ) ;
#1024 = DIRECTION ( 'NONE',  ( 0.000000000000000000, -1.000000000000000000, 0.000000000000000000 ) ) ;
#1025 = ADVANCED_FACE ( 'NONE', ( #1600 ), #6059, .F. ) ;
#1026 = DIRECTION ( 'NONE',  ( 0.000000000000000000, 0.000000000000000000, -1.000000000000000000 ) ) ;
#1027 = ADVANCED_FACE ( 'NONE', ( #9033 ), #3798, .T. ) ;
#1028 = CARTESIAN_POINT ( 'NONE',  ( 0.3699999999999999956, 0.05000000000000000278, -1.719999999999999973 ) ) ;
#1029 = VECTOR ( 'NONE', #1538, 1000.000000000000000 ) ;
#1030 = VECTOR ( 'NONE', #7390, 1000.000000000000000 ) ;
#1031 = DIRECTION ( 'NONE',  ( 0.000000000000000000, -1.000000000000000000, 0.000000000000000000 ) ) ;
#1032 = ORIENTED_EDGE ( 'NONE', *, *, #3974, .F. ) ;
#1033 = CYLINDRICAL_SURFACE ( 'NONE', #1321, 0.1200000000000000927 ) ;
#1034 = ORIENTED_EDGE ( 'NONE', *, *, #9353, .F. ) ;
#1035 = ORIENTED_EDGE ( 'NONE', *, *, #3620, .F. ) ;
#1036 = ORIENTED_EDGE ( 'NONE', *, *, #8673, .T. ) ;
#1037 = LINE ( 'NONE', #1907, #7109 ) ;
#1038 = CARTESIAN_POINT ( 'NONE',  ( -1.363835682752762013, 0.000000000000000000, -1.682033734286709770 ) ) ;
#1039 = DIRECTION ( 'NONE',  ( 0.000000000000000000, -1.000000000000000000, 0.000000000000000000 ) ) ;
#1040 = AXIS2_PLACEMENT_3D ( 'NONE', #899, #4520, #8230 ) ;
#1041 = DIRECTION ( 'NONE',  ( 1.000000000000000000, 0.000000000000000000, 7.744301232039309779E-16 ) ) ;
#1042 = VECTOR ( 'NONE', #8475, 1000.000000000000000 ) ;
#1043 = DIRECTION ( 'NONE',  ( 0.000000000000000000, 1.000000000000000000, 0.000000000000000000 ) ) ;
#1044 = ORIENTED_EDGE ( 'NONE', *, *, #7842, .T. ) ;
#1045 = ADVANCED_FACE ( 'NONE', ( #728 ), #5922, .T. ) ;
#1046 = ORIENTED_EDGE ( 'NONE', *, *, #4029, .F. ) ;
#1047 = EDGE_CURVE ( 'NONE', #8485, #7574, #3079, .T. ) ;
#1048 = CARTESIAN_POINT ( 'NONE',  ( -1.719999999999999973, 0.6664761515876239661, 0.3699999999999999956 ) ) ;
#1049 = AXIS2_PLACEMENT_3D ( 'NONE', #9072, #6646, #5300 ) ;
#1050 = SURFACE_STYLE_USAGE ( .BOTH. , #1193 ) ;
#1051 = ORIENTED_EDGE ( 'NONE', *, *, #4827, .F. ) ;
#1052 = CYLINDRICAL_SURFACE ( 'NONE', #969, 0.1200000000000000927 ) ;
#1053 = CARTESIAN_POINT ( 'NONE',  ( -1.719999999999999973, 0.6664761515876239661, -0.3699999999999999956 ) ) ;
#1054 = DIRECTION ( 'NONE',  ( 0.000000000000000000, -1.000000000000000000, 0.000000000000000000 ) ) ;
#1055 = LINE ( 'NONE', #9164, #2102 ) ;
#1056 = CARTESIAN_POINT ( 'NONE',  ( -2.000000000000000000, 0.000000000000000000, -1.129999999999999893 ) ) ;
#1057 = ADVANCED_FACE ( 'NONE', ( #4576 ), #7595, .F. ) ;
#1058 = DIRECTION ( 'NONE',  ( 0.000000000000000000, -1.000000000000000000, 0.000000000000000000 ) ) ;
#1059 = VERTEX_POINT ( 'NONE', #8289 ) ;
#1060 = DIRECTION ( 'NONE',  ( -1.000000000000000000, 0.000000000000000000, 0.000000000000000000 ) ) ;
#1061 = CARTESIAN_POINT ( 'NONE',  ( 1.129999999999999893, 0.6664761515876239661, -1.719999999999999973 ) ) ;
#1062 = EDGE_CURVE ( 'NONE', #7341, #9517, #9079, .T. ) ;
#1063 = DIRECTION ( 'NONE',  ( 0.000000000000000000, 0.000000000000000000, -1.000000000000000000 ) ) ;
#1064 = DIRECTION ( 'NONE',  ( 1.000000000000000000, 0.000000000000000000, -7.744301232039309779E-16 ) ) ;
#1065 = CYLINDRICAL_SURFACE ( 'NONE', #6484, 0.1200000000000000927 ) ;
#1066 = EDGE_CURVE ( 'NONE', #2792, #5870, #7540, .T. ) ;
#1067 = ORIENTED_EDGE ( 'NONE', *, *, #1088, .T. ) ;
#1068 = ORIENTED_EDGE ( 'NONE', *, *, #7445, .F. ) ;
#1069 = DIRECTION ( 'NONE',  ( 0.000000000000000000, -1.000000000000000000, 0.000000000000000000 ) ) ;
#1070 = EDGE_LOOP ( 'NONE', ( #8495, #9623, #4239, #3274, #8021, #7791, #5173, #7247, #5939, #2980, #8683, #6870, #5967, #7333, #5306, #925, #5816, #8945, #3370, #1861, #2978, #4361, #8787, #7072, #8913, #480, #4041, #5781 ) ) ;
#1071 = CARTESIAN_POINT ( 'NONE',  ( 1.719999999999999973, 0.05000000000000000278, 1.369999999999999885 ) ) ;
#1072 = ORIENTED_EDGE ( 'NONE', *, *, #1681, .F. ) ;
#1073 = DIRECTION ( 'NONE',  ( 0.000000000000000000, 1.000000000000000000, 0.000000000000000000 ) ) ;
#1074 = CARTESIAN_POINT ( 'NONE',  ( -1.129999999999999893, 0.2000000000000000111, -1.719999999999999973 ) ) ;
#1075 = CARTESIAN_POINT ( 'NONE',  ( -1.363835682752762013, 0.05000000000000000278, 1.682033734286709770 ) ) ;
#1076 =( NAMED_UNIT ( * ) PLANE_ANGLE_UNIT ( ) SI_UNIT ( $, .RADIAN. ) );
#1077 = EDGE_CURVE ( 'NONE', #1176, #5958, #813, .T. ) ;
#1078 = VERTEX_POINT ( 'NONE', #865 ) ;
#1079 = EDGE_LOOP ( 'NONE', ( #5343, #2763, #7323, #2003 ) ) ;
#1080 = ORIENTED_EDGE ( 'NONE', *, *, #5811, .F. ) ;
#1081 = DIRECTION ( 'NONE',  ( -1.000000000000000000, 0.000000000000000000, 7.744301232039309779E-16 ) ) ;
#1082 = VERTEX_POINT ( 'NONE', #3850 ) ;
#1083 = LINE ( 'NONE', #440, #5994 ) ;
#1084 = DIRECTION ( 'NONE',  ( 1.000000000000000000, 0.000000000000000000, 0.000000000000000000 ) ) ;
#1085 = DIRECTION ( 'NONE',  ( 0.000000000000000000, -1.000000000000000000, 0.000000000000000000 ) ) ;
#1086 = DIRECTION ( 'NONE',  ( 0.000000000000000000, -1.000000000000000000, 0.000000000000000000 ) ) ;
#1087 = DIRECTION ( 'NONE',  ( 0.000000000000000000, 1.000000000000000000, 0.000000000000000000 ) ) ;
#1088 = EDGE_CURVE ( 'NONE', #5296, #6436, #4547, .T. ) ;
#1089 = ORIENTED_EDGE ( 'NONE', *, *, #5474, .F. ) ;
#1090 = VERTEX_POINT ( 'NONE', #1515 ) ;
#1091 = DIRECTION ( 'NONE',  ( -1.000000000000000000, 0.000000000000000000, 0.000000000000000000 ) ) ;
#1092 = CARTESIAN_POINT ( 'NONE',  ( -0.7500000000000000000, 0.2000000000000000111, 1.600000000000000089 ) ) ;
#1093 = ORIENTED_EDGE ( 'NONE', *, *, #6587, .F. ) ;
#1094 = CARTESIAN_POINT ( 'NONE',  ( 0.1299999999999999767, 0.2000000000000000111, 1.719999999999999973 ) ) ;
#1095 = CARTESIAN_POINT ( 'NONE',  ( 1.363835682752764011, 0.000000000000000000, 1.682033734286709770 ) ) ;
#1096 = CARTESIAN_POINT ( 'NONE',  ( -1.250000000000000000, 0.000000000000000000, 0.5000000000000000000 ) ) ;
#1097 = CYLINDRICAL_SURFACE ( 'NONE', #7446, 0.1200000000000000927 ) ;
#1098 = DIRECTION ( 'NONE',  ( 7.744301232039309779E-16, 0.000000000000000000, -1.000000000000000000 ) ) ;
#1099 = ORIENTED_EDGE ( 'NONE', *, *, #3157, .T. ) ;
#1100 =( GEOMETRIC_REPRESENTATION_CONTEXT ( 3 ) GLOBAL_UNCERTAINTY_ASSIGNED_CONTEXT ( ( #3733 ) ) GLOBAL_UNIT_ASSIGNED_CONTEXT ( ( #116, #4100, #4835 ) ) REPRESENTATION_CONTEXT ( 'NONE', 'WORKASPACE' ) );
#1101 = DIRECTION ( 'NONE',  ( 0.000000000000000000, -1.000000000000000000, 0.000000000000000000 ) ) ;
#1102 = ORIENTED_EDGE ( 'NONE', *, *, #3876, .F. ) ;
#1103 = PLANE ( 'NONE',  #1930 ) ;
#1104 = EDGE_CURVE ( 'NONE', #1059, #698, #3121, .T. ) ;
#1105 = EDGE_CURVE ( 'NONE', #9172, #3458, #3304, .T. ) ;
#1106 = ORIENTED_EDGE ( 'NONE', *, *, #7163, .T. ) ;
#1107 = VERTEX_POINT ( 'NONE', #9394 ) ;
#1108 = DIRECTION ( 'NONE',  ( -1.000000000000000000, 0.000000000000000000, 0.000000000000000000 ) ) ;
#1109 = ORIENTED_EDGE ( 'NONE', *, *, #8688, .F. ) ;
#1110 = PLANE ( 'NONE',  #1287 ) ;
#1111 = ORIENTED_EDGE ( 'NONE', *, *, #4371, .F. ) ;
#1112 = DIRECTION ( 'NONE',  ( 0.000000000000000000, 1.000000000000000000, 0.000000000000000000 ) ) ;
#1113 = DIRECTION ( 'NONE',  ( 1.000000000000000000, 0.000000000000000000, 0.000000000000000000 ) ) ;
#1114 = CARTESIAN_POINT ( 'NONE',  ( -2.000000000000000000, 0.6664761515876239661, -1.369999999999999885 ) ) ;
#1115 = AXIS2_PLACEMENT_3D ( 'NONE', #576, #1259, #525 ) ;
#1116 = EDGE_CURVE ( 'NONE', #5720, #8465, #4848, .T. ) ;
#1117 = DIRECTION ( 'NONE',  ( 0.000000000000000000, -1.000000000000000000, 0.000000000000000000 ) ) ;
#1118 = VERTEX_POINT ( 'NONE', #1781 ) ;
#1119 = AXIS2_PLACEMENT_3D ( 'NONE', #6450, #4294, #8633 ) ;
#1120 = ORIENTED_EDGE ( 'NONE', *, *, #5089, .T. ) ;
#1121 = ORIENTED_EDGE ( 'NONE', *, *, #4135, .F. ) ;
#1122 =( NAMED_UNIT ( * ) SI_UNIT ( $, .STERADIAN. ) SOLID_ANGLE_UNIT ( ) );
#1123 = ORIENTED_EDGE ( 'NONE', *, *, #8866, .F. ) ;
#1124 = CARTESIAN_POINT ( 'NONE',  ( 6.737542071874219367E-16, 0.05000000000000000278, -0.8699999999999999956 ) ) ;
#1125 = FACE_OUTER_BOUND ( 'NONE', #1079, .T. ) ;
#1126 = LINE ( 'NONE', #442, #708 ) ;
#1127 = AXIS2_PLACEMENT_3D ( 'NONE', #6288, #7036, #6386 ) ;
#1128 = EDGE_CURVE ( 'NONE', #106, #1107, #7776, .T. ) ;
#1129 = VECTOR ( 'NONE', #7593, 1000.000000000000000 ) ;
#1130 = DIRECTION ( 'NONE',  ( 1.000000000000000000, 0.000000000000000000, 7.744301232039309779E-16 ) ) ;
#1131 = ORIENTED_EDGE ( 'NONE', *, *, #759, .T. ) ;
#1132 = AXIS2_PLACEMENT_3D ( 'NONE', #8749, #5833, #7218 ) ;
#1133 = ORIENTED_EDGE ( 'NONE', *, *, #9067, .F. ) ;
#1134 = LINE ( 'NONE', #6283, #1427 ) ;
#1135 = FILL_AREA_STYLE ('',( #1782 ) ) ;
#1136 = ORIENTED_EDGE ( 'NONE', *, *, #3451, .F. ) ;
#1137 = PRESENTATION_LAYER_ASSIGNMENT (  '', '', ( #504 ) ) ;
#1138 = LINE ( 'NONE', #6426, #2077 ) ;
#1139 = CARTESIAN_POINT ( 'NONE',  ( 1.719999999999999973, 0.2000000000000000111, 0.3699999999999999956 ) ) ;
#1140 = CYLINDRICAL_SURFACE ( 'NONE', #8896, 0.1199999999999999956 ) ;
#1141 = LINE ( 'NONE', #559, #7432 ) ;
#1142 = CIRCLE ( 'NONE', #2568, 0.1200000000000000927 ) ;
#1143 = PRESENTATION_LAYER_ASSIGNMENT (  '', '', ( #8837 ) ) ;
#1144 = PLANE ( 'NONE',  #383 ) ;
#1145 = CARTESIAN_POINT ( 'NONE',  ( -1.250000000000000000, 0.2000000000000000111, -1.719999999999999973 ) ) ;
#1146 = EDGE_LOOP ( 'NONE', ( #108, #5926, #2244, #2421 ) ) ;
#1147 = VECTOR ( 'NONE', #4285, 1000.000000000000000 ) ;
#1148 = CARTESIAN_POINT ( 'NONE',  ( 2.000000000000000000, 0.2000000000000000111, -1.369999999999999885 ) ) ;
#1149 = PLANE ( 'NONE',  #4630 ) ;
#1150 = CIRCLE ( 'NONE', #1463, 0.1200000000000000927 ) ;
#1151 = CARTESIAN_POINT ( 'NONE',  ( -2.865391455854560040E-16, 0.05000000000000000278, -0.3699999999999999956 ) ) ;
#1152 = VECTOR ( 'NONE', #9227, 1000.000000000000114 ) ;
#1153 = CIRCLE ( 'NONE', #6167, 0.1199999999999999956 ) ;
#1154 = CIRCLE ( 'NONE', #5376, 0.1000000000000000472 ) ;
#1155 = DIRECTION ( 'NONE',  ( 0.000000000000000000, 1.000000000000000000, 0.000000000000000000 ) ) ;
#1156 = ORIENTED_EDGE ( 'NONE', *, *, #4580, .T. ) ;
#1157 = EDGE_CURVE ( 'NONE', #9013, #7505, #9437, .T. ) ;
#1158 = ORIENTED_EDGE ( 'NONE', *, *, #6888, .T. ) ;
#1159 = EDGE_CURVE ( 'NONE', #303, #5276, #5642, .T. ) ;
#1160 = DIRECTION ( 'NONE',  ( 0.000000000000000000, -1.000000000000000000, 0.000000000000000000 ) ) ;
#1161 = ORIENTED_EDGE ( 'NONE', *, *, #8922, .F. ) ;
#1162 = CARTESIAN_POINT ( 'NONE',  ( -0.1299999999999999767, 0.2000000000000000111, 2.000000000000000000 ) ) ;
#1163 = ORIENTED_EDGE ( 'NONE', *, *, #157, .T. ) ;
#1164 = AXIS2_PLACEMENT_3D ( 'NONE', #8881, #5265, #6704 ) ;
#1165 = CIRCLE ( 'NONE', #8084, 0.1200000000000000927 ) ;
#1166 = CARTESIAN_POINT ( 'NONE',  ( -0.3699999999999999956, 0.000000000000000000, -2.000000000000000000 ) ) ;
#1167 = FACE_OUTER_BOUND ( 'NONE', #7392, .T. ) ;
#1168 = ADVANCED_FACE ( 'NONE', ( #304 ), #4064, .T. ) ;
#1169 = CARTESIAN_POINT ( 'NONE',  ( 2.000000000000000000, 0.6664761515876239661, 1.129999999999999893 ) ) ;
#1170 = VECTOR ( 'NONE', #1721, 1000.000000000000000 ) ;
#1171 = DIRECTION ( 'NONE',  ( 0.000000000000000000, -1.000000000000000000, 0.000000000000000000 ) ) ;
#1172 = STYLED_ITEM ( 'NONE', ( #9051 ), #8663 ) ;
#1173 = MECHANICAL_DESIGN_GEOMETRIC_PRESENTATION_REPRESENTATION (  '', ( #8564 ), #9349 ) ;
#1174 = VECTOR ( 'NONE', #5890, 1000.000000000000000 ) ;
#1175 = ORIENTED_EDGE ( 'NONE', *, *, #9074, .T. ) ;
#1176 = VERTEX_POINT ( 'NONE', #5603 ) ;
#1177 = EDGE_CURVE ( 'NONE', #7993, #7605, #3295, .T. ) ;
#1178 = VERTEX_POINT ( 'NONE', #2661 ) ;
#1179 = LINE ( 'NONE', #5539, #804 ) ;
#1180 = ORIENTED_EDGE ( 'NONE', *, *, #5246, .T. ) ;
#1181 = DIRECTION ( 'NONE',  ( 0.000000000000000000, 1.000000000000000000, 0.000000000000000000 ) ) ;
#1182 = LINE ( 'NONE', #2655, #4262 ) ;
#1183 = PRODUCT_RELATED_PRODUCT_CATEGORY ( 'part', '', ( #4210 ) ) ;
#1184 = EDGE_CURVE ( 'NONE', #6067, #9272, #2712, .T. ) ;
#1185 = LINE ( 'NONE', #4166, #7287 ) ;
#1186 = VECTOR ( 'NONE', #7631, 1000.000000000000000 ) ;
#1187 = CARTESIAN_POINT ( 'NONE',  ( 1.719999999999999973, 0.000000000000000000, -0.1299999999999999767 ) ) ;
#1188 = VERTEX_POINT ( 'NONE', #7870 ) ;
#1189 = LINE ( 'NONE', #447, #2732 ) ;
#1190 = EDGE_LOOP ( 'NONE', ( #2878, #6149, #7773, #647 ) ) ;
#1191 = EDGE_CURVE ( 'NONE', #6369, #747, #1918, .T. ) ;
#1192 = DIRECTION ( 'NONE',  ( 0.000000000000000000, 0.000000000000000000, -1.000000000000000000 ) ) ;
#1193 = SURFACE_SIDE_STYLE ('',( #9395 ) ) ;
#1194 = EDGE_LOOP ( 'NONE', ( #4487, #9469, #8525, #5897 ) ) ;
#1195 = AXIS2_PLACEMENT_3D ( 'NONE', #7731, #905, #3020 ) ;
#1196 =( NAMED_UNIT ( * ) PLANE_ANGLE_UNIT ( ) SI_UNIT ( $, .RADIAN. ) );
#1197 = DIRECTION ( 'NONE',  ( 0.000000000000000000, 1.000000000000000000, 0.000000000000000000 ) ) ;
#1198 = FACE_OUTER_BOUND ( 'NONE', #4930, .T. ) ;
#1199 = CLOSED_SHELL ( 'NONE', ( #422, #8051, #520, #7070, #7914, #4349 ) ) ;
#1200 = CARTESIAN_POINT ( 'NONE',  ( -0.7500000000000000000, 0.05000000000000000278, 1.600000000000000089 ) ) ;
#1201 = CIRCLE ( 'NONE', #9365, 0.1200000000000000927 ) ;
#1202 = AXIS2_PLACEMENT_3D ( 'NONE', #8627, #1882, #7987 ) ;
#1203 = CARTESIAN_POINT ( 'NONE',  ( 1.369999999999999885, 0.2000000000000000111, 2.000000000000000000 ) ) ;
#1204 = EDGE_CURVE ( 'NONE', #1572, #2257, #1134, .T. ) ;
#1205 = CARTESIAN_POINT ( 'NONE',  ( -1.287966265713290204, -0.05729555854656199348, -1.606164317247235074 ) ) ;
#1206 = ORIENTED_EDGE ( 'NONE', *, *, #548, .F. ) ;
#1207 = DIRECTION ( 'NONE',  ( 1.000000000000000000, 0.000000000000000000, 7.744301232039309779E-16 ) ) ;
#1208 = CARTESIAN_POINT ( 'NONE',  ( 1.350000000000000311, 0.000000000000000000, -1.249999999999999778 ) ) ;
#1209 = LINE ( 'NONE', #9600, #2579 ) ;
#1210 = CARTESIAN_POINT ( 'NONE',  ( 0.8699999999999999956, 0.6664761515876239661, 2.000000000000000000 ) ) ;
#1211 = DIRECTION ( 'NONE',  ( 1.000000000000000000, 0.000000000000000000, 0.000000000000000000 ) ) ;
#1212 = ORIENTED_EDGE ( 'NONE', *, *, #763, .T. ) ;
#1213 = CLOSED_SHELL ( 'NONE', ( #9335, #1596, #4993, #7198, #1311, #6701, #985, #8159 ) ) ;
#1214 = ORIENTED_EDGE ( 'NONE', *, *, #3200, .T. ) ;
#1215 = DIRECTION ( 'NONE',  ( 0.000000000000000000, -1.000000000000000000, 0.000000000000000000 ) ) ;
#1216 = ORIENTED_EDGE ( 'NONE', *, *, #5633, .T. ) ;
#1217 = DIRECTION ( 'NONE',  ( 0.000000000000000000, -1.000000000000000000, 0.000000000000000000 ) ) ;
#1218 = ORIENTED_EDGE ( 'NONE', *, *, #3876, .T. ) ;
#1219 = DIRECTION ( 'NONE',  ( 0.000000000000000000, 1.000000000000000000, 0.000000000000000000 ) ) ;
#1220 = DIRECTION ( 'NONE',  ( 0.000000000000000000, 0.000000000000000000, 1.000000000000000000 ) ) ;
#1221 = CARTESIAN_POINT ( 'NONE',  ( -0.6300000000000000044, 0.000000000000000000, 1.719999999999999973 ) ) ;
#1222 = EDGE_CURVE ( 'NONE', #6922, #249, #6905, .T. ) ;
#1223 = FILL_AREA_STYLE ('',( #6317 ) ) ;
#1224 = EDGE_CURVE ( 'NONE', #5678, #4887, #7074, .T. ) ;
#1225 = ORIENTED_EDGE ( 'NONE', *, *, #7831, .F. ) ;
#1226 = ORIENTED_EDGE ( 'NONE', *, *, #2551, .F. ) ;
#1227 = ORIENTED_EDGE ( 'NONE', *, *, #26, .F. ) ;
#1228 = CARTESIAN_POINT ( 'NONE',  ( 1.249999999999999778, 0.05000000000000000278, -1.249999999999999778 ) ) ;
#1229 = ORIENTED_EDGE ( 'NONE', *, *, #2512, .T. ) ;
#1230 = DIRECTION ( 'NONE',  ( 0.000000000000000000, -1.000000000000000000, 0.000000000000000000 ) ) ;
#1231 = DIRECTION ( 'NONE',  ( 1.000000000000000000, 0.000000000000000000, 0.000000000000000000 ) ) ;
#1232 = DIRECTION ( 'NONE',  ( 0.000000000000000000, 0.000000000000000000, -1.000000000000000000 ) ) ;
#1233 = ADVANCED_FACE ( 'NONE', ( #449 ), #4899, .T. ) ;
#1234 = EDGE_CURVE ( 'NONE', #7307, #836, #7973, .T. ) ;
#1235 = DIRECTION ( 'NONE',  ( 0.000000000000000000, -1.000000000000000000, 0.000000000000000000 ) ) ;
#1236 = VERTEX_POINT ( 'NONE', #407 ) ;
#1237 = CARTESIAN_POINT ( 'NONE',  ( 2.000000000000000000, 0.000000000000000000, -0.3699999999999999956 ) ) ;
#1238 = VERTEX_POINT ( 'NONE', #3483 ) ;
#1239 = CARTESIAN_POINT ( 'NONE',  ( -2.000000000000000000, 0.2000000000000000111, 0.6300000000000000044 ) ) ;
#1240 = SURFACE_STYLE_FILL_AREA ( #6684 ) ;
#1241 = ORIENTED_EDGE ( 'NONE', *, *, #1105, .T. ) ;
#1242 =( LENGTH_UNIT ( ) NAMED_UNIT ( * ) SI_UNIT ( .MILLI., .METRE. ) );
#1243 = LINE ( 'NONE', #1053, #8039 ) ;
#1244 = DIRECTION ( 'NONE',  ( 0.000000000000000000, 0.000000000000000000, -1.000000000000000000 ) ) ;
#1245 = CARTESIAN_POINT ( 'NONE',  ( -1.719999999999999973, 0.6664761515876239661, -1.250000000000000000 ) ) ;
#1246 = ADVANCED_FACE ( 'NONE', ( #4214 ), #7132, .F. ) ;
#1247 = ORIENTED_EDGE ( 'NONE', *, *, #7228, .F. ) ;
#1248 = DIRECTION ( 'NONE',  ( -0.000000000000000000, 1.000000000000000000, 0.000000000000000000 ) ) ;
#1249 = FACE_OUTER_BOUND ( 'NONE', #5256, .T. ) ;
#1250 = VERTEX_POINT ( 'NONE', #495 ) ;
#1251 = DIRECTION ( 'NONE',  ( 0.000000000000000000, -1.000000000000000000, 0.000000000000000000 ) ) ;
#1252 = CARTESIAN_POINT ( 'NONE',  ( -2.000000000000000000, 0.6664761515876239661, 0.6300000000000000044 ) ) ;
#1253 = LINE ( 'NONE', #8819, #65 ) ;
#1254 = EDGE_CURVE ( 'NONE', #5771, #3687, #6478, .T. ) ;
#1255 = LINE ( 'NONE', #7199, #2911 ) ;
#1256 = CARTESIAN_POINT ( 'NONE',  ( 1.249999999999999778, 0.05000000000000000278, -1.249999999999999778 ) ) ;
#1257 = ORIENTED_EDGE ( 'NONE', *, *, #5992, .T. ) ;
#1258 = ORIENTED_EDGE ( 'NONE', *, *, #7289, .T. ) ;
#1259 = DIRECTION ( 'NONE',  ( 0.000000000000000000, 0.000000000000000000, -1.000000000000000000 ) ) ;
#1260 = EDGE_LOOP ( 'NONE', ( #491, #1943, #234, #577 ) ) ;
#1261 = DIRECTION ( 'NONE',  ( 1.000000000000000000, 0.000000000000000000, 0.000000000000000000 ) ) ;
#1262 = ORIENTED_EDGE ( 'NONE', *, *, #3077, .T. ) ;
#1263 = LINE ( 'NONE', #7582, #5212 ) ;
#1264 = CARTESIAN_POINT ( 'NONE',  ( -0.3699999999999999956, 0.2000000000000000111, -2.000000000000000000 ) ) ;
#1265 = PLANE ( 'NONE',  #5354 ) ;
#1266 = DIRECTION ( 'NONE',  ( 7.744301232039309779E-16, 0.000000000000000000, 1.000000000000000000 ) ) ;
#1267 = DIRECTION ( 'NONE',  ( 0.000000000000000000, 0.000000000000000000, -1.000000000000000000 ) ) ;
#1268 = VERTEX_POINT ( 'NONE', #3396 ) ;
#1269 = ORIENTED_EDGE ( 'NONE', *, *, #2966, .T. ) ;
#1270 = ORIENTED_EDGE ( 'NONE', *, *, #5705, .F. ) ;
#1271 = LINE ( 'NONE', #8695, #7547 ) ;
#1272 = ORIENTED_EDGE ( 'NONE', *, *, #2748, .T. ) ;
#1273 = CIRCLE ( 'NONE', #9592, 0.1199999999999999956 ) ;
#1274 = DIRECTION ( 'NONE',  ( 0.000000000000000000, -1.000000000000000000, 0.000000000000000000 ) ) ;
#1275 = CARTESIAN_POINT ( 'NONE',  ( 2.000000000000000000, 0.2000000000000000111, 1.369999999999999885 ) ) ;
#1276 = CARTESIAN_POINT ( 'NONE',  ( -1.129999999999999893, 0.05000000000000000278, -2.000000000000000000 ) ) ;
#1277 = VECTOR ( 'NONE', #9188, 1000.000000000000000 ) ;
#1278 = AXIS2_PLACEMENT_3D ( 'NONE', #6402, #5622, #2739 ) ;
#1279 = LINE ( 'NONE', #7369, #6329 ) ;
#1280 = EDGE_LOOP ( 'NONE', ( #5288, #2919, #8705, #6841 ) ) ;
#1281 = CARTESIAN_POINT ( 'NONE',  ( 1.606164317247235074, 0.2000000000000000111, 1.287966265713290204 ) ) ;
#1282 = EDGE_LOOP ( 'NONE', ( #1576, #3807, #1929, #237 ) ) ;
#1283 = CARTESIAN_POINT ( 'NONE',  ( -1.719999999999999973, 0.2000000000000000111, 0.2500000000000000000 ) ) ;
#1284 = CARTESIAN_POINT ( 'NONE',  ( -2.000000000000000000, 0.05000000000000000278, 2.000000000000000000 ) ) ;
#1285 = ORIENTED_EDGE ( 'NONE', *, *, #1077, .F. ) ;
#1286 = ADVANCED_FACE ( 'NONE', ( #4754 ), #2573, .T. ) ;
#1287 = AXIS2_PLACEMENT_3D ( 'NONE', #7804, #1704, #8393 ) ;
#1288 = EDGE_CURVE ( 'NONE', #7994, #915, #2856, .T. ) ;
#1289 = LINE ( 'NONE', #3689, #4420 ) ;
#1290 = DIRECTION ( 'NONE',  ( 0.000000000000000000, 0.000000000000000000, 1.000000000000000000 ) ) ;
#1291 = CARTESIAN_POINT ( 'NONE',  ( 1.719999999999999973, 0.6664761515876239661, -1.129999999999999893 ) ) ;
#1292 = AXIS2_PLACEMENT_3D ( 'NONE', #6395, #9406, #5656 ) ;
#1293 = AXIS2_PLACEMENT_3D ( 'NONE', #7172, #5637, #8649 ) ;
#1294 =( GEOMETRIC_REPRESENTATION_CONTEXT ( 3 ) GLOBAL_UNCERTAINTY_ASSIGNED_CONTEXT ( ( #2562 ) ) GLOBAL_UNIT_ASSIGNED_CONTEXT ( ( #3976, #7580, #2379 ) ) REPRESENTATION_CONTEXT ( 'NONE', 'WORKASPACE' ) );
#1295 = ORIENTED_EDGE ( 'NONE', *, *, #5404, .F. ) ;
#1296 = CARTESIAN_POINT ( 'NONE',  ( -1.287966265713290204, -0.05729555854656199348, 1.606164317247239959 ) ) ;
#1297 = SURFACE_STYLE_FILL_AREA ( #6491 ) ;
#1298 = ORIENTED_EDGE ( 'NONE', *, *, #8821, .F. ) ;
#1299 = DIRECTION ( 'NONE',  ( 0.000000000000000000, 1.000000000000000000, 0.000000000000000000 ) ) ;
#1300 = EDGE_CURVE ( 'NONE', #9517, #8693, #2225, .T. ) ;
#1301 = FACE_OUTER_BOUND ( 'NONE', #2414, .T. ) ;
#1302 = FACE_OUTER_BOUND ( 'NONE', #6363, .T. ) ;
#1303 = EDGE_CURVE ( 'NONE', #3498, #1984, #4321, .T. ) ;
#1304 = CARTESIAN_POINT ( 'NONE',  ( -1.606164317247235074, 0.000000000000000000, 1.287966265713290204 ) ) ;
#1305 = AXIS2_PLACEMENT_3D ( 'NONE', #882, #827, #4640 ) ;
#1306 = LINE ( 'NONE', #4291, #1030 ) ;
#1307 = ORIENTED_EDGE ( 'NONE', *, *, #8563, .F. ) ;
#1308 = AXIS2_PLACEMENT_3D ( 'NONE', #9234, #1073, #2546 ) ;
#1309 = ORIENTED_EDGE ( 'NONE', *, *, #7176, .F. ) ;
#1310 = LINE ( 'NONE', #5723, #4710 ) ;
#1311 = ADVANCED_FACE ( 'NONE', ( #9691 ), #3625, .F. ) ;
#1312 = EDGE_LOOP ( 'NONE', ( #9392, #3718, #181, #3559, #3494 ) ) ;
#1313 = PLANE ( 'NONE',  #812 ) ;
#1314 = FACE_OUTER_BOUND ( 'NONE', #7606, .T. ) ;
#1315 = DIRECTION ( 'NONE',  ( 1.000000000000000000, 0.000000000000000000, 0.000000000000000000 ) ) ;
#1316 = DIRECTION ( 'NONE',  ( 0.000000000000000000, 1.000000000000000000, 0.000000000000000000 ) ) ;
#1317 = VECTOR ( 'NONE', #7642, 1000.000000000000000 ) ;
#1318 = LINE ( 'NONE', #7210, #391 ) ;
#1319 = VECTOR ( 'NONE', #1003, 1000.000000000000000 ) ;
#1320 = ORIENTED_EDGE ( 'NONE', *, *, #107, .F. ) ;
#1321 = AXIS2_PLACEMENT_3D ( 'NONE', #5719, #8402, #8449 ) ;
#1322 = ORIENTED_EDGE ( 'NONE', *, *, #4524, .T. ) ;
#1323 = ADVANCED_FACE ( 'NONE', ( #4364 ), #6533, .F. ) ;
#1324 = ORIENTED_EDGE ( 'NONE', *, *, #2985, .T. ) ;
#1325 = EDGE_CURVE ( 'NONE', #6102, #3272, #8956, .T. ) ;
#1326 = LINE ( 'NONE', #2803, #8980 ) ;
#1327 = ORIENTED_EDGE ( 'NONE', *, *, #5474, .T. ) ;
#1328 = AXIS2_PLACEMENT_3D ( 'NONE', #753, #9591, #5109 ) ;
#1329 = DIRECTION ( 'NONE',  ( 0.000000000000000000, 0.000000000000000000, -1.000000000000000000 ) ) ;
#1330 = CARTESIAN_POINT ( 'NONE',  ( 1.719999999999999973, 0.000000000000000000, -0.1299999999999999767 ) ) ;
#1331 = DIRECTION ( 'NONE',  ( 0.000000000000000000, 0.000000000000000000, -1.000000000000000000 ) ) ;
#1332 = AXIS2_PLACEMENT_3D ( 'NONE', #7920, #7177, #4699 ) ;
#1333 = CIRCLE ( 'NONE', #5882, 0.1200000000000000927 ) ;
#1334 = CARTESIAN_POINT ( 'NONE',  ( -1.500000000000000000, 0.9000000000000000222, -1.300000000000000044 ) ) ;
#1335 = ORIENTED_EDGE ( 'NONE', *, *, #6666, .F. ) ;
#1336 = DIRECTION ( 'NONE',  ( 0.000000000000000000, -1.000000000000000000, 0.000000000000000000 ) ) ;
#1337 = ORIENTED_EDGE ( 'NONE', *, *, #2616, .T. ) ;
#1338 = CARTESIAN_POINT ( 'NONE',  ( -0.8699999999999999956, 0.6664761515876239661, -2.000000000000000000 ) ) ;
#1339 =( LENGTH_UNIT ( ) NAMED_UNIT ( * ) SI_UNIT ( .MILLI., .METRE. ) );
#1340 = ORIENTED_EDGE ( 'NONE', *, *, #3624, .T. ) ;
#1341 = VECTOR ( 'NONE', #3281, 1000.000000000000000 ) ;
#1342 = DIRECTION ( 'NONE',  ( 7.744301232039309779E-16, 0.000000000000000000, -1.000000000000000000 ) ) ;
#1343 = DIRECTION ( 'NONE',  ( 0.000000000000000000, 0.000000000000000000, -1.000000000000000000 ) ) ;
#1344 = DIRECTION ( 'NONE',  ( 7.744301232039309779E-16, 0.000000000000000000, 1.000000000000000000 ) ) ;
#1345 = COLOUR_RGB ( '',0.7921568627450980005, 0.8196078431372548767, 0.9333333333333333481 ) ;
#1346 = CIRCLE ( 'NONE', #9502, 0.2000000000000000944 ) ;
#1347 = CARTESIAN_POINT ( 'NONE',  ( 2.000000000000000000, 0.05000000000000000278, 1.129999999999999893 ) ) ;
#1348 = EDGE_CURVE ( 'NONE', #169, #3866, #7238, .T. ) ;
#1349 = EDGE_CURVE ( 'NONE', #9413, #1903, #6578, .T. ) ;
#1350 = AXIS2_PLACEMENT_3D ( 'NONE', #1983, #8666, #9367 ) ;
#1351 = VERTEX_POINT ( 'NONE', #8123 ) ;
#1352 = DIRECTION ( 'NONE',  ( 0.000000000000000000, -1.000000000000000000, 0.000000000000000000 ) ) ;
#1353 = EDGE_CURVE ( 'NONE', #2659, #1848, #7373, .T. ) ;
#1354 = FACE_OUTER_BOUND ( 'NONE', #3345, .T. ) ;
#1355 = ORIENTED_EDGE ( 'NONE', *, *, #3313, .T. ) ;
#1356 = CYLINDRICAL_SURFACE ( 'NONE', #8990, 0.1000000000000000333 ) ;
#1357 = CARTESIAN_POINT ( 'NONE',  ( 1.250000000000000000, 0.2000000000000000111, 1.719999999999999973 ) ) ;
#1358 = DIRECTION ( 'NONE',  ( 0.000000000000000000, 1.000000000000000000, 0.000000000000000000 ) ) ;
#1359 = MECHANICAL_DESIGN_GEOMETRIC_PRESENTATION_REPRESENTATION (  '', ( #2301 ), #4626 ) ;
#1360 = VECTOR ( 'NONE', #7037, 1000.000000000000000 ) ;
#1361 = ADVANCED_FACE ( 'NONE', ( #2171 ), #2217, .T. ) ;
#1362 = CARTESIAN_POINT ( 'NONE',  ( -2.000000000000000000, 0.2000000000000000111, 1.129999999999999893 ) ) ;
#1363 = EDGE_CURVE ( 'NONE', #1572, #6412, #8218, .T. ) ;
#1364 = CARTESIAN_POINT ( 'NONE',  ( -1.719999999999999973, 0.2000000000000000111, -1.129999999999999893 ) ) ;
#1365 = ORIENTED_EDGE ( 'NONE', *, *, #4336, .F. ) ;
#1366 = ORIENTED_EDGE ( 'NONE', *, *, #8310, .F. ) ;
#1367 = LINE ( 'NONE', #2791, #8342 ) ;
#1368 = VERTEX_POINT ( 'NONE', #600 ) ;
#1369 = LINE ( 'NONE', #7353, #4717 ) ;
#1370 = CARTESIAN_POINT ( 'NONE',  ( 1.250000000000000000, 0.2000000000000000111, -1.719999999999999973 ) ) ;
#1371 = CARTESIAN_POINT ( 'NONE',  ( 1.719999999999999973, 0.6664761515876239661, 0.8699999999999999956 ) ) ;
#1372 = CARTESIAN_POINT ( 'NONE',  ( 1.682033734286709770, 0.2000000000000000111, 1.363835682752762013 ) ) ;
#1373 = ADVANCED_FACE ( 'NONE', ( #646 ), #1430, .F. ) ;
#1374 = DIRECTION ( 'NONE',  ( 0.000000000000000000, -1.000000000000000000, 0.000000000000000000 ) ) ;
#1375 = ADVANCED_FACE ( 'NONE', ( #8758 ), #6727, .F. ) ;
#1376 = ORIENTED_EDGE ( 'NONE', *, *, #6429, .T. ) ;
#1377 = ORIENTED_EDGE ( 'NONE', *, *, #3974, .T. ) ;
#1378 = VERTEX_POINT ( 'NONE', #5042 ) ;
#1379 = DIRECTION ( 'NONE',  ( 0.000000000000000000, -1.000000000000000000, 0.000000000000000000 ) ) ;
#1380 = VERTEX_POINT ( 'NONE', #7422 ) ;
#1381 = CARTESIAN_POINT ( 'NONE',  ( 0.1299999999999999767, 0.2000000000000000111, 2.000000000000000000 ) ) ;
#1382 = PLANE ( 'NONE',  #8360 ) ;
#1383 = DIRECTION ( 'NONE',  ( -1.084202172485503818E-16, 0.000000000000000000, -1.000000000000000000 ) ) ;
#1384 = EDGE_CURVE ( 'NONE', #3424, #1888, #339, .T. ) ;
#1385 = CARTESIAN_POINT ( 'NONE',  ( -0.2500000000000000000, 0.2000000000000000111, 1.600000000000000089 ) ) ;
#1386 = ORIENTED_EDGE ( 'NONE', *, *, #5652, .T. ) ;
#1387 = DIRECTION ( 'NONE',  ( 0.000000000000000000, 0.000000000000000000, -1.000000000000000000 ) ) ;
#1388 = ORIENTED_EDGE ( 'NONE', *, *, #7165, .F. ) ;
#1389 = DIRECTION ( 'NONE',  ( 0.7071067811865455743, 0.000000000000000000, 0.7071067811865495711 ) ) ;
#1390 = DIRECTION ( 'NONE',  ( -7.744301232039309779E-16, 0.000000000000000000, -1.000000000000000000 ) ) ;
#1391 = ORIENTED_EDGE ( 'NONE', *, *, #2057, .F. ) ;
#1392 = PLANE ( 'NONE',  #8210 ) ;
#1393 = DIRECTION ( 'NONE',  ( 0.000000000000000000, -1.000000000000000000, 0.000000000000000000 ) ) ;
#1394 = DIRECTION ( 'NONE',  ( 0.000000000000000000, -1.000000000000000000, 0.000000000000000000 ) ) ;
#1395 = ORIENTED_EDGE ( 'NONE', *, *, #9225, .F. ) ;
#1396 = DIRECTION ( 'NONE',  ( 0.000000000000000000, 0.000000000000000000, -1.000000000000000000 ) ) ;
#1397 = CARTESIAN_POINT ( 'NONE',  ( 1.719999999999999973, 0.000000000000000000, 1.369999999999999885 ) ) ;
#1398 = ORIENTED_EDGE ( 'NONE', *, *, #3280, .T. ) ;
#1399 = CARTESIAN_POINT ( 'NONE',  ( 1.249999999999999778, 0.000000000000000000, -1.249999999999999778 ) ) ;
#1400 = DIRECTION ( 'NONE',  ( 0.000000000000000000, -1.000000000000000000, 0.000000000000000000 ) ) ;
#1401 = CARTESIAN_POINT ( 'NONE',  ( 2.000000000000000000, 0.2000000000000000111, -0.6300000000000000044 ) ) ;
#1402 = FACE_OUTER_BOUND ( 'NONE', #6966, .T. ) ;
#1403 = CARTESIAN_POINT ( 'NONE',  ( -1.719999999999999973, 0.000000000000000000, -1.129999999999999893 ) ) ;
#1404 = ORIENTED_EDGE ( 'NONE', *, *, #475, .F. ) ;
#1405 = EDGE_LOOP ( 'NONE', ( #860, #3931, #6333, #6612 ) ) ;
#1406 = CARTESIAN_POINT ( 'NONE',  ( 1.250000000000000000, 0.2000000000000000111, 1.600000000000000089 ) ) ;
#1407 = ORIENTED_EDGE ( 'NONE', *, *, #7739, .F. ) ;
#1408 = DIRECTION ( 'NONE',  ( 0.000000000000000000, 1.000000000000000000, 0.000000000000000000 ) ) ;
#1409 = EDGE_CURVE ( 'NONE', #9013, #7159, #8034, .T. ) ;
#1410 = PLANE ( 'NONE',  #8027 ) ;
#1411 = ADVANCED_FACE ( 'NONE', ( #552 ), #2814, .F. ) ;
#1412 = FACE_OUTER_BOUND ( 'NONE', #5466, .T. ) ;
#1413 = DIRECTION ( 'NONE',  ( 0.000000000000000000, 0.000000000000000000, -1.000000000000000000 ) ) ;
#1414 = PRESENTATION_STYLE_ASSIGNMENT (( #2945 ) ) ;
#1415 = ORIENTED_EDGE ( 'NONE', *, *, #2013, .T. ) ;
#1416 = ORIENTED_EDGE ( 'NONE', *, *, #5049, .T. ) ;
#1417 = ORIENTED_EDGE ( 'NONE', *, *, #2930, .F. ) ;
#1418 = LINE ( 'NONE', #2991, #3465 ) ;
#1419 = ORIENTED_EDGE ( 'NONE', *, *, #6743, .F. ) ;
#1420 = DIRECTION ( 'NONE',  ( -1.000000000000000000, 0.000000000000000000, -7.744301232039309779E-16 ) ) ;
#1421 = EDGE_CURVE ( 'NONE', #1712, #9377, #9230, .T. ) ;
#1422 = CARTESIAN_POINT ( 'NONE',  ( -1.369999999999999885, 0.2000000000000000111, 1.719999999999999973 ) ) ;
#1423 = LINE ( 'NONE', #9686, #6341 ) ;
#1424 = EDGE_CURVE ( 'NONE', #3038, #9377, #2541, .T. ) ;
#1425 = DIRECTION ( 'NONE',  ( 0.000000000000000000, 0.000000000000000000, 1.000000000000000000 ) ) ;
#1426 = ORIENTED_EDGE ( 'NONE', *, *, #3268, .F. ) ;
#1427 = VECTOR ( 'NONE', #7183, 1000.000000000000000 ) ;
#1428 = DIRECTION ( 'NONE',  ( 0.000000000000000000, 0.000000000000000000, -1.000000000000000000 ) ) ;
#1429 = EDGE_LOOP ( 'NONE', ( #3385, #7948, #958, #7408 ) ) ;
#1430 = PLANE ( 'NONE',  #4400 ) ;
#1431 = SURFACE_STYLE_USAGE ( .BOTH. , #7279 ) ;
#1432 = ORIENTED_EDGE ( 'NONE', *, *, #1303, .T. ) ;
#1433 = DIRECTION ( 'NONE',  ( 0.000000000000000000, 1.000000000000000000, 0.000000000000000000 ) ) ;
#1434 = EDGE_CURVE ( 'NONE', #8114, #9041, #9598, .T. ) ;
#1435 = CARTESIAN_POINT ( 'NONE',  ( -1.250000000000000000, 0.000000000000000000, 1.350000000000000089 ) ) ;
#1436 = CARTESIAN_POINT ( 'NONE',  ( 0.7500000000000000000, 0.000000000000000000, 1.600000000000000089 ) ) ;
#1437 = CARTESIAN_POINT ( 'NONE',  ( -1.682033734286709770, 0.2000000000000000111, -1.363835682752762013 ) ) ;
#1438 = AXIS2_PLACEMENT_3D ( 'NONE', #1283, #7278, #4265 ) ;
#1439 = ORIENTED_EDGE ( 'NONE', *, *, #7832, .T. ) ;
#1440 = CARTESIAN_POINT ( 'NONE',  ( -0.6300000000000000044, 0.000000000000000000, 1.719999999999999973 ) ) ;
#1441 = CIRCLE ( 'NONE', #5977, 0.1200000000000000927 ) ;
#1442 = CARTESIAN_POINT ( 'NONE',  ( -1.350000000000000089, 0.000000000000000000, 0.6000000000000000888 ) ) ;
#1443 = CIRCLE ( 'NONE', #6611, 0.1199999999999999956 ) ;
#1444 = FACE_OUTER_BOUND ( 'NONE', #251, .T. ) ;
#1445 = CARTESIAN_POINT ( 'NONE',  ( -1.369999999999999885, 0.000000000000000000, 2.000000000000000000 ) ) ;
#1446 = EDGE_CURVE ( 'NONE', #2494, #380, #7100, .T. ) ;
#1447 = LINE ( 'NONE', #8970, #6171 ) ;
#1448 = DIRECTION ( 'NONE',  ( 0.000000000000000000, -1.000000000000000000, 0.000000000000000000 ) ) ;
#1449 = VECTOR ( 'NONE', #2644, 1000.000000000000000 ) ;
#1450 = VECTOR ( 'NONE', #2336, 1000.000000000000000 ) ;
#1451 = LINE ( 'NONE', #6791, #5706 ) ;
#1452 = LINE ( 'NONE', #2977, #3984 ) ;
#1453 = VERTEX_POINT ( 'NONE', #7009 ) ;
#1454 = VECTOR ( 'NONE', #9346, 1000.000000000000000 ) ;
#1455 = LINE ( 'NONE', #1595, #4563 ) ;
#1456 = ORIENTED_EDGE ( 'NONE', *, *, #6621, .T. ) ;
#1457 = CARTESIAN_POINT ( 'NONE',  ( -0.3699999999999999956, 0.2000000000000000111, -2.000000000000000000 ) ) ;
#1458 = COLOUR_RGB ( '',0.7921568627450980005, 0.8196078431372548767, 0.9333333333333333481 ) ;
#1459 = CARTESIAN_POINT ( 'NONE',  ( -1.719999999999999973, 0.000000000000000000, -0.2500000000000000000 ) ) ;
#1460 = CARTESIAN_POINT ( 'NONE',  ( -1.719999999999999973, 0.000000000000000000, 0.6300000000000000044 ) ) ;
#1461 = CARTESIAN_POINT ( 'NONE',  ( 2.000000000000000000, 0.2000000000000000111, 0.8699999999999999956 ) ) ;
#1462 = AXIS2_PLACEMENT_3D ( 'NONE', #2407, #3813, #740 ) ;
#1463 = AXIS2_PLACEMENT_3D ( 'NONE', #8061, #2899, #1329 ) ;
#1464 = EDGE_CURVE ( 'NONE', #205, #3887, #9124, .T. ) ;
#1465 = ADVANCED_FACE ( 'NONE', ( #8592 ), #281, .F. ) ;
#1466 = ORIENTED_EDGE ( 'NONE', *, *, #8878, .F. ) ;
#1467 = ORIENTED_EDGE ( 'NONE', *, *, #8455, .F. ) ;
#1468 = ORIENTED_EDGE ( 'NONE', *, *, #6202, .F. ) ;
#1469 = EDGE_CURVE ( 'NONE', #795, #5278, #5325, .T. ) ;
#1470 = CARTESIAN_POINT ( 'NONE',  ( -0.6300000000000000044, 0.05000000000000000278, 0.000000000000000000 ) ) ;
#1471 = ORIENTED_EDGE ( 'NONE', *, *, #5381, .F. ) ;
#1472 = VECTOR ( 'NONE', #1935, 1000.000000000000000 ) ;
#1473 = CARTESIAN_POINT ( 'NONE',  ( 1.719999999999999973, 0.05000000000000000278, -0.8699999999999999956 ) ) ;
#1474 = DIRECTION ( 'NONE',  ( 1.000000000000000000, 0.000000000000000000, 0.000000000000000000 ) ) ;
#1475 = LINE ( 'NONE', #2210, #4133 ) ;
#1476 = AXIS2_PLACEMENT_3D ( 'NONE', #6854, #133, #8250 ) ;
#1477 =( NAMED_UNIT ( * ) SI_UNIT ( $, .STERADIAN. ) SOLID_ANGLE_UNIT ( ) );
#1478 = AXIS2_PLACEMENT_3D ( 'NONE', #2062, #4171, #5039 ) ;
#1479 = EDGE_CURVE ( 'NONE', #5099, #9479, #7846, .T. ) ;
#1480 = VECTOR ( 'NONE', #200, 1000.000000000000000 ) ;
#1481 = ORIENTED_EDGE ( 'NONE', *, *, #2748, .F. ) ;
#1482 = DIRECTION ( 'NONE',  ( 0.000000000000000000, -1.000000000000000000, 0.000000000000000000 ) ) ;
#1483 = ORIENTED_EDGE ( 'NONE', *, *, #7433, .F. ) ;
#1484 = DIRECTION ( 'NONE',  ( 0.000000000000000000, -1.000000000000000000, 0.000000000000000000 ) ) ;
#1485 = EDGE_CURVE ( 'NONE', #6541, #5769, #8305, .T. ) ;
#1486 = EDGE_CURVE ( 'NONE', #6093, #8472, #325, .T. ) ;
#1487 = DIRECTION ( 'NONE',  ( 0.000000000000000000, 0.000000000000000000, -1.000000000000000000 ) ) ;
#1488 = ORIENTED_EDGE ( 'NONE', *, *, #2328, .T. ) ;
#1489 = UNCERTAINTY_MEASURE_WITH_UNIT (LENGTH_MEASURE( 1.000000000000000082E-05 ), #8570, 'distance_accuracy_value', 'NONE');
#1490 = CARTESIAN_POINT ( 'NONE',  ( 0.7500000000000000000, 0.05000000000000000278, 1.719999999999999973 ) ) ;
#1491 = CARTESIAN_POINT ( 'NONE',  ( 2.000000000000000000, 0.000000000000000000, 1.129999999999999893 ) ) ;
#1492 = AXIS2_PLACEMENT_3D ( 'NONE', #3159, #3929, #6147 ) ;
#1493 = CARTESIAN_POINT ( 'NONE',  ( -2.000000000000000000, 0.6664761515876239661, -0.6300000000000000044 ) ) ;
#1494 = AXIS2_PLACEMENT_3D ( 'NONE', #5550, #4060, #1914 ) ;
#1495 = VECTOR ( 'NONE', #6864, 1000.000000000000000 ) ;
#1496 = EDGE_CURVE ( 'NONE', #6784, #8786, #5983, .T. ) ;
#1497 = ORIENTED_EDGE ( 'NONE', *, *, #1887, .T. ) ;
#1498 = DIRECTION ( 'NONE',  ( 0.000000000000000000, 0.000000000000000000, 1.000000000000000000 ) ) ;
#1499 = VECTOR ( 'NONE', #1031, 1000.000000000000000 ) ;
#1500 =( GEOMETRIC_REPRESENTATION_CONTEXT ( 3 ) GLOBAL_UNCERTAINTY_ASSIGNED_CONTEXT ( ( #6875 ) ) GLOBAL_UNIT_ASSIGNED_CONTEXT ( ( #3001, #57, #8957 ) ) REPRESENTATION_CONTEXT ( 'NONE', 'WORKASPACE' ) );
#1501 = AXIS2_PLACEMENT_3D ( 'NONE', #6091, #8463, #260 ) ;
#1502 = CARTESIAN_POINT ( 'NONE',  ( -1.250000000000000000, 0.2000000000000000111, -1.719999999999999973 ) ) ;
#1503 = FACE_OUTER_BOUND ( 'NONE', #3076, .T. ) ;
#1504 = LINE ( 'NONE', #4428, #3502 ) ;
#1505 = DIRECTION ( 'NONE',  ( 0.000000000000000000, -1.000000000000000000, 0.000000000000000000 ) ) ;
#1506 = VECTOR ( 'NONE', #7738, 1000.000000000000000 ) ;
#1507 = EDGE_CURVE ( 'NONE', #6735, #1368, #1574, .T. ) ;
#1508 = CARTESIAN_POINT ( 'NONE',  ( 1.719999999999999973, 0.000000000000000000, 0.2500000000000000000 ) ) ;
#1509 = DIRECTION ( 'NONE',  ( 0.000000000000000000, -1.000000000000000000, 0.000000000000000000 ) ) ;
#1510 = ORIENTED_EDGE ( 'NONE', *, *, #8750, .F. ) ;
#1511 = CARTESIAN_POINT ( 'NONE',  ( 0.6300000000000000044, 0.2000000000000000111, 1.719999999999999973 ) ) ;
#1512 = VERTEX_POINT ( 'NONE', #4782 ) ;
#1513 = FACE_OUTER_BOUND ( 'NONE', #7032, .T. ) ;
#1514 = AXIS2_PLACEMENT_3D ( 'NONE', #5201, #5115, #7236 ) ;
#1515 = CARTESIAN_POINT ( 'NONE',  ( -1.606164317247235074, 0.000000000000000000, -1.287966265713290204 ) ) ;
#1516 = CARTESIAN_POINT ( 'NONE',  ( 2.000000000000000000, 0.6664761515876239661, 1.129999999999999893 ) ) ;
#1517 = CLOSED_SHELL ( 'NONE', ( #2488, #443, #938, #7190, #595, #6596, #7288, #6162 ) ) ;
#1518 = LINE ( 'NONE', #7503, #720 ) ;
#1519 = AXIS2_PLACEMENT_3D ( 'NONE', #1727, #5604, #6982 ) ;
#1520 = CYLINDRICAL_SURFACE ( 'NONE', #4587, 0.1200000000000000927 ) ;
#1521 = VECTOR ( 'NONE', #4218, 1000.000000000000000 ) ;
#1522 = ORIENTED_EDGE ( 'NONE', *, *, #7141, .T. ) ;
#1523 = VERTEX_POINT ( 'NONE', #235 ) ;
#1524 = ORIENTED_EDGE ( 'NONE', *, *, #4030, .F. ) ;
#1525 = CARTESIAN_POINT ( 'NONE',  ( -1.719999999999999973, 0.000000000000000000, -0.6300000000000000044 ) ) ;
#1526 = ORIENTED_EDGE ( 'NONE', *, *, #6514, .T. ) ;
#1527 = LINE ( 'NONE', #6762, #4273 ) ;
#1528 = LINE ( 'NONE', #3723, #2871 ) ;
#1529 = CARTESIAN_POINT ( 'NONE',  ( -1.719999999999999973, 0.6664761515876239661, 1.129999999999999893 ) ) ;
#1530 = EDGE_CURVE ( 'NONE', #6212, #2686, #4725, .T. ) ;
#1531 = ORIENTED_EDGE ( 'NONE', *, *, #1886, .T. ) ;
#1532 = DIRECTION ( 'NONE',  ( 1.000000000000000000, 0.000000000000000000, 0.000000000000000000 ) ) ;
#1533 = VERTEX_POINT ( 'NONE', #9005 ) ;
#1534 = PLANE ( 'NONE',  #4245 ) ;
#1535 = CYLINDRICAL_SURFACE ( 'NONE', #7770, 0.1200000000000000927 ) ;
#1536 = EDGE_LOOP ( 'NONE', ( #2700, #6019, #6809, #526 ) ) ;
#1537 = DIRECTION ( 'NONE',  ( 0.000000000000000000, 0.000000000000000000, 1.000000000000000000 ) ) ;
#1538 = DIRECTION ( 'NONE',  ( 0.000000000000000000, -1.000000000000000000, 0.000000000000000000 ) ) ;
#1539 = CARTESIAN_POINT ( 'NONE',  ( -2.000000000000000000, 0.05000000000000000278, 0.1299999999999999767 ) ) ;
#1540 = ADVANCED_FACE ( 'NONE', ( #7801 ), #9324, .T. ) ;
#1541 = ADVANCED_FACE ( 'NONE', ( #7517 ), #1534, .F. ) ;
#1542 = EDGE_CURVE ( 'NONE', #3537, #2439, #2319, .T. ) ;
#1543 = ORIENTED_EDGE ( 'NONE', *, *, #6202, .T. ) ;
#1544 = CARTESIAN_POINT ( 'NONE',  ( 0.3699999999999999956, 0.2000000000000000111, -1.719999999999999973 ) ) ;
#1545 = ORIENTED_EDGE ( 'NONE', *, *, #3768, .T. ) ;
#1546 = CARTESIAN_POINT ( 'NONE',  ( 1.719999999999999973, 0.000000000000000000, 1.250000000000000000 ) ) ;
#1547 = DIRECTION ( 'NONE',  ( 0.000000000000000000, -1.000000000000000000, 0.000000000000000000 ) ) ;
#1548 = FACE_OUTER_BOUND ( 'NONE', #6837, .T. ) ;
#1549 = FACE_OUTER_BOUND ( 'NONE', #5680, .T. ) ;
#1550 = EDGE_CURVE ( 'NONE', #2621, #7075, #1850, .T. ) ;
#1551 = LINE ( 'NONE', #8184, #2425 ) ;
#1552 = DIRECTION ( 'NONE',  ( 0.000000000000000000, 0.000000000000000000, 1.000000000000000000 ) ) ;
#1553 = ORIENTED_EDGE ( 'NONE', *, *, #4746, .F. ) ;
#1554 = CARTESIAN_POINT ( 'NONE',  ( -1.250000000000000000, 0.2000000000000000111, -1.719999999999999973 ) ) ;
#1555 = ORIENTED_EDGE ( 'NONE', *, *, #3724, .T. ) ;
#1556 = CARTESIAN_POINT ( 'NONE',  ( -2.000000000000000000, 0.2000000000000000111, 0.1299999999999999767 ) ) ;
#1557 = EDGE_CURVE ( 'NONE', #8114, #5132, #8484, .T. ) ;
#1558 = DIRECTION ( 'NONE',  ( 0.000000000000000000, 0.000000000000000000, 1.000000000000000000 ) ) ;
#1559 = DIRECTION ( 'NONE',  ( 1.000000000000000000, 0.000000000000000000, 0.000000000000000000 ) ) ;
#1560 =( NAMED_UNIT ( * ) PLANE_ANGLE_UNIT ( ) SI_UNIT ( $, .RADIAN. ) );
#1561 = ORIENTED_EDGE ( 'NONE', *, *, #7989, .F. ) ;
#1562 = VERTEX_POINT ( 'NONE', #8680 ) ;
#1563 = VERTEX_POINT ( 'NONE', #6554 ) ;
#1564 = CARTESIAN_POINT ( 'NONE',  ( -2.000000000000000000, 0.2000000000000000111, 0.1299999999999999767 ) ) ;
#1565 = ORIENTED_EDGE ( 'NONE', *, *, #5616, .F. ) ;
#1566 = LINE ( 'NONE', #4543, #3805 ) ;
#1567 = ADVANCED_FACE ( 'NONE', ( #9560 ), #9466, .F. ) ;
#1568 = CARTESIAN_POINT ( 'NONE',  ( 2.000000000000000000, 0.2000000000000000111, -1.129999999999999893 ) ) ;
#1569 = CARTESIAN_POINT ( 'NONE',  ( 1.369999999999999885, 0.2000000000000000111, -2.000000000000000000 ) ) ;
#1570 = VERTEX_POINT ( 'NONE', #5017 ) ;
#1571 = CARTESIAN_POINT ( 'NONE',  ( 0.6300000000000000044, 0.000000000000000000, 1.719999999999999973 ) ) ;
#1572 = VERTEX_POINT ( 'NONE', #2832 ) ;
#1573 = MECHANICAL_DESIGN_GEOMETRIC_PRESENTATION_REPRESENTATION (  '', ( #9261 ), #1100 ) ;
#1574 = LINE ( 'NONE', #3273, #2851 ) ;
#1575 = ORIENTED_EDGE ( 'NONE', *, *, #2402, .F. ) ;
#1576 = ORIENTED_EDGE ( 'NONE', *, *, #6853, .F. ) ;
#1577 = CARTESIAN_POINT ( 'NONE',  ( -1.250000000000000000, 0.6664761515876239661, -1.719999999999999973 ) ) ;
#1578 = CARTESIAN_POINT ( 'NONE',  ( -1.719999999999999973, 0.000000000000000000, -0.2500000000000000000 ) ) ;
#1579 = CYLINDRICAL_SURFACE ( 'NONE', #2269, 0.1200000000000000927 ) ;
#1580 = ORIENTED_EDGE ( 'NONE', *, *, #9268, .T. ) ;
#1581 = ADVANCED_FACE ( 'NONE', ( #8778 ), #1942, .T. ) ;
#1582 = EDGE_CURVE ( 'NONE', #3866, #9721, #9519, .T. ) ;
#1583 = DIRECTION ( 'NONE',  ( -0.000000000000000000, 1.000000000000000000, 0.000000000000000000 ) ) ;
#1584 = SURFACE_STYLE_USAGE ( .BOTH. , #6882 ) ;
#1585 = ORIENTED_EDGE ( 'NONE', *, *, #7974, .T. ) ;
#1586 = LINE ( 'NONE', #498, #2237 ) ;
#1587 = CARTESIAN_POINT ( 'NONE',  ( 1.719999999999999973, 0.05000000000000000278, 1.250000000000000000 ) ) ;
#1588 = LINE ( 'NONE', #7254, #7741 ) ;
#1589 = AXIS2_PLACEMENT_3D ( 'NONE', #7068, #4344, #2614 ) ;
#1590 = AXIS2_PLACEMENT_3D ( 'NONE', #683, #3761, #3670 ) ;
#1591 = VECTOR ( 'NONE', #1108, 1000.000000000000000 ) ;
#1592 = FACE_OUTER_BOUND ( 'NONE', #5267, .T. ) ;
#1593 = EDGE_CURVE ( 'NONE', #6475, #3038, #1367, .T. ) ;
#1594 = ORIENTED_EDGE ( 'NONE', *, *, #6888, .F. ) ;
#1595 = CARTESIAN_POINT ( 'NONE',  ( -6.737542071874219367E-16, 0.05000000000000000278, -0.8699999999999999956 ) ) ;
#1596 = ADVANCED_FACE ( 'NONE', ( #3513 ), #470, .F. ) ;
#1597 = ORIENTED_EDGE ( 'NONE', *, *, #5904, .T. ) ;
#1598 = EDGE_CURVE ( 'NONE', #8634, #5228, #7310, .T. ) ;
#1599 = VECTOR ( 'NONE', #8540, 1000.000000000000000 ) ;
#1600 = FACE_OUTER_BOUND ( 'NONE', #9582, .T. ) ;
#1601 = CARTESIAN_POINT ( 'NONE',  ( -1.719999999999999973, 0.05000000000000000278, 0.3699999999999999956 ) ) ;
#1602 = CARTESIAN_POINT ( 'NONE',  ( 0.2500000000000000000, 0.2000000000000000111, 1.719999999999999973 ) ) ;
#1603 = AXIS2_PLACEMENT_3D ( 'NONE', #5305, #5268, #7393 ) ;
#1604 = VECTOR ( 'NONE', #253, 1000.000000000000000 ) ;
#1605 = EDGE_CURVE ( 'NONE', #3498, #2659, #1310, .T. ) ;
#1606 = ORIENTED_EDGE ( 'NONE', *, *, #2328, .F. ) ;
#1607 = CIRCLE ( 'NONE', #9303, 0.1200000000000000927 ) ;
#1608 = ORIENTED_EDGE ( 'NONE', *, *, #5652, .F. ) ;
#1609 = ORIENTED_EDGE ( 'NONE', *, *, #1947, .F. ) ;
#1610 = CARTESIAN_POINT ( 'NONE',  ( 0.3699999999999999956, 0.000000000000000000, -1.719999999999999973 ) ) ;
#1611 = VERTEX_POINT ( 'NONE', #1992 ) ;
#1612 = PLANE ( 'NONE',  #8064 ) ;
#1613 = DIRECTION ( 'NONE',  ( 0.000000000000000000, 0.000000000000000000, 1.000000000000000000 ) ) ;
#1614 = CARTESIAN_POINT ( 'NONE',  ( -2.000000000000000000, 0.2000000000000000111, 1.369999999999999885 ) ) ;
#1615 = AXIS2_PLACEMENT_3D ( 'NONE', #7357, #1951, #2796 ) ;
#1616 = AXIS2_PLACEMENT_3D ( 'NONE', #9695, #1433, #9544 ) ;
#1617 = LINE ( 'NONE', #742, #3367 ) ;
#1618 = ORIENTED_EDGE ( 'NONE', *, *, #6097, .T. ) ;
#1619 = CYLINDRICAL_SURFACE ( 'NONE', #8851, 0.1200000000000000927 ) ;
#1620 = VECTOR ( 'NONE', #5864, 1000.000000000000000 ) ;
#1621 = VERTEX_POINT ( 'NONE', #8829 ) ;
#1622 = VERTEX_POINT ( 'NONE', #4236 ) ;
#1623 = CARTESIAN_POINT ( 'NONE',  ( 1.250000000000000000, 0.2000000000000000111, 1.719999999999999973 ) ) ;
#1624 = VERTEX_POINT ( 'NONE', #7155 ) ;
#1625 = VECTOR ( 'NONE', #8647, 1000.000000000000000 ) ;
#1626 = DIRECTION ( 'NONE',  ( 1.000000000000000000, 0.000000000000000000, 0.000000000000000000 ) ) ;
#1627 = LINE ( 'NONE', #6127, #5036 ) ;
#1628 = FACE_OUTER_BOUND ( 'NONE', #9385, .T. ) ;
#1629 = CARTESIAN_POINT ( 'NONE',  ( 0.7500000000000000000, 0.000000000000000000, 1.719999999999999973 ) ) ;
#1630 = VECTOR ( 'NONE', #4465, 1000.000000000000000 ) ;
#1631 = VECTOR ( 'NONE', #6388, 1000.000000000000114 ) ;
#1632 = ORIENTED_EDGE ( 'NONE', *, *, #7257, .F. ) ;
#1633 = ORIENTED_EDGE ( 'NONE', *, *, #5965, .T. ) ;
#1634 = DIRECTION ( 'NONE',  ( -1.000000000000000000, 0.000000000000000000, -7.744301232039309779E-16 ) ) ;
#1635 = FACE_OUTER_BOUND ( 'NONE', #540, .T. ) ;
#1636 = CIRCLE ( 'NONE', #1492, 0.1199999999999999956 ) ;
#1637 = ORIENTED_EDGE ( 'NONE', *, *, #6445, .F. ) ;
#1638 = VECTOR ( 'NONE', #3681, 1000.000000000000000 ) ;
#1639 = DIRECTION ( 'NONE',  ( -0.000000000000000000, 0.000000000000000000, -1.000000000000000000 ) ) ;
#1640 = DIRECTION ( 'NONE',  ( 1.000000000000000000, 0.000000000000000000, 0.000000000000000000 ) ) ;
#1641 = CIRCLE ( 'NONE', #3968, 0.1200000000000000927 ) ;
#1642 = CARTESIAN_POINT ( 'NONE',  ( -1.287966265713290204, 0.2000000000000000111, -1.606164317247235074 ) ) ;
#1643 = ADVANCED_FACE ( 'NONE', ( #2093 ), #4975, .F. ) ;
#1644 = STYLED_ITEM ( 'NONE', ( #7261 ), #8793 ) ;
#1645 = ADVANCED_FACE ( 'NONE', ( #7203 ), #5076, .T. ) ;
#1646 = CIRCLE ( 'NONE', #240, 0.1199999999999999956 ) ;
#1647 = DIRECTION ( 'NONE',  ( 1.000000000000000000, 0.000000000000000000, 0.000000000000000000 ) ) ;
#1648 = DIRECTION ( 'NONE',  ( 1.000000000000000000, 0.000000000000000000, 0.000000000000000000 ) ) ;
#1649 = ORIENTED_EDGE ( 'NONE', *, *, #2242, .T. ) ;
#1650 = DIRECTION ( 'NONE',  ( 0.000000000000000000, 0.000000000000000000, 1.000000000000000000 ) ) ;
#1651 = LINE ( 'NONE', #3889, #3383 ) ;
#1652 = STYLED_ITEM ( 'NONE', ( #6667 ), #8904 ) ;
#1653 = DIRECTION ( 'NONE',  ( 0.000000000000000000, -1.000000000000000000, 0.000000000000000000 ) ) ;
#1654 = LINE ( 'NONE', #3225, #7934 ) ;
#1655 = VECTOR ( 'NONE', #1064, 1000.000000000000000 ) ;
#1656 = EDGE_CURVE ( 'NONE', #343, #9219, #2040, .T. ) ;
#1657 = CARTESIAN_POINT ( 'NONE',  ( -1.250000000000000000, 0.000000000000000000, -1.719999999999999973 ) ) ;
#1658 = AXIS2_PLACEMENT_3D ( 'NONE', #126, #9171, #1005 ) ;
#1659 = ORIENTED_EDGE ( 'NONE', *, *, #1363, .F. ) ;
#1660 = ORIENTED_EDGE ( 'NONE', *, *, #7854, .T. ) ;
#1661 = ORIENTED_EDGE ( 'NONE', *, *, #392, .T. ) ;
#1662 = VECTOR ( 'NONE', #6591, 1000.000000000000000 ) ;
#1663 = CARTESIAN_POINT ( 'NONE',  ( 1.129999999999999893, 0.2000000000000000111, 2.000000000000000000 ) ) ;
#1664 = ORIENTED_EDGE ( 'NONE', *, *, #8413, .T. ) ;
#1665 = CARTESIAN_POINT ( 'NONE',  ( 0.8699999999999999956, 0.05000000000000000278, 0.000000000000000000 ) ) ;
#1666 = CARTESIAN_POINT ( 'NONE',  ( 2.000000000000000000, 0.05000000000000000278, -2.000000000000000000 ) ) ;
#1667 = LINE ( 'NONE', #8300, #3214 ) ;
#1668 = ADVANCED_FACE ( 'NONE', ( #8046 ), #7351, .T. ) ;
#1669 = STYLED_ITEM ( 'NONE', ( #9551 ), #5336 ) ;
#1670 = VECTOR ( 'NONE', #6842, 1000.000000000000000 ) ;
#1671 = CARTESIAN_POINT ( 'NONE',  ( -0.6300000000000000044, 0.2000000000000000111, 2.000000000000000000 ) ) ;
#1672 = ORIENTED_EDGE ( 'NONE', *, *, #9526, .F. ) ;
#1673 = LINE ( 'NONE', #6962, #5061 ) ;
#1674 = ORIENTED_EDGE ( 'NONE', *, *, #709, .F. ) ;
#1675 = ORIENTED_EDGE ( 'NONE', *, *, #7082, .T. ) ;
#1676 = SURFACE_SIDE_STYLE ('',( #5247 ) ) ;
#1677 = EDGE_LOOP ( 'NONE', ( #8769, #4450, #467, #368 ) ) ;
#1678 = DIRECTION ( 'NONE',  ( 0.000000000000000000, -1.000000000000000000, 0.000000000000000000 ) ) ;
#1679 = CARTESIAN_POINT ( 'NONE',  ( 1.719999999999999973, 0.6664761515876239661, 0.3699999999999999956 ) ) ;
#1680 = CARTESIAN_POINT ( 'NONE',  ( -1.287966265713290204, 0.000000000000000000, 1.606164317247239959 ) ) ;
#1681 = EDGE_CURVE ( 'NONE', #323, #2802, #7866, .T. ) ;
#1682 = AXIS2_PLACEMENT_3D ( 'NONE', #1252, #7297, #420 ) ;
#1683 = ORIENTED_EDGE ( 'NONE', *, *, #6686, .T. ) ;
#1684 = ORIENTED_EDGE ( 'NONE', *, *, #7017, .T. ) ;
#1685 = FACE_OUTER_BOUND ( 'NONE', #7523, .T. ) ;
#1686 = ORIENTED_EDGE ( 'NONE', *, *, #9450, .F. ) ;
#1687 = LINE ( 'NONE', #7673, #5339 ) ;
#1688 = LINE ( 'NONE', #2429, #9065 ) ;
#1689 = DIRECTION ( 'NONE',  ( 0.000000000000000000, -1.000000000000000000, 0.000000000000000000 ) ) ;
#1690 = EDGE_CURVE ( 'NONE', #5018, #6225, #5344, .T. ) ;
#1691 = CARTESIAN_POINT ( 'NONE',  ( -1.129999999999999893, 0.000000000000000000, 1.719999999999999973 ) ) ;
#1692 = CARTESIAN_POINT ( 'NONE',  ( 1.719999999999999973, 0.05000000000000000278, 0.6300000000000000044 ) ) ;
#1693 = VERTEX_POINT ( 'NONE', #5667 ) ;
#1694 = DIRECTION ( 'NONE',  ( 0.000000000000000000, -1.000000000000000000, 0.000000000000000000 ) ) ;
#1695 = PLANE ( 'NONE',  #2772 ) ;
#1696 = DIRECTION ( 'NONE',  ( 0.000000000000000000, 1.000000000000000000, 0.000000000000000000 ) ) ;
#1697 = LINE ( 'NONE', #3166, #3525 ) ;
#1698 = CARTESIAN_POINT ( 'NONE',  ( 0.1299999999999999767, 0.05000000000000000278, -1.719999999999999973 ) ) ;
#1699 = ORIENTED_EDGE ( 'NONE', *, *, #6570, .F. ) ;
#1700 = EDGE_CURVE ( 'NONE', #424, #4723, #4927, .T. ) ;
#1701 = ORIENTED_EDGE ( 'NONE', *, *, #5434, .F. ) ;
#1702 = EDGE_CURVE ( 'NONE', #2030, #5818, #8142, .T. ) ;
#1703 = VERTEX_POINT ( 'NONE', #5163 ) ;
#1704 = DIRECTION ( 'NONE',  ( -1.000000000000000000, 0.000000000000000000, 0.000000000000000000 ) ) ;
#1705 = ORIENTED_EDGE ( 'NONE', *, *, #4763, .T. ) ;
#1706 = LINE ( 'NONE', #1665, #4431 ) ;
#1707 = DIRECTION ( 'NONE',  ( -1.000000000000000000, 0.000000000000000000, 0.000000000000000000 ) ) ;
#1708 = DIRECTION ( 'NONE',  ( 1.000000000000000000, 0.000000000000000000, 0.000000000000000000 ) ) ;
#1709 = DIRECTION ( 'NONE',  ( 0.000000000000000000, -1.000000000000000000, 0.000000000000000000 ) ) ;
#1710 = ORIENTED_EDGE ( 'NONE', *, *, #6054, .T. ) ;
#1711 = CARTESIAN_POINT ( 'NONE',  ( 1.606164317247235074, 0.2000000000000000111, -1.287966265713290204 ) ) ;
#1712 = VERTEX_POINT ( 'NONE', #4573 ) ;
#1713 = ADVANCED_FACE ( 'NONE', ( #9077 ), #7497, .F. ) ;
#1714 = ORIENTED_EDGE ( 'NONE', *, *, #7264, .T. ) ;
#1715 = DIRECTION ( 'NONE',  ( 0.000000000000000000, -1.000000000000000000, 0.000000000000000000 ) ) ;
#1716 = ORIENTED_EDGE ( 'NONE', *, *, #1469, .T. ) ;
#1717 = DIRECTION ( 'NONE',  ( 7.744301232039309779E-16, 0.000000000000000000, -1.000000000000000000 ) ) ;
#1718 = LINE ( 'NONE', #9389, #6145 ) ;
#1719 = DIRECTION ( 'NONE',  ( -1.000000000000000000, 0.000000000000000000, 0.000000000000000000 ) ) ;
#1720 = ADVANCED_FACE ( 'NONE', ( #3654 ), #4385, .F. ) ;
#1721 = DIRECTION ( 'NONE',  ( 0.000000000000000000, -1.000000000000000000, 0.000000000000000000 ) ) ;
#1722 = DIRECTION ( 'NONE',  ( 0.000000000000000000, 1.000000000000000000, 0.000000000000000000 ) ) ;
#1723 = ORIENTED_EDGE ( 'NONE', *, *, #2287, .T. ) ;
#1724 = ORIENTED_EDGE ( 'NONE', *, *, #5222, .T. ) ;
#1725 = ADVANCED_FACE ( 'NONE', ( #3599 ), #5918, .T. ) ;
#1726 = DIRECTION ( 'NONE',  ( 1.000000000000000000, 0.000000000000000000, 0.000000000000000000 ) ) ;
#1727 = CARTESIAN_POINT ( 'NONE',  ( 2.000000000000000000, 0.6664761515876239661, 0.6300000000000000044 ) ) ;
#1728 = ORIENTED_EDGE ( 'NONE', *, *, #2813, .T. ) ;
#1729 = LINE ( 'NONE', #5400, #358 ) ;
#1730 = LINE ( 'NONE', #4387, #3315 ) ;
#1731 = LINE ( 'NONE', #4708, #8109 ) ;
#1732 = DIRECTION ( 'NONE',  ( 0.000000000000000000, -1.000000000000000000, 0.000000000000000000 ) ) ;
#1733 = CARTESIAN_POINT ( 'NONE',  ( 2.000000000000000000, 0.2000000000000000111, 0.1299999999999999767 ) ) ;
#1734 = EDGE_CURVE ( 'NONE', #9042, #6735, #3321, .T. ) ;
#1735 = ADVANCED_FACE ( 'NONE', ( #8242 ), #6707, .F. ) ;
#1736 =( NAMED_UNIT ( * ) SI_UNIT ( $, .STERADIAN. ) SOLID_ANGLE_UNIT ( ) );
#1737 = ORIENTED_EDGE ( 'NONE', *, *, #7250, .T. ) ;
#1738 = VECTOR ( 'NONE', #6128, 1000.000000000000000 ) ;
#1739 = CARTESIAN_POINT ( 'NONE',  ( 0.8699999999999999956, 0.2000000000000000111, 2.000000000000000000 ) ) ;
#1740 = CARTESIAN_POINT ( 'NONE',  ( -2.000000000000000000, 1.000000000000000000, -2.000000000000000000 ) ) ;
#1741 = FACE_OUTER_BOUND ( 'NONE', #524, .T. ) ;
#1742 = DIRECTION ( 'NONE',  ( 0.000000000000000000, -1.000000000000000000, 0.000000000000000000 ) ) ;
#1743 = AXIS2_PLACEMENT_3D ( 'NONE', #7924, #9301, #7224 ) ;
#1744 = CARTESIAN_POINT ( 'NONE',  ( -1.606164317247235074, 0.000000000000000000, 1.287966265713290204 ) ) ;
#1745 = ORIENTED_EDGE ( 'NONE', *, *, #3663, .T. ) ;
#1746 = VERTEX_POINT ( 'NONE', #1511 ) ;
#1747 = AXIS2_PLACEMENT_3D ( 'NONE', #3572, #2699, #5681 ) ;
#1748 = DIRECTION ( 'NONE',  ( 1.000000000000000000, 0.000000000000000000, 7.744301232039309779E-16 ) ) ;
#1749 = VERTEX_POINT ( 'NONE', #1406 ) ;
#1750 = LINE ( 'NONE', #7102, #1757 ) ;
#1751 = ORIENTED_EDGE ( 'NONE', *, *, #5663, .T. ) ;
#1752 = AXIS2_PLACEMENT_3D ( 'NONE', #8935, #2189, #4488 ) ;
#1753 = DIRECTION ( 'NONE',  ( -7.744301232039309779E-16, 0.000000000000000000, -1.000000000000000000 ) ) ;
#1754 = LINE ( 'NONE', #8545, #3180 ) ;
#1755 = CARTESIAN_POINT ( 'NONE',  ( -2.000000000000000000, 0.000000000000000000, -0.8699999999999999956 ) ) ;
#1756 = EDGE_CURVE ( 'NONE', #9322, #3498, #2396, .T. ) ;
#1757 = VECTOR ( 'NONE', #381, 1000.000000000000000 ) ;
#1758 = EDGE_CURVE ( 'NONE', #1523, #8616, #7084, .T. ) ;
#1759 = VECTOR ( 'NONE', #5299, 1000.000000000000000 ) ;
#1760 = CARTESIAN_POINT ( 'NONE',  ( 0.000000000000000000, 0.05000000000000000278, -0.1299999999999999767 ) ) ;
#1761 = EDGE_CURVE ( 'NONE', #4838, #8120, #4529, .T. ) ;
#1762 = ORIENTED_EDGE ( 'NONE', *, *, #8523, .T. ) ;
#1763 = LINE ( 'NONE', #5535, #7126 ) ;
#1764 = VERTEX_POINT ( 'NONE', #767 ) ;
#1765 = ORIENTED_EDGE ( 'NONE', *, *, #3803, .T. ) ;
#1766 = CARTESIAN_POINT ( 'NONE',  ( 1.719999999999999973, 0.6664761515876239661, -1.129999999999999893 ) ) ;
#1767 = EDGE_LOOP ( 'NONE', ( #725, #4014, #7810, #8151 ) ) ;
#1768 = CARTESIAN_POINT ( 'NONE',  ( 1.719999999999999973, 0.000000000000000000, -1.250000000000000000 ) ) ;
#1769 = CARTESIAN_POINT ( 'NONE',  ( -0.1299999999999999767, 0.2000000000000000111, -1.719999999999999973 ) ) ;
#1770 = CARTESIAN_POINT ( 'NONE',  ( 1.719999999999999973, 0.05000000000000000278, -0.7500000000000000000 ) ) ;
#1771 = CARTESIAN_POINT ( 'NONE',  ( -1.250000000000000000, 0.2000000000000000111, 1.719999999999999973 ) ) ;
#1772 = VECTOR ( 'NONE', #840, 1000.000000000000000 ) ;
#1773 = EDGE_CURVE ( 'NONE', #3668, #5471, #1455, .T. ) ;
#1774 = DIRECTION ( 'NONE',  ( 0.000000000000000000, -1.000000000000000000, 0.000000000000000000 ) ) ;
#1775 = VECTOR ( 'NONE', #3237, 1000.000000000000000 ) ;
#1776 = ADVANCED_FACE ( 'NONE', ( #8886 ), #8976, .F. ) ;
#1777 = EDGE_CURVE ( 'NONE', #2310, #2439, #3023, .T. ) ;
#1778 = AXIS2_PLACEMENT_3D ( 'NONE', #3763, #6862, #3175 ) ;
#1779 = ORIENTED_EDGE ( 'NONE', *, *, #3902, .T. ) ;
#1780 = EDGE_LOOP ( 'NONE', ( #9228, #5440, #9282, #8437, #8362, #9539 ) ) ;
#1781 = CARTESIAN_POINT ( 'NONE',  ( -0.8699999999999999956, 0.2000000000000000111, 1.719999999999999973 ) ) ;
#1782 = FILL_AREA_STYLE_COLOUR ( '', #2776 ) ;
#1783 = ORIENTED_EDGE ( 'NONE', *, *, #7990, .F. ) ;
#1784 = DIRECTION ( 'NONE',  ( 1.000000000000000000, 0.000000000000000000, -0.000000000000000000 ) ) ;
#1785 = DIRECTION ( 'NONE',  ( 0.000000000000000000, 0.000000000000000000, 1.000000000000000000 ) ) ;
#1786 = DIRECTION ( 'NONE',  ( -0.000000000000000000, 1.000000000000000000, 0.000000000000000000 ) ) ;
#1787 = CARTESIAN_POINT ( 'NONE',  ( 2.000000000000000000, 0.2000000000000000111, -0.8699999999999999956 ) ) ;
#1788 = AXIS2_PLACEMENT_3D ( 'NONE', #7795, #173, #5461 ) ;
#1789 = AXIS2_PLACEMENT_3D ( 'NONE', #8621, #7231, #4125 ) ;
#1790 = EDGE_CURVE ( 'NONE', #5056, #1378, #810, .T. ) ;
#1791 = VECTOR ( 'NONE', #6053, 1000.000000000000000 ) ;
#1792 = CARTESIAN_POINT ( 'NONE',  ( 0.8699999999999999956, 0.2000000000000000111, 2.000000000000000000 ) ) ;
#1793 = VECTOR ( 'NONE', #9054, 1000.000000000000000 ) ;
#1794 = FACE_OUTER_BOUND ( 'NONE', #5185, .T. ) ;
#1795 = EDGE_LOOP ( 'NONE', ( #473, #773, #136, #5269 ) ) ;
#1796 = CIRCLE ( 'NONE', #2111, 0.1200000000000000927 ) ;
#1797 = PLANE ( 'NONE',  #7712 ) ;
#1798 = ORIENTED_EDGE ( 'NONE', *, *, #6708, .T. ) ;
#1799 = DIRECTION ( 'NONE',  ( 0.000000000000000000, 1.000000000000000000, 0.000000000000000000 ) ) ;
#1800 = CARTESIAN_POINT ( 'NONE',  ( 2.000000000000000000, 7.656854249492380582, 2.000000000000000000 ) ) ;
#1801 = VECTOR ( 'NONE', #1722, 1000.000000000000000 ) ;
#1802 = EDGE_CURVE ( 'NONE', #4830, #323, #31, .T. ) ;
#1803 = VECTOR ( 'NONE', #8895, 1000.000000000000114 ) ;
#1804 = CARTESIAN_POINT ( 'NONE',  ( -0.1299999999999999767, 0.05000000000000000278, 0.000000000000000000 ) ) ;
#1805 = EDGE_LOOP ( 'NONE', ( #671, #4497, #4366, #3394 ) ) ;
#1806 = VECTOR ( 'NONE', #1171, 1000.000000000000000 ) ;
#1807 = ORIENTED_EDGE ( 'NONE', *, *, #9461, .T. ) ;
#1808 = DIRECTION ( 'NONE',  ( 0.000000000000000000, 0.000000000000000000, -1.000000000000000000 ) ) ;
#1809 = ORIENTED_EDGE ( 'NONE', *, *, #7423, .T. ) ;
#1810 = FACE_OUTER_BOUND ( 'NONE', #9679, .T. ) ;
#1811 = EDGE_LOOP ( 'NONE', ( #7858, #2695, #97, #7194, #2399, #8336 ) ) ;
#1812 = AXIS2_PLACEMENT_3D ( 'NONE', #8364, #2333, #5494 ) ;
#1813 = FACE_OUTER_BOUND ( 'NONE', #9725, .T. ) ;
#1814 = CARTESIAN_POINT ( 'NONE',  ( -1.250000000000000000, 0.05000000000000000278, 0.5000000000000000000 ) ) ;
#1815 = DIRECTION ( 'NONE',  ( 0.000000000000000000, 1.000000000000000000, 0.000000000000000000 ) ) ;
#1816 = MECHANICAL_DESIGN_GEOMETRIC_PRESENTATION_REPRESENTATION (  '', ( #8890 ), #2918 ) ;
#1817 = FACE_OUTER_BOUND ( 'NONE', #7405, .T. ) ;
#1818 = ORIENTED_EDGE ( 'NONE', *, *, #2073, .T. ) ;
#1819 = CARTESIAN_POINT ( 'NONE',  ( 1.287966265713290204, 0.000000000000000000, -1.606164317247239959 ) ) ;
#1820 = ORIENTED_EDGE ( 'NONE', *, *, #5465, .T. ) ;
#1821 = ORIENTED_EDGE ( 'NONE', *, *, #817, .T. ) ;
#1822 = SURFACE_STYLE_USAGE ( .BOTH. , #3188 ) ;
#1823 = EDGE_LOOP ( 'NONE', ( #9274, #9029, #7168, #2332, #5396, #2958 ) ) ;
#1824 = CARTESIAN_POINT ( 'NONE',  ( -1.363835682752762013, 0.2000000000000000111, 1.682033734286709770 ) ) ;
#1825 = CARTESIAN_POINT ( 'NONE',  ( -0.1299999999999999767, 0.6664761515876239661, 2.000000000000000000 ) ) ;
#1826 = PLANE ( 'NONE',  #2373 ) ;
#1827 = COLOUR_RGB ( '',0.7921568627450980005, 0.8196078431372548767, 0.9333333333333333481 ) ;
#1828 = DIRECTION ( 'NONE',  ( -0.000000000000000000, 1.000000000000000000, 0.000000000000000000 ) ) ;
#1829 = CIRCLE ( 'NONE', #3081, 0.1199999999999999956 ) ;
#1830 = DIRECTION ( 'NONE',  ( 0.000000000000000000, -1.000000000000000000, 0.000000000000000000 ) ) ;
#1831 = VERTEX_POINT ( 'NONE', #5125 ) ;
#1832 = ORIENTED_EDGE ( 'NONE', *, *, #360, .T. ) ;
#1833 = DIRECTION ( 'NONE',  ( -1.000000000000000000, 0.000000000000000000, 7.744301232039309779E-16 ) ) ;
#1834 = ORIENTED_EDGE ( 'NONE', *, *, #1077, .T. ) ;
#1835 = ADVANCED_FACE ( 'NONE', ( #3075 ), #6057, .F. ) ;
#1836 = PLANE ( 'NONE',  #2086 ) ;
#1837 = ADVANCED_FACE ( 'NONE', ( #5872 ), #8474, .T. ) ;
#1838 = CARTESIAN_POINT ( 'NONE',  ( -1.606164317247235074, 0.05000000000000000278, 1.287966265713291980 ) ) ;
#1839 = CARTESIAN_POINT ( 'NONE',  ( -1.129999999999999893, 0.05000000000000000278, 0.000000000000000000 ) ) ;
#1840 = DIRECTION ( 'NONE',  ( 0.000000000000000000, 1.000000000000000000, 0.000000000000000000 ) ) ;
#1841 = LINE ( 'NONE', #7833, #6957 ) ;
#1842 = VERTEX_POINT ( 'NONE', #1739 ) ;
#1843 = CARTESIAN_POINT ( 'NONE',  ( -0.6300000000000000044, 0.2000000000000000111, -1.719999999999999973 ) ) ;
#1844 = EDGE_CURVE ( 'NONE', #3868, #4382, #8585, .T. ) ;
#1845 = CARTESIAN_POINT ( 'NONE',  ( 1.369999999999999885, 0.6664761515876239661, -2.000000000000000000 ) ) ;
#1846 = LINE ( 'NONE', #2442, #2260 ) ;
#1847 = CARTESIAN_POINT ( 'NONE',  ( 0.8699999999999999956, 0.2000000000000000111, -2.000000000000000000 ) ) ;
#1848 = VERTEX_POINT ( 'NONE', #6205 ) ;
#1849 = EDGE_LOOP ( 'NONE', ( #4279, #8130, #7073, #8571 ) ) ;
#1850 = LINE ( 'NONE', #3231, #9432 ) ;
#1851 = EDGE_CURVE ( 'NONE', #3774, #1236, #3305, .T. ) ;
#1852 = ORIENTED_EDGE ( 'NONE', *, *, #8860, .T. ) ;
#1853 = CARTESIAN_POINT ( 'NONE',  ( -2.000000000000000000, 0.2000000000000000111, -0.1299999999999999767 ) ) ;
#1854 = ORIENTED_EDGE ( 'NONE', *, *, #3676, .F. ) ;
#1855 = LINE ( 'NONE', #7850, #5691 ) ;
#1856 = DIRECTION ( 'NONE',  ( 1.000000000000000000, 0.000000000000000000, -7.744301232039309779E-16 ) ) ;
#1857 = FACE_OUTER_BOUND ( 'NONE', #4678, .T. ) ;
#1858 = DIRECTION ( 'NONE',  ( -0.7071067811865505703, 0.000000000000000000, 0.7071067811865444641 ) ) ;
#1859 = ORIENTED_EDGE ( 'NONE', *, *, #7782, .T. ) ;
#1860 = ORIENTED_EDGE ( 'NONE', *, *, #5850, .F. ) ;
#1861 = ORIENTED_EDGE ( 'NONE', *, *, #8262, .T. ) ;
#1862 = ORIENTED_EDGE ( 'NONE', *, *, #8931, .F. ) ;
#1863 = CARTESIAN_POINT ( 'NONE',  ( 1.369999999999999885, 0.6664761515876239661, -1.719999999999999973 ) ) ;
#1864 = LINE ( 'NONE', #5596, #353 ) ;
#1865 = LINE ( 'NONE', #6526, #1953 ) ;
#1866 = FACE_OUTER_BOUND ( 'NONE', #2517, .T. ) ;
#1867 = VERTEX_POINT ( 'NONE', #3119 ) ;
#1868 = ORIENTED_EDGE ( 'NONE', *, *, #2910, .F. ) ;
#1869 = DIRECTION ( 'NONE',  ( 0.000000000000000000, 0.000000000000000000, -1.000000000000000000 ) ) ;
#1870 = CARTESIAN_POINT ( 'NONE',  ( -1.719999999999999973, 0.6664761515876239661, -0.1299999999999999767 ) ) ;
#1871 = ORIENTED_EDGE ( 'NONE', *, *, #2863, .T. ) ;
#1872 = FACE_OUTER_BOUND ( 'NONE', #6950, .T. ) ;
#1873 = CARTESIAN_POINT ( 'NONE',  ( -1.250000000000000000, 0.05000000000000000278, 1.600000000000000089 ) ) ;
#1874 = CARTESIAN_POINT ( 'NONE',  ( 1.250000000000000000, 0.2000000000000000111, 1.719999999999999973 ) ) ;
#1875 = CARTESIAN_POINT ( 'NONE',  ( -0.1299999999999999767, 0.05000000000000000278, 0.000000000000000000 ) ) ;
#1876 = EDGE_CURVE ( 'NONE', #7982, #6599, #4034, .T. ) ;
#1877 = EDGE_CURVE ( 'NONE', #4574, #6541, #9313, .T. ) ;
#1878 = DIRECTION ( 'NONE',  ( 0.000000000000000000, -1.000000000000000000, 0.000000000000000000 ) ) ;
#1879 = CARTESIAN_POINT ( 'NONE',  ( -0.1299999999999999767, 0.2000000000000000111, -2.000000000000000000 ) ) ;
#1880 = ORIENTED_EDGE ( 'NONE', *, *, #7329, .F. ) ;
#1881 = DIRECTION ( 'NONE',  ( -7.744301232039309779E-16, 0.000000000000000000, 1.000000000000000000 ) ) ;
#1882 = DIRECTION ( 'NONE',  ( 0.000000000000000000, 0.000000000000000000, -1.000000000000000000 ) ) ;
#1883 = CARTESIAN_POINT ( 'NONE',  ( -0.1299999999999999767, 0.2000000000000000111, -1.719999999999999973 ) ) ;
#1884 = EDGE_CURVE ( 'NONE', #9086, #1178, #1008, .T. ) ;
#1885 = DIRECTION ( 'NONE',  ( 0.000000000000000000, -0.000000000000000000, -1.000000000000000000 ) ) ;
#1886 = EDGE_CURVE ( 'NONE', #551, #2459, #4668, .T. ) ;
#1887 = EDGE_CURVE ( 'NONE', #8776, #1611, #1443, .T. ) ;
#1888 = VERTEX_POINT ( 'NONE', #273 ) ;
#1889 = EDGE_LOOP ( 'NONE', ( #9106, #7407, #7472, #290 ) ) ;
#1890 = DIRECTION ( 'NONE',  ( 0.000000000000000000, 0.000000000000000000, -1.000000000000000000 ) ) ;
#1891 = ORIENTED_EDGE ( 'NONE', *, *, #8640, .F. ) ;
#1892 = CARTESIAN_POINT ( 'NONE',  ( -0.3699999999999999956, 0.2000000000000000111, -2.000000000000000000 ) ) ;
#1893 = ORIENTED_EDGE ( 'NONE', *, *, #2384, .F. ) ;
#1894 = FACE_OUTER_BOUND ( 'NONE', #8243, .T. ) ;
#1895 = DIRECTION ( 'NONE',  ( 0.000000000000000000, -1.000000000000000000, 0.000000000000000000 ) ) ;
#1896 = DIRECTION ( 'NONE',  ( 0.000000000000000000, -1.000000000000000000, 0.000000000000000000 ) ) ;
#1897 = AXIS2_PLACEMENT_3D ( 'NONE', #5145, #5188, #699 ) ;
#1898 = ADVANCED_FACE ( 'NONE', ( #2530 ), #1797, .T. ) ;
#1899 =( NAMED_UNIT ( * ) SI_UNIT ( $, .STERADIAN. ) SOLID_ANGLE_UNIT ( ) );
#1900 = VECTOR ( 'NONE', #5277, 1000.000000000000000 ) ;
#1901 = ORIENTED_EDGE ( 'NONE', *, *, #4893, .F. ) ;
#1902 = AXIS2_PLACEMENT_3D ( 'NONE', #7837, #461, #4076 ) ;
#1903 = VERTEX_POINT ( 'NONE', #7042 ) ;
#1904 = ORIENTED_EDGE ( 'NONE', *, *, #1224, .T. ) ;
#1905 = CARTESIAN_POINT ( 'NONE',  ( 0.2500000000000000000, 0.2000000000000000111, 1.600000000000000089 ) ) ;
#1906 = ORIENTED_EDGE ( 'NONE', *, *, #9535, .F. ) ;
#1907 = CARTESIAN_POINT ( 'NONE',  ( 2.000000000000000000, 0.2000000000000000111, 0.1299999999999999767 ) ) ;
#1908 = DIRECTION ( 'NONE',  ( 7.744301232039309779E-16, 0.000000000000000000, -1.000000000000000000 ) ) ;
#1909 = DIRECTION ( 'NONE',  ( 0.000000000000000000, 1.000000000000000000, 0.000000000000000000 ) ) ;
#1910 = VECTOR ( 'NONE', #3711, 1000.000000000000000 ) ;
#1911 = STYLED_ITEM ( 'NONE', ( #359 ), #2234 ) ;
#1912 = ADVANCED_FACE ( 'NONE', ( #4624 ), #5570, .T. ) ;
#1913 = ADVANCED_FACE ( 'NONE', ( #6151 ), #9119, .F. ) ;
#1914 = DIRECTION ( 'NONE',  ( 0.000000000000000000, 0.000000000000000000, 1.000000000000000000 ) ) ;
#1915 = VERTEX_POINT ( 'NONE', #2390 ) ;
#1916 = CIRCLE ( 'NONE', #195, 0.1200000000000000927 ) ;
#1917 = ORIENTED_EDGE ( 'NONE', *, *, #6692, .T. ) ;
#1918 = LINE ( 'NONE', #4173, #3915 ) ;
#1919 = ORIENTED_EDGE ( 'NONE', *, *, #3451, .T. ) ;
#1920 = AXIS2_PLACEMENT_3D ( 'NONE', #1863, #6416, #9289 ) ;
#1921 = LINE ( 'NONE', #6427, #5511 ) ;
#1922 = DIRECTION ( 'NONE',  ( 0.000000000000000000, 1.000000000000000000, 0.000000000000000000 ) ) ;
#1923 = LINE ( 'NONE', #5003, #9173 ) ;
#1924 = AXIS2_PLACEMENT_3D ( 'NONE', #6312, #7751, #7056 ) ;
#1925 = EDGE_CURVE ( 'NONE', #1059, #2831, #4249, .T. ) ;
#1926 = VECTOR ( 'NONE', #3673, 1000.000000000000000 ) ;
#1927 = CARTESIAN_POINT ( 'NONE',  ( -2.000000000000000000, 0.05000000000000000278, 2.000000000000000000 ) ) ;
#1928 = LINE ( 'NONE', #7086, #4778 ) ;
#1929 = ORIENTED_EDGE ( 'NONE', *, *, #5661, .T. ) ;
#1930 = AXIS2_PLACEMENT_3D ( 'NONE', #4671, #4080, #1010 ) ;
#1931 = CARTESIAN_POINT ( 'NONE',  ( 2.000000000000000000, 0.2000000000000000111, 1.129999999999999893 ) ) ;
#1932 = LINE ( 'NONE', #1208, #3548 ) ;
#1933 = AXIS2_PLACEMENT_3D ( 'NONE', #4854, #5052, #9443 ) ;
#1934 = EDGE_CURVE ( 'NONE', #3933, #6063, #7640, .T. ) ;
#1935 = DIRECTION ( 'NONE',  ( 1.000000000000000000, 0.000000000000000000, -7.744301232039309779E-16 ) ) ;
#1936 = ADVANCED_FACE ( 'NONE', ( #171 ), #2440, .F. ) ;
#1937 = VECTOR ( 'NONE', #5925, 1000.000000000000000 ) ;
#1938 = AXIS2_PLACEMENT_3D ( 'NONE', #5910, #7490, #9707 ) ;
#1939 = CYLINDRICAL_SURFACE ( 'NONE', #7749, 0.1200000000000000927 ) ;
#1940 = ORIENTED_EDGE ( 'NONE', *, *, #7697, .F. ) ;
#1941 = VERTEX_POINT ( 'NONE', #7681 ) ;
#1942 = CYLINDRICAL_SURFACE ( 'NONE', #1278, 0.1200000000000000927 ) ;
#1943 = ORIENTED_EDGE ( 'NONE', *, *, #7539, .T. ) ;
#1944 = DIRECTION ( 'NONE',  ( 0.000000000000000000, -1.000000000000000000, 0.000000000000000000 ) ) ;
#1945 = EDGE_LOOP ( 'NONE', ( #6770, #2892, #7687, #4953 ) ) ;
#1946 = VECTOR ( 'NONE', #3845, 1000.000000000000000 ) ;
#1947 = EDGE_CURVE ( 'NONE', #1176, #5438, #950, .T. ) ;
#1948 = AXIS2_PLACEMENT_3D ( 'NONE', #9577, #9490, #2903 ) ;
#1949 = LINE ( 'NONE', #8488, #839 ) ;
#1950 = EDGE_CURVE ( 'NONE', #6063, #5370, #222, .T. ) ;
#1951 = DIRECTION ( 'NONE',  ( 7.744301232039309779E-16, 0.000000000000000000, 1.000000000000000000 ) ) ;
#1952 = DIRECTION ( 'NONE',  ( 0.000000000000000000, 1.000000000000000000, 0.000000000000000000 ) ) ;
#1953 = VECTOR ( 'NONE', #3429, 1000.000000000000000 ) ;
#1954 = EDGE_CURVE ( 'NONE', #9254, #8004, #816, .T. ) ;
#1955 = VECTOR ( 'NONE', #4468, 1000.000000000000000 ) ;
#1956 = VECTOR ( 'NONE', #6677, 1000.000000000000000 ) ;
#1957 = EDGE_LOOP ( 'NONE', ( #5624, #2674, #4824, #2307 ) ) ;
#1958 = ORIENTED_EDGE ( 'NONE', *, *, #4122, .T. ) ;
#1959 = ORIENTED_EDGE ( 'NONE', *, *, #2553, .F. ) ;
#1960 = LINE ( 'NONE', #482, #8031 ) ;
#1961 = ORIENTED_EDGE ( 'NONE', *, *, #5245, .F. ) ;
#1962 = CARTESIAN_POINT ( 'NONE',  ( -1.250000000000000000, 0.2000000000000000111, -1.719999999999999973 ) ) ;
#1963 = EDGE_CURVE ( 'NONE', #3666, #4010, #2635, .T. ) ;
#1964 = CARTESIAN_POINT ( 'NONE',  ( 2.000000000000000000, 0.2000000000000000111, 0.8699999999999999956 ) ) ;
#1965 = LINE ( 'NONE', #5686, #7753 ) ;
#1966 = VECTOR ( 'NONE', #6135, 1000.000000000000000 ) ;
#1967 = DIRECTION ( 'NONE',  ( 0.000000000000000000, -1.000000000000000000, 0.000000000000000000 ) ) ;
#1968 = ORIENTED_EDGE ( 'NONE', *, *, #6587, .T. ) ;
#1969 = PLANE ( 'NONE',  #2583 ) ;
#1970 = ORIENTED_EDGE ( 'NONE', *, *, #2631, .T. ) ;
#1971 = DIRECTION ( 'NONE',  ( 0.000000000000000000, 0.000000000000000000, 1.000000000000000000 ) ) ;
#1972 = ORIENTED_EDGE ( 'NONE', *, *, #3748, .T. ) ;
#1973 = AXIS2_PLACEMENT_3D ( 'NONE', #2297, #859, #4527 ) ;
#1974 = EDGE_CURVE ( 'NONE', #3824, #7095, #4184, .T. ) ;
#1975 = LINE ( 'NONE', #4960, #3164 ) ;
#1976 = DIRECTION ( 'NONE',  ( 1.000000000000000000, 0.000000000000000000, 0.000000000000000000 ) ) ;
#1977 = CLOSED_SHELL ( 'NONE', ( #4222, #2775, #7354, #4813, #3176, #5976 ) ) ;
#1978 = CARTESIAN_POINT ( 'NONE',  ( -1.719999999999999973, 0.000000000000000000, -0.3699999999999999956 ) ) ;
#1979 = PRESENTATION_LAYER_ASSIGNMENT (  '', '', ( #732 ) ) ;
#1980 = VECTOR ( 'NONE', #5453, 1000.000000000000000 ) ;
#1981 = ORIENTED_EDGE ( 'NONE', *, *, #3626, .F. ) ;
#1982 = CARTESIAN_POINT ( 'NONE',  ( -0.8699999999999999956, 0.2000000000000000111, -1.719999999999999973 ) ) ;
#1983 = CARTESIAN_POINT ( 'NONE',  ( -0.6300000000000000044, 0.6664761515876239661, -1.719999999999999973 ) ) ;
#1984 = VERTEX_POINT ( 'NONE', #8668 ) ;
#1985 = DIRECTION ( 'NONE',  ( 0.000000000000000000, 0.000000000000000000, -1.000000000000000000 ) ) ;
#1986 = PLANE ( 'NONE',  #1202 ) ;
#1987 = CARTESIAN_POINT ( 'NONE',  ( 1.719999999999999973, 0.05000000000000000278, 1.250000000000000000 ) ) ;
#1988 = DIRECTION ( 'NONE',  ( 1.000000000000000000, 0.000000000000000000, 0.000000000000000000 ) ) ;
#1989 = DIRECTION ( 'NONE',  ( 0.000000000000000000, 1.000000000000000000, 0.000000000000000000 ) ) ;
#1990 = ORIENTED_EDGE ( 'NONE', *, *, #5850, .T. ) ;
#1991 = ORIENTED_EDGE ( 'NONE', *, *, #4863, .T. ) ;
#1992 = CARTESIAN_POINT ( 'NONE',  ( 1.719999999999999973, 0.2000000000000000111, -0.6300000000000000044 ) ) ;
#1993 = ORIENTED_EDGE ( 'NONE', *, *, #9399, .F. ) ;
#1994 = DIRECTION ( 'NONE',  ( -7.744301232039309779E-16, 0.000000000000000000, 1.000000000000000000 ) ) ;
#1995 = ORIENTED_EDGE ( 'NONE', *, *, #4277, .T. ) ;
#1996 = DIRECTION ( 'NONE',  ( 0.000000000000000000, -1.000000000000000000, 0.000000000000000000 ) ) ;
#1997 = DIRECTION ( 'NONE',  ( 0.000000000000000000, -1.000000000000000000, 0.000000000000000000 ) ) ;
#1998 = CARTESIAN_POINT ( 'NONE',  ( 0.6300000000000000044, 0.000000000000000000, 2.000000000000000000 ) ) ;
#1999 = DIRECTION ( 'NONE',  ( 1.000000000000000000, 0.000000000000000000, 7.744301232039309779E-16 ) ) ;
#2000 = EDGE_CURVE ( 'NONE', #144, #8721, #658, .T. ) ;
#2001 =( LENGTH_UNIT ( ) NAMED_UNIT ( * ) SI_UNIT ( .MILLI., .METRE. ) );
#2002 = EDGE_CURVE ( 'NONE', #811, #2686, #6132, .T. ) ;
#2003 = ORIENTED_EDGE ( 'NONE', *, *, #8264, .T. ) ;
#2004 = VERTEX_POINT ( 'NONE', #7938 ) ;
#2005 = EDGE_LOOP ( 'NONE', ( #9520, #2094, #52, #6394 ) ) ;
#2006 = EDGE_CURVE ( 'NONE', #2169, #2378, #4712, .T. ) ;
#2007 = CARTESIAN_POINT ( 'NONE',  ( 0.7500000000000000000, 0.6664761515876239661, 1.719999999999999973 ) ) ;
#2008 = ORIENTED_EDGE ( 'NONE', *, *, #196, .T. ) ;
#2009 = CARTESIAN_POINT ( 'NONE',  ( -0.6300000000000000044, 0.2000000000000000111, -2.000000000000000000 ) ) ;
#2010 = DIRECTION ( 'NONE',  ( 0.000000000000000000, 0.000000000000000000, 1.000000000000000000 ) ) ;
#2011 = CARTESIAN_POINT ( 'NONE',  ( -1.719999999999999973, 0.05000000000000000278, 0.8699999999999999956 ) ) ;
#2012 = CARTESIAN_POINT ( 'NONE',  ( -1.719999999999999973, 0.05000000000000000278, 0.6300000000000000044 ) ) ;
#2013 = EDGE_CURVE ( 'NONE', #5670, #7113, #4968, .T. ) ;
#2014 = ORIENTED_EDGE ( 'NONE', *, *, #1288, .T. ) ;
#2015 = CARTESIAN_POINT ( 'NONE',  ( 0.3699999999999999956, 0.2000000000000000111, -1.719999999999999973 ) ) ;
#2016 = ORIENTED_EDGE ( 'NONE', *, *, #5365, .F. ) ;
#2017 = EDGE_CURVE ( 'NONE', #2403, #1703, #3364, .T. ) ;
#2018 = CARTESIAN_POINT ( 'NONE',  ( -0.3699999999999999956, 0.6664761515876239661, -2.000000000000000000 ) ) ;
#2019 = EDGE_CURVE ( 'NONE', #551, #3750, #6545, .T. ) ;
#2020 =( NAMED_UNIT ( * ) PLANE_ANGLE_UNIT ( ) SI_UNIT ( $, .RADIAN. ) );
#2021 = VERTEX_POINT ( 'NONE', #5009 ) ;
#2022 = CARTESIAN_POINT ( 'NONE',  ( 0.000000000000000000, 0.05000000000000000278, 0.8699999999999999956 ) ) ;
#2023 = DIRECTION ( 'NONE',  ( -7.744301232039309779E-16, 0.000000000000000000, -1.000000000000000000 ) ) ;
#2024 = CARTESIAN_POINT ( 'NONE',  ( 1.250000000000000000, 0.05000000000000000278, -1.490777987167568597E-16 ) ) ;
#2025 = CARTESIAN_POINT ( 'NONE',  ( -1.287966265713290204, -0.05729555854656199348, -1.606164317247235074 ) ) ;
#2026 = ADVANCED_FACE ( 'NONE', ( #3500 ), #2824, .F. ) ;
#2027 = VERTEX_POINT ( 'NONE', #2782 ) ;
#2028 = DIRECTION ( 'NONE',  ( 1.084202172485503818E-16, 0.000000000000000000, 1.000000000000000000 ) ) ;
#2029 = DIRECTION ( 'NONE',  ( 0.000000000000000000, 0.000000000000000000, -1.000000000000000000 ) ) ;
#2030 = VERTEX_POINT ( 'NONE', #7195 ) ;
#2031 = DIRECTION ( 'NONE',  ( 1.000000000000000000, 0.000000000000000000, -7.744301232039309779E-16 ) ) ;
#2032 = CARTESIAN_POINT ( 'NONE',  ( -2.000000000000000000, 0.05000000000000000278, 0.6300000000000000044 ) ) ;
#2033 = DIRECTION ( 'NONE',  ( 0.000000000000000000, -1.000000000000000000, 0.000000000000000000 ) ) ;
#2034 = EDGE_CURVE ( 'NONE', #4142, #9004, #5504, .T. ) ;
#2035 = EDGE_CURVE ( 'NONE', #3887, #8908, #5807, .T. ) ;
#2036 = FACE_OUTER_BOUND ( 'NONE', #8840, .T. ) ;
#2037 = LINE ( 'NONE', #3596, #1023 ) ;
#2038 = EDGE_LOOP ( 'NONE', ( #862, #1180, #1675, #3719 ) ) ;
#2039 = VERTEX_POINT ( 'NONE', #5615 ) ;
#2040 = LINE ( 'NONE', #3414, #6594 ) ;
#2041 = VERTEX_POINT ( 'NONE', #5763 ) ;
#2042 = CARTESIAN_POINT ( 'NONE',  ( 0.2500000000000000000, 0.000000000000000000, 1.719999999999999973 ) ) ;
#2043 = LINE ( 'NONE', #3657, #5812 ) ;
#2044 = DIRECTION ( 'NONE',  ( 0.000000000000000000, -1.000000000000000000, 0.000000000000000000 ) ) ;
#2045 = DIRECTION ( 'NONE',  ( 7.744301232039309779E-16, 0.000000000000000000, 1.000000000000000000 ) ) ;
#2046 = CARTESIAN_POINT ( 'NONE',  ( -0.2500000000000000000, 0.2000000000000000111, 1.719999999999999973 ) ) ;
#2047 = VERTEX_POINT ( 'NONE', #8770 ) ;
#2048 = ORIENTED_EDGE ( 'NONE', *, *, #8767, .T. ) ;
#2049 = ORIENTED_EDGE ( 'NONE', *, *, #9545, .F. ) ;
#2050 = LINE ( 'NONE', #5830, #497 ) ;
#2051 = ORIENTED_EDGE ( 'NONE', *, *, #1790, .T. ) ;
#2052 = VECTOR ( 'NONE', #2192, 1000.000000000000000 ) ;
#2053 = LINE ( 'NONE', #4455, #6154 ) ;
#2054 = LINE ( 'NONE', #1422, #2250 ) ;
#2055 = LINE ( 'NONE', #4358, #8867 ) ;
#2056 = ADVANCED_FACE ( 'NONE', ( #8626 ), #3446, .F. ) ;
#2057 = EDGE_CURVE ( 'NONE', #3528, #4146, #7884, .T. ) ;
#2058 = VECTOR ( 'NONE', #9242, 1000.000000000000000 ) ;
#2059 = ADVANCED_FACE ( 'NONE', ( #9369 ), #4134, .F. ) ;
#2060 = CARTESIAN_POINT ( 'NONE',  ( -0.3699999999999999956, 0.6664761515876239661, 2.000000000000000000 ) ) ;
#2061 = ORIENTED_EDGE ( 'NONE', *, *, #2532, .F. ) ;
#2062 = CARTESIAN_POINT ( 'NONE',  ( 0.2500000000000000000, 0.6664761515876239661, 1.719999999999999973 ) ) ;
#2063 = ORIENTED_EDGE ( 'NONE', *, *, #5245, .T. ) ;
#2064 = DIRECTION ( 'NONE',  ( -7.744301232039309779E-16, 0.000000000000000000, 1.000000000000000000 ) ) ;
#2065 = FILL_AREA_STYLE_COLOUR ( '', #6516 ) ;
#2066 = ORIENTED_EDGE ( 'NONE', *, *, #1434, .F. ) ;
#2067 = AXIS2_PLACEMENT_3D ( 'NONE', #1663, #4636, #7053 ) ;
#2068 = CARTESIAN_POINT ( 'NONE',  ( 0.6300000000000000044, 0.2000000000000000111, -1.719999999999999973 ) ) ;
#2069 = PLANE ( 'NONE',  #5516 ) ;
#2070 = DIRECTION ( 'NONE',  ( 0.000000000000000000, 0.000000000000000000, 1.000000000000000000 ) ) ;
#2071 = DIRECTION ( 'NONE',  ( 7.744301232039309779E-16, 0.000000000000000000, 1.000000000000000000 ) ) ;
#2072 = AXIS2_PLACEMENT_3D ( 'NONE', #5213, #3709, #2979 ) ;
#2073 = EDGE_CURVE ( 'NONE', #5425, #5815, #5978, .T. ) ;
#2074 = ADVANCED_FACE ( 'NONE', ( #4916 ), #6438, .F. ) ;
#2075 = EDGE_CURVE ( 'NONE', #7946, #4311, #5907, .T. ) ;
#2076 = VECTOR ( 'NONE', #2859, 1000.000000000000000 ) ;
#2077 = VECTOR ( 'NONE', #5644, 1000.000000000000000 ) ;
#2078 = EDGE_LOOP ( 'NONE', ( #7718, #5956, #8756, #3412 ) ) ;
#2079 = DIRECTION ( 'NONE',  ( -1.000000000000000000, 0.000000000000000000, 0.000000000000000000 ) ) ;
#2080 = ORIENTED_EDGE ( 'NONE', *, *, #1876, .T. ) ;
#2081 = DIRECTION ( 'NONE',  ( 1.000000000000000000, 0.000000000000000000, 0.000000000000000000 ) ) ;
#2082 = DIRECTION ( 'NONE',  ( 0.000000000000000000, -1.000000000000000000, 0.000000000000000000 ) ) ;
#2083 = AXIS2_PLACEMENT_3D ( 'NONE', #2900, #3576, #3674 ) ;
#2084 = ADVANCED_FACE ( 'NONE', ( #5860 ), #3743, .F. ) ;
#2085 = DIRECTION ( 'NONE',  ( 0.000000000000000000, -1.000000000000000000, 0.000000000000000000 ) ) ;
#2086 = AXIS2_PLACEMENT_3D ( 'NONE', #4810, #8617, #7135 ) ;
#2087 = DIRECTION ( 'NONE',  ( 0.000000000000000000, -1.000000000000000000, 0.000000000000000000 ) ) ;
#2088 = VECTOR ( 'NONE', #4334, 1000.000000000000000 ) ;
#2089 = LINE ( 'NONE', #9605, #2603 ) ;
#2090 = EDGE_LOOP ( 'NONE', ( #2374, #7451, #9057, #6319 ) ) ;
#2091 = AXIS2_PLACEMENT_3D ( 'NONE', #9344, #7963, #4107 ) ;
#2092 = ORIENTED_EDGE ( 'NONE', *, *, #3535, .F. ) ;
#2093 = FACE_OUTER_BOUND ( 'NONE', #5534, .T. ) ;
#2094 = ORIENTED_EDGE ( 'NONE', *, *, #7151, .F. ) ;
#2095 = DIRECTION ( 'NONE',  ( 0.000000000000000000, 0.000000000000000000, 1.000000000000000000 ) ) ;
#2096 = FACE_OUTER_BOUND ( 'NONE', #493, .T. ) ;
#2097 = EDGE_CURVE ( 'NONE', #9683, #3561, #5156, .T. ) ;
#2098 = DIRECTION ( 'NONE',  ( 0.000000000000000000, 0.000000000000000000, -1.000000000000000000 ) ) ;
#2099 = AXIS2_PLACEMENT_3D ( 'NONE', #7005, #7742, #2492 ) ;
#2100 = CARTESIAN_POINT ( 'NONE',  ( -2.000000000000000000, 0.6664761515876239661, 0.1299999999999999767 ) ) ;
#2101 = CIRCLE ( 'NONE', #6644, 0.1200000000000000927 ) ;
#2102 = VECTOR ( 'NONE', #2578, 1000.000000000000000 ) ;
#2103 =( NAMED_UNIT ( * ) PLANE_ANGLE_UNIT ( ) SI_UNIT ( $, .RADIAN. ) );
#2104 = AXIS2_PLACEMENT_3D ( 'NONE', #8812, #8719, #4224 ) ;
#2105 = ORIENTED_EDGE ( 'NONE', *, *, #6152, .F. ) ;
#2106 = VECTOR ( 'NONE', #9296, 1000.000000000000000 ) ;
#2107 = ORIENTED_EDGE ( 'NONE', *, *, #7527, .T. ) ;
#2108 = ORIENTED_EDGE ( 'NONE', *, *, #8561, .T. ) ;
#2109 = DIRECTION ( 'NONE',  ( 0.000000000000000000, 1.000000000000000000, 0.000000000000000000 ) ) ;
#2110 = ORIENTED_EDGE ( 'NONE', *, *, #754, .T. ) ;
#2111 = AXIS2_PLACEMENT_3D ( 'NONE', #8609, #7916, #4843 ) ;
#2112 = CARTESIAN_POINT ( 'NONE',  ( -1.050000000000000044, 0.000000000000000000, -1.350000000000000089 ) ) ;
#2113 = CYLINDRICAL_SURFACE ( 'NONE', #54, 0.1200000000000000927 ) ;
#2114 = DIRECTION ( 'NONE',  ( 0.000000000000000000, -1.000000000000000000, 0.000000000000000000 ) ) ;
#2115 = VECTOR ( 'NONE', #5747, 1000.000000000000000 ) ;
#2116 = VECTOR ( 'NONE', #1331, 1000.000000000000000 ) ;
#2117 = PLANE ( 'NONE',  #5866 ) ;
#2118 = ORIENTED_EDGE ( 'NONE', *, *, #7927, .F. ) ;
#2119 = DIRECTION ( 'NONE',  ( 0.000000000000000000, -1.000000000000000000, 0.000000000000000000 ) ) ;
#2120 = ORIENTED_EDGE ( 'NONE', *, *, #9163, .F. ) ;
#2121 = DIRECTION ( 'NONE',  ( 0.7071067811865455743, 0.000000000000000000, 0.7071067811865495711 ) ) ;
#2122 = LINE ( 'NONE', #109, #4920 ) ;
#2123 = ORIENTED_EDGE ( 'NONE', *, *, #457, .T. ) ;
#2124 = COLOUR_RGB ( '',0.7921568627450980005, 0.8196078431372548767, 0.9333333333333333481 ) ;
#2125 = FACE_OUTER_BOUND ( 'NONE', #4660, .T. ) ;
#2126 = PLANE ( 'NONE',  #3326 ) ;
#2127 = DIRECTION ( 'NONE',  ( 0.000000000000000000, 0.000000000000000000, -1.000000000000000000 ) ) ;
#2128 = AXIS2_PLACEMENT_3D ( 'NONE', #4338, #5814, #5014 ) ;
#2129 = CYLINDRICAL_SURFACE ( 'NONE', #7919, 0.1200000000000000927 ) ;
#2130 = AXIS2_PLACEMENT_3D ( 'NONE', #6793, #7040, #9310 ) ;
#2131 = ORIENTED_EDGE ( 'NONE', *, *, #5663, .F. ) ;
#2132 = EDGE_CURVE ( 'NONE', #4021, #1351, #2290, .T. ) ;
#2133 = DIRECTION ( 'NONE',  ( 0.000000000000000000, 0.000000000000000000, -1.000000000000000000 ) ) ;
#2134 = ADVANCED_FACE ( 'NONE', ( #8924 ), #1356, .T. ) ;
#2135 = VECTOR ( 'NONE', #9554, 1000.000000000000000 ) ;
#2136 = CARTESIAN_POINT ( 'NONE',  ( 2.000000000000000000, 0.2000000000000000111, -0.8699999999999999956 ) ) ;
#2137 = ORIENTED_EDGE ( 'NONE', *, *, #8149, .F. ) ;
#2138 = DIRECTION ( 'NONE',  ( 1.000000000000000000, 0.000000000000000000, 0.000000000000000000 ) ) ;
#2139 = MANIFOLD_SOLID_BREP ( 'NONE', #5912 ) ;
#2140 = CARTESIAN_POINT ( 'NONE',  ( 1.719999999999999973, 0.2000000000000000111, -1.129999999999999893 ) ) ;
#2141 = AXIS2_PLACEMENT_3D ( 'NONE', #9108, #9159, #2424 ) ;
#2142 = CIRCLE ( 'NONE', #5746, 0.1200000000000000927 ) ;
#2143 = CARTESIAN_POINT ( 'NONE',  ( -2.000000000000000000, 0.05000000000000000278, -0.6300000000000000044 ) ) ;
#2144 = ADVANCED_FACE ( 'NONE', ( #1444 ), #4426, .T. ) ;
#2145 = LINE ( 'NONE', #9665, #7941 ) ;
#2146 = ORIENTED_EDGE ( 'NONE', *, *, #6377, .T. ) ;
#2147 = ORIENTED_EDGE ( 'NONE', *, *, #9226, .T. ) ;
#2148 = DIRECTION ( 'NONE',  ( 0.000000000000000000, 0.000000000000000000, -1.000000000000000000 ) ) ;
#2149 = ORIENTED_EDGE ( 'NONE', *, *, #6423, .T. ) ;
#2150 = CARTESIAN_POINT ( 'NONE',  ( 1.250000000000000000, 0.000000000000000000, 1.719999999999999973 ) ) ;
#2151 = CARTESIAN_POINT ( 'NONE',  ( -0.6300000000000000044, 0.2000000000000000111, 2.000000000000000000 ) ) ;
#2152 = DIRECTION ( 'NONE',  ( 0.000000000000000000, 0.000000000000000000, -1.000000000000000000 ) ) ;
#2153 = CARTESIAN_POINT ( 'NONE',  ( -1.369999999999999885, 0.6664761515876239661, -1.719999999999999973 ) ) ;
#2154 =( NAMED_UNIT ( * ) SI_UNIT ( $, .STERADIAN. ) SOLID_ANGLE_UNIT ( ) );
#2155 = EDGE_CURVE ( 'NONE', #995, #6413, #1607, .T. ) ;
#2156 = ORIENTED_EDGE ( 'NONE', *, *, #3067, .F. ) ;
#2157 = ORIENTED_EDGE ( 'NONE', *, *, #4687, .F. ) ;
#2158 = EDGE_LOOP ( 'NONE', ( #4103, #220, #3051, #3172 ) ) ;
#2159 = DIRECTION ( 'NONE',  ( 0.000000000000000000, -1.000000000000000000, 0.000000000000000000 ) ) ;
#2160 = EDGE_LOOP ( 'NONE', ( #8743, #4649, #1961, #2923, #8439 ) ) ;
#2161 = CARTESIAN_POINT ( 'NONE',  ( -1.500000000000000000, 0.9000000000000000222, -1.300000000000000044 ) ) ;
#2162 = CARTESIAN_POINT ( 'NONE',  ( 0.1299999999999999767, 0.05000000000000000278, -2.000000000000000000 ) ) ;
#2163 = LINE ( 'NONE', #3, #5383 ) ;
#2164 = DIRECTION ( 'NONE',  ( -1.000000000000000000, 0.000000000000000000, -7.744301232039309779E-16 ) ) ;
#2165 = EDGE_CURVE ( 'NONE', #2802, #5720, #5062, .T. ) ;
#2166 = EDGE_CURVE ( 'NONE', #2004, #6758, #2865, .T. ) ;
#2167 = ORIENTED_EDGE ( 'NONE', *, *, #4525, .F. ) ;
#2168 = DIRECTION ( 'NONE',  ( -0.000000000000000000, 1.000000000000000000, 0.000000000000000000 ) ) ;
#2169 = VERTEX_POINT ( 'NONE', #7344 ) ;
#2170 = MANIFOLD_SOLID_BREP ( 'NONE', #6703 ) ;
#2171 = FACE_OUTER_BOUND ( 'NONE', #4667, .T. ) ;
#2172 = SURFACE_STYLE_FILL_AREA ( #9495 ) ;
#2173 = ORIENTED_EDGE ( 'NONE', *, *, #6009, .T. ) ;
#2174 = FACE_OUTER_BOUND ( 'NONE', #6161, .T. ) ;
#2175 = CARTESIAN_POINT ( 'NONE',  ( -1.369999999999999885, 0.2000000000000000111, 2.000000000000000000 ) ) ;
#2176 = PLANE ( 'NONE',  #1328 ) ;
#2177 = VERTEX_POINT ( 'NONE', #4706 ) ;
#2178 = CARTESIAN_POINT ( 'NONE',  ( 1.719999999999999973, 0.6664761515876239661, 0.3699999999999999956 ) ) ;
#2179 = DIRECTION ( 'NONE',  ( 0.000000000000000000, 0.000000000000000000, 1.000000000000000000 ) ) ;
#2180 = DIRECTION ( 'NONE',  ( 0.000000000000000000, 0.000000000000000000, -1.000000000000000000 ) ) ;
#2181 = CARTESIAN_POINT ( 'NONE',  ( -0.6300000000000000044, 0.2000000000000000111, -1.719999999999999973 ) ) ;
#2182 = CARTESIAN_POINT ( 'NONE',  ( -1.250000000000000000, 0.2000000000000000111, 1.719999999999999973 ) ) ;
#2183 = EDGE_CURVE ( 'NONE', #2815, #2426, #2550, .T. ) ;
#2184 = EDGE_CURVE ( 'NONE', #890, #2021, #1729, .T. ) ;
#2185 = EDGE_CURVE ( 'NONE', #2169, #3332, #6884, .T. ) ;
#2186 = CARTESIAN_POINT ( 'NONE',  ( 0.6300000000000000044, 0.05000000000000000278, -1.719999999999999973 ) ) ;
#2187 = DIRECTION ( 'NONE',  ( 1.000000000000000000, 0.000000000000000000, 7.744301232039309779E-16 ) ) ;
#2188 = EDGE_LOOP ( 'NONE', ( #6961, #3684, #8811, #2464 ) ) ;
#2189 = DIRECTION ( 'NONE',  ( 0.000000000000000000, -1.000000000000000000, 0.000000000000000000 ) ) ;
#2190 = VERTEX_POINT ( 'NONE', #6094 ) ;
#2191 = CARTESIAN_POINT ( 'NONE',  ( 1.369999999999999885, 0.000000000000000000, -2.000000000000000000 ) ) ;
#2192 = DIRECTION ( 'NONE',  ( 0.000000000000000000, -1.000000000000000000, 0.000000000000000000 ) ) ;
#2193 = DIRECTION ( 'NONE',  ( 0.000000000000000000, 0.000000000000000000, 1.000000000000000000 ) ) ;
#2194 = LINE ( 'NONE', #8940, #4761 ) ;
#2195 = EDGE_CURVE ( 'NONE', #795, #6269, #7035, .T. ) ;
#2196 = MANIFOLD_SOLID_BREP ( 'NONE', #6200 ) ;
#2197 = ADVANCED_FACE ( 'NONE', ( #941 ), #1052, .F. ) ;
#2198 = ADVANCED_FACE ( 'NONE', ( #3206 ), #6240, .F. ) ;
#2199 = ADVANCED_FACE ( 'NONE', ( #8419 ), #9213, .T. ) ;
#2200 = CIRCLE ( 'NONE', #468, 0.1200000000000000927 ) ;
#2201 = CARTESIAN_POINT ( 'NONE',  ( -1.250000000000000000, 0.05000000000000000278, 1.719999999999999973 ) ) ;
#2202 = ORIENTED_EDGE ( 'NONE', *, *, #4674, .T. ) ;
#2203 = ORIENTED_EDGE ( 'NONE', *, *, #5779, .T. ) ;
#2204 = ORIENTED_EDGE ( 'NONE', *, *, #1681, .T. ) ;
#2205 = LINE ( 'NONE', #6811, #4247 ) ;
#2206 = ORIENTED_EDGE ( 'NONE', *, *, #8859, .F. ) ;
#2207 = AXIS2_PLACEMENT_3D ( 'NONE', #3358, #1878, #7881 ) ;
#2208 = LINE ( 'NONE', #4989, #3652 ) ;
#2209 = CARTESIAN_POINT ( 'NONE',  ( -0.6300000000000000044, 0.000000000000000000, -2.000000000000000000 ) ) ;
#2210 = CARTESIAN_POINT ( 'NONE',  ( -1.719999999999999973, 0.6664761515876239661, 1.129999999999999893 ) ) ;
#2211 = EDGE_CURVE ( 'NONE', #7061, #178, #7781, .T. ) ;
#2212 = CARTESIAN_POINT ( 'NONE',  ( 1.363835682752764011, 0.2000000000000000111, -1.682033734286709770 ) ) ;
#2213 = ORIENTED_EDGE ( 'NONE', *, *, #2471, .F. ) ;
#2214 = AXIS2_PLACEMENT_3D ( 'NONE', #8708, #2766, #1971 ) ;
#2215 = DIRECTION ( 'NONE',  ( 0.7071067811865505703, 0.000000000000000000, -0.7071067811865444641 ) ) ;
#2216 = ORIENTED_EDGE ( 'NONE', *, *, #5755, .F. ) ;
#2217 = CYLINDRICAL_SURFACE ( 'NONE', #1897, 0.1000000000000000472 ) ;
#2218 =( NAMED_UNIT ( * ) PLANE_ANGLE_UNIT ( ) SI_UNIT ( $, .RADIAN. ) );
#2219 = ORIENTED_EDGE ( 'NONE', *, *, #6978, .T. ) ;
#2220 = CARTESIAN_POINT ( 'NONE',  ( 1.719999999999999973, 0.000000000000000000, 1.250000000000000000 ) ) ;
#2221 = DIRECTION ( 'NONE',  ( 1.000000000000000000, 0.000000000000000000, 0.000000000000000000 ) ) ;
#2222 = CARTESIAN_POINT ( 'NONE',  ( 0.3699999999999999956, 0.6664761515876239661, -2.000000000000000000 ) ) ;
#2223 = LINE ( 'NONE', #15, #3210 ) ;
#2224 = EDGE_CURVE ( 'NONE', #6735, #3127, #7634, .T. ) ;
#2225 = CIRCLE ( 'NONE', #954, 0.1199999999999999956 ) ;
#2226 = ORIENTED_EDGE ( 'NONE', *, *, #2457, .F. ) ;
#2227 = DIRECTION ( 'NONE',  ( 0.000000000000000000, 0.000000000000000000, 1.000000000000000000 ) ) ;
#2228 = VECTOR ( 'NONE', #8113, 1000.000000000000000 ) ;
#2229 = LINE ( 'NONE', #4425, #4936 ) ;
#2230 = AXIS2_PLACEMENT_3D ( 'NONE', #6506, #9414, #1890 ) ;
#2231 = SURFACE_STYLE_FILL_AREA ( #2869 ) ;
#2232 = DIRECTION ( 'NONE',  ( 0.000000000000000000, 0.000000000000000000, 1.000000000000000000 ) ) ;
#2233 = DIRECTION ( 'NONE',  ( -1.000000000000000000, 0.000000000000000000, -7.744301232039309779E-16 ) ) ;
#2234 = MANIFOLD_SOLID_BREP ( 'NONE', #9050 ) ;
#2235 = CARTESIAN_POINT ( 'NONE',  ( 1.719999999999999973, 0.05000000000000000278, -0.2500000000000000000 ) ) ;
#2236 = CIRCLE ( 'NONE', #8820, 0.1199999999999999956 ) ;
#2237 = VECTOR ( 'NONE', #7281, 1000.000000000000000 ) ;
#2238 = CARTESIAN_POINT ( 'NONE',  ( -2.000000000000000000, 0.05000000000000000278, -0.3699999999999999956 ) ) ;
#2239 = CARTESIAN_POINT ( 'NONE',  ( 1.369999999999999885, 0.05000000000000000278, 1.719999999999999973 ) ) ;
#2240 = ORIENTED_EDGE ( 'NONE', *, *, #6248, .T. ) ;
#2241 = VECTOR ( 'NONE', #5989, 1000.000000000000000 ) ;
#2242 = EDGE_CURVE ( 'NONE', #6782, #8306, #1586, .T. ) ;
#2243 = DIRECTION ( 'NONE',  ( 0.000000000000000000, 0.000000000000000000, -1.000000000000000000 ) ) ;
#2244 = ORIENTED_EDGE ( 'NONE', *, *, #4628, .T. ) ;
#2245 = FACE_OUTER_BOUND ( 'NONE', #183, .T. ) ;
#2246 = AXIS2_PLACEMENT_3D ( 'NONE', #5048, #8222, #7337 ) ;
#2247 = CARTESIAN_POINT ( 'NONE',  ( 1.250000000000000000, 0.2000000000000000111, 1.719999999999999973 ) ) ;
#2248 = DIRECTION ( 'NONE',  ( 0.000000000000000000, 1.000000000000000000, 0.000000000000000000 ) ) ;
#2249 = DIRECTION ( 'NONE',  ( 1.000000000000000000, 0.000000000000000000, 0.000000000000000000 ) ) ;
#2250 = VECTOR ( 'NONE', #7367, 1000.000000000000000 ) ;
#2251 = VECTOR ( 'NONE', #6720, 1000.000000000000000 ) ;
#2252 = DIRECTION ( 'NONE',  ( 0.7071067811865474617, 0.000000000000000000, -0.7071067811865474617 ) ) ;
#2253 = VERTEX_POINT ( 'NONE', #6338 ) ;
#2254 = EDGE_CURVE ( 'NONE', #8472, #6235, #7722, .T. ) ;
#2255 = ORIENTED_EDGE ( 'NONE', *, *, #9114, .T. ) ;
#2256 = EDGE_CURVE ( 'NONE', #6436, #6726, #9498, .T. ) ;
#2257 = VERTEX_POINT ( 'NONE', #9360 ) ;
#2258 = LINE ( 'NONE', #7508, #8506 ) ;
#2259 = ORIENTED_EDGE ( 'NONE', *, *, #3914, .T. ) ;
#2260 = VECTOR ( 'NONE', #909, 1000.000000000000000 ) ;
#2261 = DIRECTION ( 'NONE',  ( 0.000000000000000000, 0.000000000000000000, -1.000000000000000000 ) ) ;
#2262 = DIRECTION ( 'NONE',  ( -0.000000000000000000, 1.000000000000000000, 0.000000000000000000 ) ) ;
#2263 = EDGE_CURVE ( 'NONE', #7475, #599, #6286, .T. ) ;
#2264 = LINE ( 'NONE', #1529, #6027 ) ;
#2265 = VECTOR ( 'NONE', #7285, 1000.000000000000000 ) ;
#2266 = CIRCLE ( 'NONE', #7112, 0.1199999999999999956 ) ;
#2267 = DIRECTION ( 'NONE',  ( 0.000000000000000000, -1.000000000000000000, 0.000000000000000000 ) ) ;
#2268 = AXIS2_PLACEMENT_3D ( 'NONE', #6769, #53, #8349 ) ;
#2269 = AXIS2_PLACEMENT_3D ( 'NONE', #8313, #2419, #3104 ) ;
#2270 = ORIENTED_EDGE ( 'NONE', *, *, #6708, .F. ) ;
#2271 = CARTESIAN_POINT ( 'NONE',  ( 1.287966265713290204, 0.2000000000000000111, -1.606164317247239959 ) ) ;
#2272 = EDGE_LOOP ( 'NONE', ( #9323, #3100 ) ) ;
#2273 = ADVANCED_FACE ( 'NONE', ( #5000 ), #8573, .T. ) ;
#2274 = CARTESIAN_POINT ( 'NONE',  ( 1.719999999999999973, 0.6664761515876239661, -0.7500000000000000000 ) ) ;
#2275 = FILL_AREA_STYLE_COLOUR ( '', #4767 ) ;
#2276 = ORIENTED_EDGE ( 'NONE', *, *, #3040, .F. ) ;
#2277 = CARTESIAN_POINT ( 'NONE',  ( -1.682033734286709770, 0.2000000000000000111, 1.363835682752764011 ) ) ;
#2278 = UNCERTAINTY_MEASURE_WITH_UNIT (LENGTH_MEASURE( 1.000000000000000082E-05 ), #6503, 'distance_accuracy_value', 'NONE');
#2279 = CARTESIAN_POINT ( 'NONE',  ( 1.129999999999999893, 0.05000000000000000278, -1.719999999999999973 ) ) ;
#2280 = FACE_OUTER_BOUND ( 'NONE', #3230, .T. ) ;
#2281 = CARTESIAN_POINT ( 'NONE',  ( 0.2500000000000000000, 0.2000000000000000111, -1.719999999999999973 ) ) ;
#2282 = AXIS2_PLACEMENT_3D ( 'NONE', #3392, #1130, #7772 ) ;
#2283 = AXIS2_PLACEMENT_3D ( 'NONE', #8741, #4982, #2648 ) ;
#2284 = ORIENTED_EDGE ( 'NONE', *, *, #5533, .F. ) ;
#2285 = PLANE ( 'NONE',  #8473 ) ;
#2286 = VECTOR ( 'NONE', #1858, 1000.000000000000114 ) ;
#2287 = EDGE_CURVE ( 'NONE', #7574, #9131, #1138, .T. ) ;
#2288 = DIRECTION ( 'NONE',  ( -0.000000000000000000, 1.000000000000000000, 0.000000000000000000 ) ) ;
#2289 = VECTOR ( 'NONE', #8185, 1000.000000000000000 ) ;
#2290 = LINE ( 'NONE', #5998, #2400 ) ;
#2291 = DIRECTION ( 'NONE',  ( 0.000000000000000000, 0.000000000000000000, -1.000000000000000000 ) ) ;
#2292 = FACE_OUTER_BOUND ( 'NONE', #9196, .T. ) ;
#2293 = AXIS2_PLACEMENT_3D ( 'NONE', #5761, #8814, #2179 ) ;
#2294 = FACE_OUTER_BOUND ( 'NONE', #7667, .T. ) ;
#2295 = ADVANCED_FACE ( 'NONE', ( #1872 ), #411, .F. ) ;
#2296 = EDGE_CURVE ( 'NONE', #3762, #3750, #8760, .T. ) ;
#2297 = CARTESIAN_POINT ( 'NONE',  ( 2.000000000000000000, 0.6664761515876239661, 0.3699999999999999956 ) ) ;
#2298 = VERTEX_POINT ( 'NONE', #4269 ) ;
#2299 = DIRECTION ( 'NONE',  ( -0.000000000000000000, 1.000000000000000000, 0.000000000000000000 ) ) ;
#2300 = ORIENTED_EDGE ( 'NONE', *, *, #1047, .T. ) ;
#2301 = STYLED_ITEM ( 'NONE', ( #8709 ), #5459 ) ;
#2302 = DIRECTION ( 'NONE',  ( -7.744301232039309779E-16, 0.000000000000000000, -1.000000000000000000 ) ) ;
#2303 = DIRECTION ( 'NONE',  ( 0.000000000000000000, 0.000000000000000000, 1.000000000000000000 ) ) ;
#2304 = DIRECTION ( 'NONE',  ( 0.000000000000000000, 1.000000000000000000, 0.000000000000000000 ) ) ;
#2305 = CARTESIAN_POINT ( 'NONE',  ( 2.000000000000000000, 0.6664761515876239661, -0.8699999999999999956 ) ) ;
#2306 = ORIENTED_EDGE ( 'NONE', *, *, #5531, .T. ) ;
#2307 = ORIENTED_EDGE ( 'NONE', *, *, #6988, .F. ) ;
#2308 = ORIENTED_EDGE ( 'NONE', *, *, #2707, .F. ) ;
#2309 = LINE ( 'NONE', #6759, #959 ) ;
#2310 = VERTEX_POINT ( 'NONE', #7186 ) ;
#2311 = DIRECTION ( 'NONE',  ( 0.000000000000000000, 1.000000000000000000, 0.000000000000000000 ) ) ;
#2312 = DIRECTION ( 'NONE',  ( 0.000000000000000000, 0.000000000000000000, -1.000000000000000000 ) ) ;
#2313 = CARTESIAN_POINT ( 'NONE',  ( 0.3699999999999999956, 0.000000000000000000, 2.000000000000000000 ) ) ;
#2314 = EDGE_CURVE ( 'NONE', #1831, #8152, #9304, .T. ) ;
#2315 = ADVANCED_FACE ( 'NONE', ( #5559 ), #1836, .T. ) ;
#2316 = ORIENTED_EDGE ( 'NONE', *, *, #8351, .F. ) ;
#2317 = LINE ( 'NONE', #6868, #7114 ) ;
#2318 = ORIENTED_EDGE ( 'NONE', *, *, #345, .T. ) ;
#2319 = LINE ( 'NONE', #6947, #5502 ) ;
#2320 = ORIENTED_EDGE ( 'NONE', *, *, #626, .T. ) ;
#2321 = DIRECTION ( 'NONE',  ( 0.000000000000000000, 0.000000000000000000, -1.000000000000000000 ) ) ;
#2322 = ORIENTED_EDGE ( 'NONE', *, *, #3903, .F. ) ;
#2323 = DIRECTION ( 'NONE',  ( 0.000000000000000000, -1.000000000000000000, 0.000000000000000000 ) ) ;
#2324 = CARTESIAN_POINT ( 'NONE',  ( 0.8699999999999999956, 0.6664761515876239661, 1.719999999999999973 ) ) ;
#2325 = LINE ( 'NONE', #4471, #5045 ) ;
#2326 = DIRECTION ( 'NONE',  ( 0.000000000000000000, -1.000000000000000000, 0.000000000000000000 ) ) ;
#2327 = EDGE_CURVE ( 'NONE', #3897, #9155, #6781, .T. ) ;
#2328 = EDGE_CURVE ( 'NONE', #2621, #2651, #4851, .T. ) ;
#2329 = ADVANCED_FACE ( 'NONE', ( #3399 ), #6385, .F. ) ;
#2330 = EDGE_LOOP ( 'NONE', ( #4089, #8777, #5937, #4101, #9427 ) ) ;
#2331 = LINE ( 'NONE', #6586, #8173 ) ;
#2332 = ORIENTED_EDGE ( 'NONE', *, *, #7981, .F. ) ;
#2333 = DIRECTION ( 'NONE',  ( -0.000000000000000000, 1.000000000000000000, -0.000000000000000000 ) ) ;
#2334 = DIRECTION ( 'NONE',  ( -1.000000000000000000, 0.000000000000000000, 0.000000000000000000 ) ) ;
#2335 = EDGE_LOOP ( 'NONE', ( #607, #9434, #7891, #3998 ) ) ;
#2336 = DIRECTION ( 'NONE',  ( 0.000000000000000000, -1.000000000000000000, 0.000000000000000000 ) ) ;
#2337 = DIRECTION ( 'NONE',  ( 0.000000000000000000, -1.000000000000000000, 0.000000000000000000 ) ) ;
#2338 = DIRECTION ( 'NONE',  ( 0.7071067811865495711, 0.000000000000000000, -0.7071067811865455743 ) ) ;
#2339 = MANIFOLD_SOLID_BREP ( 'NONE', #4784 ) ;
#2340 = ADVANCED_FACE ( 'NONE', ( #2125 ), #648, .T. ) ;
#2341 = DIRECTION ( 'NONE',  ( 0.000000000000000000, -1.000000000000000000, 0.000000000000000000 ) ) ;
#2342 = ORIENTED_EDGE ( 'NONE', *, *, #7131, .F. ) ;
#2343 = CARTESIAN_POINT ( 'NONE',  ( -1.287966265713290204, -0.05729555854656199348, 1.606164317247239959 ) ) ;
#2344 = ORIENTED_EDGE ( 'NONE', *, *, #7175, .T. ) ;
#2345 = CYLINDRICAL_SURFACE ( 'NONE', #7071, 0.1200000000000000927 ) ;
#2346 = CARTESIAN_POINT ( 'NONE',  ( -1.719999999999999973, 0.2000000000000000111, 1.129999999999999893 ) ) ;
#2347 = CARTESIAN_POINT ( 'NONE',  ( 0.1299999999999999767, 0.6664761515876239661, 2.000000000000000000 ) ) ;
#2348 = CARTESIAN_POINT ( 'NONE',  ( -1.682033734286709770, -0.05729555854656199348, 1.363835682752762013 ) ) ;
#2349 = EDGE_LOOP ( 'NONE', ( #1212, #7688, #8855, #4448 ) ) ;
#2350 = VERTEX_POINT ( 'NONE', #2277 ) ;
#2351 = EDGE_LOOP ( 'NONE', ( #58, #5631, #115, #8047, #1093, #4995 ) ) ;
#2352 = LINE ( 'NONE', #1525, #5820 ) ;
#2353 = ORIENTED_EDGE ( 'NONE', *, *, #8446, .T. ) ;
#2354 = LINE ( 'NONE', #3861, #9166 ) ;
#2355 = LINE ( 'NONE', #8258, #9153 ) ;
#2356 = DIRECTION ( 'NONE',  ( 7.744301232039309779E-16, 0.000000000000000000, 1.000000000000000000 ) ) ;
#2357 = ORIENTED_EDGE ( 'NONE', *, *, #2017, .T. ) ;
#2358 = DIRECTION ( 'NONE',  ( 0.000000000000000000, -1.000000000000000000, 0.000000000000000000 ) ) ;
#2359 = ORIENTED_EDGE ( 'NONE', *, *, #1700, .F. ) ;
#2360 = MANIFOLD_SOLID_BREP ( 'NONE', #1213 ) ;
#2361 = ORIENTED_EDGE ( 'NONE', *, *, #4551, .F. ) ;
#2362 = CARTESIAN_POINT ( 'NONE',  ( 2.000000000000000000, 0.000000000000000000, 1.369999999999999885 ) ) ;
#2363 = ORIENTED_EDGE ( 'NONE', *, *, #2002, .T. ) ;
#2364 = AXIS2_PLACEMENT_3D ( 'NONE', #8807, #2817, #3401 ) ;
#2365 = EDGE_CURVE ( 'NONE', #6067, #2498, #8361, .T. ) ;
#2366 = CARTESIAN_POINT ( 'NONE',  ( -0.6300000000000000044, 0.2000000000000000111, -1.719999999999999973 ) ) ;
#2367 = EDGE_CURVE ( 'NONE', #9491, #8788, #3732, .T. ) ;
#2368 = UNCERTAINTY_MEASURE_WITH_UNIT (LENGTH_MEASURE( 1.000000000000000082E-05 ), #6995, 'distance_accuracy_value', 'NONE');
#2369 = CARTESIAN_POINT ( 'NONE',  ( 1.350000000000000311, 0.000000000000000000, -1.249999999999999778 ) ) ;
#2370 = CARTESIAN_POINT ( 'NONE',  ( -2.000000000000000000, 0.2000000000000000111, 0.6300000000000000044 ) ) ;
#2371 = CARTESIAN_POINT ( 'NONE',  ( 1.719999999999999973, 0.05000000000000000278, -1.250000000000000000 ) ) ;
#2372 = EDGE_CURVE ( 'NONE', #1984, #5313, #4112, .T. ) ;
#2373 = AXIS2_PLACEMENT_3D ( 'NONE', #529, #6604, #4241 ) ;
#2374 = ORIENTED_EDGE ( 'NONE', *, *, #8476, .T. ) ;
#2375 = ORIENTED_EDGE ( 'NONE', *, *, #6354, .T. ) ;
#2376 = CARTESIAN_POINT ( 'NONE',  ( 1.606164317247239959, 0.000000000000000000, -1.287966265713290204 ) ) ;
#2377 = CARTESIAN_POINT ( 'NONE',  ( 2.000000000000000000, 7.656854249492380582, 2.000000000000000000 ) ) ;
#2378 = VERTEX_POINT ( 'NONE', #2068 ) ;
#2379 =( NAMED_UNIT ( * ) SI_UNIT ( $, .STERADIAN. ) SOLID_ANGLE_UNIT ( ) );
#2380 = EDGE_CURVE ( 'NONE', #1622, #4008, #8074, .T. ) ;
#2381 = DIRECTION ( 'NONE',  ( 0.000000000000000000, -1.000000000000000000, 0.000000000000000000 ) ) ;
#2382 = DIRECTION ( 'NONE',  ( 0.000000000000000000, 0.000000000000000000, 1.000000000000000000 ) ) ;
#2383 = ADVANCED_FACE ( 'NONE', ( #4324 ), #6581, .F. ) ;
#2384 = EDGE_CURVE ( 'NONE', #9491, #6998, #5148, .T. ) ;
#2385 = AXIS2_PLACEMENT_3D ( 'NONE', #5929, #7463, #3037 ) ;
#2386 = AXIS2_PLACEMENT_3D ( 'NONE', #315, #6296, #128 ) ;
#2387 = PLANE ( 'NONE',  #5546 ) ;
#2388 = CARTESIAN_POINT ( 'NONE',  ( 1.287966265713290204, 0.2000000000000000111, -1.606164317247239959 ) ) ;
#2389 = ORIENTED_EDGE ( 'NONE', *, *, #37, .T. ) ;
#2390 = CARTESIAN_POINT ( 'NONE',  ( -1.369999999999999885, 0.2000000000000000111, -1.719999999999999973 ) ) ;
#2391 = ADVANCED_FACE ( 'NONE', ( #6125 ), #3191, .F. ) ;
#2392 = ORIENTED_EDGE ( 'NONE', *, *, #3410, .T. ) ;
#2393 = CIRCLE ( 'NONE', #8988, 0.1200000000000000927 ) ;
#2394 = DIRECTION ( 'NONE',  ( 1.000000000000000000, 0.000000000000000000, 0.000000000000000000 ) ) ;
#2395 = CARTESIAN_POINT ( 'NONE',  ( -1.369999999999999885, 0.2000000000000000111, -2.000000000000000000 ) ) ;
#2396 = CIRCLE ( 'NONE', #8822, 0.1200000000000000927 ) ;
#2397 = DIRECTION ( 'NONE',  ( 0.000000000000000000, -1.000000000000000000, 0.000000000000000000 ) ) ;
#2398 = AXIS2_PLACEMENT_3D ( 'NONE', #6832, #6081, #9099 ) ;
#2399 = ORIENTED_EDGE ( 'NONE', *, *, #9052, .F. ) ;
#2400 = VECTOR ( 'NONE', #3066, 1000.000000000000114 ) ;
#2401 = ORIENTED_EDGE ( 'NONE', *, *, #3816, .F. ) ;
#2402 = EDGE_CURVE ( 'NONE', #249, #5018, #5289, .T. ) ;
#2403 = VERTEX_POINT ( 'NONE', #252 ) ;
#2404 = LINE ( 'NONE', #1470, #4864 ) ;
#2405 = ORIENTED_EDGE ( 'NONE', *, *, #8202, .T. ) ;
#2406 = CARTESIAN_POINT ( 'NONE',  ( -1.363835682752762013, 0.05000000000000000278, -1.682033734286709770 ) ) ;
#2407 = CARTESIAN_POINT ( 'NONE',  ( -1.719999999999999973, 0.000000000000000000, 0.7500000000000000000 ) ) ;
#2408 = PLANE ( 'NONE',  #6960 ) ;
#2409 = COLOUR_RGB ( '',0.7921568627450980005, 0.8196078431372548767, 0.9333333333333333481 ) ;
#2410 = SURFACE_SIDE_STYLE ('',( #8263 ) ) ;
#2411 = ORIENTED_EDGE ( 'NONE', *, *, #4078, .F. ) ;
#2412 = ORIENTED_EDGE ( 'NONE', *, *, #5810, .F. ) ;
#2413 = MANIFOLD_SOLID_BREP ( 'NONE', #8914 ) ;
#2414 = EDGE_LOOP ( 'NONE', ( #8143, #7041, #7394, #8186 ) ) ;
#2415 = ORIENTED_EDGE ( 'NONE', *, *, #3347, .T. ) ;
#2416 = VECTOR ( 'NONE', #3947, 1000.000000000000000 ) ;
#2417 = PLANE ( 'NONE',  #4722 ) ;
#2418 = FACE_OUTER_BOUND ( 'NONE', #2909, .T. ) ;
#2419 = DIRECTION ( 'NONE',  ( 0.000000000000000000, -1.000000000000000000, 0.000000000000000000 ) ) ;
#2420 = AXIS2_PLACEMENT_3D ( 'NONE', #833, #3865, #8954 ) ;
#2421 = ORIENTED_EDGE ( 'NONE', *, *, #3084, .T. ) ;
#2422 = ORIENTED_EDGE ( 'NONE', *, *, #7786, .F. ) ;
#2423 = FACE_OUTER_BOUND ( 'NONE', #1945, .T. ) ;
#2424 = DIRECTION ( 'NONE',  ( 0.000000000000000000, 0.000000000000000000, -1.000000000000000000 ) ) ;
#2425 = VECTOR ( 'NONE', #8973, 1000.000000000000000 ) ;
#2426 = VERTEX_POINT ( 'NONE', #2465 ) ;
#2427 = COLOUR_RGB ( '',0.7921568627450980005, 0.8196078431372548767, 0.9333333333333333481 ) ;
#2428 = DIRECTION ( 'NONE',  ( 0.000000000000000000, -1.000000000000000000, 0.000000000000000000 ) ) ;
#2429 = CARTESIAN_POINT ( 'NONE',  ( 1.129999999999999893, 0.05000000000000000278, -8.751060392204439634E-16 ) ) ;
#2430 = AXIS2_PLACEMENT_3D ( 'NONE', #6185, #9293, #6232 ) ;
#2431 = LINE ( 'NONE', #9216, #5541 ) ;
#2432 = ADVANCED_FACE ( 'NONE', ( #7663 ), #6874, .F. ) ;
#2433 = AXIS2_PLACEMENT_3D ( 'NONE', #6561, #1267, #4246 ) ;
#2434 = EDGE_CURVE ( 'NONE', #6829, #6726, #6229, .T. ) ;
#2435 = AXIS2_PLACEMENT_3D ( 'NONE', #601, #5146, #7374 ) ;
#2436 = AXIS2_PLACEMENT_3D ( 'NONE', #2995, #1383, #594 ) ;
#2437 = DIRECTION ( 'NONE',  ( 0.000000000000000000, -1.000000000000000000, 0.000000000000000000 ) ) ;
#2438 = CARTESIAN_POINT ( 'NONE',  ( 2.000000000000000000, 0.05000000000000000278, 2.000000000000000000 ) ) ;
#2439 = VERTEX_POINT ( 'NONE', #6041 ) ;
#2440 = PLANE ( 'NONE',  #7878 ) ;
#2441 = DIRECTION ( 'NONE',  ( 1.000000000000000000, 0.000000000000000000, -7.744301232039309779E-16 ) ) ;
#2442 = CARTESIAN_POINT ( 'NONE',  ( 2.000000000000000000, 0.000000000000000000, -1.369999999999999885 ) ) ;
#2443 = LINE ( 'NONE', #2395, #8400 ) ;
#2444 = CIRCLE ( 'NONE', #6669, 0.1200000000000000927 ) ;
#2445 = ADVANCED_FACE ( 'NONE', ( #111 ), #4693, .F. ) ;
#2446 = DIRECTION ( 'NONE',  ( 0.000000000000000000, 0.000000000000000000, 1.000000000000000000 ) ) ;
#2447 = AXIS2_PLACEMENT_3D ( 'NONE', #7193, #7882, #9259 ) ;
#2448 = ORIENTED_EDGE ( 'NONE', *, *, #4908, .F. ) ;
#2449 = VERTEX_POINT ( 'NONE', #978 ) ;
#2450 = ORIENTED_EDGE ( 'NONE', *, *, #2380, .T. ) ;
#2451 = FACE_OUTER_BOUND ( 'NONE', #3651, .T. ) ;
#2452 = ORIENTED_EDGE ( 'NONE', *, *, #2166, .T. ) ;
#2453 = CARTESIAN_POINT ( 'NONE',  ( -1.719999999999999973, 0.2000000000000000111, 1.250000000000000000 ) ) ;
#2454 = DIRECTION ( 'NONE',  ( 0.000000000000000000, -1.000000000000000000, 0.000000000000000000 ) ) ;
#2455 = CARTESIAN_POINT ( 'NONE',  ( -2.000000000000000000, 0.2000000000000000111, -0.6300000000000000044 ) ) ;
#2456 = VECTOR ( 'NONE', #1390, 1000.000000000000000 ) ;
#2457 = EDGE_CURVE ( 'NONE', #3126, #2894, #6913, .T. ) ;
#2458 = AXIS2_PLACEMENT_3D ( 'NONE', #7385, #9599, #2138 ) ;
#2459 = VERTEX_POINT ( 'NONE', #60 ) ;
#2460 = DIRECTION ( 'NONE',  ( 0.000000000000000000, -1.000000000000000000, 0.000000000000000000 ) ) ;
#2461 = ORIENTED_EDGE ( 'NONE', *, *, #5178, .F. ) ;
#2462 = EDGE_LOOP ( 'NONE', ( #2531, #4144, #6350, #3970 ) ) ;
#2463 = DIRECTION ( 'NONE',  ( 0.000000000000000000, -1.000000000000000000, 0.000000000000000000 ) ) ;
#2464 = ORIENTED_EDGE ( 'NONE', *, *, #9300, .F. ) ;
#2465 = CARTESIAN_POINT ( 'NONE',  ( -1.369999999999999885, 0.05000000000000000278, -1.719999999999999973 ) ) ;
#2466 = UNCERTAINTY_MEASURE_WITH_UNIT (LENGTH_MEASURE( 1.000000000000000082E-05 ), #8656, 'distance_accuracy_value', 'NONE');
#2467 = CARTESIAN_POINT ( 'NONE',  ( -2.000000000000000000, 0.6664761515876239661, -0.6300000000000000044 ) ) ;
#2468 = CARTESIAN_POINT ( 'NONE',  ( -1.129999999999999893, 0.2000000000000000111, 1.719999999999999973 ) ) ;
#2469 = FACE_OUTER_BOUND ( 'NONE', #193, .T. ) ;
#2470 = EDGE_CURVE ( 'NONE', #3530, #3879, #5484, .T. ) ;
#2471 = EDGE_CURVE ( 'NONE', #2493, #9610, #150, .T. ) ;
#2472 = CLOSED_SHELL ( 'NONE', ( #2580, #9176, #5053, #9603, #8751, #5406 ) ) ;
#2473 = EDGE_LOOP ( 'NONE', ( #8153, #3398, #2156, #7548, #885, #1522, #7894, #2939, #8203, #9541, #9120, #5464, #5214, #5895, #610, #6358, #3581, #1158, #7361, #7280, #5845, #8392, #5314, #1779, #4352, #8073, #3320, #8902 ) ) ;
#2474 = ORIENTED_EDGE ( 'NONE', *, *, #5531, .F. ) ;
#2475 = LINE ( 'NONE', #3782, #1966 ) ;
#2476 = DIRECTION ( 'NONE',  ( 0.000000000000000000, -1.000000000000000000, 0.000000000000000000 ) ) ;
#2477 = ORIENTED_EDGE ( 'NONE', *, *, #6702, .T. ) ;
#2478 = DIRECTION ( 'NONE',  ( -0.000000000000000000, 1.000000000000000000, -0.000000000000000000 ) ) ;
#2479 = LINE ( 'NONE', #5215, #3934 ) ;
#2480 = CARTESIAN_POINT ( 'NONE',  ( -1.719999999999999973, 0.05000000000000000278, 0.7500000000000000000 ) ) ;
#2481 = CARTESIAN_POINT ( 'NONE',  ( -1.606164317247235074, -0.05729555854656199348, 1.287966265713290204 ) ) ;
#2482 = CARTESIAN_POINT ( 'NONE',  ( 0.3699999999999999956, 0.05000000000000000278, 2.000000000000000000 ) ) ;
#2483 = PRESENTATION_STYLE_ASSIGNMENT (( #6934 ) ) ;
#2484 = ORIENTED_EDGE ( 'NONE', *, *, #5089, .F. ) ;
#2485 = DIRECTION ( 'NONE',  ( 0.000000000000000000, -1.000000000000000000, 0.000000000000000000 ) ) ;
#2486 = DIRECTION ( 'NONE',  ( 7.744301232039309779E-16, 0.000000000000000000, 1.000000000000000000 ) ) ;
#2487 = ADVANCED_FACE ( 'NONE', ( #6774 ), #3054, .T. ) ;
#2488 = ADVANCED_FACE ( 'NONE', ( #8356 ), #7622, .T. ) ;
#2489 = LINE ( 'NONE', #3594, #9312 ) ;
#2490 = DIRECTION ( 'NONE',  ( 0.000000000000000000, 0.000000000000000000, -1.000000000000000000 ) ) ;
#2491 = EDGE_CURVE ( 'NONE', #6436, #2753, #1083, .T. ) ;
#2492 = DIRECTION ( 'NONE',  ( -7.744301232039309779E-16, 0.000000000000000000, 1.000000000000000000 ) ) ;
#2493 = VERTEX_POINT ( 'NONE', #4203 ) ;
#2494 = VERTEX_POINT ( 'NONE', #8606 ) ;
#2495 = DIRECTION ( 'NONE',  ( 0.000000000000000000, -1.000000000000000000, 0.000000000000000000 ) ) ;
#2496 = VERTEX_POINT ( 'NONE', #3427 ) ;
#2497 = DIRECTION ( 'NONE',  ( -1.000000000000000000, 0.000000000000000000, 0.000000000000000000 ) ) ;
#2498 = VERTEX_POINT ( 'NONE', #6468 ) ;
#2499 = DIRECTION ( 'NONE',  ( 0.000000000000000000, 0.000000000000000000, 1.000000000000000000 ) ) ;
#2500 = ADVANCED_FACE ( 'NONE', ( #3473 ), #7120, .F. ) ;
#2501 = FACE_OUTER_BOUND ( 'NONE', #4469, .T. ) ;
#2502 = CARTESIAN_POINT ( 'NONE',  ( 1.369999999999999885, 0.2000000000000000111, 1.719999999999999973 ) ) ;
#2503 = ADVANCED_FACE ( 'NONE', ( #4056 ), #5684, .F. ) ;
#2504 = DIRECTION ( 'NONE',  ( 0.000000000000000000, 0.000000000000000000, 1.000000000000000000 ) ) ;
#2505 = EDGE_LOOP ( 'NONE', ( #6217, #5123, #4363, #8453, #3125, #7019, #3797, #1391, #2270, #3090, #3836, #6191, #937, #5971, #7732, #957, #5893, #5508, #9287, #3285, #3169, #3374, #18, #2484, #3245, #851, #6567, #4307, #6580, #5112, #5410, #4260, #974, #2620, #9186, #1102, #4395, #1395, #735, #7294, #887, #394, #7564, #8593, #1467, #5839, #4509, #7658, #2131, #738, #8267, #9619, #8731, #6826, #2571, #232, #4308, #5726, #1109, #8590, #2422, #1674, #1366, #4202, #3229, #4054, #9680, #8759, #3282, #9505, #5450, #8269, #587, #8199, #8087, #1320, #3276, #9529, #1594, #4850, #5153, #1034, #538, #3779, #1404, #3387, #4074, #1860, #4546, #1672, #32, #6589, #5312, #6749, #7461, #4542, #1862, #7012, #110, #8965, #776, #4973, #9423, #8295, #4692, #8111, #9463, #9299, #5694, #5016, #7223, #3232, #8947, #4705, #2061, #5030, #2658, #4550, #6239, #7546, #8081, #2634 ) ) ;
#2506 = CARTESIAN_POINT ( 'NONE',  ( -1.363835682752762013, 0.000000000000000000, 1.682033734286709770 ) ) ;
#2507 = ORIENTED_EDGE ( 'NONE', *, *, #6843, .F. ) ;
#2508 = ORIENTED_EDGE ( 'NONE', *, *, #3436, .T. ) ;
#2509 = DIRECTION ( 'NONE',  ( 0.000000000000000000, 0.000000000000000000, 1.000000000000000000 ) ) ;
#2510 = ORIENTED_EDGE ( 'NONE', *, *, #4029, .T. ) ;
#2511 = SURFACE_SIDE_STYLE ('',( #6080 ) ) ;
#2512 = EDGE_CURVE ( 'NONE', #6215, #138, #7025, .T. ) ;
#2513 = CARTESIAN_POINT ( 'NONE',  ( 2.000000000000000000, 0.05000000000000000278, -2.000000000000000000 ) ) ;
#2514 = DIRECTION ( 'NONE',  ( 0.000000000000000000, 0.000000000000000000, 1.000000000000000000 ) ) ;
#2515 = DIRECTION ( 'NONE',  ( 0.000000000000000000, 0.000000000000000000, -1.000000000000000000 ) ) ;
#2516 = PLANE ( 'NONE',  #1494 ) ;
#2517 = EDGE_LOOP ( 'NONE', ( #7976, #2663, #9084, #9597 ) ) ;
#2518 = ORIENTED_EDGE ( 'NONE', *, *, #1507, .F. ) ;
#2519 = PLANE ( 'NONE',  #6974 ) ;
#2520 = CARTESIAN_POINT ( 'NONE',  ( -1.682033734286709770, 0.05000000000000000278, 1.363835682752764011 ) ) ;
#2521 = EDGE_LOOP ( 'NONE', ( #4944, #8679, #2092, #6768, #1468 ) ) ;
#2522 = ADVANCED_FACE ( 'NONE', ( #2561 ), #4797, .T. ) ;
#2523 = CARTESIAN_POINT ( 'NONE',  ( -0.8699999999999999956, 0.000000000000000000, -1.719999999999999973 ) ) ;
#2524 = CARTESIAN_POINT ( 'NONE',  ( -0.3699999999999999956, 0.2000000000000000111, -2.000000000000000000 ) ) ;
#2525 = DIRECTION ( 'NONE',  ( 0.000000000000000000, -1.000000000000000000, 0.000000000000000000 ) ) ;
#2526 = APPLICATION_CONTEXT ( 'automotive_design' ) ;
#2527 = FACE_OUTER_BOUND ( 'NONE', #2812, .T. ) ;
#2528 = EDGE_LOOP ( 'NONE', ( #2219, #2538, #930, #3821 ) ) ;
#2529 = AXIS2_PLACEMENT_3D ( 'NONE', #2468, #1719, #4696 ) ;
#2530 = FACE_OUTER_BOUND ( 'NONE', #5328, .T. ) ;
#2531 = ORIENTED_EDGE ( 'NONE', *, *, #7131, .T. ) ;
#2532 = EDGE_CURVE ( 'NONE', #2640, #3933, #4163, .T. ) ;
#2533 = LINE ( 'NONE', #9316, #1317 ) ;
#2534 = FACE_OUTER_BOUND ( 'NONE', #4033, .T. ) ;
#2535 = VECTOR ( 'NONE', #2497, 1000.000000000000000 ) ;
#2536 = AXIS2_PLACEMENT_3D ( 'NONE', #3000, #4998, #8020 ) ;
#2537 = LINE ( 'NONE', #1744, #1152 ) ;
#2538 = ORIENTED_EDGE ( 'NONE', *, *, #7974, .F. ) ;
#2539 = EDGE_LOOP ( 'NONE', ( #5074, #7608, #2823, #8141 ) ) ;
#2540 = VECTOR ( 'NONE', #3400, 1000.000000000000000 ) ;
#2541 = LINE ( 'NONE', #7051, #9283 ) ;
#2542 = ORIENTED_EDGE ( 'NONE', *, *, #3757, .T. ) ;
#2543 = CARTESIAN_POINT ( 'NONE',  ( 1.719999999999999973, 0.2000000000000000111, -1.129999999999999893 ) ) ;
#2544 = VERTEX_POINT ( 'NONE', #2654 ) ;
#2545 = VECTOR ( 'NONE', #4227, 1000.000000000000000 ) ;
#2546 = DIRECTION ( 'NONE',  ( 0.000000000000000000, 0.000000000000000000, 1.000000000000000000 ) ) ;
#2547 = DIRECTION ( 'NONE',  ( 0.000000000000000000, 1.000000000000000000, 0.000000000000000000 ) ) ;
#2548 = PLANE ( 'NONE',  #8088 ) ;
#2549 = AXIS2_PLACEMENT_3D ( 'NONE', #2626, #9546, #9499 ) ;
#2550 = CIRCLE ( 'NONE', #4720, 0.1200000000000000927 ) ;
#2551 = EDGE_CURVE ( 'NONE', #5367, #354, #7171, .T. ) ;
#2552 = CARTESIAN_POINT ( 'NONE',  ( 0.1299999999999999767, 0.2000000000000000111, -1.719999999999999973 ) ) ;
#2553 = EDGE_CURVE ( 'NONE', #3424, #6235, #5542, .T. ) ;
#2554 = ORIENTED_EDGE ( 'NONE', *, *, #3360, .F. ) ;
#2555 = CARTESIAN_POINT ( 'NONE',  ( -0.7500000000000000000, 0.2000000000000000111, 1.719999999999999973 ) ) ;
#2556 = EDGE_LOOP ( 'NONE', ( #1044, #1575, #8858, #1871 ) ) ;
#2557 = ORIENTED_EDGE ( 'NONE', *, *, #8085, .F. ) ;
#2558 = CARTESIAN_POINT ( 'NONE',  ( 1.250000000000000000, 0.2000000000000000111, 1.719999999999999973 ) ) ;
#2559 = VERTEX_POINT ( 'NONE', #1824 ) ;
#2560 = AXIS2_PLACEMENT_3D ( 'NONE', #6408, #7315, #1220 ) ;
#2561 = FACE_OUTER_BOUND ( 'NONE', #3318, .T. ) ;
#2562 = UNCERTAINTY_MEASURE_WITH_UNIT (LENGTH_MEASURE( 1.000000000000000082E-05 ), #3976, 'distance_accuracy_value', 'NONE');
#2563 = CARTESIAN_POINT ( 'NONE',  ( -2.000000000000000000, 0.6664761515876239661, -0.1299999999999999767 ) ) ;
#2564 = PLANE ( 'NONE',  #8333 ) ;
#2565 = DIRECTION ( 'NONE',  ( 0.000000000000000000, -1.000000000000000000, 0.000000000000000000 ) ) ;
#2566 =( GEOMETRIC_REPRESENTATION_CONTEXT ( 3 ) GLOBAL_UNCERTAINTY_ASSIGNED_CONTEXT ( ( #4798 ) ) GLOBAL_UNIT_ASSIGNED_CONTEXT ( ( #8126, #8959, #5192 ) ) REPRESENTATION_CONTEXT ( 'NONE', 'WORKASPACE' ) );
#2567 = LINE ( 'NONE', #4168, #3667 ) ;
#2568 = AXIS2_PLACEMENT_3D ( 'NONE', #6169, #1895, #4877 ) ;
#2569 = EDGE_CURVE ( 'NONE', #7034, #4194, #9484, .T. ) ;
#2570 = VECTOR ( 'NONE', #1181, 1000.000000000000000 ) ;
#2571 = ORIENTED_EDGE ( 'NONE', *, *, #4643, .F. ) ;
#2572 = ORIENTED_EDGE ( 'NONE', *, *, #8276, .F. ) ;
#2573 = PLANE ( 'NONE',  #6908 ) ;
#2574 = EDGE_LOOP ( 'NONE', ( #8110, #7087, #7906, #7204 ) ) ;
#2575 = DIRECTION ( 'NONE',  ( 0.000000000000000000, -1.000000000000000000, 0.000000000000000000 ) ) ;
#2576 = CARTESIAN_POINT ( 'NONE',  ( 1.363835682752764011, 0.000000000000000000, -1.682033734286709770 ) ) ;
#2577 = LINE ( 'NONE', #7674, #7003 ) ;
#2578 = DIRECTION ( 'NONE',  ( -7.744301232039309779E-16, 0.000000000000000000, -1.000000000000000000 ) ) ;
#2579 = VECTOR ( 'NONE', #2784, 1000.000000000000000 ) ;
#2580 = ADVANCED_FACE ( 'NONE', ( #3335 ), #8698, .T. ) ;
#2581 = VECTOR ( 'NONE', #946, 1000.000000000000000 ) ;
#2582 = LINE ( 'NONE', #1056, #2581 ) ;
#2583 = AXIS2_PLACEMENT_3D ( 'NONE', #4954, #7222, #492 ) ;
#2584 = LINE ( 'NONE', #2673, #255 ) ;
#2585 = ORIENTED_EDGE ( 'NONE', *, *, #986, .F. ) ;
#2586 = AXIS2_PLACEMENT_3D ( 'NONE', #3341, #6470, #7173 ) ;
#2587 = CARTESIAN_POINT ( 'NONE',  ( -1.250000000000000000, 0.000000000000000000, 1.350000000000000089 ) ) ;
#2588 = ORIENTED_EDGE ( 'NONE', *, *, #2132, .T. ) ;
#2589 = DIRECTION ( 'NONE',  ( -0.000000000000000000, 1.000000000000000000, 0.000000000000000000 ) ) ;
#2590 = DIRECTION ( 'NONE',  ( 0.000000000000000000, 0.000000000000000000, 1.000000000000000000 ) ) ;
#2591 = AXIS2_PLACEMENT_3D ( 'NONE', #6679, #6573, #1967 ) ;
#2592 = AXIS2_PLACEMENT_3D ( 'NONE', #9528, #6664, #3567 ) ;
#2593 = ADVANCED_FACE ( 'NONE', ( #7913 ), #3388, .T. ) ;
#2594 = DIRECTION ( 'NONE',  ( 0.000000000000000000, -1.000000000000000000, 0.000000000000000000 ) ) ;
#2595 = ORIENTED_EDGE ( 'NONE', *, *, #8275, .F. ) ;
#2596 = ORIENTED_EDGE ( 'NONE', *, *, #1557, .T. ) ;
#2597 = CIRCLE ( 'NONE', #7775, 0.1200000000000000927 ) ;
#2598 = DIRECTION ( 'NONE',  ( 0.000000000000000000, -1.000000000000000000, 0.000000000000000000 ) ) ;
#2599 = EDGE_LOOP ( 'NONE', ( #1716, #1705, #1120, #6381 ) ) ;
#2600 = PRESENTATION_LAYER_ASSIGNMENT (  '', '', ( #7300 ) ) ;
#2601 = LINE ( 'NONE', #4045, #7555 ) ;
#2602 = ORIENTED_EDGE ( 'NONE', *, *, #4208, .F. ) ;
#2603 = VECTOR ( 'NONE', #4434, 1000.000000000000000 ) ;
#2604 = CARTESIAN_POINT ( 'NONE',  ( 0.3699999999999999956, 0.6664761515876239661, 2.000000000000000000 ) ) ;
#2605 = DIRECTION ( 'NONE',  ( 0.000000000000000000, 1.000000000000000000, 0.000000000000000000 ) ) ;
#2606 = CARTESIAN_POINT ( 'NONE',  ( 2.000000000000000000, 0.2000000000000000111, -0.1299999999999999767 ) ) ;
#2607 = COLOUR_RGB ( '',0.7921568627450980005, 0.8196078431372548767, 0.9333333333333333481 ) ;
#2608 = ORIENTED_EDGE ( 'NONE', *, *, #7106, .F. ) ;
#2609 = ORIENTED_EDGE ( 'NONE', *, *, #912, .F. ) ;
#2610 = VERTEX_POINT ( 'NONE', #7217 ) ;
#2611 = VERTEX_POINT ( 'NONE', #9388 ) ;
#2612 = DIRECTION ( 'NONE',  ( 0.000000000000000000, -1.000000000000000000, 0.000000000000000000 ) ) ;
#2613 = LINE ( 'NONE', #7864, #3022 ) ;
#2614 = DIRECTION ( 'NONE',  ( 0.000000000000000000, 0.000000000000000000, -1.000000000000000000 ) ) ;
#2615 = CARTESIAN_POINT ( 'NONE',  ( -0.3699999999999999956, 0.05000000000000000278, -2.865391455854529965E-16 ) ) ;
#2616 = EDGE_CURVE ( 'NONE', #3906, #8352, #2757, .T. ) ;
#2617 = EDGE_CURVE ( 'NONE', #9055, #6093, #5636, .T. ) ;
#2618 = VECTOR ( 'NONE', #6195, 1000.000000000000000 ) ;
#2619 = PLANE ( 'NONE',  #2282 ) ;
#2620 = ORIENTED_EDGE ( 'NONE', *, *, #8509, .F. ) ;
#2621 = VERTEX_POINT ( 'NONE', #2009 ) ;
#2622 = DIRECTION ( 'NONE',  ( 0.000000000000000000, -1.000000000000000000, 0.000000000000000000 ) ) ;
#2623 = LINE ( 'NONE', #1092, #257 ) ;
#2624 = ORIENTED_EDGE ( 'NONE', *, *, #7902, .T. ) ;
#2625 = DIRECTION ( 'NONE',  ( -0.000000000000000000, 1.000000000000000000, 0.000000000000000000 ) ) ;
#2626 = CARTESIAN_POINT ( 'NONE',  ( 1.719999999999999973, 0.000000000000000000, -1.250000000000000000 ) ) ;
#2627 = DIRECTION ( 'NONE',  ( 0.000000000000000000, -1.000000000000000000, 0.000000000000000000 ) ) ;
#2628 = CARTESIAN_POINT ( 'NONE',  ( 0.3699999999999999956, 0.2000000000000000111, -2.000000000000000000 ) ) ;
#2629 = EDGE_CURVE ( 'NONE', #3758, #8120, #8370, .T. ) ;
#2630 = EDGE_CURVE ( 'NONE', #5771, #3444, #1037, .T. ) ;
#2631 = EDGE_CURVE ( 'NONE', #2493, #9055, #2053, .T. ) ;
#2632 = CARTESIAN_POINT ( 'NONE',  ( 2.000000000000000000, 0.2000000000000000111, -0.6300000000000000044 ) ) ;
#2633 = CARTESIAN_POINT ( 'NONE',  ( 0.000000000000000000, 0.05000000000000000278, 1.369999999999999885 ) ) ;
#2634 = ORIENTED_EDGE ( 'NONE', *, *, #155, .F. ) ;
#2635 = LINE ( 'NONE', #1148, #9132 ) ;
#2636 = PLANE ( 'NONE',  #7480 ) ;
#2637 = EDGE_CURVE ( 'NONE', #6656, #811, #2993, .T. ) ;
#2638 = CARTESIAN_POINT ( 'NONE',  ( -1.250000000000000000, 0.000000000000000000, 1.719999999999999973 ) ) ;
#2639 = CARTESIAN_POINT ( 'NONE',  ( -0.7500000000000000000, 0.05000000000000000278, -1.719999999999999973 ) ) ;
#2640 = VERTEX_POINT ( 'NONE', #1473 ) ;
#2641 = ORIENTED_EDGE ( 'NONE', *, *, #8928, .F. ) ;
#2642 = DIRECTION ( 'NONE',  ( 0.000000000000000000, 0.000000000000000000, -1.000000000000000000 ) ) ;
#2643 = ORIENTED_EDGE ( 'NONE', *, *, #3347, .F. ) ;
#2644 = DIRECTION ( 'NONE',  ( 0.000000000000000000, 0.000000000000000000, -1.000000000000000000 ) ) ;
#2645 = ORIENTED_EDGE ( 'NONE', *, *, #3801, .T. ) ;
#2646 = CARTESIAN_POINT ( 'NONE',  ( 1.719999999999999973, 0.000000000000000000, 0.1299999999999999767 ) ) ;
#2647 = PLANE ( 'NONE',  #829 ) ;
#2648 = DIRECTION ( 'NONE',  ( 0.000000000000000000, 0.000000000000000000, -1.000000000000000000 ) ) ;
#2649 = CARTESIAN_POINT ( 'NONE',  ( -1.719999999999999973, 0.05000000000000000278, -0.7500000000000000000 ) ) ;
#2650 = ORIENTED_EDGE ( 'NONE', *, *, #9237, .T. ) ;
#2651 = VERTEX_POINT ( 'NONE', #686 ) ;
#2652 = ORIENTED_EDGE ( 'NONE', *, *, #7302, .T. ) ;
#2653 = EDGE_LOOP ( 'NONE', ( #7826, #9530, #5164, #4062, #5477 ) ) ;
#2654 = CARTESIAN_POINT ( 'NONE',  ( -0.8699999999999999956, 0.000000000000000000, -2.000000000000000000 ) ) ;
#2655 = CARTESIAN_POINT ( 'NONE',  ( -1.129999999999999893, 0.2000000000000000111, 1.719999999999999973 ) ) ;
#2656 = CARTESIAN_POINT ( 'NONE',  ( -1.250000000000000000, 0.000000000000000000, 1.719999999999999973 ) ) ;
#2657 = DIRECTION ( 'NONE',  ( 0.000000000000000000, 0.000000000000000000, 1.000000000000000000 ) ) ;
#2658 = ORIENTED_EDGE ( 'NONE', *, *, #6198, .F. ) ;
#2659 = VERTEX_POINT ( 'NONE', #592 ) ;
#2660 = EDGE_CURVE ( 'NONE', #7692, #3668, #8948, .T. ) ;
#2661 = CARTESIAN_POINT ( 'NONE',  ( -2.000000000000000000, 0.2000000000000000111, -1.129999999999999893 ) ) ;
#2662 = FILL_AREA_STYLE ('',( #6383 ) ) ;
#2663 = ORIENTED_EDGE ( 'NONE', *, *, #6298, .F. ) ;
#2664 = CARTESIAN_POINT ( 'NONE',  ( -1.719999999999999973, 0.6664761515876239661, 1.250000000000000000 ) ) ;
#2665 = LINE ( 'NONE', #6339, #5026 ) ;
#2666 = CARTESIAN_POINT ( 'NONE',  ( 1.719999999999999973, 0.6664761515876239661, -0.2500000000000000000 ) ) ;
#2667 = ADVANCED_FACE ( 'NONE', ( #2952 ), #8995, .F. ) ;
#2668 = CARTESIAN_POINT ( 'NONE',  ( 1.606164317247239959, 0.2000000000000000111, -1.287966265713290204 ) ) ;
#2669 = AXIS2_PLACEMENT_3D ( 'NONE', #3352, #9401, #6340 ) ;
#2670 = EDGE_CURVE ( 'NONE', #4394, #9172, #4401, .T. ) ;
#2671 = CARTESIAN_POINT ( 'NONE',  ( -1.719999999999999973, 0.000000000000000000, 1.250000000000000000 ) ) ;
#2672 = EDGE_CURVE ( 'NONE', #8838, #644, #8206, .T. ) ;
#2673 = CARTESIAN_POINT ( 'NONE',  ( 2.000000000000000000, 0.2000000000000000111, -0.6300000000000000044 ) ) ;
#2674 = ORIENTED_EDGE ( 'NONE', *, *, #3088, .T. ) ;
#2675 = VECTOR ( 'NONE', #3697, 1000.000000000000000 ) ;
#2676 = CARTESIAN_POINT ( 'NONE',  ( 1.719999999999999973, 0.000000000000000000, 0.7500000000000000000 ) ) ;
#2677 = DIRECTION ( 'NONE',  ( 0.000000000000000000, -1.000000000000000000, 0.000000000000000000 ) ) ;
#2678 = EDGE_CURVE ( 'NONE', #135, #3137, #9574, .T. ) ;
#2679 = DIRECTION ( 'NONE',  ( 0.000000000000000000, -1.000000000000000000, 0.000000000000000000 ) ) ;
#2680 = VECTOR ( 'NONE', #6424, 1000.000000000000000 ) ;
#2681 = DIRECTION ( 'NONE',  ( -0.000000000000000000, 1.000000000000000000, 0.000000000000000000 ) ) ;
#2682 = EDGE_CURVE ( 'NONE', #2039, #4817, #6568, .T. ) ;
#2683 = ORIENTED_EDGE ( 'NONE', *, *, #2013, .F. ) ;
#2684 = ORIENTED_EDGE ( 'NONE', *, *, #7356, .F. ) ;
#2685 = DIRECTION ( 'NONE',  ( 0.000000000000000000, 0.000000000000000000, 1.000000000000000000 ) ) ;
#2686 = VERTEX_POINT ( 'NONE', #6524 ) ;
#2687 = LINE ( 'NONE', #7158, #4559 ) ;
#2688 = ORIENTED_EDGE ( 'NONE', *, *, #4012, .F. ) ;
#2689 = CARTESIAN_POINT ( 'NONE',  ( 1.129999999999999893, 0.000000000000000000, -2.000000000000000000 ) ) ;
#2690 = DIRECTION ( 'NONE',  ( 0.000000000000000000, 0.000000000000000000, 1.000000000000000000 ) ) ;
#2691 = DIRECTION ( 'NONE',  ( 0.000000000000000000, -1.000000000000000000, 0.000000000000000000 ) ) ;
#2692 = VECTOR ( 'NONE', #6629, 1000.000000000000000 ) ;
#2693 = AXIS2_PLACEMENT_3D ( 'NONE', #1228, #7324, #5739 ) ;
#2694 = EDGE_CURVE ( 'NONE', #1915, #7937, #5363, .T. ) ;
#2695 = ORIENTED_EDGE ( 'NONE', *, *, #614, .F. ) ;
#2696 = AXIS2_PLACEMENT_3D ( 'NONE', #7145, #1207, #3407 ) ;
#2697 = VERTEX_POINT ( 'NONE', #5092 ) ;
#2698 = ORIENTED_EDGE ( 'NONE', *, *, #6210, .F. ) ;
#2699 = DIRECTION ( 'NONE',  ( 0.000000000000000000, 1.000000000000000000, 0.000000000000000000 ) ) ;
#2700 = ORIENTED_EDGE ( 'NONE', *, *, #6779, .F. ) ;
#2701 = DIRECTION ( 'NONE',  ( 0.000000000000000000, -1.000000000000000000, 0.000000000000000000 ) ) ;
#2702 = LINE ( 'NONE', #2513, #6780 ) ;
#2703 = CARTESIAN_POINT ( 'NONE',  ( -2.000000000000000000, 0.6664761515876239661, 0.6300000000000000044 ) ) ;
#2704 = VECTOR ( 'NONE', #4707, 1000.000000000000000 ) ;
#2705 = MECHANICAL_DESIGN_GEOMETRIC_PRESENTATION_REPRESENTATION (  '', ( #1911 ), #6455 ) ;
#2706 = CARTESIAN_POINT ( 'NONE',  ( -0.6300000000000000044, 0.000000000000000000, 2.000000000000000000 ) ) ;
#2707 = EDGE_CURVE ( 'NONE', #963, #995, #2208, .T. ) ;
#2708 = EDGE_LOOP ( 'NONE', ( #2949, #4001, #8883, #9681 ) ) ;
#2709 = DIRECTION ( 'NONE',  ( -0.000000000000000000, -0.000000000000000000, -1.000000000000000000 ) ) ;
#2710 = CIRCLE ( 'NONE', #2549, 0.1200000000000000927 ) ;
#2711 = ORIENTED_EDGE ( 'NONE', *, *, #2682, .T. ) ;
#2712 = LINE ( 'NONE', #4022, #5648 ) ;
#2713 = LINE ( 'NONE', #5103, #4165 ) ;
#2714 = ORIENTED_EDGE ( 'NONE', *, *, #3788, .T. ) ;
#2715 = AXIS2_PLACEMENT_3D ( 'NONE', #4841, #6374, #4889 ) ;
#2716 = LINE ( 'NONE', #9255, #2540 ) ;
#2717 = CARTESIAN_POINT ( 'NONE',  ( 2.000000000000000000, 0.2000000000000000111, 1.369999999999999885 ) ) ;
#2718 = CARTESIAN_POINT ( 'NONE',  ( 1.719999999999999973, 0.2000000000000000111, 0.1299999999999999767 ) ) ;
#2719 = VECTOR ( 'NONE', #8299, 1000.000000000000000 ) ;
#2720 = VECTOR ( 'NONE', #5279, 1000.000000000000000 ) ;
#2721 = FACE_OUTER_BOUND ( 'NONE', #3860, .T. ) ;
#2722 = FILL_AREA_STYLE_COLOUR ( '', #4315 ) ;
#2723 = ORIENTED_EDGE ( 'NONE', *, *, #8688, .T. ) ;
#2724 = CIRCLE ( 'NONE', #3499, 0.1200000000000000927 ) ;
#2725 = DIRECTION ( 'NONE',  ( 0.000000000000000000, 0.000000000000000000, 1.000000000000000000 ) ) ;
#2726 = CARTESIAN_POINT ( 'NONE',  ( -1.369999999999999885, 0.6664761515876239661, 2.000000000000000000 ) ) ;
#2727 = AXIS2_PLACEMENT_3D ( 'NONE', #5262, #22, #8321 ) ;
#2728 = CARTESIAN_POINT ( 'NONE',  ( 0.8699999999999999956, 0.000000000000000000, -2.000000000000000000 ) ) ;
#2729 = EDGE_CURVE ( 'NONE', #8308, #3669, #6616, .T. ) ;
#2730 = ADVANCED_FACE ( 'NONE', ( #8792 ), #5033, .F. ) ;
#2731 = AXIS2_PLACEMENT_3D ( 'NONE', #2201, #2397, #5364 ) ;
#2732 = VECTOR ( 'NONE', #8018, 1000.000000000000000 ) ;
#2733 = EDGE_CURVE ( 'NONE', #5985, #6836, #739, .T. ) ;
#2734 = VECTOR ( 'NONE', #9101, 1000.000000000000000 ) ;
#2735 = DIRECTION ( 'NONE',  ( 0.000000000000000000, -1.000000000000000000, 0.000000000000000000 ) ) ;
#2736 = DIRECTION ( 'NONE',  ( 1.000000000000000000, 0.000000000000000000, -7.744301232039309779E-16 ) ) ;
#2737 = ORIENTED_EDGE ( 'NONE', *, *, #9545, .T. ) ;
#2738 = ORIENTED_EDGE ( 'NONE', *, *, #637, .F. ) ;
#2739 = DIRECTION ( 'NONE',  ( 0.000000000000000000, 0.000000000000000000, -1.000000000000000000 ) ) ;
#2740 = ORIENTED_EDGE ( 'NONE', *, *, #2314, .F. ) ;
#2741 = FACE_OUTER_BOUND ( 'NONE', #2272, .T. ) ;
#2742 = ORIENTED_EDGE ( 'NONE', *, *, #4801, .T. ) ;
#2743 = AXIS2_PLACEMENT_3D ( 'NONE', #4751, #1774, #4019 ) ;
#2744 = LINE ( 'NONE', #3643, #3356 ) ;
#2745 = DIRECTION ( 'NONE',  ( 0.000000000000000000, 0.000000000000000000, -1.000000000000000000 ) ) ;
#2746 = DIRECTION ( 'NONE',  ( 0.000000000000000000, -1.000000000000000000, 0.000000000000000000 ) ) ;
#2747 = VECTOR ( 'NONE', #7413, 1000.000000000000000 ) ;
#2748 = EDGE_CURVE ( 'NONE', #5278, #1746, #1150, .T. ) ;
#2749 = ADVANCED_FACE ( 'NONE', ( #4312 ), #3574, .F. ) ;
#2750 = EDGE_CURVE ( 'NONE', #8163, #8550, #8156, .T. ) ;
#2751 = AXIS2_PLACEMENT_3D ( 'NONE', #9265, #8531, #7045 ) ;
#2752 = VERTEX_POINT ( 'NONE', #2112 ) ;
#2753 = VERTEX_POINT ( 'NONE', #1381 ) ;
#2754 = ORIENTED_EDGE ( 'NONE', *, *, #8441, .T. ) ;
#2755 = CARTESIAN_POINT ( 'NONE',  ( -0.6300000000000000044, 0.05000000000000000278, -2.000000000000000000 ) ) ;
#2756 = VERTEX_POINT ( 'NONE', #4356 ) ;
#2757 = LINE ( 'NONE', #485, #2570 ) ;
#2758 = LINE ( 'NONE', #3532, #669 ) ;
#2759 = DIRECTION ( 'NONE',  ( 0.000000000000000000, -1.000000000000000000, 0.000000000000000000 ) ) ;
#2760 = EDGE_CURVE ( 'NONE', #711, #7061, #7365, .T. ) ;
#2761 = VECTOR ( 'NONE', #3698, 1000.000000000000000 ) ;
#2762 = CARTESIAN_POINT ( 'NONE',  ( -0.8699999999999999956, 0.2000000000000000111, -2.000000000000000000 ) ) ;
#2763 = ORIENTED_EDGE ( 'NONE', *, *, #2913, .T. ) ;
#2764 = DIRECTION ( 'NONE',  ( 1.000000000000000000, 0.000000000000000000, 0.000000000000000000 ) ) ;
#2765 = ORIENTED_EDGE ( 'NONE', *, *, #7739, .T. ) ;
#2766 = DIRECTION ( 'NONE',  ( 0.000000000000000000, 1.000000000000000000, 0.000000000000000000 ) ) ;
#2767 = FACE_OUTER_BOUND ( 'NONE', #7561, .T. ) ;
#2768 = EDGE_LOOP ( 'NONE', ( #6520, #701, #3570, #4978 ) ) ;
#2769 = CARTESIAN_POINT ( 'NONE',  ( 1.719999999999999973, 0.05000000000000000278, 0.2500000000000000000 ) ) ;
#2770 = CARTESIAN_POINT ( 'NONE',  ( 1.129999999999999893, 0.2000000000000000111, -2.000000000000000000 ) ) ;
#2771 = LINE ( 'NONE', #7876, #6528 ) ;
#2772 = AXIS2_PLACEMENT_3D ( 'NONE', #9263, #5510, #2441 ) ;
#2773 = DIRECTION ( 'NONE',  ( 0.000000000000000000, 0.000000000000000000, 1.000000000000000000 ) ) ;
#2774 = ADVANCED_FACE ( 'NONE', ( #779 ), #3898, .F. ) ;
#2775 = ADVANCED_FACE ( 'NONE', ( #8396 ), #1612, .F. ) ;
#2776 = COLOUR_RGB ( '',0.7921568627450980005, 0.8196078431372548767, 0.9333333333333333481 ) ;
#2777 = AXIS2_PLACEMENT_3D ( 'NONE', #2024, #4853, #7283 ) ;
#2778 = EDGE_LOOP ( 'NONE', ( #4901, #8642, #3034, #2787 ) ) ;
#2779 = CARTESIAN_POINT ( 'NONE',  ( -0.3699999999999999956, 0.05000000000000000278, 2.865391455854529965E-16 ) ) ;
#2780 = LINE ( 'NONE', #5007, #2761 ) ;
#2781 = EDGE_LOOP ( 'NONE', ( #2652, #3468, #4771, #1080 ) ) ;
#2782 = CARTESIAN_POINT ( 'NONE',  ( 2.000000000000000000, 0.000000000000000000, -1.129999999999999893 ) ) ;
#2783 = LINE ( 'NONE', #3554, #7149 ) ;
#2784 = DIRECTION ( 'NONE',  ( -1.000000000000000000, -0.000000000000000000, -6.505213034913026604E-17 ) ) ;
#2785 = CARTESIAN_POINT ( 'NONE',  ( -1.719999999999999973, 0.2000000000000000111, -0.8699999999999999956 ) ) ;
#2786 = PLANE ( 'NONE',  #2128 ) ;
#2787 = ORIENTED_EDGE ( 'NONE', *, *, #3857, .T. ) ;
#2788 = EDGE_CURVE ( 'NONE', #5327, #1903, #1527, .T. ) ;
#2789 = EDGE_LOOP ( 'NONE', ( #6189, #7213, #4657, #2412, #9145, #6857, #127 ) ) ;
#2790 = EDGE_CURVE ( 'NONE', #4939, #4942, #8221, .T. ) ;
#2791 = CARTESIAN_POINT ( 'NONE',  ( 2.000000000000000000, 0.2000000000000000111, -0.1299999999999999767 ) ) ;
#2792 = VERTEX_POINT ( 'NONE', #6902 ) ;
#2793 = CARTESIAN_POINT ( 'NONE',  ( 2.000000000000000000, 0.05000000000000000278, 0.3699999999999999956 ) ) ;
#2794 = VERTEX_POINT ( 'NONE', #5428 ) ;
#2795 = LINE ( 'NONE', #347, #3147 ) ;
#2796 = DIRECTION ( 'NONE',  ( 1.000000000000000000, 0.000000000000000000, -7.744301232039309779E-16 ) ) ;
#2797 = CARTESIAN_POINT ( 'NONE',  ( 1.719999999999999973, 0.2000000000000000111, -0.6300000000000000044 ) ) ;
#2798 = CARTESIAN_POINT ( 'NONE',  ( -0.3699999999999999956, 0.000000000000000000, 2.000000000000000000 ) ) ;
#2799 = EDGE_LOOP ( 'NONE', ( #6682, #1723, #1991, #2608 ) ) ;
#2800 = EDGE_LOOP ( 'NONE', ( #6717, #5457, #4872, #2967 ) ) ;
#2801 = EDGE_CURVE ( 'NONE', #9095, #6007, #3181, .T. ) ;
#2802 = VERTEX_POINT ( 'NONE', #6028 ) ;
#2803 = CARTESIAN_POINT ( 'NONE',  ( -0.1299999999999999767, 0.2000000000000000111, 1.719999999999999973 ) ) ;
#2804 = ORIENTED_EDGE ( 'NONE', *, *, #569, .T. ) ;
#2805 = DIRECTION ( 'NONE',  ( 0.000000000000000000, 1.000000000000000000, 0.000000000000000000 ) ) ;
#2806 = DIRECTION ( 'NONE',  ( 0.000000000000000000, 1.000000000000000000, 0.000000000000000000 ) ) ;
#2807 = ADVANCED_FACE ( 'NONE', ( #8440 ), #3039, .F. ) ;
#2808 = CARTESIAN_POINT ( 'NONE',  ( 0.1299999999999999767, 0.2000000000000000111, 1.719999999999999973 ) ) ;
#2809 = LINE ( 'NONE', #8907, #3832 ) ;
#2810 = ORIENTED_EDGE ( 'NONE', *, *, #5381, .T. ) ;
#2811 = DIRECTION ( 'NONE',  ( 0.000000000000000000, 0.000000000000000000, -1.000000000000000000 ) ) ;
#2812 = EDGE_LOOP ( 'NONE', ( #5517, #597, #1699, #3002 ) ) ;
#2813 = EDGE_CURVE ( 'NONE', #5782, #3897, #1706, .T. ) ;
#2814 = CYLINDRICAL_SURFACE ( 'NONE', #5972, 0.1200000000000000927 ) ;
#2815 = VERTEX_POINT ( 'NONE', #2406 ) ;
#2816 = DIRECTION ( 'NONE',  ( 0.000000000000000000, -1.000000000000000000, 0.000000000000000000 ) ) ;
#2817 = DIRECTION ( 'NONE',  ( -0.7071067811865445751, 0.000000000000000000, -0.7071067811865504593 ) ) ;
#2818 = DIRECTION ( 'NONE',  ( 0.000000000000000000, -1.000000000000000000, 0.000000000000000000 ) ) ;
#2819 = ORIENTED_EDGE ( 'NONE', *, *, #533, .F. ) ;
#2820 = PLANE ( 'NONE',  #2104 ) ;
#2821 = ADVANCED_FACE ( 'NONE', ( #7652 ), #6218, .F. ) ;
#2822 = DIRECTION ( 'NONE',  ( -0.000000000000000000, -0.000000000000000000, -1.000000000000000000 ) ) ;
#2823 = ORIENTED_EDGE ( 'NONE', *, *, #8387, .T. ) ;
#2824 = PLANE ( 'NONE',  #3928 ) ;
#2825 = LINE ( 'NONE', #8723, #6678 ) ;
#2826 = CARTESIAN_POINT ( 'NONE',  ( 0.000000000000000000, 0.05000000000000000278, 0.3699999999999999956 ) ) ;
#2827 = DIRECTION ( 'NONE',  ( 0.000000000000000000, -1.000000000000000000, 0.000000000000000000 ) ) ;
#2828 = VECTOR ( 'NONE', #366, 1000.000000000000000 ) ;
#2829 = CARTESIAN_POINT ( 'NONE',  ( 1.369999999999999885, 0.2000000000000000111, 1.719999999999999973 ) ) ;
#2830 = ORIENTED_EDGE ( 'NONE', *, *, #6819, .T. ) ;
#2831 = VERTEX_POINT ( 'NONE', #9089 ) ;
#2832 = CARTESIAN_POINT ( 'NONE',  ( -0.8699999999999999956, 0.2000000000000000111, -1.719999999999999973 ) ) ;
#2833 = ORIENTED_EDGE ( 'NONE', *, *, #2694, .T. ) ;
#2834 = CARTESIAN_POINT ( 'NONE',  ( -1.369999999999999885, 0.2000000000000000111, 2.000000000000000000 ) ) ;
#2835 = DIRECTION ( 'NONE',  ( 1.000000000000000000, 0.000000000000000000, -7.744301232039309779E-16 ) ) ;
#2836 = FACE_OUTER_BOUND ( 'NONE', #973, .T. ) ;
#2837 = CYLINDRICAL_SURFACE ( 'NONE', #9190, 0.1199999999999999956 ) ;
#2838 = FILL_AREA_STYLE ('',( #4302 ) ) ;
#2839 = ORIENTED_EDGE ( 'NONE', *, *, #4879, .T. ) ;
#2840 = EDGE_LOOP ( 'NONE', ( #6273, #1068, #3552, #7514 ) ) ;
#2841 = ORIENTED_EDGE ( 'NONE', *, *, #6087, .F. ) ;
#2842 = DIRECTION ( 'NONE',  ( 0.000000000000000000, -1.000000000000000000, 0.000000000000000000 ) ) ;
#2843 = ORIENTED_EDGE ( 'NONE', *, *, #626, .F. ) ;
#2844 = AXIS2_PLACEMENT_3D ( 'NONE', #5332, #152, #5392 ) ;
#2845 = DIRECTION ( 'NONE',  ( 0.000000000000000000, -1.000000000000000000, 0.000000000000000000 ) ) ;
#2846 = DIRECTION ( 'NONE',  ( 0.000000000000000000, 0.000000000000000000, 1.000000000000000000 ) ) ;
#2847 = CARTESIAN_POINT ( 'NONE',  ( 1.719999999999999973, 0.2000000000000000111, -1.369999999999999885 ) ) ;
#2848 = EDGE_CURVE ( 'NONE', #1624, #7746, #9046, .T. ) ;
#2849 = CIRCLE ( 'NONE', #8337, 0.1200000000000000927 ) ;
#2850 = EDGE_CURVE ( 'NONE', #8788, #1570, #3344, .T. ) ;
#2851 = VECTOR ( 'NONE', #9271, 1000.000000000000000 ) ;
#2852 = DIRECTION ( 'NONE',  ( -1.084202172485503818E-16, 0.000000000000000000, -1.000000000000000000 ) ) ;
#2853 = ORIENTED_EDGE ( 'NONE', *, *, #1421, .T. ) ;
#2854 = CARTESIAN_POINT ( 'NONE',  ( -1.287966265713290204, 0.05000000000000000278, -1.606164317247235074 ) ) ;
#2855 = ORIENTED_EDGE ( 'NONE', *, *, #5777, .T. ) ;
#2856 = LINE ( 'NONE', #3540, #8651 ) ;
#2857 = ORIENTED_EDGE ( 'NONE', *, *, #7228, .T. ) ;
#2858 = SURFACE_STYLE_FILL_AREA ( #9588 ) ;
#2859 = DIRECTION ( 'NONE',  ( 0.000000000000000000, -1.000000000000000000, 0.000000000000000000 ) ) ;
#2860 = LINE ( 'NONE', #5107, #6014 ) ;
#2861 = CARTESIAN_POINT ( 'NONE',  ( 1.719999999999999973, 0.6664761515876239661, 0.1299999999999999767 ) ) ;
#2862 = AXIS2_PLACEMENT_3D ( 'NONE', #7734, #2485, #3264 ) ;
#2863 = EDGE_CURVE ( 'NONE', #8515, #9241, #965, .T. ) ;
#2864 = CIRCLE ( 'NONE', #9455, 0.1200000000000000927 ) ;
#2865 = CIRCLE ( 'NONE', #3327, 0.1000000000000002554 ) ;
#2866 = ORIENTED_EDGE ( 'NONE', *, *, #4156, .T. ) ;
#2867 =( LENGTH_UNIT ( ) NAMED_UNIT ( * ) SI_UNIT ( .MILLI., .METRE. ) );
#2868 = ORIENTED_EDGE ( 'NONE', *, *, #8429, .F. ) ;
#2869 = FILL_AREA_STYLE ('',( #5260 ) ) ;
#2870 = PLANE ( 'NONE',  #1049 ) ;
#2871 = VECTOR ( 'NONE', #3899, 1000.000000000000000 ) ;
#2872 = DIRECTION ( 'NONE',  ( 0.000000000000000000, 0.000000000000000000, -1.000000000000000000 ) ) ;
#2873 = VECTOR ( 'NONE', #4121, 1000.000000000000000 ) ;
#2874 = EDGE_CURVE ( 'NONE', #3530, #4840, #7510, .T. ) ;
#2875 = CYLINDRICAL_SURFACE ( 'NONE', #7917, 0.1200000000000000927 ) ;
#2876 = VECTOR ( 'NONE', #5360, 1000.000000000000000 ) ;
#2877 = DIRECTION ( 'NONE',  ( 0.000000000000000000, -1.000000000000000000, 0.000000000000000000 ) ) ;
#2878 = ORIENTED_EDGE ( 'NONE', *, *, #5742, .T. ) ;
#2879 = AXIS2_PLACEMENT_3D ( 'NONE', #7763, #2612, #5594 ) ;
#2880 = VERTEX_POINT ( 'NONE', #8298 ) ;
#2881 = DIRECTION ( 'NONE',  ( 0.000000000000000000, 0.000000000000000000, 1.000000000000000000 ) ) ;
#2882 = EDGE_LOOP ( 'NONE', ( #7021, #9477, #5803, #7869 ) ) ;
#2883 = FACE_OUTER_BOUND ( 'NONE', #7375, .T. ) ;
#2884 = CARTESIAN_POINT ( 'NONE',  ( 1.719999999999999973, 0.6664761515876239661, 0.6300000000000000044 ) ) ;
#2885 = CYLINDRICAL_SURFACE ( 'NONE', #6314, 0.1200000000000000927 ) ;
#2886 = PRESENTATION_LAYER_ASSIGNMENT (  '', '', ( #4905 ) ) ;
#2887 = LINE ( 'NONE', #9565, #4461 ) ;
#2888 = AXIS2_PLACEMENT_3D ( 'NONE', #8496, #1989, #4735 ) ;
#2889 = EDGE_CURVE ( 'NONE', #6747, #4162, #1566, .T. ) ;
#2890 = VECTOR ( 'NONE', #7877, 1000.000000000000000 ) ;
#2891 = CIRCLE ( 'NONE', #7443, 0.1200000000000000927 ) ;
#2892 = ORIENTED_EDGE ( 'NONE', *, *, #9103, .T. ) ;
#2893 = VECTOR ( 'NONE', #8753, 1000.000000000000000 ) ;
#2894 = VERTEX_POINT ( 'NONE', #7610 ) ;
#2895 = VERTEX_POINT ( 'NONE', #880 ) ;
#2896 = CARTESIAN_POINT ( 'NONE',  ( 1.363835682752764011, 0.000000000000000000, 1.682033734286709770 ) ) ;
#2897 = ORIENTED_EDGE ( 'NONE', *, *, #2512, .F. ) ;
#2898 = VECTOR ( 'NONE', #3533, 1000.000000000000000 ) ;
#2899 = DIRECTION ( 'NONE',  ( 0.000000000000000000, 1.000000000000000000, 0.000000000000000000 ) ) ;
#2900 = CARTESIAN_POINT ( 'NONE',  ( 0.8699999999999999956, 0.2000000000000000111, -1.719999999999999973 ) ) ;
#2901 = CARTESIAN_POINT ( 'NONE',  ( -2.000000000000000000, 0.000000000000000000, 1.369999999999999885 ) ) ;
#2902 = VECTOR ( 'NONE', #7107, 1000.000000000000000 ) ;
#2903 = DIRECTION ( 'NONE',  ( 0.000000000000000000, 0.000000000000000000, -1.000000000000000000 ) ) ;
#2904 = ORIENTED_EDGE ( 'NONE', *, *, #3227, .T. ) ;
#2905 = CARTESIAN_POINT ( 'NONE',  ( 0.8699999999999999956, 0.2000000000000000111, 1.719999999999999973 ) ) ;
#2906 = ORIENTED_EDGE ( 'NONE', *, *, #4628, .F. ) ;
#2907 = DIRECTION ( 'NONE',  ( 0.000000000000000000, 0.000000000000000000, -1.000000000000000000 ) ) ;
#2908 = DIRECTION ( 'NONE',  ( 1.000000000000000000, 0.000000000000000000, 7.744301232039309779E-16 ) ) ;
#2909 = EDGE_LOOP ( 'NONE', ( #3610, #9341, #2830, #7651 ) ) ;
#2910 = EDGE_CURVE ( 'NONE', #3666, #8487, #3130, .T. ) ;
#2911 = VECTOR ( 'NONE', #1988, 1000.000000000000000 ) ;
#2912 = FILL_AREA_STYLE ('',( #702 ) ) ;
#2913 = EDGE_CURVE ( 'NONE', #8125, #5883, #2354, .T. ) ;
#2914 = FACE_OUTER_BOUND ( 'NONE', #5496, .T. ) ;
#2915 = CARTESIAN_POINT ( 'NONE',  ( 1.719999999999999973, 0.2000000000000000111, -0.1299999999999999767 ) ) ;
#2916 = AXIS2_PLACEMENT_3D ( 'NONE', #8291, #6016, #6105 ) ;
#2917 = DIRECTION ( 'NONE',  ( 0.000000000000000000, -1.000000000000000000, 0.000000000000000000 ) ) ;
#2918 =( GEOMETRIC_REPRESENTATION_CONTEXT ( 3 ) GLOBAL_UNCERTAINTY_ASSIGNED_CONTEXT ( ( #2368 ) ) GLOBAL_UNIT_ASSIGNED_CONTEXT ( ( #6995, #3361, #4770 ) ) REPRESENTATION_CONTEXT ( 'NONE', 'WORKASPACE' ) );
#2919 = ORIENTED_EDGE ( 'NONE', *, *, #1300, .F. ) ;
#2920 = DIRECTION ( 'NONE',  ( 0.000000000000000000, -1.000000000000000000, 0.000000000000000000 ) ) ;
#2921 = CIRCLE ( 'NONE', #4620, 0.1200000000000000927 ) ;
#2922 = LINE ( 'NONE', #1442, #5733 ) ;
#2923 = ORIENTED_EDGE ( 'NONE', *, *, #8171, .F. ) ;
#2924 = SURFACE_STYLE_USAGE ( .BOTH. , #9657 ) ;
#2925 = EDGE_CURVE ( 'NONE', #6552, #4702, #4638, .T. ) ;
#2926 = CYLINDRICAL_SURFACE ( 'NONE', #4484, 0.1199999999999999956 ) ;
#2927 = DIRECTION ( 'NONE',  ( -7.744301232039309779E-16, 0.000000000000000000, 1.000000000000000000 ) ) ;
#2928 = DIRECTION ( 'NONE',  ( 0.000000000000000000, 0.000000000000000000, -1.000000000000000000 ) ) ;
#2929 = PRODUCT_DEFINITION ( 'UNKNOWN', '', #3136, #6182 ) ;
#2930 = EDGE_CURVE ( 'NONE', #747, #3271, #7272, .T. ) ;
#2931 = VECTOR ( 'NONE', #7487, 1000.000000000000000 ) ;
#2932 = VECTOR ( 'NONE', #8320, 1000.000000000000000 ) ;
#2933 = FACE_OUTER_BOUND ( 'NONE', #6188, .T. ) ;
#2934 = DIRECTION ( 'NONE',  ( -1.000000000000000000, 0.000000000000000000, 0.000000000000000000 ) ) ;
#2935 = ORIENTED_EDGE ( 'NONE', *, *, #5, .T. ) ;
#2936 = ORIENTED_EDGE ( 'NONE', *, *, #2750, .F. ) ;
#2937 = DIRECTION ( 'NONE',  ( 0.000000000000000000, 1.000000000000000000, 0.000000000000000000 ) ) ;
#2938 = ADVANCED_FACE ( 'NONE', ( #1894 ), #5672, .T. ) ;
#2939 = ORIENTED_EDGE ( 'NONE', *, *, #1479, .T. ) ;
#2940 = CARTESIAN_POINT ( 'NONE',  ( 0.8699999999999999956, 0.05000000000000000278, 1.719999999999999973 ) ) ;
#2941 = DIRECTION ( 'NONE',  ( 1.000000000000000000, 0.000000000000000000, -7.744301232039309779E-16 ) ) ;
#2942 = CARTESIAN_POINT ( 'NONE',  ( -1.500000000000000000, 0.3343145750507609537, -1.500000000000000000 ) ) ;
#2943 = FACE_OUTER_BOUND ( 'NONE', #2160, .T. ) ;
#2944 = VECTOR ( 'NONE', #3265, 1000.000000000000000 ) ;
#2945 = SURFACE_STYLE_USAGE ( .BOTH. , #3716 ) ;
#2946 = ORIENTED_EDGE ( 'NONE', *, *, #5365, .T. ) ;
#2947 = VERTEX_POINT ( 'NONE', #2646 ) ;
#2948 = EDGE_CURVE ( 'NONE', #8220, #6948, #3491, .T. ) ;
#2949 = ORIENTED_EDGE ( 'NONE', *, *, #4390, .F. ) ;
#2950 = DIRECTION ( 'NONE',  ( 0.000000000000000000, -1.000000000000000000, 0.000000000000000000 ) ) ;
#2951 = ORIENTED_EDGE ( 'NONE', *, *, #9020, .F. ) ;
#2952 = FACE_OUTER_BOUND ( 'NONE', #9396, .T. ) ;
#2953 = DIRECTION ( 'NONE',  ( 0.000000000000000000, -1.000000000000000000, 0.000000000000000000 ) ) ;
#2954 = LINE ( 'NONE', #8906, #388 ) ;
#2955 = LINE ( 'NONE', #3766, #9487 ) ;
#2956 = ORIENTED_EDGE ( 'NONE', *, *, #5110, .T. ) ;
#2957 = DIRECTION ( 'NONE',  ( 0.000000000000000000, -1.000000000000000000, 0.000000000000000000 ) ) ;
#2958 = ORIENTED_EDGE ( 'NONE', *, *, #6527, .F. ) ;
#2959 = DIRECTION ( 'NONE',  ( -7.744301232039309779E-16, 0.000000000000000000, -1.000000000000000000 ) ) ;
#2960 = ADVANCED_FACE ( 'NONE', ( #9275 ), #8637, .F. ) ;
#2961 = PRESENTATION_STYLE_ASSIGNMENT (( #8307 ) ) ;
#2962 = VERTEX_POINT ( 'NONE', #4787 ) ;
#2963 = PLANE ( 'NONE',  #9298 ) ;
#2964 = DIRECTION ( 'NONE',  ( -1.000000000000000000, 0.000000000000000000, 0.000000000000000000 ) ) ;
#2965 = DIRECTION ( 'NONE',  ( 0.000000000000000000, -1.000000000000000000, 0.000000000000000000 ) ) ;
#2966 = EDGE_CURVE ( 'NONE', #3272, #3640, #5627, .T. ) ;
#2967 = ORIENTED_EDGE ( 'NONE', *, *, #6, .T. ) ;
#2968 = CARTESIAN_POINT ( 'NONE',  ( -0.3699999999999999956, 0.05000000000000000278, -2.000000000000000000 ) ) ;
#2969 = EDGE_CURVE ( 'NONE', #8955, #9185, #7013, .T. ) ;
#2970 = CARTESIAN_POINT ( 'NONE',  ( -1.250000000000000000, 0.2000000000000000111, -1.719999999999999973 ) ) ;
#2971 = DIRECTION ( 'NONE',  ( 0.000000000000000000, 1.000000000000000000, 0.000000000000000000 ) ) ;
#2972 = DIRECTION ( 'NONE',  ( 0.000000000000000000, 0.000000000000000000, -1.000000000000000000 ) ) ;
#2973 = DIRECTION ( 'NONE',  ( 0.000000000000000000, 0.000000000000000000, 1.000000000000000000 ) ) ;
#2974 = EDGE_CURVE ( 'NONE', #6530, #9272, #4047, .T. ) ;
#2975 = EDGE_CURVE ( 'NONE', #6212, #6656, #8529, .T. ) ;
#2976 = DIRECTION ( 'NONE',  ( 1.000000000000000000, 0.000000000000000000, 0.000000000000000000 ) ) ;
#2977 = CARTESIAN_POINT ( 'NONE',  ( 1.287966265713290204, 0.000000000000000000, -1.606164317247239959 ) ) ;
#2978 = ORIENTED_EDGE ( 'NONE', *, *, #2863, .F. ) ;
#2979 = DIRECTION ( 'NONE',  ( 0.000000000000000000, 0.000000000000000000, -1.000000000000000000 ) ) ;
#2980 = ORIENTED_EDGE ( 'NONE', *, *, #1128, .F. ) ;
#2981 = DIRECTION ( 'NONE',  ( 0.000000000000000000, 0.000000000000000000, -1.000000000000000000 ) ) ;
#2982 = DIRECTION ( 'NONE',  ( 0.000000000000000000, -1.000000000000000000, 0.000000000000000000 ) ) ;
#2983 = CARTESIAN_POINT ( 'NONE',  ( 1.606164317247239959, 0.05000000000000000278, -1.287966265713290204 ) ) ;
#2984 = CARTESIAN_POINT ( 'NONE',  ( -1.719999999999999973, 0.000000000000000000, -1.250000000000000000 ) ) ;
#2985 = EDGE_CURVE ( 'NONE', #7998, #6530, #5529, .T. ) ;
#2986 = AXIS2_PLACEMENT_3D ( 'NONE', #2222, #3735, #8272 ) ;
#2987 =( LENGTH_UNIT ( ) NAMED_UNIT ( * ) SI_UNIT ( .MILLI., .METRE. ) );
#2988 = EDGE_LOOP ( 'NONE', ( #6223, #5884, #4293, #9285, #302, #6910, #4656, #8044, #6655, #2240, #2016, #9482, #1580, #1751, #9238, #8404, #657, #7813, #2585, #2202, #9076, #1131, #630, #7951, #1036, #1597, #7103, #7325 ) ) ;
#2989 = EDGE_LOOP ( 'NONE', ( #528, #4386, #4451, #2935 ) ) ;
#2990 = ORIENTED_EDGE ( 'NONE', *, *, #6074, .T. ) ;
#2991 = CARTESIAN_POINT ( 'NONE',  ( -2.000000000000000000, 0.6664761515876239661, 1.129999999999999893 ) ) ;
#2992 = ORIENTED_EDGE ( 'NONE', *, *, #1409, .T. ) ;
#2993 = LINE ( 'NONE', #4254, #9464 ) ;
#2994 = LINE ( 'NONE', #6903, #6001 ) ;
#2995 = CARTESIAN_POINT ( 'NONE',  ( 2.000000000000000000, 7.656854249492380582, 2.000000000000000000 ) ) ;
#2996 = DIRECTION ( 'NONE',  ( 0.000000000000000000, -1.000000000000000000, 0.000000000000000000 ) ) ;
#2997 = ORIENTED_EDGE ( 'NONE', *, *, #5131, .T. ) ;
#2998 = CARTESIAN_POINT ( 'NONE',  ( 1.250000000000000000, 0.2000000000000000111, 1.719999999999999973 ) ) ;
#2999 = ORIENTED_EDGE ( 'NONE', *, *, #8614, .T. ) ;
#3000 = CARTESIAN_POINT ( 'NONE',  ( 1.719999999999999973, 0.2000000000000000111, 0.2500000000000000000 ) ) ;
#3001 =( LENGTH_UNIT ( ) NAMED_UNIT ( * ) SI_UNIT ( .MILLI., .METRE. ) );
#3002 = ORIENTED_EDGE ( 'NONE', *, *, #2760, .F. ) ;
#3003 = SURFACE_SIDE_STYLE ('',( #603 ) ) ;
#3004 = CARTESIAN_POINT ( 'NONE',  ( -0.1299999999999999767, 0.2000000000000000111, -1.719999999999999973 ) ) ;
#3005 = DIRECTION ( 'NONE',  ( 0.000000000000000000, 0.000000000000000000, 1.000000000000000000 ) ) ;
#3006 = CARTESIAN_POINT ( 'NONE',  ( 1.606164317247239959, 0.000000000000000000, 1.287966265713290204 ) ) ;
#3007 = EDGE_CURVE ( 'NONE', #3954, #2298, #6406, .T. ) ;
#3008 = ORIENTED_EDGE ( 'NONE', *, *, #2985, .F. ) ;
#3009 = LINE ( 'NONE', #6640, #7216 ) ;
#3010 = VECTOR ( 'NONE', #2159, 1000.000000000000000 ) ;
#3011 = ORIENTED_EDGE ( 'NONE', *, *, #9629, .T. ) ;
#3012 = PRESENTATION_STYLE_ASSIGNMENT (( #1584 ) ) ;
#3013 = AXIS2_PLACEMENT_3D ( 'NONE', #8722, #1101, #1985 ) ;
#3014 = CARTESIAN_POINT ( 'NONE',  ( 1.250000000000000000, 0.000000000000000000, -1.490777987167568597E-16 ) ) ;
#3015 = CARTESIAN_POINT ( 'NONE',  ( 1.369999999999999885, 0.2000000000000000111, -1.719999999999999973 ) ) ;
#3016 = DIRECTION ( 'NONE',  ( 0.000000000000000000, 1.000000000000000000, 0.000000000000000000 ) ) ;
#3017 = AXIS2_PLACEMENT_3D ( 'NONE', #6928, #2981, #4490 ) ;
#3018 = VECTOR ( 'NONE', #162, 1000.000000000000000 ) ;
#3019 = DIRECTION ( 'NONE',  ( -0.000000000000000000, 1.000000000000000000, 0.000000000000000000 ) ) ;
#3020 = DIRECTION ( 'NONE',  ( 0.000000000000000000, 0.000000000000000000, 1.000000000000000000 ) ) ;
#3021 = ORIENTED_EDGE ( 'NONE', *, *, #2035, .T. ) ;
#3022 = VECTOR ( 'NONE', #1908, 1000.000000000000000 ) ;
#3023 = LINE ( 'NONE', #724, #6443 ) ;
#3024 = ORIENTED_EDGE ( 'NONE', *, *, #8351, .T. ) ;
#3025 = VECTOR ( 'NONE', #7862, 1000.000000000000000 ) ;
#3026 = EDGE_CURVE ( 'NONE', #1378, #6058, #1949, .T. ) ;
#3027 = CARTESIAN_POINT ( 'NONE',  ( 1.719999999999999973, 0.000000000000000000, -1.369999999999999885 ) ) ;
#3028 = ADVANCED_FACE ( 'NONE', ( #1813 ), #4932, .F. ) ;
#3029 = LINE ( 'NONE', #6712, #2876 ) ;
#3030 = CARTESIAN_POINT ( 'NONE',  ( 8.751060392204418926E-16, 0.05000000000000000278, 1.129999999999999893 ) ) ;
#3031 = CIRCLE ( 'NONE', #8676, 0.2000000000000000944 ) ;
#3032 = VECTOR ( 'NONE', #4195, 1000.000000000000114 ) ;
#3033 = SURFACE_SIDE_STYLE ('',( #3664 ) ) ;
#3034 = ORIENTED_EDGE ( 'NONE', *, *, #25, .T. ) ;
#3035 = ORIENTED_EDGE ( 'NONE', *, *, #4180, .T. ) ;
#3036 = ORIENTED_EDGE ( 'NONE', *, *, #9170, .T. ) ;
#3037 = DIRECTION ( 'NONE',  ( 1.000000000000000000, 0.000000000000000000, 0.000000000000000000 ) ) ;
#3038 = VERTEX_POINT ( 'NONE', #3277 ) ;
#3039 = CYLINDRICAL_SURFACE ( 'NONE', #4896, 0.1200000000000000927 ) ;
#3040 = EDGE_CURVE ( 'NONE', #5593, #6321, #7952, .T. ) ;
#3041 = PLANE ( 'NONE',  #202 ) ;
#3042 = LINE ( 'NONE', #2313, #3059 ) ;
#3043 = VECTOR ( 'NONE', #2382, 1000.000000000000000 ) ;
#3044 = ADVANCED_FACE ( 'NONE', ( #474 ), #5524, .F. ) ;
#3045 = AXIS2_PLACEMENT_3D ( 'NONE', #9664, #5121, #3072 ) ;
#3046 = FILL_AREA_STYLE_COLOUR ( '', #864 ) ;
#3047 = CIRCLE ( 'NONE', #2420, 0.1200000000000000927 ) ;
#3048 = VECTOR ( 'NONE', #3194, 1000.000000000000000 ) ;
#3049 = VERTEX_POINT ( 'NONE', #7055 ) ;
#3050 = FACE_OUTER_BOUND ( 'NONE', #4237, .T. ) ;
#3051 = ORIENTED_EDGE ( 'NONE', *, *, #691, .T. ) ;
#3052 = CARTESIAN_POINT ( 'NONE',  ( 0.000000000000000000, 0.05000000000000000278, 0.3699999999999999956 ) ) ;
#3053 = ORIENTED_EDGE ( 'NONE', *, *, #8900, .T. ) ;
#3054 = CYLINDRICAL_SURFACE ( 'NONE', #4881, 0.2000000000000000944 ) ;
#3055 = ADVANCED_FACE ( 'NONE', ( #329 ), #3322, .F. ) ;
#3056 = FACE_OUTER_BOUND ( 'NONE', #2330, .T. ) ;
#3057 = CARTESIAN_POINT ( 'NONE',  ( -1.719999999999999973, 0.05000000000000000278, 0.2500000000000000000 ) ) ;
#3058 = CARTESIAN_POINT ( 'NONE',  ( 1.719999999999999973, 0.000000000000000000, -0.8699999999999999956 ) ) ;
#3059 = VECTOR ( 'NONE', #1708, 1000.000000000000000 ) ;
#3060 = ORIENTED_EDGE ( 'NONE', *, *, #1485, .T. ) ;
#3061 = LINE ( 'NONE', #5855, #6742 ) ;
#3062 = ORIENTED_EDGE ( 'NONE', *, *, #2969, .F. ) ;
#3063 = CARTESIAN_POINT ( 'NONE',  ( 2.000000000000000000, 0.05000000000000000278, 2.000000000000000000 ) ) ;
#3064 =( GEOMETRIC_REPRESENTATION_CONTEXT ( 3 ) GLOBAL_UNCERTAINTY_ASSIGNED_CONTEXT ( ( #9148 ) ) GLOBAL_UNIT_ASSIGNED_CONTEXT ( ( #3869, #2218, #8219 ) ) REPRESENTATION_CONTEXT ( 'NONE', 'WORKASPACE' ) );
#3065 = AXIS2_PLACEMENT_3D ( 'NONE', #8416, #1583, #1726 ) ;
#3066 = DIRECTION ( 'NONE',  ( -0.7071067811865455743, 0.000000000000000000, -0.7071067811865495711 ) ) ;
#3067 = EDGE_CURVE ( 'NONE', #847, #4102, #1855, .T. ) ;
#3068 = DIRECTION ( 'NONE',  ( 0.000000000000000000, -1.000000000000000000, 0.000000000000000000 ) ) ;
#3069 = EDGE_CURVE ( 'NONE', #7425, #4226, #1263, .T. ) ;
#3070 = LINE ( 'NONE', #801, #3190 ) ;
#3071 = VECTOR ( 'NONE', #5155, 1000.000000000000000 ) ;
#3072 = DIRECTION ( 'NONE',  ( 0.000000000000000000, -1.000000000000000000, 0.000000000000000000 ) ) ;
#3073 = CARTESIAN_POINT ( 'NONE',  ( -1.719999999999999973, 0.05000000000000000278, -0.3699999999999999956 ) ) ;
#3074 = ORIENTED_EDGE ( 'NONE', *, *, #1877, .T. ) ;
#3075 = FACE_OUTER_BOUND ( 'NONE', #4599, .T. ) ;
#3076 = EDGE_LOOP ( 'NONE', ( #1660, #6464, #6488, #3406 ) ) ;
#3077 = EDGE_CURVE ( 'NONE', #8306, #561, #2744, .T. ) ;
#3078 = STYLED_ITEM ( 'NONE', ( #450 ), #5432 ) ;
#3079 = LINE ( 'NONE', #1556, #5489 ) ;
#3080 = CARTESIAN_POINT ( 'NONE',  ( -0.6300000000000000044, 0.05000000000000000278, 1.719999999999999973 ) ) ;
#3081 = AXIS2_PLACEMENT_3D ( 'NONE', #2480, #6095, #5346 ) ;
#3082 = LINE ( 'NONE', #6061, #244 ) ;
#3083 = EDGE_CURVE ( 'NONE', #4274, #1380, #1504, .T. ) ;
#3084 = EDGE_CURVE ( 'NONE', #3612, #55, #3070, .T. ) ;
#3085 = ORIENTED_EDGE ( 'NONE', *, *, #5835, .T. ) ;
#3086 = ORIENTED_EDGE ( 'NONE', *, *, #9630, .T. ) ;
#3087 = EDGE_LOOP ( 'NONE', ( #4635, #1524, #9189, #258 ) ) ;
#3088 = EDGE_CURVE ( 'NONE', #8567, #6963, #661, .T. ) ;
#3089 = DIRECTION ( 'NONE',  ( 7.744301232039309779E-16, 0.000000000000000000, 1.000000000000000000 ) ) ;
#3090 = ORIENTED_EDGE ( 'NONE', *, *, #317, .F. ) ;
#3091 = CARTESIAN_POINT ( 'NONE',  ( -1.250000000000000000, 0.2000000000000000111, -1.719999999999999973 ) ) ;
#3092 = CARTESIAN_POINT ( 'NONE',  ( -0.3699999999999999956, 0.2000000000000000111, -1.719999999999999973 ) ) ;
#3093 = CARTESIAN_POINT ( 'NONE',  ( 1.287966265713290204, 0.000000000000000000, -1.606164317247239959 ) ) ;
#3094 =( LENGTH_UNIT ( ) NAMED_UNIT ( * ) SI_UNIT ( .MILLI., .METRE. ) );
#3095 = EDGE_CURVE ( 'NONE', #8786, #3272, #6052, .T. ) ;
#3096 = ORIENTED_EDGE ( 'NONE', *, *, #6152, .T. ) ;
#3097 = LINE ( 'NONE', #6825, #1793 ) ;
#3098 = EDGE_LOOP ( 'NONE', ( #2936, #8765, #9386, #940 ) ) ;
#3099 = ORIENTED_EDGE ( 'NONE', *, *, #9630, .F. ) ;
#3100 = ORIENTED_EDGE ( 'NONE', *, *, #2930, .T. ) ;
#3101 = CARTESIAN_POINT ( 'NONE',  ( -1.719999999999999973, 0.6664761515876239661, -0.3699999999999999956 ) ) ;
#3102 = CARTESIAN_POINT ( 'NONE',  ( -0.3699999999999999956, 0.6664761515876239661, -2.000000000000000000 ) ) ;
#3103 = DIRECTION ( 'NONE',  ( 1.000000000000000000, 0.000000000000000000, 0.000000000000000000 ) ) ;
#3104 = DIRECTION ( 'NONE',  ( 0.000000000000000000, 0.000000000000000000, -1.000000000000000000 ) ) ;
#3105 = EDGE_CURVE ( 'NONE', #3537, #7799, #4566, .T. ) ;
#3106 = VERTEX_POINT ( 'NONE', #9659 ) ;
#3107 = FILL_AREA_STYLE ('',( #434 ) ) ;
#3108 = ORIENTED_EDGE ( 'NONE', *, *, #8309, .T. ) ;
#3109 = ADVANCED_FACE ( 'NONE', ( #4482 ), #718, .F. ) ;
#3110 = CARTESIAN_POINT ( 'NONE',  ( -0.3699999999999999956, 0.05000000000000000278, 1.719999999999999973 ) ) ;
#3111 = ORIENTED_EDGE ( 'NONE', *, *, #7240, .F. ) ;
#3112 = SURFACE_SIDE_STYLE ('',( #4564 ) ) ;
#3113 = FACE_OUTER_BOUND ( 'NONE', #809, .T. ) ;
#3114 = CYLINDRICAL_SURFACE ( 'NONE', #5065, 0.1200000000000000927 ) ;
#3115 = EDGE_CURVE ( 'NONE', #5142, #8485, #6943, .T. ) ;
#3116 = LINE ( 'NONE', #6098, #72 ) ;
#3117 = LINE ( 'NONE', #6099, #9359 ) ;
#3118 = VERTEX_POINT ( 'NONE', #8926 ) ;
#3119 = CARTESIAN_POINT ( 'NONE',  ( 0.8699999999999999956, 0.2000000000000000111, -1.719999999999999973 ) ) ;
#3120 = EDGE_LOOP ( 'NONE', ( #7860, #3769, #948, #2999 ) ) ;
#3121 = LINE ( 'NONE', #3754, #4392 ) ;
#3122 = CARTESIAN_POINT ( 'NONE',  ( -1.369999999999999885, 0.2000000000000000111, -1.719999999999999973 ) ) ;
#3123 = DIRECTION ( 'NONE',  ( 0.000000000000000000, -1.000000000000000000, 0.000000000000000000 ) ) ;
#3124 = LINE ( 'NONE', #2305, #9017 ) ;
#3125 = ORIENTED_EDGE ( 'NONE', *, *, #3702, .F. ) ;
#3126 = VERTEX_POINT ( 'NONE', #2181 ) ;
#3127 = VERTEX_POINT ( 'NONE', #9073 ) ;
#3128 = CARTESIAN_POINT ( 'NONE',  ( 1.719999999999999973, 0.05000000000000000278, -1.250000000000000000 ) ) ;
#3129 = ORIENTED_EDGE ( 'NONE', *, *, #404, .T. ) ;
#3130 = LINE ( 'NONE', #7552, #523 ) ;
#3131 = LINE ( 'NONE', #1666, #6936 ) ;
#3132 = DIRECTION ( 'NONE',  ( 0.000000000000000000, -1.000000000000000000, 0.000000000000000000 ) ) ;
#3133 = EDGE_LOOP ( 'NONE', ( #1798, #3629, #1415, #1340 ) ) ;
#3134 = DIRECTION ( 'NONE',  ( -1.000000000000000000, -0.000000000000000000, -6.505213034913026604E-17 ) ) ;
#3135 = EDGE_LOOP ( 'NONE', ( #5969, #2684, #436, #1821 ) ) ;
#3136 = PRODUCT_DEFINITION_FORMATION_WITH_SPECIFIED_SOURCE ( 'ANY', '', #4210, .NOT_KNOWN. ) ;
#3137 = VERTEX_POINT ( 'NONE', #6741 ) ;
#3138 = DIRECTION ( 'NONE',  ( 0.000000000000000000, -1.000000000000000000, 0.000000000000000000 ) ) ;
#3139 = VERTEX_POINT ( 'NONE', #4240 ) ;
#3140 = DIRECTION ( 'NONE',  ( 0.7071067811865495711, 0.000000000000000000, -0.7071067811865455743 ) ) ;
#3141 = UNCERTAINTY_MEASURE_WITH_UNIT (LENGTH_MEASURE( 1.000000000000000082E-05 ), #3150, 'distance_accuracy_value', 'NONE');
#3142 = LINE ( 'NONE', #2467, #8355 ) ;
#3143 = CARTESIAN_POINT ( 'NONE',  ( -0.1299999999999999767, 0.05000000000000000278, -1.719999999999999973 ) ) ;
#3144 = DIRECTION ( 'NONE',  ( -0.7071067811865505703, 0.000000000000000000, 0.7071067811865444641 ) ) ;
#3145 = ADVANCED_FACE ( 'NONE', ( #2292 ), #5158, .F. ) ;
#3146 = ADVANCED_FACE ( 'NONE', ( #4523 ), #6788, .T. ) ;
#3147 = VECTOR ( 'NONE', #5597, 1000.000000000000114 ) ;
#3148 = ORIENTED_EDGE ( 'NONE', *, *, #9706, .T. ) ;
#3149 = FACE_OUTER_BOUND ( 'NONE', #6254, .T. ) ;
#3150 =( LENGTH_UNIT ( ) NAMED_UNIT ( * ) SI_UNIT ( .MILLI., .METRE. ) );
#3151 = ORIENTED_EDGE ( 'NONE', *, *, #6434, .F. ) ;
#3152 = CARTESIAN_POINT ( 'NONE',  ( -1.250000000000000000, 0.000000000000000000, -3.252606517456513302E-16 ) ) ;
#3153 = DIRECTION ( 'NONE',  ( 0.000000000000000000, -1.000000000000000000, 0.000000000000000000 ) ) ;
#3154 = CYLINDRICAL_SURFACE ( 'NONE', #7949, 0.1200000000000000927 ) ;
#3155 = FACE_OUTER_BOUND ( 'NONE', #2090, .T. ) ;
#3156 = VECTOR ( 'NONE', #1484, 1000.000000000000000 ) ;
#3157 = EDGE_CURVE ( 'NONE', #3126, #2030, #856, .T. ) ;
#3158 = AXIS2_PLACEMENT_3D ( 'NONE', #511, #3553, #565 ) ;
#3159 = CARTESIAN_POINT ( 'NONE',  ( -1.719999999999999973, 0.2000000000000000111, 0.7500000000000000000 ) ) ;
#3160 = CARTESIAN_POINT ( 'NONE',  ( -1.719999999999999973, 0.2000000000000000111, -0.1299999999999999767 ) ) ;
#3161 = ORIENTED_EDGE ( 'NONE', *, *, #8082, .F. ) ;
#3162 = CARTESIAN_POINT ( 'NONE',  ( 1.287966265713291980, 0.2000000000000000111, 1.606164317247235074 ) ) ;
#3163 = DIRECTION ( 'NONE',  ( 0.000000000000000000, -1.000000000000000000, 0.000000000000000000 ) ) ;
#3164 = VECTOR ( 'NONE', #361, 1000.000000000000000 ) ;
#3165 = PLANE ( 'NONE',  #532 ) ;
#3166 = CARTESIAN_POINT ( 'NONE',  ( -1.369999999999999885, 0.2000000000000000111, -2.000000000000000000 ) ) ;
#3167 = PLANE ( 'NONE',  #9631 ) ;
#3168 = CIRCLE ( 'NONE', #8521, 0.2000000000000000944 ) ;
#3169 = ORIENTED_EDGE ( 'NONE', *, *, #9237, .F. ) ;
#3170 = VECTOR ( 'NONE', #2575, 1000.000000000000000 ) ;
#3171 = EDGE_LOOP ( 'NONE', ( #6856, #6403, #6425, #104, #4825, #5091, #2284 ) ) ;
#3172 = ORIENTED_EDGE ( 'NONE', *, *, #6879, .F. ) ;
#3173 = DIRECTION ( 'NONE',  ( 1.000000000000000000, 0.000000000000000000, 0.000000000000000000 ) ) ;
#3174 = ORIENTED_EDGE ( 'NONE', *, *, #1496, .F. ) ;
#3175 = DIRECTION ( 'NONE',  ( 0.000000000000000000, 0.000000000000000000, -1.000000000000000000 ) ) ;
#3176 = ADVANCED_FACE ( 'NONE', ( #1549 ), #5301, .T. ) ;
#3177 = CARTESIAN_POINT ( 'NONE',  ( 1.719999999999999973, 0.6664761515876239661, -0.1299999999999999767 ) ) ;
#3178 = ADVANCED_FACE ( 'NONE', ( #76 ), #7999, .F. ) ;
#3179 = DIRECTION ( 'NONE',  ( 0.000000000000000000, 0.000000000000000000, -1.000000000000000000 ) ) ;
#3180 = VECTOR ( 'NONE', #8442, 1000.000000000000000 ) ;
#3181 = CIRCLE ( 'NONE', #7736, 0.1200000000000000927 ) ;
#3182 = DIRECTION ( 'NONE',  ( 0.7071067811865495711, 0.000000000000000000, -0.7071067811865455743 ) ) ;
#3183 = ORIENTED_EDGE ( 'NONE', *, *, #3340, .T. ) ;
#3184 = DIRECTION ( 'NONE',  ( 0.000000000000000000, -1.000000000000000000, 0.000000000000000000 ) ) ;
#3185 = VECTOR ( 'NONE', #2033, 1000.000000000000000 ) ;
#3186 = ORIENTED_EDGE ( 'NONE', *, *, #143, .F. ) ;
#3187 = ORIENTED_EDGE ( 'NONE', *, *, #6084, .T. ) ;
#3188 = SURFACE_SIDE_STYLE ('',( #7474 ) ) ;
#3189 = ORIENTED_EDGE ( 'NONE', *, *, #8986, .T. ) ;
#3190 = VECTOR ( 'NONE', #6648, 1000.000000000000000 ) ;
#3191 = PLANE ( 'NONE',  #5198 ) ;
#3192 = LINE ( 'NONE', #2324, #6459 ) ;
#3193 = DIRECTION ( 'NONE',  ( -1.000000000000000000, 0.000000000000000000, 0.000000000000000000 ) ) ;
#3194 = DIRECTION ( 'NONE',  ( 0.000000000000000000, -1.000000000000000000, 0.000000000000000000 ) ) ;
#3195 = AXIS2_PLACEMENT_3D ( 'NONE', #550, #598, #1387 ) ;
#3196 = AXIS2_PLACEMENT_3D ( 'NONE', #2281, #3692, #7430 ) ;
#3197 = ORIENTED_EDGE ( 'NONE', *, *, #7889, .F. ) ;
#3198 = EDGE_CURVE ( 'NONE', #1090, #1533, #1588, .T. ) ;
#3199 = EDGE_LOOP ( 'NONE', ( #3794, #439 ) ) ;
#3200 = EDGE_CURVE ( 'NONE', #7460, #6562, #1447, .T. ) ;
#3201 = LINE ( 'NONE', #9209, #1186 ) ;
#3202 = LINE ( 'NONE', #9211, #2931 ) ;
#3203 = AXIS2_PLACEMENT_3D ( 'NONE', #3302, #9115, #904 ) ;
#3204 = VERTEX_POINT ( 'NONE', #6196 ) ;
#3205 = AXIS2_PLACEMENT_3D ( 'NONE', #5838, #3578, #4259 ) ;
#3206 = FACE_OUTER_BOUND ( 'NONE', #7052, .T. ) ;
#3207 = CARTESIAN_POINT ( 'NONE',  ( 1.719999999999999973, 0.05000000000000000278, 0.1299999999999999767 ) ) ;
#3208 = FACE_OUTER_BOUND ( 'NONE', #7996, .T. ) ;
#3209 = ADVANCED_FACE ( 'NONE', ( #124 ), #3114, .T. ) ;
#3210 = VECTOR ( 'NONE', #6733, 1000.000000000000000 ) ;
#3211 = LINE ( 'NONE', #3924, #7440 ) ;
#3212 = VECTOR ( 'NONE', #9687, 1000.000000000000000 ) ;
#3213 = MECHANICAL_DESIGN_GEOMETRIC_PRESENTATION_REPRESENTATION (  '', ( #5237 ), #5716 ) ;
#3214 = VECTOR ( 'NONE', #4641, 1000.000000000000000 ) ;
#3215 = CARTESIAN_POINT ( 'NONE',  ( -1.129999999999999893, 0.05000000000000000278, -1.719999999999999973 ) ) ;
#3216 = EDGE_CURVE ( 'NONE', #1746, #5327, #8422, .T. ) ;
#3217 = CARTESIAN_POINT ( 'NONE',  ( -2.000000000000000000, 0.6664761515876239661, 1.369999999999999885 ) ) ;
#3218 = ORIENTED_EDGE ( 'NONE', *, *, #9710, .T. ) ;
#3219 = CARTESIAN_POINT ( 'NONE',  ( 0.000000000000000000, 0.05000000000000000278, -1.129999999999999893 ) ) ;
#3220 = VERTEX_POINT ( 'NONE', #1787 ) ;
#3221 = EDGE_CURVE ( 'NONE', #7937, #2895, #3300, .T. ) ;
#3222 = EDGE_CURVE ( 'NONE', #6022, #3332, #6323, .T. ) ;
#3223 = VECTOR ( 'NONE', #5291, 1000.000000000000000 ) ;
#3224 = DIRECTION ( 'NONE',  ( 0.000000000000000000, 1.000000000000000000, 0.000000000000000000 ) ) ;
#3225 = CARTESIAN_POINT ( 'NONE',  ( -2.000000000000000000, 0.2000000000000000111, 0.8699999999999999956 ) ) ;
#3226 = DIRECTION ( 'NONE',  ( 0.000000000000000000, 0.000000000000000000, 1.000000000000000000 ) ) ;
#3227 = EDGE_CURVE ( 'NONE', #3655, #4786, #7830, .T. ) ;
#3228 =( GEOMETRIC_REPRESENTATION_CONTEXT ( 3 ) GLOBAL_UNCERTAINTY_ASSIGNED_CONTEXT ( ( #3828 ) ) GLOBAL_UNIT_ASSIGNED_CONTEXT ( ( #6203, #5456, #1736 ) ) REPRESENTATION_CONTEXT ( 'NONE', 'WORKASPACE' ) );
#3229 = ORIENTED_EDGE ( 'NONE', *, *, #8767, .F. ) ;
#3230 = EDGE_LOOP ( 'NONE', ( #682, #9467, #3995, #121 ) ) ;
#3231 = CARTESIAN_POINT ( 'NONE',  ( -0.6300000000000000044, 0.6664761515876239661, -2.000000000000000000 ) ) ;
#3232 = ORIENTED_EDGE ( 'NONE', *, *, #3748, .F. ) ;
#3233 = CLOSED_SHELL ( 'NONE', ( #5553, #6233, #7599, #2487 ) ) ;
#3234 = LINE ( 'NONE', #5522, #1277 ) ;
#3235 = EDGE_LOOP ( 'NONE', ( #1724, #9201 ) ) ;
#3236 = CARTESIAN_POINT ( 'NONE',  ( -0.2500000000000000000, 0.2000000000000000111, -1.719999999999999973 ) ) ;
#3237 = DIRECTION ( 'NONE',  ( 1.000000000000000000, 0.000000000000000000, 0.000000000000000000 ) ) ;
#3238 = LINE ( 'NONE', #6904, #7609 ) ;
#3239 = PRESENTATION_LAYER_ASSIGNMENT (  '', '', ( #1669 ) ) ;
#3240 = VECTOR ( 'NONE', #3642, 1000.000000000000000 ) ;
#3241 = LINE ( 'NONE', #5532, #6660 ) ;
#3242 = ADVANCED_FACE ( 'NONE', ( #8520 ), #6887, .F. ) ;
#3243 = ORIENTED_EDGE ( 'NONE', *, *, #7491, .T. ) ;
#3244 = ORIENTED_EDGE ( 'NONE', *, *, #4510, .F. ) ;
#3245 = ORIENTED_EDGE ( 'NONE', *, *, #6621, .F. ) ;
#3246 = FILL_AREA_STYLE ('',( #6965 ) ) ;
#3247 = VERTEX_POINT ( 'NONE', #3883 ) ;
#3248 = DIRECTION ( 'NONE',  ( -1.000000000000000000, 0.000000000000000000, 7.744301232039309779E-16 ) ) ;
#3249 = DIRECTION ( 'NONE',  ( 0.000000000000000000, 0.000000000000000000, -1.000000000000000000 ) ) ;
#3250 = DIRECTION ( 'NONE',  ( 0.000000000000000000, 0.000000000000000000, -1.000000000000000000 ) ) ;
#3251 = CARTESIAN_POINT ( 'NONE',  ( 0.8699999999999999956, 0.2000000000000000111, 1.719999999999999973 ) ) ;
#3252 = ORIENTED_EDGE ( 'NONE', *, *, #6131, .F. ) ;
#3253 = ORIENTED_EDGE ( 'NONE', *, *, #64, .F. ) ;
#3254 = DIRECTION ( 'NONE',  ( -1.000000000000000000, 0.000000000000000000, 0.000000000000000000 ) ) ;
#3255 =( NAMED_UNIT ( * ) PLANE_ANGLE_UNIT ( ) SI_UNIT ( $, .RADIAN. ) );
#3256 = ORIENTED_EDGE ( 'NONE', *, *, #2365, .T. ) ;
#3257 = CARTESIAN_POINT ( 'NONE',  ( 1.129999999999999893, 0.2000000000000000111, -1.719999999999999973 ) ) ;
#3258 = CARTESIAN_POINT ( 'NONE',  ( -0.3699999999999999956, 0.05000000000000000278, 2.000000000000000000 ) ) ;
#3259 = LINE ( 'NONE', #2481, #7592 ) ;
#3260 = EDGE_CURVE ( 'NONE', #6827, #8790, #1055, .T. ) ;
#3261 = CARTESIAN_POINT ( 'NONE',  ( -1.606164317247235074, 0.2000000000000000111, 1.287966265713291980 ) ) ;
#3262 = PLANE ( 'NONE',  #1350 ) ;
#3263 = ORIENTED_EDGE ( 'NONE', *, *, #4580, .F. ) ;
#3264 = DIRECTION ( 'NONE',  ( 0.000000000000000000, 0.000000000000000000, -1.000000000000000000 ) ) ;
#3265 = DIRECTION ( 'NONE',  ( -0.000000000000000000, 1.000000000000000000, -0.000000000000000000 ) ) ;
#3266 = CARTESIAN_POINT ( 'NONE',  ( -2.000000000000000000, 0.05000000000000000278, -1.129999999999999893 ) ) ;
#3267 = CARTESIAN_POINT ( 'NONE',  ( -2.000000000000000000, 0.000000000000000000, 0.8699999999999999956 ) ) ;
#3268 = EDGE_CURVE ( 'NONE', #2815, #7937, #4028, .T. ) ;
#3269 = EDGE_CURVE ( 'NONE', #4194, #9413, #5403, .T. ) ;
#3270 = CARTESIAN_POINT ( 'NONE',  ( 1.719999999999999973, 0.6664761515876239661, -0.6300000000000000044 ) ) ;
#3271 = VERTEX_POINT ( 'NONE', #6243 ) ;
#3272 = VERTEX_POINT ( 'NONE', #165 ) ;
#3273 = CARTESIAN_POINT ( 'NONE',  ( -1.719999999999999973, 0.6664761515876239661, -0.8699999999999999956 ) ) ;
#3274 = ORIENTED_EDGE ( 'NONE', *, *, #9660, .T. ) ;
#3275 = LINE ( 'NONE', #9378, #1449 ) ;
#3276 = ORIENTED_EDGE ( 'NONE', *, *, #1974, .F. ) ;
#3277 = CARTESIAN_POINT ( 'NONE',  ( 2.000000000000000000, 0.2000000000000000111, -0.3699999999999999956 ) ) ;
#3278 = LINE ( 'NONE', #9276, #364 ) ;
#3279 = FACE_OUTER_BOUND ( 'NONE', #3133, .T. ) ;
#3280 = EDGE_CURVE ( 'NONE', #7959, #7605, #1154, .T. ) ;
#3281 = DIRECTION ( 'NONE',  ( -1.000000000000000000, 0.000000000000000000, 0.000000000000000000 ) ) ;
#3282 = ORIENTED_EDGE ( 'NONE', *, *, #4845, .F. ) ;
#3283 = LINE ( 'NONE', #8551, #8375 ) ;
#3284 = ORIENTED_EDGE ( 'NONE', *, *, #9475, .F. ) ;
#3285 = ORIENTED_EDGE ( 'NONE', *, *, #3607, .F. ) ;
#3286 = LINE ( 'NONE', #6227, #2058 ) ;
#3287 = VERTEX_POINT ( 'NONE', #9111 ) ;
#3288 = CARTESIAN_POINT ( 'NONE',  ( -1.350000000000000089, 0.05000000000000000278, -1.050000000000000044 ) ) ;
#3289 = CARTESIAN_POINT ( 'NONE',  ( 1.719999999999999973, 0.2000000000000000111, 1.369999999999999885 ) ) ;
#3290 = DIRECTION ( 'NONE',  ( 0.000000000000000000, 0.000000000000000000, -1.000000000000000000 ) ) ;
#3291 = LINE ( 'NONE', #6278, #1480 ) ;
#3292 = LINE ( 'NONE', #1187, #7918 ) ;
#3293 = VERTEX_POINT ( 'NONE', #7726 ) ;
#3294 = ORIENTED_EDGE ( 'NONE', *, *, #6023, .T. ) ;
#3295 = LINE ( 'NONE', #6335, #170 ) ;
#3296 =( NAMED_UNIT ( * ) PLANE_ANGLE_UNIT ( ) SI_UNIT ( $, .RADIAN. ) );
#3297 = ORIENTED_EDGE ( 'NONE', *, *, #4424, .F. ) ;
#3298 = DIRECTION ( 'NONE',  ( 0.000000000000000000, 0.000000000000000000, -1.000000000000000000 ) ) ;
#3299 = PLANE ( 'NONE',  #6839 ) ;
#3300 = LINE ( 'NONE', #1642, #846 ) ;
#3301 = EDGE_CURVE ( 'NONE', #963, #340, #7912, .T. ) ;
#3302 = CARTESIAN_POINT ( 'NONE',  ( 1.350000000000000089, 0.000000000000000000, 0.6000000000000000888 ) ) ;
#3303 = ORIENTED_EDGE ( 'NONE', *, *, #5811, .T. ) ;
#3304 = CIRCLE ( 'NONE', #3605, 0.1199999999999999956 ) ;
#3305 = LINE ( 'NONE', #3162, #3467 ) ;
#3306 = FACE_OUTER_BOUND ( 'NONE', #5980, .T. ) ;
#3307 = DIRECTION ( 'NONE',  ( 0.000000000000000000, -1.000000000000000000, 0.000000000000000000 ) ) ;
#3308 = DIRECTION ( 'NONE',  ( 0.000000000000000000, 0.000000000000000000, 1.000000000000000000 ) ) ;
#3309 = VECTOR ( 'NONE', #2109, 1000.000000000000000 ) ;
#3310 = VECTOR ( 'NONE', #6307, 1000.000000000000000 ) ;
#3311 = PLANE ( 'NONE',  #2099 ) ;
#3312 = ORIENTED_EDGE ( 'NONE', *, *, #7317, .T. ) ;
#3313 = EDGE_CURVE ( 'NONE', #4024, #7049, #2431, .T. ) ;
#3314 = ORIENTED_EDGE ( 'NONE', *, *, #7677, .T. ) ;
#3315 = VECTOR ( 'NONE', #8420, 1000.000000000000000 ) ;
#3316 = ADVANCED_FACE ( 'NONE', ( #3155 ), #7038, .T. ) ;
#3317 = CARTESIAN_POINT ( 'NONE',  ( 1.250000000000000000, 0.05000000000000000278, -1.719999999999999973 ) ) ;
#3318 = EDGE_LOOP ( 'NONE', ( #4609, #1893, #6601, #8677 ) ) ;
#3319 = DIRECTION ( 'NONE',  ( -0.000000000000000000, 1.000000000000000000, 0.000000000000000000 ) ) ;
#3320 = ORIENTED_EDGE ( 'NONE', *, *, #4137, .F. ) ;
#3321 = CIRCLE ( 'NONE', #8196, 0.1199999999999999956 ) ;
#3322 = PLANE ( 'NONE',  #8852 ) ;
#3323 = DIRECTION ( 'NONE',  ( 0.000000000000000000, 0.000000000000000000, -1.000000000000000000 ) ) ;
#3324 = EDGE_CURVE ( 'NONE', #1764, #3413, #3211, .T. ) ;
#3325 = LINE ( 'NONE', #5170, #9026 ) ;
#3326 = AXIS2_PLACEMENT_3D ( 'NONE', #5898, #6537, #2221 ) ;
#3327 = AXIS2_PLACEMENT_3D ( 'NONE', #1399, #4376, #659 ) ;
#3328 = FILL_AREA_STYLE ('',( #7809 ) ) ;
#3329 = VERTEX_POINT ( 'NONE', #213 ) ;
#3330 = ORIENTED_EDGE ( 'NONE', *, *, #226, .T. ) ;
#3331 = EDGE_CURVE ( 'NONE', #6523, #9095, #3259, .T. ) ;
#3332 = VERTEX_POINT ( 'NONE', #8368 ) ;
#3333 = ORIENTED_EDGE ( 'NONE', *, *, #8623, .F. ) ;
#3334 = AXIS2_PLACEMENT_3D ( 'NONE', #4590, #7553, #7611 ) ;
#3335 = FACE_OUTER_BOUND ( 'NONE', #6797, .T. ) ;
#3336 = UNCERTAINTY_MEASURE_WITH_UNIT (LENGTH_MEASURE( 1.000000000000000082E-05 ), #2867, 'distance_accuracy_value', 'NONE');
#3337 = CARTESIAN_POINT ( 'NONE',  ( 0.1299999999999999767, 0.2000000000000000111, -1.719999999999999973 ) ) ;
#3338 = EDGE_CURVE ( 'NONE', #3640, #1941, #8227, .T. ) ;
#3339 = CARTESIAN_POINT ( 'NONE',  ( -1.250000000000000000, 0.2000000000000000111, 1.600000000000000089 ) ) ;
#3340 = EDGE_CURVE ( 'NONE', #553, #5670, #6844, .T. ) ;
#3341 = CARTESIAN_POINT ( 'NONE',  ( 0.7500000000000000000, 0.2000000000000000111, 1.719999999999999973 ) ) ;
#3342 = AXIS2_PLACEMENT_3D ( 'NONE', #9244, #931, #9202 ) ;
#3343 = AXIS2_PLACEMENT_3D ( 'NONE', #5309, #8290, #6060 ) ;
#3344 = CIRCLE ( 'NONE', #6471, 0.1200000000000000927 ) ;
#3345 = EDGE_LOOP ( 'NONE', ( #7153, #522, #875, #1526 ) ) ;
#3346 = ORIENTED_EDGE ( 'NONE', *, *, #3509, .F. ) ;
#3347 = EDGE_CURVE ( 'NONE', #5870, #3669, #9548, .T. ) ;
#3348 = CARTESIAN_POINT ( 'NONE',  ( -1.129999999999999893, 0.2000000000000000111, 2.000000000000000000 ) ) ;
#3349 =( NAMED_UNIT ( * ) SI_UNIT ( $, .STERADIAN. ) SOLID_ANGLE_UNIT ( ) );
#3350 = VERTEX_POINT ( 'NONE', #7189 ) ;
#3351 = DIRECTION ( 'NONE',  ( -7.744301232039309779E-16, 0.000000000000000000, -1.000000000000000000 ) ) ;
#3352 = CARTESIAN_POINT ( 'NONE',  ( -1.250000000000000000, 0.05000000000000000278, 0.6000000000000000888 ) ) ;
#3353 = AXIS2_PLACEMENT_3D ( 'NONE', #4084, #5515, #7644 ) ;
#3354 = FACE_OUTER_BOUND ( 'NONE', #2800, .T. ) ;
#3355 = AXIS2_PLACEMENT_3D ( 'NONE', #6035, #2957, #9141 ) ;
#3356 = VECTOR ( 'NONE', #6699, 1000.000000000000000 ) ;
#3357 = VECTOR ( 'NONE', #2028, 1000.000000000000000 ) ;
#3358 = CARTESIAN_POINT ( 'NONE',  ( 1.250000000000000000, 0.05000000000000000278, 1.719999999999999973 ) ) ;
#3359 = CIRCLE ( 'NONE', #1332, 0.1200000000000000927 ) ;
#3360 = EDGE_CURVE ( 'NONE', #778, #8838, #8763, .T. ) ;
#3361 =( NAMED_UNIT ( * ) PLANE_ANGLE_UNIT ( ) SI_UNIT ( $, .RADIAN. ) );
#3362 = ORIENTED_EDGE ( 'NONE', *, *, #7544, .T. ) ;
#3363 = VECTOR ( 'NONE', #1041, 1000.000000000000000 ) ;
#3364 = LINE ( 'NONE', #9509, #8040 ) ;
#3365 = ORIENTED_EDGE ( 'NONE', *, *, #3563, .F. ) ;
#3366 = CARTESIAN_POINT ( 'NONE',  ( -1.719999999999999973, 0.2000000000000000111, 1.369999999999999885 ) ) ;
#3367 = VECTOR ( 'NONE', #5379, 1000.000000000000000 ) ;
#3368 = VECTOR ( 'NONE', #7057, 1000.000000000000000 ) ;
#3369 = DIRECTION ( 'NONE',  ( 0.000000000000000000, 0.000000000000000000, 1.000000000000000000 ) ) ;
#3370 = ORIENTED_EDGE ( 'NONE', *, *, #6666, .T. ) ;
#3371 =( GEOMETRIC_REPRESENTATION_CONTEXT ( 3 ) GLOBAL_UNCERTAINTY_ASSIGNED_CONTEXT ( ( #4694 ) ) GLOBAL_UNIT_ASSIGNED_CONTEXT ( ( #6958, #1076, #1899 ) ) REPRESENTATION_CONTEXT ( 'NONE', 'WORKASPACE' ) );
#3372 = ORIENTED_EDGE ( 'NONE', *, *, #7417, .T. ) ;
#3373 = CARTESIAN_POINT ( 'NONE',  ( -1.719999999999999973, 0.6664761515876239661, -0.7500000000000000000 ) ) ;
#3374 = ORIENTED_EDGE ( 'NONE', *, *, #1656, .F. ) ;
#3375 = CARTESIAN_POINT ( 'NONE',  ( 2.000000000000000000, 0.05000000000000000278, -1.129999999999999893 ) ) ;
#3376 = ORIENTED_EDGE ( 'NONE', *, *, #6221, .T. ) ;
#3377 = VECTOR ( 'NONE', #9123, 1000.000000000000000 ) ;
#3378 = DIRECTION ( 'NONE',  ( 0.000000000000000000, 1.000000000000000000, 0.000000000000000000 ) ) ;
#3379 = LINE ( 'NONE', #7694, #7572 ) ;
#3380 = DIRECTION ( 'NONE',  ( 0.000000000000000000, 0.000000000000000000, 1.000000000000000000 ) ) ;
#3381 = EDGE_CURVE ( 'NONE', #1178, #8401, #9402, .T. ) ;
#3382 = EDGE_CURVE ( 'NONE', #2651, #1572, #7119, .T. ) ;
#3383 = VECTOR ( 'NONE', #316, 1000.000000000000000 ) ;
#3384 = ORIENTED_EDGE ( 'NONE', *, *, #2287, .F. ) ;
#3385 = ORIENTED_EDGE ( 'NONE', *, *, #7191, .F. ) ;
#3386 = ORIENTED_EDGE ( 'NONE', *, *, #9397, .F. ) ;
#3387 = ORIENTED_EDGE ( 'NONE', *, *, #334, .F. ) ;
#3388 = PLANE ( 'NONE',  #2091 ) ;
#3389 = LINE ( 'NONE', #7026, #50 ) ;
#3390 = PLANE ( 'NONE',  #6956 ) ;
#3391 = EDGE_CURVE ( 'NONE', #8004, #2895, #9363, .T. ) ;
#3392 = CARTESIAN_POINT ( 'NONE',  ( -0.8699999999999999956, 0.6664761515876239661, 2.000000000000000000 ) ) ;
#3393 = EDGE_CURVE ( 'NONE', #5917, #3247, #1923, .T. ) ;
#3394 = ORIENTED_EDGE ( 'NONE', *, *, #6637, .T. ) ;
#3395 = ORIENTED_EDGE ( 'NONE', *, *, #5294, .T. ) ;
#3396 = CARTESIAN_POINT ( 'NONE',  ( -1.129999999999999893, 0.2000000000000000111, -2.000000000000000000 ) ) ;
#3397 = CARTESIAN_POINT ( 'NONE',  ( -0.6300000000000000044, 0.000000000000000000, -1.719999999999999973 ) ) ;
#3398 = ORIENTED_EDGE ( 'NONE', *, *, #8931, .T. ) ;
#3399 = FACE_OUTER_BOUND ( 'NONE', #1795, .T. ) ;
#3400 = DIRECTION ( 'NONE',  ( 0.000000000000000000, -1.000000000000000000, 0.000000000000000000 ) ) ;
#3401 = DIRECTION ( 'NONE',  ( -0.7071067811865504593, 0.000000000000000000, 0.7071067811865445751 ) ) ;
#3402 = DIRECTION ( 'NONE',  ( 0.000000000000000000, 1.000000000000000000, 0.000000000000000000 ) ) ;
#3403 = EDGE_CURVE ( 'NONE', #6656, #5099, #3489, .T. ) ;
#3404 = FACE_OUTER_BOUND ( 'NONE', #9243, .T. ) ;
#3405 = FILL_AREA_STYLE ('',( #2722 ) ) ;
#3406 = ORIENTED_EDGE ( 'NONE', *, *, #548, .T. ) ;
#3407 = DIRECTION ( 'NONE',  ( -7.744301232039309779E-16, 0.000000000000000000, 1.000000000000000000 ) ) ;
#3408 = PLANE ( 'NONE',  #8428 ) ;
#3409 = DIRECTION ( 'NONE',  ( 0.000000000000000000, -1.000000000000000000, 0.000000000000000000 ) ) ;
#3410 = EDGE_CURVE ( 'NONE', #3139, #7506, #1141, .T. ) ;
#3411 = FACE_OUTER_BOUND ( 'NONE', #5665, .T. ) ;
#3412 = ORIENTED_EDGE ( 'NONE', *, *, #3937, .T. ) ;
#3413 = VERTEX_POINT ( 'NONE', #2668 ) ;
#3414 = CARTESIAN_POINT ( 'NONE',  ( 2.000000000000000000, 0.05000000000000000278, 2.000000000000000000 ) ) ;
#3415 = VERTEX_POINT ( 'NONE', #5647 ) ;
#3416 = CARTESIAN_POINT ( 'NONE',  ( 0.000000000000000000, 0.05000000000000000278, -0.6300000000000000044 ) ) ;
#3417 = ORIENTED_EDGE ( 'NONE', *, *, #3077, .F. ) ;
#3418 = DIRECTION ( 'NONE',  ( 0.000000000000000000, 0.000000000000000000, 1.000000000000000000 ) ) ;
#3419 = DIRECTION ( 'NONE',  ( 0.000000000000000000, -1.000000000000000000, 0.000000000000000000 ) ) ;
#3420 = FACE_OUTER_BOUND ( 'NONE', #6772, .T. ) ;
#3421 = FACE_OUTER_BOUND ( 'NONE', #338, .T. ) ;
#3422 = VERTEX_POINT ( 'NONE', #6485 ) ;
#3423 = ORIENTED_EDGE ( 'NONE', *, *, #9225, .T. ) ;
#3424 = VERTEX_POINT ( 'NONE', #2718 ) ;
#3425 = CARTESIAN_POINT ( 'NONE',  ( 2.000000000000000000, 0.6664761515876239661, 0.8699999999999999956 ) ) ;
#3426 = ORIENTED_EDGE ( 'NONE', *, *, #9195, .F. ) ;
#3427 = CARTESIAN_POINT ( 'NONE',  ( 1.250000000000000000, 0.05000000000000000278, 1.600000000000000089 ) ) ;
#3428 = LINE ( 'NONE', #1769, #3635 ) ;
#3429 = DIRECTION ( 'NONE',  ( 0.000000000000000000, -1.000000000000000000, 0.000000000000000000 ) ) ;
#3430 = CARTESIAN_POINT ( 'NONE',  ( 1.719999999999999973, 0.2000000000000000111, -1.250000000000000000 ) ) ;
#3431 = VERTEX_POINT ( 'NONE', #2628 ) ;
#3432 = LINE ( 'NONE', #9435, #6486 ) ;
#3433 = ORIENTED_EDGE ( 'NONE', *, *, #6779, .T. ) ;
#3434 = CARTESIAN_POINT ( 'NONE',  ( -0.6300000000000000044, 0.000000000000000000, 2.000000000000000000 ) ) ;
#3435 = VERTEX_POINT ( 'NONE', #1200 ) ;
#3436 = EDGE_CURVE ( 'NONE', #7962, #811, #5702, .T. ) ;
#3437 = DIRECTION ( 'NONE',  ( 1.000000000000000000, 0.000000000000000000, 0.000000000000000000 ) ) ;
#3438 = EDGE_CURVE ( 'NONE', #9405, #1236, #4179, .T. ) ;
#3439 = DIRECTION ( 'NONE',  ( 0.000000000000000000, 0.000000000000000000, -1.000000000000000000 ) ) ;
#3440 = CARTESIAN_POINT ( 'NONE',  ( 1.250000000000000000, 0.000000000000000000, -1.719999999999999973 ) ) ;
#3441 = LINE ( 'NONE', #1291, #4284 ) ;
#3442 = CARTESIAN_POINT ( 'NONE',  ( -0.8699999999999999956, 0.2000000000000000111, 2.000000000000000000 ) ) ;
#3443 = DIRECTION ( 'NONE',  ( -0.000000000000000000, 1.000000000000000000, 0.000000000000000000 ) ) ;
#3444 = VERTEX_POINT ( 'NONE', #363 ) ;
#3445 = AXIS2_PLACEMENT_3D ( 'NONE', #8229, #5996, #2133 ) ;
#3446 = PLANE ( 'NONE',  #36 ) ;
#3447 = EDGE_CURVE ( 'NONE', #8326, #7460, #695, .T. ) ;
#3448 = FACE_OUTER_BOUND ( 'NONE', #4868, .T. ) ;
#3449 = PLANE ( 'NONE',  #6942 ) ;
#3450 = ADVANCED_FACE ( 'NONE', ( #8025 ), #454, .F. ) ;
#3451 = EDGE_CURVE ( 'NONE', #4353, #5370, #3441, .T. ) ;
#3452 = AXIS2_PLACEMENT_3D ( 'NONE', #4957, #1869, #4118 ) ;
#3453 = CARTESIAN_POINT ( 'NONE',  ( -1.606164317247235074, -0.05729555854656199348, 1.287966265713290204 ) ) ;
#3454 = CARTESIAN_POINT ( 'NONE',  ( 0.8699999999999999956, 0.05000000000000000278, 0.000000000000000000 ) ) ;
#3455 = VERTEX_POINT ( 'NONE', #5800 ) ;
#3456 = ORIENTED_EDGE ( 'NONE', *, *, #3438, .F. ) ;
#3457 = CARTESIAN_POINT ( 'NONE',  ( 1.606164317247239959, -0.05729555854656199348, 1.287966265713290204 ) ) ;
#3458 = VERTEX_POINT ( 'NONE', #1978 ) ;
#3459 = DIRECTION ( 'NONE',  ( 0.000000000000000000, 1.000000000000000000, 0.000000000000000000 ) ) ;
#3460 = ORIENTED_EDGE ( 'NONE', *, *, #8774, .F. ) ;
#3461 = CARTESIAN_POINT ( 'NONE',  ( 2.000000000000000000, 1.000000000000000000, 2.000000000000000000 ) ) ;
#3462 = FACE_OUTER_BOUND ( 'NONE', #3087, .T. ) ;
#3463 = FACE_OUTER_BOUND ( 'NONE', #4046, .T. ) ;
#3464 = AXIS2_PLACEMENT_3D ( 'NONE', #3457, #7249, #9376 ) ;
#3465 = VECTOR ( 'NONE', #4398, 1000.000000000000000 ) ;
#3466 = ORIENTED_EDGE ( 'NONE', *, *, #2682, .F. ) ;
#3467 = VECTOR ( 'NONE', #4715, 1000.000000000000114 ) ;
#3468 = ORIENTED_EDGE ( 'NONE', *, *, #6559, .T. ) ;
#3469 = ADVANCED_FACE ( 'NONE', ( #7980 ), #501, .T. ) ;
#3470 = ORIENTED_EDGE ( 'NONE', *, *, #2670, .F. ) ;
#3471 = DIRECTION ( 'NONE',  ( 0.000000000000000000, -1.000000000000000000, 0.000000000000000000 ) ) ;
#3472 = ORIENTED_EDGE ( 'NONE', *, *, #1542, .T. ) ;
#3473 = FACE_OUTER_BOUND ( 'NONE', #4898, .T. ) ;
#3474 = LINE ( 'NONE', #1275, #5527 ) ;
#3475 = PLANE ( 'NONE',  #2586 ) ;
#3476 = AXIS2_PLACEMENT_3D ( 'NONE', #8659, #452, #3439 ) ;
#3477 = AXIS2_PLACEMENT_3D ( 'NONE', #2769, #6481, #4959 ) ;
#3478 = CARTESIAN_POINT ( 'NONE',  ( -2.000000000000000000, 0.2000000000000000111, -0.3699999999999999956 ) ) ;
#3479 = ORIENTED_EDGE ( 'NONE', *, *, #4458, .T. ) ;
#3480 = CARTESIAN_POINT ( 'NONE',  ( 2.000000000000000000, 0.6664761515876239661, 0.8699999999999999956 ) ) ;
#3481 = AXIS2_PLACEMENT_3D ( 'NONE', #346, #8607, #5543 ) ;
#3482 = ORIENTED_EDGE ( 'NONE', *, *, #5152, .T. ) ;
#3483 = CARTESIAN_POINT ( 'NONE',  ( 2.000000000000000000, 0.2000000000000000111, -0.8699999999999999956 ) ) ;
#3484 = LINE ( 'NONE', #8124, #2456 ) ;
#3485 = EDGE_LOOP ( 'NONE', ( #936, #5029, #4847, #7251 ) ) ;
#3486 = VECTOR ( 'NONE', #2701, 1000.000000000000000 ) ;
#3487 = DIRECTION ( 'NONE',  ( 0.000000000000000000, 0.000000000000000000, 1.000000000000000000 ) ) ;
#3488 = CARTESIAN_POINT ( 'NONE',  ( -1.250000000000000000, 0.2000000000000000111, 1.600000000000000089 ) ) ;
#3489 = LINE ( 'NONE', #7932, #8534 ) ;
#3490 = VECTOR ( 'NONE', #7851, 1000.000000000000000 ) ;
#3491 = CIRCLE ( 'NONE', #9315, 0.1200000000000000927 ) ;
#3492 = ADVANCED_FACE ( 'NONE', ( #3354 ), #1097, .F. ) ;
#3493 = ADVANCED_FACE ( 'NONE', ( #4070 ), #2129, .T. ) ;
#3494 = ORIENTED_EDGE ( 'NONE', *, *, #1348, .F. ) ;
#3495 = DIRECTION ( 'NONE',  ( 0.000000000000000000, 1.000000000000000000, 0.000000000000000000 ) ) ;
#3496 = ADVANCED_FACE ( 'NONE', ( #3633 ), #2176, .F. ) ;
#3497 = FILL_AREA_STYLE_COLOUR ( '', #4949 ) ;
#3498 = VERTEX_POINT ( 'NONE', #3006 ) ;
#3499 = AXIS2_PLACEMENT_3D ( 'NONE', #8246, #1799, #6155 ) ;
#3500 = FACE_OUTER_BOUND ( 'NONE', #9561, .T. ) ;
#3501 = PLANE ( 'NONE',  #4951 ) ;
#3502 = VECTOR ( 'NONE', #2927, 1000.000000000000000 ) ;
#3503 = LINE ( 'NONE', #567, #3802 ) ;
#3504 = VECTOR ( 'NONE', #278, 1000.000000000000000 ) ;
#3505 = VECTOR ( 'NONE', #1482, 1000.000000000000000 ) ;
#3506 = EDGE_CURVE ( 'NONE', #5337, #7946, #3736, .T. ) ;
#3507 = CIRCLE ( 'NONE', #4915, 0.1199999999999999956 ) ;
#3508 = DIRECTION ( 'NONE',  ( 1.000000000000000000, 0.000000000000000000, -7.744301232039309779E-16 ) ) ;
#3509 = EDGE_CURVE ( 'NONE', #2439, #7462, #2223, .T. ) ;
#3510 = DIRECTION ( 'NONE',  ( 0.000000000000000000, 0.000000000000000000, -1.000000000000000000 ) ) ;
#3511 = ORIENTED_EDGE ( 'NONE', *, *, #463, .T. ) ;
#3512 = VERTEX_POINT ( 'NONE', #4473 ) ;
#3513 = FACE_OUTER_BOUND ( 'NONE', #2708, .T. ) ;
#3514 = ORIENTED_EDGE ( 'NONE', *, *, #4568, .T. ) ;
#3515 = DIRECTION ( 'NONE',  ( -0.000000000000000000, 1.000000000000000000, 0.000000000000000000 ) ) ;
#3516 = ORIENTED_EDGE ( 'NONE', *, *, #8314, .F. ) ;
#3517 = AXIS2_PLACEMENT_3D ( 'NONE', #4360, #1235, #7330 ) ;
#3518 = DIRECTION ( 'NONE',  ( 0.000000000000000000, 0.000000000000000000, -1.000000000000000000 ) ) ;
#3519 = CARTESIAN_POINT ( 'NONE',  ( 0.6300000000000000044, 0.2000000000000000111, 2.000000000000000000 ) ) ;
#3520 = FACE_OUTER_BOUND ( 'NONE', #9140, .T. ) ;
#3521 = VECTOR ( 'NONE', #8546, 1000.000000000000000 ) ;
#3522 = EDGE_CURVE ( 'NONE', #5313, #561, #8129, .T. ) ;
#3523 = CARTESIAN_POINT ( 'NONE',  ( 1.682033734286709770, -0.05729555854656199348, -1.363835682752762013 ) ) ;
#3524 =( GEOMETRIC_REPRESENTATION_CONTEXT ( 3 ) GLOBAL_UNCERTAINTY_ASSIGNED_CONTEXT ( ( #9062 ) ) GLOBAL_UNIT_ASSIGNED_CONTEXT ( ( #3094, #782, #1477 ) ) REPRESENTATION_CONTEXT ( 'NONE', 'WORKASPACE' ) );
#3525 = VECTOR ( 'NONE', #4534, 1000.000000000000000 ) ;
#3526 = ORIENTED_EDGE ( 'NONE', *, *, #4348, .F. ) ;
#3527 = ORIENTED_EDGE ( 'NONE', *, *, #3095, .T. ) ;
#3528 = VERTEX_POINT ( 'NONE', #1347 ) ;
#3529 = CYLINDRICAL_SURFACE ( 'NONE', #655, 0.1200000000000000927 ) ;
#3530 = VERTEX_POINT ( 'NONE', #9645 ) ;
#3531 = DIRECTION ( 'NONE',  ( 0.000000000000000000, 1.000000000000000000, 0.000000000000000000 ) ) ;
#3532 = CARTESIAN_POINT ( 'NONE',  ( -0.3699999999999999956, 0.6664761515876239661, 1.719999999999999973 ) ) ;
#3533 = DIRECTION ( 'NONE',  ( -1.000000000000000000, 0.000000000000000000, 0.000000000000000000 ) ) ;
#3534 = AXIS2_PLACEMENT_3D ( 'NONE', #8825, #2877, #666 ) ;
#3535 = EDGE_CURVE ( 'NONE', #1842, #5995, #5849, .T. ) ;
#3536 = CARTESIAN_POINT ( 'NONE',  ( 2.000000000000000000, 0.2000000000000000111, -0.3699999999999999956 ) ) ;
#3537 = VERTEX_POINT ( 'NONE', #5151 ) ;
#3538 = LINE ( 'NONE', #744, #1630 ) ;
#3539 = ORIENTED_EDGE ( 'NONE', *, *, #5777, .F. ) ;
#3540 = CARTESIAN_POINT ( 'NONE',  ( -0.6300000000000000044, 0.2000000000000000111, 1.719999999999999973 ) ) ;
#3541 = DIRECTION ( 'NONE',  ( -1.000000000000000000, 0.000000000000000000, 7.744301232039309779E-16 ) ) ;
#3542 = EDGE_LOOP ( 'NONE', ( #5523, #7536, #8019, #7277 ) ) ;
#3543 = VECTOR ( 'NONE', #7720, 1000.000000000000000 ) ;
#3544 = DIRECTION ( 'NONE',  ( 0.000000000000000000, 0.000000000000000000, -1.000000000000000000 ) ) ;
#3545 = CARTESIAN_POINT ( 'NONE',  ( 1.719999999999999973, 0.2000000000000000111, 1.250000000000000000 ) ) ;
#3546 = CLOSED_SHELL ( 'NONE', ( #1057, #1323, #5264, #5114, #6564, #310 ) ) ;
#3547 = DIRECTION ( 'NONE',  ( 0.000000000000000000, -1.000000000000000000, 0.000000000000000000 ) ) ;
#3548 = VECTOR ( 'NONE', #7196, 1000.000000000000000 ) ;
#3549 = ORIENTED_EDGE ( 'NONE', *, *, #3741, .T. ) ;
#3550 = CARTESIAN_POINT ( 'NONE',  ( -1.250000000000000000, 0.000000000000000000, 1.250000000000000000 ) ) ;
#3551 = SURFACE_STYLE_USAGE ( .BOTH. , #4278 ) ;
#3552 = ORIENTED_EDGE ( 'NONE', *, *, #1844, .T. ) ;
#3553 = DIRECTION ( 'NONE',  ( 0.000000000000000000, -1.000000000000000000, 0.000000000000000000 ) ) ;
#3554 = CARTESIAN_POINT ( 'NONE',  ( -2.000000000000000000, 0.2000000000000000111, 1.129999999999999893 ) ) ;
#3555 = DIRECTION ( 'NONE',  ( 0.000000000000000000, 1.000000000000000000, 0.000000000000000000 ) ) ;
#3556 = FACE_OUTER_BOUND ( 'NONE', #2505, .T. ) ;
#3557 = DIRECTION ( 'NONE',  ( 0.000000000000000000, -1.000000000000000000, 0.000000000000000000 ) ) ;
#3558 = VERTEX_POINT ( 'NONE', #5900 ) ;
#3559 = ORIENTED_EDGE ( 'NONE', *, *, #1582, .F. ) ;
#3560 = DIRECTION ( 'NONE',  ( 0.000000000000000000, -1.000000000000000000, 0.000000000000000000 ) ) ;
#3561 = VERTEX_POINT ( 'NONE', #8225 ) ;
#3562 = DIRECTION ( 'NONE',  ( -7.744301232039309779E-16, 0.000000000000000000, 1.000000000000000000 ) ) ;
#3563 = EDGE_CURVE ( 'NONE', #8884, #6827, #8703, .T. ) ;
#3564 = DIRECTION ( 'NONE',  ( 1.000000000000000000, 0.000000000000000000, 0.000000000000000000 ) ) ;
#3565 = ADVANCED_FACE ( 'NONE', ( #7481 ), #5253, .T. ) ;
#3566 = CARTESIAN_POINT ( 'NONE',  ( 1.606164317247239959, 0.2000000000000000111, 1.287966265713290204 ) ) ;
#3567 = DIRECTION ( 'NONE',  ( 1.000000000000000000, 0.000000000000000000, 0.000000000000000000 ) ) ;
#3568 = SURFACE_STYLE_USAGE ( .BOTH. , #628 ) ;
#3569 = ORIENTED_EDGE ( 'NONE', *, *, #7433, .T. ) ;
#3570 = ORIENTED_EDGE ( 'NONE', *, *, #7782, .F. ) ;
#3571 = VERTEX_POINT ( 'NONE', #6045 ) ;
#3572 = CARTESIAN_POINT ( 'NONE',  ( -1.250000000000000000, 0.2000000000000000111, 1.719999999999999973 ) ) ;
#3573 = EDGE_LOOP ( 'NONE', ( #3994, #6714, #7225, #396 ) ) ;
#3574 = PLANE ( 'NONE',  #7426 ) ;
#3575 = EDGE_CURVE ( 'NONE', #3444, #2947, #8170, .T. ) ;
#3576 = DIRECTION ( 'NONE',  ( -1.000000000000000000, 0.000000000000000000, 0.000000000000000000 ) ) ;
#3577 = CARTESIAN_POINT ( 'NONE',  ( 1.250000000000000000, 0.000000000000000000, 0.5000000000000000000 ) ) ;
#3578 = DIRECTION ( 'NONE',  ( 0.000000000000000000, -1.000000000000000000, 0.000000000000000000 ) ) ;
#3579 = EDGE_LOOP ( 'NONE', ( #328, #5682, #5605, #7748 ) ) ;
#3580 = CARTESIAN_POINT ( 'NONE',  ( -0.1299999999999999767, 0.05000000000000000278, -2.000000000000000000 ) ) ;
#3581 = ORIENTED_EDGE ( 'NONE', *, *, #4530, .T. ) ;
#3582 = DIRECTION ( 'NONE',  ( 1.000000000000000000, 0.000000000000000000, 7.744301232039309779E-16 ) ) ;
#3583 =( LENGTH_UNIT ( ) NAMED_UNIT ( * ) SI_UNIT ( .MILLI., .METRE. ) );
#3584 = EDGE_LOOP ( 'NONE', ( #1661, #4740, #6544, #8602 ) ) ;
#3585 = CARTESIAN_POINT ( 'NONE',  ( 1.369999999999999885, 0.000000000000000000, -1.719999999999999973 ) ) ;
#3586 = CARTESIAN_POINT ( 'NONE',  ( -1.719999999999999973, 0.2000000000000000111, 0.6300000000000000044 ) ) ;
#3587 = CARTESIAN_POINT ( 'NONE',  ( -0.2500000000000000000, 0.2000000000000000111, 1.719999999999999973 ) ) ;
#3588 = ORIENTED_EDGE ( 'NONE', *, *, #4347, .T. ) ;
#3589 = DIRECTION ( 'NONE',  ( 0.000000000000000000, 0.000000000000000000, -1.000000000000000000 ) ) ;
#3590 = CARTESIAN_POINT ( 'NONE',  ( 0.7500000000000000000, 0.2000000000000000111, 1.600000000000000089 ) ) ;
#3591 = VERTEX_POINT ( 'NONE', #1539 ) ;
#3592 = FILL_AREA_STYLE_COLOUR ( '', #4875 ) ;
#3593 = CARTESIAN_POINT ( 'NONE',  ( 0.2500000000000000000, 0.2000000000000000111, 1.600000000000000089 ) ) ;
#3594 = CARTESIAN_POINT ( 'NONE',  ( -1.363835682752762013, 0.000000000000000000, -1.682033734286709770 ) ) ;
#3595 = LINE ( 'NONE', #5662, #5857 ) ;
#3596 = CARTESIAN_POINT ( 'NONE',  ( -0.8699999999999999956, 0.6664761515876239661, 2.000000000000000000 ) ) ;
#3597 = ORIENTED_EDGE ( 'NONE', *, *, #8922, .T. ) ;
#3598 = ORIENTED_EDGE ( 'NONE', *, *, #8578, .T. ) ;
#3599 = FACE_OUTER_BOUND ( 'NONE', #280, .T. ) ;
#3600 = ORIENTED_EDGE ( 'NONE', *, *, #5507, .F. ) ;
#3601 = CARTESIAN_POINT ( 'NONE',  ( -1.250000000000000000, 0.2000000000000000111, 1.600000000000000089 ) ) ;
#3602 = CARTESIAN_POINT ( 'NONE',  ( 2.000000000000000000, 0.000000000000000000, -0.1299999999999999767 ) ) ;
#3603 = DIRECTION ( 'NONE',  ( -0.7071067811865455743, 0.000000000000000000, -0.7071067811865495711 ) ) ;
#3604 = CARTESIAN_POINT ( 'NONE',  ( -0.2500000000000000000, 0.2000000000000000111, 1.719999999999999973 ) ) ;
#3605 = AXIS2_PLACEMENT_3D ( 'NONE', #1459, #4440, #7453 ) ;
#3606 = EDGE_CURVE ( 'NONE', #7746, #8567, #221, .T. ) ;
#3607 = EDGE_CURVE ( 'NONE', #4701, #2496, #541, .T. ) ;
#3608 = ORIENTED_EDGE ( 'NONE', *, *, #8740, .F. ) ;
#3609 = EDGE_LOOP ( 'NONE', ( #5284, #5176, #4633, #7794 ) ) ;
#3610 = ORIENTED_EDGE ( 'NONE', *, *, #5067, .T. ) ;
#3611 = CARTESIAN_POINT ( 'NONE',  ( 2.000000000000000000, 0.2000000000000000111, 0.1299999999999999767 ) ) ;
#3612 = VERTEX_POINT ( 'NONE', #3778 ) ;
#3613 = AXIS2_PLACEMENT_3D ( 'NONE', #3373, #6359, #2642 ) ;
#3614 = DIRECTION ( 'NONE',  ( 0.000000000000000000, -1.000000000000000000, 0.000000000000000000 ) ) ;
#3615 = CARTESIAN_POINT ( 'NONE',  ( -1.250000000000000000, 0.2000000000000000111, -1.719999999999999973 ) ) ;
#3616 = CARTESIAN_POINT ( 'NONE',  ( 1.682033734286709770, 0.05000000000000000278, 1.363835682752764011 ) ) ;
#3617 = VECTOR ( 'NONE', #438, 1000.000000000000000 ) ;
#3618 = VECTOR ( 'NONE', #9220, 1000.000000000000000 ) ;
#3619 = CARTESIAN_POINT ( 'NONE',  ( -2.000000000000000000, 7.656854249492380582, 2.000000000000000000 ) ) ;
#3620 = EDGE_CURVE ( 'NONE', #292, #6530, #6777, .T. ) ;
#3621 = VERTEX_POINT ( 'NONE', #3058 ) ;
#3622 = DIRECTION ( 'NONE',  ( 0.000000000000000000, -1.000000000000000000, 0.000000000000000000 ) ) ;
#3623 = VERTEX_POINT ( 'NONE', #1437 ) ;
#3624 = EDGE_CURVE ( 'NONE', #7113, #3422, #7379, .T. ) ;
#3625 = PLANE ( 'NONE',  #27 ) ;
#3626 = EDGE_CURVE ( 'NONE', #8163, #8201, #8078, .T. ) ;
#3627 = EDGE_CURVE ( 'NONE', #2177, #7633, #6635, .T. ) ;
#3628 =( NAMED_UNIT ( * ) PLANE_ANGLE_UNIT ( ) SI_UNIT ( $, .RADIAN. ) );
#3629 = ORIENTED_EDGE ( 'NONE', *, *, #7264, .F. ) ;
#3630 = AXIS2_PLACEMENT_3D ( 'NONE', #7895, #1994, #4343 ) ;
#3631 = FACE_OUTER_BOUND ( 'NONE', #5427, .T. ) ;
#3632 = CARTESIAN_POINT ( 'NONE',  ( 2.000000000000000000, 0.6664761515876239661, 0.8699999999999999956 ) ) ;
#3633 = FACE_OUTER_BOUND ( 'NONE', #3849, .T. ) ;
#3634 = STYLED_ITEM ( 'NONE', ( #6696 ), #2170 ) ;
#3635 = VECTOR ( 'NONE', #8503, 1000.000000000000000 ) ;
#3636 = EDGE_CURVE ( 'NONE', #4091, #3118, #8962, .T. ) ;
#3637 = ORIENTED_EDGE ( 'NONE', *, *, #6980, .T. ) ;
#3638 = CARTESIAN_POINT ( 'NONE',  ( -1.682033734286709770, 0.000000000000000000, -1.363835682752762013 ) ) ;
#3639 = DIRECTION ( 'NONE',  ( -7.744301232039309779E-16, 0.000000000000000000, 1.000000000000000000 ) ) ;
#3640 = VERTEX_POINT ( 'NONE', #4018 ) ;
#3641 = DIRECTION ( 'NONE',  ( -0.000000000000000000, 1.000000000000000000, -0.000000000000000000 ) ) ;
#3642 = DIRECTION ( 'NONE',  ( -1.000000000000000000, 0.000000000000000000, 0.000000000000000000 ) ) ;
#3643 = CARTESIAN_POINT ( 'NONE',  ( 2.000000000000000000, 0.6664761515876239661, 1.369999999999999885 ) ) ;
#3644 = VECTOR ( 'NONE', #2312, 1000.000000000000000 ) ;
#3645 = CARTESIAN_POINT ( 'NONE',  ( 0.8699999999999999956, 0.2000000000000000111, -2.000000000000000000 ) ) ;
#3646 =( GEOMETRIC_REPRESENTATION_CONTEXT ( 3 ) GLOBAL_UNCERTAINTY_ASSIGNED_CONTEXT ( ( #8456 ) ) GLOBAL_UNIT_ASSIGNED_CONTEXT ( ( #3961, #3871, #7566 ) ) REPRESENTATION_CONTEXT ( 'NONE', 'WORKASPACE' ) );
#3647 = EDGE_CURVE ( 'NONE', #1238, #3933, #3291, .T. ) ;
#3648 = FACE_OUTER_BOUND ( 'NONE', #2574, .T. ) ;
#3649 = CIRCLE ( 'NONE', #5690, 0.1200000000000000927 ) ;
#3650 = CARTESIAN_POINT ( 'NONE',  ( 1.369999999999999885, 0.05000000000000000278, -2.000000000000000000 ) ) ;
#3651 = EDGE_LOOP ( 'NONE', ( #1880, #8297, #2683, #12, #4198, #5668 ) ) ;
#3652 = VECTOR ( 'NONE', #3614, 1000.000000000000000 ) ;
#3653 = EDGE_LOOP ( 'NONE', ( #9655, #537, #9688, #3426 ) ) ;
#3654 = FACE_OUTER_BOUND ( 'NONE', #6873, .T. ) ;
#3655 = VERTEX_POINT ( 'NONE', #6971 ) ;
#3656 = LINE ( 'NONE', #8978, #7248 ) ;
#3657 = CARTESIAN_POINT ( 'NONE',  ( -0.1299999999999999767, 0.2000000000000000111, -2.000000000000000000 ) ) ;
#3658 = CARTESIAN_POINT ( 'NONE',  ( -2.000000000000000000, 0.6664761515876239661, 0.1299999999999999767 ) ) ;
#3659 = VECTOR ( 'NONE', #4971, 1000.000000000000000 ) ;
#3660 = LINE ( 'NONE', #8147, #7295 ) ;
#3661 = VECTOR ( 'NONE', #7471, 1000.000000000000000 ) ;
#3662 = AXIS2_PLACEMENT_3D ( 'NONE', #8576, #1689, #944 ) ;
#3663 = EDGE_CURVE ( 'NONE', #8884, #5829, #896, .T. ) ;
#3664 = SURFACE_STYLE_FILL_AREA ( #4393 ) ;
#3665 = AXIS2_PLACEMENT_3D ( 'NONE', #1508, #3019, #9709 ) ;
#3666 = VERTEX_POINT ( 'NONE', #5444 ) ;
#3667 = VECTOR ( 'NONE', #5599, 1000.000000000000000 ) ;
#3668 = VERTEX_POINT ( 'NONE', #5488 ) ;
#3669 = VERTEX_POINT ( 'NONE', #4555 ) ;
#3670 = DIRECTION ( 'NONE',  ( 0.000000000000000000, 0.000000000000000000, -1.000000000000000000 ) ) ;
#3671 = ORIENTED_EDGE ( 'NONE', *, *, #2637, .T. ) ;
#3672 = VECTOR ( 'NONE', #256, 1000.000000000000000 ) ;
#3673 = DIRECTION ( 'NONE',  ( 0.000000000000000000, 1.000000000000000000, 0.000000000000000000 ) ) ;
#3674 = DIRECTION ( 'NONE',  ( 0.000000000000000000, 0.000000000000000000, 1.000000000000000000 ) ) ;
#3675 = CARTESIAN_POINT ( 'NONE',  ( 2.000000000000000000, 0.05000000000000000278, -2.000000000000000000 ) ) ;
#3676 = EDGE_CURVE ( 'NONE', #4614, #723, #1641, .T. ) ;
#3677 = PRESENTATION_LAYER_ASSIGNMENT (  '', '', ( #5394 ) ) ;
#3678 = STYLED_ITEM ( 'NONE', ( #788 ), #5528 ) ;
#3679 = ADVANCED_FACE ( 'NONE', ( #300 ), #5393, .F. ) ;
#3680 = VECTOR ( 'NONE', #7655, 1000.000000000000000 ) ;
#3681 = DIRECTION ( 'NONE',  ( 0.000000000000000000, -1.000000000000000000, 0.000000000000000000 ) ) ;
#3682 = EDGE_LOOP ( 'NONE', ( #9340, #3161, #5916, #575 ) ) ;
#3683 = CARTESIAN_POINT ( 'NONE',  ( -1.719999999999999973, 0.05000000000000000278, -1.129999999999999893 ) ) ;
#3684 = ORIENTED_EDGE ( 'NONE', *, *, #6265, .F. ) ;
#3685 = CARTESIAN_POINT ( 'NONE',  ( 1.606164317247239959, 0.000000000000000000, 1.287966265713290204 ) ) ;
#3686 = FILL_AREA_STYLE_COLOUR ( '', #6500 ) ;
#3687 = VERTEX_POINT ( 'NONE', #114 ) ;
#3688 = CARTESIAN_POINT ( 'NONE',  ( -1.250000000000000000, 0.6664761515876239661, 1.719999999999999973 ) ) ;
#3689 = CARTESIAN_POINT ( 'NONE',  ( -2.000000000000000000, 0.2000000000000000111, 0.8699999999999999956 ) ) ;
#3690 = FACE_OUTER_BOUND ( 'NONE', #4985, .T. ) ;
#3691 = VECTOR ( 'NONE', #3254, 1000.000000000000000 ) ;
#3692 = DIRECTION ( 'NONE',  ( 0.000000000000000000, -1.000000000000000000, 0.000000000000000000 ) ) ;
#3693 = ADVANCED_FACE ( 'NONE', ( #5333 ), #6835, .F. ) ;
#3694 = ADVANCED_FACE ( 'NONE', ( #2469 ), #9247, .T. ) ;
#3695 = ADVANCED_FACE ( 'NONE', ( #3913 ), #4745, .T. ) ;
#3696 = ORIENTED_EDGE ( 'NONE', *, *, #4747, .T. ) ;
#3697 = DIRECTION ( 'NONE',  ( 0.000000000000000000, -1.000000000000000000, 0.000000000000000000 ) ) ;
#3698 = DIRECTION ( 'NONE',  ( 0.000000000000000000, -1.000000000000000000, 0.000000000000000000 ) ) ;
#3699 =( NAMED_UNIT ( * ) PLANE_ANGLE_UNIT ( ) SI_UNIT ( $, .RADIAN. ) );
#3700 = FACE_OUTER_BOUND ( 'NONE', #4967, .T. ) ;
#3701 = CARTESIAN_POINT ( 'NONE',  ( -0.2500000000000000000, 0.6664761515876239661, 1.719999999999999973 ) ) ;
#3702 = EDGE_CURVE ( 'NONE', #5075, #9055, #9206, .T. ) ;
#3703 = CARTESIAN_POINT ( 'NONE',  ( -1.719999999999999973, 0.6664761515876239661, -1.369999999999999885 ) ) ;
#3704 = CIRCLE ( 'NONE', #1040, 0.1200000000000000927 ) ;
#3705 = AXIS2_PLACEMENT_3D ( 'NONE', #7581, #6051, #2180 ) ;
#3706 = PLANE ( 'NONE',  #3045 ) ;
#3707 = LINE ( 'NONE', #6549, #8094 ) ;
#3708 = ORIENTED_EDGE ( 'NONE', *, *, #7780, .F. ) ;
#3709 = DIRECTION ( 'NONE',  ( 0.000000000000000000, -1.000000000000000000, 0.000000000000000000 ) ) ;
#3710 = ORIENTED_EDGE ( 'NONE', *, *, #2532, .T. ) ;
#3711 = DIRECTION ( 'NONE',  ( 7.744301232039309779E-16, 0.000000000000000000, -1.000000000000000000 ) ) ;
#3712 = CARTESIAN_POINT ( 'NONE',  ( -1.250000000000000000, 0.2000000000000000111, 1.719999999999999973 ) ) ;
#3713 = CARTESIAN_POINT ( 'NONE',  ( -2.000000000000000000, 0.2000000000000000111, 0.1299999999999999767 ) ) ;
#3714 = DIRECTION ( 'NONE',  ( 0.000000000000000000, -1.000000000000000000, 0.000000000000000000 ) ) ;
#3715 = CLOSED_SHELL ( 'NONE', ( #4396, #6540, #1835, #8951, #1540, #1373 ) ) ;
#3716 = SURFACE_SIDE_STYLE ('',( #8292 ) ) ;
#3717 = ORIENTED_EDGE ( 'NONE', *, *, #4030, .T. ) ;
#3718 = ORIENTED_EDGE ( 'NONE', *, *, #2380, .F. ) ;
#3719 = ORIENTED_EDGE ( 'NONE', *, *, #3506, .T. ) ;
#3720 = CARTESIAN_POINT ( 'NONE',  ( -1.369999999999999885, 0.2000000000000000111, -2.000000000000000000 ) ) ;
#3721 = ORIENTED_EDGE ( 'NONE', *, *, #6265, .T. ) ;
#3722 = CARTESIAN_POINT ( 'NONE',  ( 0.8699999999999999956, 0.6664761515876239661, 1.719999999999999973 ) ) ;
#3723 = CARTESIAN_POINT ( 'NONE',  ( 1.350000000000000311, 0.05000000000000000278, -1.249999999999999778 ) ) ;
#3724 = EDGE_CURVE ( 'NONE', #3612, #6034, #9151, .T. ) ;
#3725 = PLANE ( 'NONE',  #2436 ) ;
#3726 = CARTESIAN_POINT ( 'NONE',  ( 4.878909776184760092E-16, 0.05000000000000000278, 0.6300000000000000044 ) ) ;
#3727 = ORIENTED_EDGE ( 'NONE', *, *, #4661, .T. ) ;
#3728 = CARTESIAN_POINT ( 'NONE',  ( 0.6300000000000000044, 0.05000000000000000278, -2.000000000000000000 ) ) ;
#3729 = ORIENTED_EDGE ( 'NONE', *, *, #8149, .T. ) ;
#3730 = CARTESIAN_POINT ( 'NONE',  ( 2.000000000000000000, 0.6664761515876239661, -0.8699999999999999956 ) ) ;
#3731 = ORIENTED_EDGE ( 'NONE', *, *, #2637, .F. ) ;
#3732 = LINE ( 'NONE', #7477, #984 ) ;
#3733 = UNCERTAINTY_MEASURE_WITH_UNIT (LENGTH_MEASURE( 1.000000000000000082E-05 ), #116, 'distance_accuracy_value', 'NONE');
#3734 = CARTESIAN_POINT ( 'NONE',  ( -1.129999999999999893, 0.2000000000000000111, -2.000000000000000000 ) ) ;
#3735 = DIRECTION ( 'NONE',  ( 0.000000000000000000, 0.000000000000000000, 1.000000000000000000 ) ) ;
#3736 = LINE ( 'NONE', #8864, #8547 ) ;
#3737 = ORIENTED_EDGE ( 'NONE', *, *, #2471, .T. ) ;
#3738 = ADVANCED_FACE ( 'NONE', ( #3874 ), #1579, .F. ) ;
#3739 = FACE_OUTER_BOUND ( 'NONE', #7206, .T. ) ;
#3740 = ORIENTED_EDGE ( 'NONE', *, *, #1348, .T. ) ;
#3741 = EDGE_CURVE ( 'NONE', #1380, #9219, #8459, .T. ) ;
#3742 = CARTESIAN_POINT ( 'NONE',  ( 2.000000000000000000, 0.6664761515876239661, 0.1299999999999999767 ) ) ;
#3743 = PLANE ( 'NONE',  #9138 ) ;
#3744 = FACE_OUTER_BOUND ( 'NONE', #1190, .T. ) ;
#3745 = EDGE_CURVE ( 'NONE', #471, #7237, #153, .T. ) ;
#3746 = DIRECTION ( 'NONE',  ( 0.000000000000000000, 0.000000000000000000, -1.000000000000000000 ) ) ;
#3747 = LINE ( 'NONE', #7533, #1791 ) ;
#3748 = EDGE_CURVE ( 'NONE', #5370, #1764, #7127, .T. ) ;
#3749 = CARTESIAN_POINT ( 'NONE',  ( -1.719999999999999973, 0.2000000000000000111, -1.250000000000000000 ) ) ;
#3750 = VERTEX_POINT ( 'NONE', #4606 ) ;
#3751 = CARTESIAN_POINT ( 'NONE',  ( -2.000000000000000000, 0.6664761515876239661, -0.1299999999999999767 ) ) ;
#3752 = EDGE_CURVE ( 'NONE', #3293, #2559, #7625, .T. ) ;
#3753 = ORIENTED_EDGE ( 'NONE', *, *, #1204, .T. ) ;
#3754 = CARTESIAN_POINT ( 'NONE',  ( 1.350000000000000089, 0.000000000000000000, -1.429545647210201072E-16 ) ) ;
#3755 = LINE ( 'NONE', #9674, #7740 ) ;
#3756 = CARTESIAN_POINT ( 'NONE',  ( 1.129999999999999893, 0.2000000000000000111, 1.719999999999999973 ) ) ;
#3757 = EDGE_CURVE ( 'NONE', #2792, #8308, #6129, .T. ) ;
#3758 = VERTEX_POINT ( 'NONE', #6916 ) ;
#3759 = ORIENTED_EDGE ( 'NONE', *, *, #3280, .F. ) ;
#3760 = ORIENTED_EDGE ( 'NONE', *, *, #2402, .T. ) ;
#3761 = DIRECTION ( 'NONE',  ( 0.000000000000000000, -1.000000000000000000, 0.000000000000000000 ) ) ;
#3762 = VERTEX_POINT ( 'NONE', #2011 ) ;
#3763 = CARTESIAN_POINT ( 'NONE',  ( 1.719999999999999973, 0.6664761515876239661, 1.250000000000000000 ) ) ;
#3764 = CARTESIAN_POINT ( 'NONE',  ( 0.8699999999999999956, 0.2000000000000000111, 2.000000000000000000 ) ) ;
#3765 = LINE ( 'NONE', #9537, #2747 ) ;
#3766 = CARTESIAN_POINT ( 'NONE',  ( 2.000000000000000000, 0.2000000000000000111, 0.3699999999999999956 ) ) ;
#3767 = EDGE_CURVE ( 'NONE', #5282, #178, #544, .T. ) ;
#3768 = EDGE_CURVE ( 'NONE', #4116, #5930, #6376, .T. ) ;
#3769 = ORIENTED_EDGE ( 'NONE', *, *, #5068, .F. ) ;
#3770 = AXIS2_PLACEMENT_3D ( 'NONE', #3712, #5216, #5270 ) ;
#3771 = CARTESIAN_POINT ( 'NONE',  ( -2.000000000000000000, 0.000000000000000000, -0.3699999999999999956 ) ) ;
#3772 = ORIENTED_EDGE ( 'NONE', *, *, #3410, .F. ) ;
#3773 = DIRECTION ( 'NONE',  ( 0.000000000000000000, 0.000000000000000000, -1.000000000000000000 ) ) ;
#3774 = VERTEX_POINT ( 'NONE', #7965 ) ;
#3775 = PRESENTATION_STYLE_ASSIGNMENT (( #9147 ) ) ;
#3776 = DIRECTION ( 'NONE',  ( 1.000000000000000000, 0.000000000000000000, 0.000000000000000000 ) ) ;
#3777 = DIRECTION ( 'NONE',  ( 0.000000000000000000, -1.000000000000000000, 0.000000000000000000 ) ) ;
#3778 = CARTESIAN_POINT ( 'NONE',  ( -2.000000000000000000, 0.2000000000000000111, 0.8699999999999999956 ) ) ;
#3779 = ORIENTED_EDGE ( 'NONE', *, *, #392, .F. ) ;
#3780 = DIRECTION ( 'NONE',  ( -7.744301232039309779E-16, 0.000000000000000000, -1.000000000000000000 ) ) ;
#3781 = VECTOR ( 'NONE', #4852, 1000.000000000000000 ) ;
#3782 = CARTESIAN_POINT ( 'NONE',  ( 0.7500000000000000000, 0.2000000000000000111, 1.600000000000000089 ) ) ;
#3783 = CARTESIAN_POINT ( 'NONE',  ( 1.719999999999999973, 0.000000000000000000, 0.3699999999999999956 ) ) ;
#3784 = VECTOR ( 'NONE', #5458, 1000.000000000000000 ) ;
#3785 = CARTESIAN_POINT ( 'NONE',  ( 1.719999999999999973, 0.000000000000000000, -1.250000000000000000 ) ) ;
#3786 = DIRECTION ( 'NONE',  ( -0.000000000000000000, 1.000000000000000000, 0.000000000000000000 ) ) ;
#3787 = CARTESIAN_POINT ( 'NONE',  ( 1.287966265713291980, -0.05729555854656199348, 1.606164317247235074 ) ) ;
#3788 = EDGE_CURVE ( 'NONE', #836, #9070, #488, .T. ) ;
#3789 = AXIS2_PLACEMENT_3D ( 'NONE', #6469, #2953, #2846 ) ;
#3790 = ADVANCED_FACE ( 'NONE', ( #9390 ), #4059, .F. ) ;
#3791 = ADVANCED_FACE ( 'NONE', ( #9431 ), #3475, .T. ) ;
#3792 = DIRECTION ( 'NONE',  ( 0.000000000000000000, 1.000000000000000000, 0.000000000000000000 ) ) ;
#3793 = PLANE ( 'NONE',  #4619 ) ;
#3794 = ORIENTED_EDGE ( 'NONE', *, *, #6800, .T. ) ;
#3795 = VECTOR ( 'NONE', #6816, 1000.000000000000000 ) ;
#3796 = CARTESIAN_POINT ( 'NONE',  ( 2.000000000000000000, 0.05000000000000000278, 2.000000000000000000 ) ) ;
#3797 = ORIENTED_EDGE ( 'NONE', *, *, #9458, .F. ) ;
#3798 = PLANE ( 'NONE',  #23 ) ;
#3799 = DIRECTION ( 'NONE',  ( -7.744301232039309779E-16, 0.000000000000000000, 1.000000000000000000 ) ) ;
#3800 = DIRECTION ( 'NONE',  ( 0.000000000000000000, 0.000000000000000000, -1.000000000000000000 ) ) ;
#3801 = EDGE_CURVE ( 'NONE', #9610, #5075, #1965, .T. ) ;
#3802 = VECTOR ( 'NONE', #5658, 1000.000000000000000 ) ;
#3803 = EDGE_CURVE ( 'NONE', #179, #5678, #1126, .T. ) ;
#3804 = EDGE_CURVE ( 'NONE', #6282, #5075, #3507, .T. ) ;
#3805 = VECTOR ( 'NONE', #9133, 1000.000000000000000 ) ;
#3806 = ORIENTED_EDGE ( 'NONE', *, *, #7793, .F. ) ;
#3807 = ORIENTED_EDGE ( 'NONE', *, *, #7955, .T. ) ;
#3808 = EDGE_LOOP ( 'NONE', ( #1728, #3526, #6137, #4085 ) ) ;
#3809 = CARTESIAN_POINT ( 'NONE',  ( 1.369999999999999885, 0.2000000000000000111, 2.000000000000000000 ) ) ;
#3810 = ORIENTED_EDGE ( 'NONE', *, *, #5650, .T. ) ;
#3811 = VECTOR ( 'NONE', #7454, 1000.000000000000000 ) ;
#3812 = DIRECTION ( 'NONE',  ( 1.000000000000000000, 0.000000000000000000, 0.000000000000000000 ) ) ;
#3813 = DIRECTION ( 'NONE',  ( 0.000000000000000000, -1.000000000000000000, 0.000000000000000000 ) ) ;
#3814 = CARTESIAN_POINT ( 'NONE',  ( 0.3699999999999999956, 0.05000000000000000278, -2.000000000000000000 ) ) ;
#3815 = VECTOR ( 'NONE', #7441, 1000.000000000000000 ) ;
#3816 = EDGE_CURVE ( 'NONE', #8550, #9155, #1865, .T. ) ;
#3817 = VECTOR ( 'NONE', #311, 1000.000000000000000 ) ;
#3818 = FILL_AREA_STYLE_COLOUR ( '', #2427 ) ;
#3819 = VECTOR ( 'NONE', #4647, 1000.000000000000000 ) ;
#3820 = VECTOR ( 'NONE', #5545, 1000.000000000000000 ) ;
#3821 = ORIENTED_EDGE ( 'NONE', *, *, #3067, .T. ) ;
#3822 = CARTESIAN_POINT ( 'NONE',  ( -0.6300000000000000044, 0.6664761515876239661, 2.000000000000000000 ) ) ;
#3823 = ORIENTED_EDGE ( 'NONE', *, *, #2184, .F. ) ;
#3824 = VERTEX_POINT ( 'NONE', #4991 ) ;
#3825 = FILL_AREA_STYLE ('',( #889 ) ) ;
#3826 = ORIENTED_EDGE ( 'NONE', *, *, #51, .F. ) ;
#3827 = CARTESIAN_POINT ( 'NONE',  ( -1.500000000000000000, 0.3343145750507609537, -1.500000000000000000 ) ) ;
#3828 = UNCERTAINTY_MEASURE_WITH_UNIT (LENGTH_MEASURE( 1.000000000000000082E-05 ), #6203, 'distance_accuracy_value', 'NONE');
#3829 = DIRECTION ( 'NONE',  ( 1.000000000000000000, 0.000000000000000000, -1.084202172485503818E-16 ) ) ;
#3830 = CARTESIAN_POINT ( 'NONE',  ( 1.682033734286709770, 0.05000000000000000278, -1.363835682752764011 ) ) ;
#3831 = DIRECTION ( 'NONE',  ( 0.000000000000000000, 0.000000000000000000, 1.000000000000000000 ) ) ;
#3832 = VECTOR ( 'NONE', #5689, 1000.000000000000000 ) ;
#3833 = VECTOR ( 'NONE', #7900, 1000.000000000000000 ) ;
#3834 = EDGE_LOOP ( 'NONE', ( #7449, #8293, #8277, #2868 ) ) ;
#3835 = PRESENTATION_LAYER_ASSIGNMENT (  '', '', ( #1644 ) ) ;
#3836 = ORIENTED_EDGE ( 'NONE', *, *, #2132, .F. ) ;
#3837 = AXIS2_PLACEMENT_3D ( 'NONE', #9010, #1344, #7521 ) ;
#3838 = CARTESIAN_POINT ( 'NONE',  ( -2.000000000000000000, 0.2000000000000000111, -0.3699999999999999956 ) ) ;
#3839 = VERTEX_POINT ( 'NONE', #7219 ) ;
#3840 = VECTOR ( 'NONE', #9516, 1000.000000000000000 ) ;
#3841 = CARTESIAN_POINT ( 'NONE',  ( -2.000000000000000000, 0.2000000000000000111, -0.8699999999999999956 ) ) ;
#3842 = PLANE ( 'NONE',  #2458 ) ;
#3843 = DIRECTION ( 'NONE',  ( 0.000000000000000000, 0.000000000000000000, 1.000000000000000000 ) ) ;
#3844 = AXIS2_PLACEMENT_3D ( 'NONE', #9116, #4666, #808 ) ;
#3845 = DIRECTION ( 'NONE',  ( 0.000000000000000000, -1.000000000000000000, 0.000000000000000000 ) ) ;
#3846 = DIRECTION ( 'NONE',  ( 1.000000000000000000, 0.000000000000000000, 0.000000000000000000 ) ) ;
#3847 = ORIENTED_EDGE ( 'NONE', *, *, #9270, .F. ) ;
#3848 = DIRECTION ( 'NONE',  ( 1.000000000000000000, 0.000000000000000000, -7.744301232039309779E-16 ) ) ;
#3849 = EDGE_LOOP ( 'NONE', ( #3708, #6284, #5387, #4681 ) ) ;
#3850 = CARTESIAN_POINT ( 'NONE',  ( 1.369999999999999885, 0.05000000000000000278, 2.000000000000000000 ) ) ;
#3851 = DIRECTION ( 'NONE',  ( -1.000000000000000000, 0.000000000000000000, 0.000000000000000000 ) ) ;
#3852 = AXIS2_PLACEMENT_3D ( 'NONE', #3440, #1922, #1290 ) ;
#3853 = CARTESIAN_POINT ( 'NONE',  ( 0.8699999999999999956, 0.000000000000000000, 1.719999999999999973 ) ) ;
#3854 = ORIENTED_EDGE ( 'NONE', *, *, #3620, .T. ) ;
#3855 = ADVANCED_FACE ( 'NONE', ( #7069 ), #3390, .T. ) ;
#3856 = ORIENTED_EDGE ( 'NONE', *, *, #317, .T. ) ;
#3857 = EDGE_CURVE ( 'NONE', #2190, #8017, #5867, .T. ) ;
#3858 = ORIENTED_EDGE ( 'NONE', *, *, #6919, .F. ) ;
#3859 = PLANE ( 'NONE',  #8493 ) ;
#3860 = EDGE_LOOP ( 'NONE', ( #91, #1161, #564, #4342, #1046, #5842 ) ) ;
#3861 = CARTESIAN_POINT ( 'NONE',  ( 1.369999999999999885, 0.2000000000000000111, 1.719999999999999973 ) ) ;
#3862 = LINE ( 'NONE', #8397, #6150 ) ;
#3863 = CARTESIAN_POINT ( 'NONE',  ( 0.000000000000000000, 0.05000000000000000278, -0.1299999999999999767 ) ) ;
#3864 = ORIENTED_EDGE ( 'NONE', *, *, #1887, .F. ) ;
#3865 = DIRECTION ( 'NONE',  ( 0.000000000000000000, 1.000000000000000000, 0.000000000000000000 ) ) ;
#3866 = VERTEX_POINT ( 'NONE', #7820 ) ;
#3867 = ADVANCED_FACE ( 'NONE', ( #401 ), #8560, .F. ) ;
#3868 = VERTEX_POINT ( 'NONE', #5598 ) ;
#3869 =( LENGTH_UNIT ( ) NAMED_UNIT ( * ) SI_UNIT ( .MILLI., .METRE. ) );
#3870 = ORIENTED_EDGE ( 'NONE', *, *, #3607, .T. ) ;
#3871 =( NAMED_UNIT ( * ) PLANE_ANGLE_UNIT ( ) SI_UNIT ( $, .RADIAN. ) );
#3872 = DIRECTION ( 'NONE',  ( 1.000000000000000000, 0.000000000000000000, 7.744301232039309779E-16 ) ) ;
#3873 = CARTESIAN_POINT ( 'NONE',  ( 0.8699999999999999956, 0.000000000000000000, 2.000000000000000000 ) ) ;
#3874 = FACE_OUTER_BOUND ( 'NONE', #6064, .T. ) ;
#3875 = EDGE_LOOP ( 'NONE', ( #7496, #9669, #7498, #3904 ) ) ;
#3876 = EDGE_CURVE ( 'NONE', #380, #4786, #8011, .T. ) ;
#3877 = CARTESIAN_POINT ( 'NONE',  ( -1.250000000000000000, 0.2000000000000000111, 1.719999999999999973 ) ) ;
#3878 = DIRECTION ( 'NONE',  ( 0.000000000000000000, -1.000000000000000000, 0.000000000000000000 ) ) ;
#3879 = VERTEX_POINT ( 'NONE', #1276 ) ;
#3880 = DIRECTION ( 'NONE',  ( 0.000000000000000000, 0.000000000000000000, 1.000000000000000000 ) ) ;
#3881 = CARTESIAN_POINT ( 'NONE',  ( 1.287966265713290204, -0.05729555854656199348, -1.606164317247239959 ) ) ;
#3882 = CARTESIAN_POINT ( 'NONE',  ( 0.8699999999999999956, 0.05000000000000000278, 2.000000000000000000 ) ) ;
#3883 = CARTESIAN_POINT ( 'NONE',  ( -1.369999999999999885, 0.000000000000000000, -2.000000000000000000 ) ) ;
#3884 = CARTESIAN_POINT ( 'NONE',  ( 1.719999999999999973, 0.2000000000000000111, -0.2500000000000000000 ) ) ;
#3885 = EDGE_CURVE ( 'NONE', #7031, #9185, #4256, .T. ) ;
#3886 = DIRECTION ( 'NONE',  ( 0.000000000000000000, 0.000000000000000000, 1.000000000000000000 ) ) ;
#3887 = VERTEX_POINT ( 'NONE', #8650 ) ;
#3888 = CARTESIAN_POINT ( 'NONE',  ( 2.000000000000000000, 0.05000000000000000278, 2.000000000000000000 ) ) ;
#3889 = CARTESIAN_POINT ( 'NONE',  ( -1.719999999999999973, 0.6664761515876239661, -1.369999999999999885 ) ) ;
#3890 = FACE_OUTER_BOUND ( 'NONE', #8174, .T. ) ;
#3891 = DIRECTION ( 'NONE',  ( 0.000000000000000000, -1.000000000000000000, 0.000000000000000000 ) ) ;
#3892 = CARTESIAN_POINT ( 'NONE',  ( -1.250000000000000000, 0.05000000000000000278, 0.09999999999999971412 ) ) ;
#3893 = ORIENTED_EDGE ( 'NONE', *, *, #1224, .F. ) ;
#3894 = EDGE_LOOP ( 'NONE', ( #7616, #1701, #378, #3760 ) ) ;
#3895 = ORIENTED_EDGE ( 'NONE', *, *, #5952, .T. ) ;
#3896 = DIRECTION ( 'NONE',  ( 0.000000000000000000, 0.000000000000000000, 1.000000000000000000 ) ) ;
#3897 = VERTEX_POINT ( 'NONE', #7271 ) ;
#3898 = CYLINDRICAL_SURFACE ( 'NONE', #1778, 0.1200000000000000927 ) ;
#3899 = DIRECTION ( 'NONE',  ( -1.734723475976807587E-16, 0.000000000000000000, 1.000000000000000000 ) ) ;
#3900 = DIRECTION ( 'NONE',  ( 0.000000000000000000, 0.000000000000000000, 1.000000000000000000 ) ) ;
#3901 = EDGE_CURVE ( 'NONE', #2253, #471, #1796, .T. ) ;
#3902 = EDGE_CURVE ( 'NONE', #5276, #424, #1185, .T. ) ;
#3903 = EDGE_CURVE ( 'NONE', #6007, #435, #1475, .T. ) ;
#3904 = ORIENTED_EDGE ( 'NONE', *, *, #762, .T. ) ;
#3905 = CARTESIAN_POINT ( 'NONE',  ( -0.7500000000000000000, 0.2000000000000000111, 1.600000000000000089 ) ) ;
#3906 = VERTEX_POINT ( 'NONE', #5035 ) ;
#3907 = AXIS2_PLACEMENT_3D ( 'NONE', #9595, #4517, #4423 ) ;
#3908 = ORIENTED_EDGE ( 'NONE', *, *, #9038, .T. ) ;
#3909 = ORIENTED_EDGE ( 'NONE', *, *, #8673, .F. ) ;
#3910 = CARTESIAN_POINT ( 'NONE',  ( 0.1300000000000020028, 0.05000000000000000278, 1.006759160165126034E-16 ) ) ;
#3911 = CARTESIAN_POINT ( 'NONE',  ( 2.000000000000000000, 0.05000000000000000278, -0.1299999999999999767 ) ) ;
#3912 = PLANE ( 'NONE',  #2529 ) ;
#3913 = FACE_OUTER_BOUND ( 'NONE', #5792, .T. ) ;
#3914 = EDGE_CURVE ( 'NONE', #7484, #2496, #5975, .T. ) ;
#3915 = VECTOR ( 'NONE', #8655, 1000.000000000000000 ) ;
#3916 = ADVANCED_FACE ( 'NONE', ( #8795 ), #5094, .T. ) ;
#3917 = EDGE_CURVE ( 'NONE', #2753, #4504, #2954, .T. ) ;
#3918 = ORIENTED_EDGE ( 'NONE', *, *, #1557, .F. ) ;
#3919 = ORIENTED_EDGE ( 'NONE', *, *, #2211, .T. ) ;
#3920 = CARTESIAN_POINT ( 'NONE',  ( 1.250000000000000000, 0.000000000000000000, 1.719999999999999973 ) ) ;
#3921 = ORIENTED_EDGE ( 'NONE', *, *, #6988, .T. ) ;
#3922 = CARTESIAN_POINT ( 'NONE',  ( 0.6300000000000000044, 0.2000000000000000111, 2.000000000000000000 ) ) ;
#3923 = DIRECTION ( 'NONE',  ( -7.744301232039309779E-16, 0.000000000000000000, -1.000000000000000000 ) ) ;
#3924 = CARTESIAN_POINT ( 'NONE',  ( 1.606164317247239959, -0.05729555854656199348, -1.287966265713290204 ) ) ;
#3925 = AXIS2_PLACEMENT_3D ( 'NONE', #9638, #11, #4412 ) ;
#3926 = EDGE_CURVE ( 'NONE', #897, #3413, #2163, .T. ) ;
#3927 = AXIS2_PLACEMENT_3D ( 'NONE', #5369, #4585, #878 ) ;
#3928 = AXIS2_PLACEMENT_3D ( 'NONE', #9553, #7088, #1299 ) ;
#3929 = DIRECTION ( 'NONE',  ( 0.000000000000000000, 1.000000000000000000, 0.000000000000000000 ) ) ;
#3930 = SURFACE_SIDE_STYLE ('',( #947 ) ) ;
#3931 = ORIENTED_EDGE ( 'NONE', *, *, #268, .T. ) ;
#3932 = CARTESIAN_POINT ( 'NONE',  ( -2.000000000000000000, 0.2000000000000000111, 1.369999999999999885 ) ) ;
#3933 = VERTEX_POINT ( 'NONE', #6618 ) ;
#3934 = VECTOR ( 'NONE', #8244, 1000.000000000000000 ) ;
#3935 = LINE ( 'NONE', #9177, #8532 ) ;
#3936 = CARTESIAN_POINT ( 'NONE',  ( -1.129999999999999893, 0.2000000000000000111, -1.719999999999999973 ) ) ;
#3937 = EDGE_CURVE ( 'NONE', #3332, #681, #2055, .T. ) ;
#3938 = DIRECTION ( 'NONE',  ( 0.000000000000000000, 0.000000000000000000, -1.000000000000000000 ) ) ;
#3939 = CIRCLE ( 'NONE', #7259, 0.1200000000000000927 ) ;
#3940 = VERTEX_POINT ( 'NONE', #8950 ) ;
#3941 = VECTOR ( 'NONE', #399, 1000.000000000000000 ) ;
#3942 = VERTEX_POINT ( 'NONE', #5933 ) ;
#3943 = DIRECTION ( 'NONE',  ( -7.744301232039309779E-16, 0.000000000000000000, -1.000000000000000000 ) ) ;
#3944 = ORIENTED_EDGE ( 'NONE', *, *, #3331, .T. ) ;
#3945 = PLANE ( 'NONE',  #5497 ) ;
#3946 = ORIENTED_EDGE ( 'NONE', *, *, #8445, .T. ) ;
#3947 = DIRECTION ( 'NONE',  ( 7.744301232039309779E-16, 0.000000000000000000, -1.000000000000000000 ) ) ;
#3948 = PLANE ( 'NONE',  #6467 ) ;
#3949 = CARTESIAN_POINT ( 'NONE',  ( -0.8699999999999999956, 0.000000000000000000, -2.000000000000000000 ) ) ;
#3950 = AXIS2_PLACEMENT_3D ( 'NONE', #3519, #7208, #8783 ) ;
#3951 = ADVANCED_FACE ( 'NONE', ( #5235 ), #3725, .F. ) ;
#3952 = AXIS2_PLACEMENT_3D ( 'NONE', #385, #9380, #4093 ) ;
#3953 = PLANE ( 'NONE',  #8092 ) ;
#3954 = VERTEX_POINT ( 'NONE', #7368 ) ;
#3955 = LINE ( 'NONE', #7245, #8702 ) ;
#3956 = AXIS2_PLACEMENT_3D ( 'NONE', #6801, #2248, #7596 ) ;
#3957 = ORIENTED_EDGE ( 'NONE', *, *, #5810, .T. ) ;
#3958 = VERTEX_POINT ( 'NONE', #8063 ) ;
#3959 = VERTEX_POINT ( 'NONE', #781 ) ;
#3960 = AXIS2_PLACEMENT_3D ( 'NONE', #8716, #3547, #5758 ) ;
#3961 =( LENGTH_UNIT ( ) NAMED_UNIT ( * ) SI_UNIT ( .MILLI., .METRE. ) );
#3962 = EDGE_CURVE ( 'NONE', #1570, #847, #8998, .T. ) ;
#3963 = LINE ( 'NONE', #4110, #5836 ) ;
#3964 = LINE ( 'NONE', #1679, #8180 ) ;
#3965 = DIRECTION ( 'NONE',  ( 0.000000000000000000, 0.000000000000000000, -1.000000000000000000 ) ) ;
#3966 = VECTOR ( 'NONE', #1014, 1000.000000000000000 ) ;
#3967 = VECTOR ( 'NONE', #2215, 1000.000000000000114 ) ;
#3968 = AXIS2_PLACEMENT_3D ( 'NONE', #1629, #7028, #3250 ) ;
#3969 = DIRECTION ( 'NONE',  ( 0.000000000000000000, -1.000000000000000000, 0.000000000000000000 ) ) ;
#3970 = ORIENTED_EDGE ( 'NONE', *, *, #5705, .T. ) ;
#3971 = ORIENTED_EDGE ( 'NONE', *, *, #8148, .T. ) ;
#3972 = DIRECTION ( 'NONE',  ( 0.000000000000000000, -1.000000000000000000, 0.000000000000000000 ) ) ;
#3973 = ORIENTED_EDGE ( 'NONE', *, *, #508, .F. ) ;
#3974 = EDGE_CURVE ( 'NONE', #599, #7959, #5139, .T. ) ;
#3975 = VECTOR ( 'NONE', #6823, 1000.000000000000000 ) ;
#3976 =( LENGTH_UNIT ( ) NAMED_UNIT ( * ) SI_UNIT ( .MILLI., .METRE. ) );
#3977 = EDGE_CURVE ( 'NONE', #1380, #9496, #7328, .T. ) ;
#3978 = LINE ( 'NONE', #1457, #6449 ) ;
#3979 = CARTESIAN_POINT ( 'NONE',  ( -1.250000000000000000, 0.000000000000000000, 1.719999999999999973 ) ) ;
#3980 = CIRCLE ( 'NONE', #9339, 0.1200000000000000927 ) ;
#3981 = CARTESIAN_POINT ( 'NONE',  ( 0.3699999999999999956, 0.05000000000000000278, 0.000000000000000000 ) ) ;
#3982 = CIRCLE ( 'NONE', #8711, 0.1199999999999999956 ) ;
#3983 = MECHANICAL_DESIGN_GEOMETRIC_PRESENTATION_REPRESENTATION (  '', ( #8247 ), #9596 ) ;
#3984 = VECTOR ( 'NONE', #5955, 1000.000000000000000 ) ;
#3985 = CARTESIAN_POINT ( 'NONE',  ( 1.250000000000000000, 0.000000000000000000, 1.250000000000000000 ) ) ;
#3986 = ORIENTED_EDGE ( 'NONE', *, *, #4348, .T. ) ;
#3987 = DIRECTION ( 'NONE',  ( 0.000000000000000000, 0.000000000000000000, 1.000000000000000000 ) ) ;
#3988 = EDGE_CURVE ( 'NONE', #7550, #2498, #2264, .T. ) ;
#3989 = EDGE_LOOP ( 'NONE', ( #6370, #4453, #1917, #4248 ) ) ;
#3990 = PLANE ( 'NONE',  #6005 ) ;
#3991 = PLANE ( 'NONE',  #558 ) ;
#3992 = FACE_OUTER_BOUND ( 'NONE', #8631, .T. ) ;
#3993 = VECTOR ( 'NONE', #2334, 1000.000000000000000 ) ;
#3994 = ORIENTED_EDGE ( 'NONE', *, *, #508, .T. ) ;
#3995 = ORIENTED_EDGE ( 'NONE', *, *, #2670, .T. ) ;
#3996 = CARTESIAN_POINT ( 'NONE',  ( -1.129999999999999893, 0.000000000000000000, -1.719999999999999973 ) ) ;
#3997 = EDGE_CURVE ( 'NONE', #6056, #9172, #3765, .T. ) ;
#3998 = ORIENTED_EDGE ( 'NONE', *, *, #2184, .T. ) ;
#3999 = CIRCLE ( 'NONE', #9514, 0.1199999999999999956 ) ;
#4000 = CARTESIAN_POINT ( 'NONE',  ( -1.606164317247235074, 0.000000000000000000, 1.287966265713290204 ) ) ;
#4001 = ORIENTED_EDGE ( 'NONE', *, *, #637, .T. ) ;
#4002 = DIRECTION ( 'NONE',  ( 7.744301232039309779E-16, 0.000000000000000000, 1.000000000000000000 ) ) ;
#4003 = LINE ( 'NONE', #1814, #1775 ) ;
#4004 = LINE ( 'NONE', #5629, #4607 ) ;
#4005 = AXIS2_PLACEMENT_3D ( 'NONE', #1874, #6428, #5002 ) ;
#4006 = LINE ( 'NONE', #7016, #1341 ) ;
#4007 = APPLICATION_PROTOCOL_DEFINITION ( 'draft international standard', 'automotive_design', 1998, #2526 ) ;
#4008 = VERTEX_POINT ( 'NONE', #2808 ) ;
#4009 = CARTESIAN_POINT ( 'NONE',  ( 1.719999999999999973, 0.2000000000000000111, -0.2500000000000000000 ) ) ;
#4010 = VERTEX_POINT ( 'NONE', #2847 ) ;
#4011 = ORIENTED_EDGE ( 'NONE', *, *, #4012, .T. ) ;
#4012 = EDGE_CURVE ( 'NONE', #5356, #8975, #639, .T. ) ;
#4013 = CARTESIAN_POINT ( 'NONE',  ( 0.3699999999999999956, 0.6664761515876239661, 2.000000000000000000 ) ) ;
#4014 = ORIENTED_EDGE ( 'NONE', *, *, #6002, .T. ) ;
#4015 = DIRECTION ( 'NONE',  ( 1.000000000000000000, 0.000000000000000000, -7.744301232039309779E-16 ) ) ;
#4016 = DIRECTION ( 'NONE',  ( -1.000000000000000000, 0.000000000000000000, 0.000000000000000000 ) ) ;
#4017 = LINE ( 'NONE', #254, #5964 ) ;
#4018 = CARTESIAN_POINT ( 'NONE',  ( -0.3699999999999999956, 0.000000000000000000, -1.719999999999999973 ) ) ;
#4019 = DIRECTION ( 'NONE',  ( 0.000000000000000000, 0.000000000000000000, -1.000000000000000000 ) ) ;
#4020 = ORIENTED_EDGE ( 'NONE', *, *, #8283, .T. ) ;
#4021 = VERTEX_POINT ( 'NONE', #3616 ) ;
#4022 = CARTESIAN_POINT ( 'NONE',  ( -1.606164317247235074, 0.000000000000000000, 1.287966265713290204 ) ) ;
#4023 = PLANE ( 'NONE',  #102 ) ;
#4024 = VERTEX_POINT ( 'NONE', #9627 ) ;
#4025 =( NAMED_UNIT ( * ) PLANE_ANGLE_UNIT ( ) SI_UNIT ( $, .RADIAN. ) );
#4026 = CARTESIAN_POINT ( 'NONE',  ( 0.1299999999999999767, 0.2000000000000000111, 1.719999999999999973 ) ) ;
#4027 = CARTESIAN_POINT ( 'NONE',  ( 1.129999999999999893, 0.2000000000000000111, -2.000000000000000000 ) ) ;
#4028 = LINE ( 'NONE', #7675, #6474 ) ;
#4029 = EDGE_CURVE ( 'NONE', #5958, #4024, #8158, .T. ) ;
#4030 = EDGE_CURVE ( 'NONE', #1746, #2047, #1423, .T. ) ;
#4031 = DIRECTION ( 'NONE',  ( -0.7071067811865455743, 0.000000000000000000, -0.7071067811865495711 ) ) ;
#4032 = DIRECTION ( 'NONE',  ( 0.7071067811865455743, 0.000000000000000000, 0.7071067811865495711 ) ) ;
#4033 = EDGE_LOOP ( 'NONE', ( #8636, #8354, #2120, #7845, #5126, #6336, #4690, #6979, #8286, #8265, #5724, #9607, #4408, #4309, #8436, #6658, #2946, #2051, #7805, #3183, #1714, #5286, #2216, #2146, #1970, #9250, #5740, #7215 ) ) ;
#4034 = LINE ( 'NONE', #2587, #350 ) ;
#4035 = CARTESIAN_POINT ( 'NONE',  ( 1.129999999999999893, 0.2000000000000000111, -2.000000000000000000 ) ) ;
#4036 = DIRECTION ( 'NONE',  ( 0.000000000000000000, 0.000000000000000000, 1.000000000000000000 ) ) ;
#4037 = LINE ( 'NONE', #7004, #5566 ) ;
#4038 = EDGE_CURVE ( 'NONE', #4723, #5782, #688, .T. ) ;
#4039 = CARTESIAN_POINT ( 'NONE',  ( 1.719999999999999973, 0.6664761515876239661, -1.250000000000000000 ) ) ;
#4040 = EDGE_CURVE ( 'NONE', #8216, #7774, #4545, .T. ) ;
#4041 = ORIENTED_EDGE ( 'NONE', *, *, #8014, .T. ) ;
#4042 = VERTEX_POINT ( 'NONE', #5475 ) ;
#4043 = DIRECTION ( 'NONE',  ( 0.000000000000000000, 0.000000000000000000, 1.000000000000000000 ) ) ;
#4044 = ORIENTED_EDGE ( 'NONE', *, *, #3301, .F. ) ;
#4045 = CARTESIAN_POINT ( 'NONE',  ( -1.050000000000000044, 0.05000000000000000278, -1.350000000000000089 ) ) ;
#4046 = EDGE_LOOP ( 'NONE', ( #7811, #3111, #8745, #6447 ) ) ;
#4047 = LINE ( 'NONE', #4150, #3032 ) ;
#4048 = CARTESIAN_POINT ( 'NONE',  ( 2.000000000000000000, 0.2000000000000000111, 1.129999999999999893 ) ) ;
#4049 = LINE ( 'NONE', #332, #2902 ) ;
#4050 = EDGE_CURVE ( 'NONE', #2544, #6412, #7695, .T. ) ;
#4051 = DIRECTION ( 'NONE',  ( 0.000000000000000000, 0.000000000000000000, -1.000000000000000000 ) ) ;
#4052 = ORIENTED_EDGE ( 'NONE', *, *, #4403, .F. ) ;
#4053 = ORIENTED_EDGE ( 'NONE', *, *, #2254, .T. ) ;
#4054 = ORIENTED_EDGE ( 'NONE', *, *, #1690, .F. ) ;
#4055 = ORIENTED_EDGE ( 'NONE', *, *, #8387, .F. ) ;
#4056 = FACE_OUTER_BOUND ( 'NONE', #3098, .T. ) ;
#4057 = CARTESIAN_POINT ( 'NONE',  ( -0.1299999999999999767, 0.2000000000000000111, -2.000000000000000000 ) ) ;
#4058 = CARTESIAN_POINT ( 'NONE',  ( -0.8699999999999999956, 0.2000000000000000111, 2.000000000000000000 ) ) ;
#4059 = CYLINDRICAL_SURFACE ( 'NONE', #1007, 0.1199999999999999956 ) ;
#4060 = DIRECTION ( 'NONE',  ( -1.000000000000000000, 0.000000000000000000, 0.000000000000000000 ) ) ;
#4061 = AXIS2_PLACEMENT_3D ( 'NONE', #6089, #7630, #9281 ) ;
#4062 = ORIENTED_EDGE ( 'NONE', *, *, #1088, .F. ) ;
#4063 = ORIENTED_EDGE ( 'NONE', *, *, #9364, .T. ) ;
#4064 = PLANE ( 'NONE',  #4855 ) ;
#4065 = SURFACE_STYLE_USAGE ( .BOTH. , #7777 ) ;
#4066 = VERTEX_POINT ( 'NONE', #9193 ) ;
#4067 = DIRECTION ( 'NONE',  ( 0.000000000000000000, -1.000000000000000000, 0.000000000000000000 ) ) ;
#4068 = CARTESIAN_POINT ( 'NONE',  ( -0.1299999999999999767, 0.05000000000000000278, 2.000000000000000000 ) ) ;
#4069 = DIRECTION ( 'NONE',  ( 1.000000000000000000, 0.000000000000000000, 0.000000000000000000 ) ) ;
#4070 = FACE_OUTER_BOUND ( 'NONE', #2778, .T. ) ;
#4071 = CIRCLE ( 'NONE', #7386, 0.1200000000000000927 ) ;
#4072 = DIRECTION ( 'NONE',  ( 0.000000000000000000, 0.000000000000000000, 1.000000000000000000 ) ) ;
#4073 = SURFACE_STYLE_FILL_AREA ( #3405 ) ;
#4074 = ORIENTED_EDGE ( 'NONE', *, *, #8986, .F. ) ;
#4075 = CIRCLE ( 'NONE', #8646, 0.1200000000000000927 ) ;
#4076 = DIRECTION ( 'NONE',  ( 0.000000000000000000, 0.000000000000000000, 1.000000000000000000 ) ) ;
#4077 = LINE ( 'NONE', #1061, #4644 ) ;
#4078 = EDGE_CURVE ( 'NONE', #8099, #7692, #5375, .T. ) ;
#4079 = EDGE_CURVE ( 'NONE', #138, #8003, #3042, .T. ) ;
#4080 = DIRECTION ( 'NONE',  ( 6.505213034913026604E-17, 0.000000000000000000, -1.000000000000000000 ) ) ;
#4081 = VECTOR ( 'NONE', #1715, 1000.000000000000000 ) ;
#4082 = EDGE_CURVE ( 'NONE', #6729, #8977, #9091, .T. ) ;
#4083 = VECTOR ( 'NONE', #3560, 1000.000000000000000 ) ;
#4084 = CARTESIAN_POINT ( 'NONE',  ( -0.3699999999999999956, 0.2000000000000000111, 2.000000000000000000 ) ) ;
#4085 = ORIENTED_EDGE ( 'NONE', *, *, #4137, .T. ) ;
#4086 = ORIENTED_EDGE ( 'NONE', *, *, #2925, .T. ) ;
#4087 = VECTOR ( 'NONE', #7187, 1000.000000000000000 ) ;
#4088 = DIRECTION ( 'NONE',  ( 0.000000000000000000, 1.000000000000000000, 0.000000000000000000 ) ) ;
#4089 = ORIENTED_EDGE ( 'NONE', *, *, #100, .F. ) ;
#4090 = CARTESIAN_POINT ( 'NONE',  ( 0.6300000000000000044, 0.2000000000000000111, -2.000000000000000000 ) ) ;
#4091 = VERTEX_POINT ( 'NONE', #2455 ) ;
#4092 = VECTOR ( 'NONE', #5509, 1000.000000000000000 ) ;
#4093 = DIRECTION ( 'NONE',  ( 0.000000000000000000, 0.000000000000000000, 1.000000000000000000 ) ) ;
#4094 = EDGE_CURVE ( 'NONE', #1984, #1848, #243, .T. ) ;
#4095 = DIRECTION ( 'NONE',  ( -7.744301232039309779E-16, 0.000000000000000000, 1.000000000000000000 ) ) ;
#4096 = LINE ( 'NONE', #1114, #3368 ) ;
#4097 = VECTOR ( 'NONE', #8574, 1000.000000000000000 ) ;
#4098 = VECTOR ( 'NONE', #122, 1000.000000000000000 ) ;
#4099 = CARTESIAN_POINT ( 'NONE',  ( -1.606164317247235074, -0.05729555854656199348, -1.287966265713290204 ) ) ;
#4100 =( NAMED_UNIT ( * ) PLANE_ANGLE_UNIT ( ) SI_UNIT ( $, .RADIAN. ) );
#4101 = ORIENTED_EDGE ( 'NONE', *, *, #3447, .F. ) ;
#4102 = VERTEX_POINT ( 'NONE', #3814 ) ;
#4103 = ORIENTED_EDGE ( 'NONE', *, *, #8028, .F. ) ;
#4104 = CARTESIAN_POINT ( 'NONE',  ( 1.369999999999999885, 0.2000000000000000111, -2.000000000000000000 ) ) ;
#4105 = ORIENTED_EDGE ( 'NONE', *, *, #922, .F. ) ;
#4106 = VECTOR ( 'NONE', #7653, 1000.000000000000000 ) ;
#4107 = DIRECTION ( 'NONE',  ( -7.744301232039309779E-16, 0.000000000000000000, 1.000000000000000000 ) ) ;
#4108 = ADVANCED_FACE ( 'NONE', ( #7554 ), #4731, .T. ) ;
#4109 = UNCERTAINTY_MEASURE_WITH_UNIT (LENGTH_MEASURE( 1.000000000000000082E-05 ), #872, 'distance_accuracy_value', 'NONE');
#4110 = CARTESIAN_POINT ( 'NONE',  ( -2.000000000000000000, 0.2000000000000000111, -1.369999999999999885 ) ) ;
#4111 = CARTESIAN_POINT ( 'NONE',  ( 1.287966265713291980, -0.05729555854656199348, 1.606164317247235074 ) ) ;
#4112 = CIRCLE ( 'NONE', #7096, 0.1200000000000000927 ) ;
#4113 =( NAMED_UNIT ( * ) PLANE_ANGLE_UNIT ( ) SI_UNIT ( $, .RADIAN. ) );
#4114 = AXIS2_PLACEMENT_3D ( 'NONE', #2638, #7091, #1063 ) ;
#4115 = AXIS2_PLACEMENT_3D ( 'NONE', #3722, #542, #6675 ) ;
#4116 = VERTEX_POINT ( 'NONE', #6170 ) ;
#4117 = VERTEX_POINT ( 'NONE', #187 ) ;
#4118 = DIRECTION ( 'NONE',  ( 0.000000000000000000, -1.000000000000000000, 0.000000000000000000 ) ) ;
#4119 = FACE_OUTER_BOUND ( 'NONE', #2158, .T. ) ;
#4120 = ORIENTED_EDGE ( 'NONE', *, *, #7558, .T. ) ;
#4121 = DIRECTION ( 'NONE',  ( 0.000000000000000000, 0.000000000000000000, 1.000000000000000000 ) ) ;
#4122 = EDGE_CURVE ( 'NONE', #4869, #8352, #3238, .T. ) ;
#4123 = CARTESIAN_POINT ( 'NONE',  ( 1.682033734286709770, 0.000000000000000000, -1.363835682752762013 ) ) ;
#4124 = DIRECTION ( 'NONE',  ( 0.000000000000000000, -1.000000000000000000, 0.000000000000000000 ) ) ;
#4125 = DIRECTION ( 'NONE',  ( 1.000000000000000000, 0.000000000000000000, 0.000000000000000000 ) ) ;
#4126 = CIRCLE ( 'NONE', #4907, 0.1000000000000002554 ) ;
#4127 = VECTOR ( 'NONE', #7636, 1000.000000000000000 ) ;
#4128 = VECTOR ( 'NONE', #9366, 1000.000000000000000 ) ;
#4129 = LINE ( 'NONE', #7140, #2675 ) ;
#4130 = VECTOR ( 'NONE', #9139, 1000.000000000000000 ) ;
#4131 = DIRECTION ( 'NONE',  ( 0.000000000000000000, 1.000000000000000000, 0.000000000000000000 ) ) ;
#4132 = VERTEX_POINT ( 'NONE', #7752 ) ;
#4133 = VECTOR ( 'NONE', #2114, 1000.000000000000000 ) ;
#4134 = PLANE ( 'NONE',  #2696 ) ;
#4135 = EDGE_CURVE ( 'NONE', #6412, #6912, #3980, .T. ) ;
#4136 = CARTESIAN_POINT ( 'NONE',  ( -1.250000000000000000, 0.2000000000000000111, -1.719999999999999973 ) ) ;
#4137 = EDGE_CURVE ( 'NONE', #3512, #5782, #6220, .T. ) ;
#4138 = CARTESIAN_POINT ( 'NONE',  ( -0.3699999999999999956, 0.2000000000000000111, 1.719999999999999973 ) ) ;
#4139 = MECHANICAL_DESIGN_GEOMETRIC_PRESENTATION_REPRESENTATION (  '', ( #3078 ), #8260 ) ;
#4140 = AXIS2_PLACEMENT_3D ( 'NONE', #5082, #1316, #531 ) ;
#4141 = DIRECTION ( 'NONE',  ( 0.000000000000000000, -1.000000000000000000, 0.000000000000000000 ) ) ;
#4142 = VERTEX_POINT ( 'NONE', #1028 ) ;
#4143 = AXIS2_PLACEMENT_3D ( 'NONE', #4570, #664, #2976 ) ;
#4144 = ORIENTED_EDGE ( 'NONE', *, *, #1104, .F. ) ;
#4145 = DIRECTION ( 'NONE',  ( 0.000000000000000000, 0.000000000000000000, -1.000000000000000000 ) ) ;
#4146 = VERTEX_POINT ( 'NONE', #8443 ) ;
#4147 = DIRECTION ( 'NONE',  ( 0.000000000000000000, -1.000000000000000000, 0.000000000000000000 ) ) ;
#4148 = EDGE_LOOP ( 'NONE', ( #2557, #5104, #1745, #8603 ) ) ;
#4149 = AXIS2_PLACEMENT_3D ( 'NONE', #2984, #5962, #5219 ) ;
#4150 = CARTESIAN_POINT ( 'NONE',  ( -1.606164317247235074, 0.2000000000000000111, 1.287966265713290204 ) ) ;
#4151 = CARTESIAN_POINT ( 'NONE',  ( 2.000000000000000000, 0.05000000000000000278, 2.000000000000000000 ) ) ;
#4152 = FACE_OUTER_BOUND ( 'NONE', #2599, .T. ) ;
#4153 = AXIS2_PLACEMENT_3D ( 'NONE', #9654, #8176, #2029 ) ;
#4154 = EDGE_CURVE ( 'NONE', #9714, #3204, #6764, .T. ) ;
#4155 = FILL_AREA_STYLE ('',( #5677 ) ) ;
#4156 = EDGE_CURVE ( 'NONE', #5593, #1523, #4591, .T. ) ;
#4157 = AXIS2_PLACEMENT_3D ( 'NONE', #8669, #7345, #566 ) ;
#4158 = EDGE_LOOP ( 'NONE', ( #4809, #6945, #7538, #9302 ) ) ;
#4159 = ORIENTED_EDGE ( 'NONE', *, *, #5633, .F. ) ;
#4160 = ORIENTED_EDGE ( 'NONE', *, *, #2195, .T. ) ;
#4161 = PLANE ( 'NONE',  #2693 ) ;
#4162 = VERTEX_POINT ( 'NONE', #141 ) ;
#4163 = LINE ( 'NONE', #1124, #3941 ) ;
#4164 = DIRECTION ( 'NONE',  ( -1.000000000000000000, 0.000000000000000000, 0.000000000000000000 ) ) ;
#4165 = VECTOR ( 'NONE', #4365, 1000.000000000000000 ) ;
#4166 = CARTESIAN_POINT ( 'NONE',  ( 1.369999999999999885, 0.2000000000000000111, -2.000000000000000000 ) ) ;
#4167 = CIRCLE ( 'NONE', #9678, 0.1200000000000000927 ) ;
#4168 = CARTESIAN_POINT ( 'NONE',  ( 0.6300000000000000044, 0.2000000000000000111, -2.000000000000000000 ) ) ;
#4169 = ADVANCED_FACE ( 'NONE', ( #967 ), #2408, .T. ) ;
#4170 = ORIENTED_EDGE ( 'NONE', *, *, #5779, .F. ) ;
#4171 = DIRECTION ( 'NONE',  ( 0.000000000000000000, -1.000000000000000000, 0.000000000000000000 ) ) ;
#4172 = ORIENTED_EDGE ( 'NONE', *, *, #2097, .T. ) ;
#4173 = CARTESIAN_POINT ( 'NONE',  ( -1.500000000000000000, 0.3343145750507609537, -1.699999999999999956 ) ) ;
#4174 = DIRECTION ( 'NONE',  ( 0.000000000000000000, -1.000000000000000000, 0.000000000000000000 ) ) ;
#4175 = EDGE_LOOP ( 'NONE', ( #589, #7762, #5773, #1510 ) ) ;
#4176 = DIRECTION ( 'NONE',  ( -1.000000000000000000, 0.000000000000000000, 0.000000000000000000 ) ) ;
#4177 = DIRECTION ( 'NONE',  ( 0.000000000000000000, 1.000000000000000000, 0.000000000000000000 ) ) ;
#4178 = DIRECTION ( 'NONE',  ( 0.000000000000000000, -1.000000000000000000, 0.000000000000000000 ) ) ;
#4179 = LINE ( 'NONE', #6430, #4909 ) ;
#4180 = EDGE_CURVE ( 'NONE', #4117, #4942, #9236, .T. ) ;
#4181 = DIRECTION ( 'NONE',  ( 0.000000000000000000, 0.000000000000000000, -1.000000000000000000 ) ) ;
#4182 = CARTESIAN_POINT ( 'NONE',  ( 2.000000000000000000, 0.6664761515876239661, 1.369999999999999885 ) ) ;
#4183 = ORIENTED_EDGE ( 'NONE', *, *, #8866, .T. ) ;
#4184 = LINE ( 'NONE', #9453, #4866 ) ;
#4185 = LINE ( 'NONE', #5808, #5097 ) ;
#4186 = DIRECTION ( 'NONE',  ( 0.000000000000000000, -1.000000000000000000, 0.000000000000000000 ) ) ;
#4187 = LINE ( 'NONE', #1362, #373 ) ;
#4188 = DIRECTION ( 'NONE',  ( 0.000000000000000000, 0.000000000000000000, -1.000000000000000000 ) ) ;
#4189 = VERTEX_POINT ( 'NONE', #1755 ) ;
#4190 = EDGE_LOOP ( 'NONE', ( #4963, #9040, #5738, #5483, #4464, #6255 ) ) ;
#4191 = DIRECTION ( 'NONE',  ( 0.7071067811865475727, 0.000000000000000000, 0.7071067811865475727 ) ) ;
#4192 = ORIENTED_EDGE ( 'NONE', *, *, #5254, .T. ) ;
#4193 = DIRECTION ( 'NONE',  ( 0.000000000000000000, -1.000000000000000000, 0.000000000000000000 ) ) ;
#4194 = VERTEX_POINT ( 'NONE', #9048 ) ;
#4195 = DIRECTION ( 'NONE',  ( 0.7071067811865505703, 0.000000000000000000, -0.7071067811865444641 ) ) ;
#4196 = LINE ( 'NONE', #5822, #9616 ) ;
#4197 = CARTESIAN_POINT ( 'NONE',  ( 1.719999999999999973, 0.2000000000000000111, 0.7500000000000000000 ) ) ;
#4198 = ORIENTED_EDGE ( 'NONE', *, *, #8319, .F. ) ;
#4199 = VERTEX_POINT ( 'NONE', #5281 ) ;
#4200 = EDGE_LOOP ( 'NONE', ( #9354, #1555, #5479, #95 ) ) ;
#4201 = DIRECTION ( 'NONE',  ( -0.000000000000000000, 1.000000000000000000, -0.000000000000000000 ) ) ;
#4202 = ORIENTED_EDGE ( 'NONE', *, *, #5506, .F. ) ;
#4203 = CARTESIAN_POINT ( 'NONE',  ( 2.000000000000000000, 0.2000000000000000111, 0.6300000000000000044 ) ) ;
#4204 = CARTESIAN_POINT ( 'NONE',  ( -1.719999999999999973, 0.000000000000000000, 1.369999999999999885 ) ) ;
#4205 = DIRECTION ( 'NONE',  ( 0.000000000000000000, 0.000000000000000000, 1.000000000000000000 ) ) ;
#4206 = EDGE_CURVE ( 'NONE', #7574, #3940, #1667, .T. ) ;
#4207 = EDGE_CURVE ( 'NONE', #5276, #4885, #921, .T. ) ;
#4208 = EDGE_CURVE ( 'NONE', #9610, #3868, #1646, .T. ) ;
#4209 = DIRECTION ( 'NONE',  ( 0.000000000000000000, -1.000000000000000000, 0.000000000000000000 ) ) ;
#4210 = PRODUCT ( 'TPS259830LNRGER', 'TPS259830LNRGER', '', ( #6368 ) ) ;
#4211 = ORIENTED_EDGE ( 'NONE', *, *, #8492, .T. ) ;
#4212 = PLANE ( 'NONE',  #6952 ) ;
#4213 = ORIENTED_EDGE ( 'NONE', *, *, #1434, .T. ) ;
#4214 = FACE_OUTER_BOUND ( 'NONE', #825, .T. ) ;
#4215 = ORIENTED_EDGE ( 'NONE', *, *, #6744, .F. ) ;
#4216 = SURFACE_STYLE_FILL_AREA ( #7227 ) ;
#4217 = FACE_OUTER_BOUND ( 'NONE', #5295, .T. ) ;
#4218 = DIRECTION ( 'NONE',  ( 1.000000000000000000, 0.000000000000000000, 0.000000000000000000 ) ) ;
#4219 = DIRECTION ( 'NONE',  ( 0.000000000000000000, 0.000000000000000000, -1.000000000000000000 ) ) ;
#4220 = ADVANCED_FACE ( 'NONE', ( #3463 ), #2548, .T. ) ;
#4221 = ADVANCED_FACE ( 'NONE', ( #4152 ), #7209, .F. ) ;
#4222 = ADVANCED_FACE ( 'NONE', ( #7808 ), #287, .T. ) ;
#4223 = VERTEX_POINT ( 'NONE', #1221 ) ;
#4224 = DIRECTION ( 'NONE',  ( 1.000000000000000000, 0.000000000000000000, 0.000000000000000000 ) ) ;
#4225 = DIRECTION ( 'NONE',  ( 0.7071067811865445751, 0.000000000000000000, 0.7071067811865504593 ) ) ;
#4226 = VERTEX_POINT ( 'NONE', #2606 ) ;
#4227 = DIRECTION ( 'NONE',  ( -1.000000000000000000, 0.000000000000000000, -7.744301232039309779E-16 ) ) ;
#4228 = DIRECTION ( 'NONE',  ( 0.000000000000000000, 0.000000000000000000, 1.000000000000000000 ) ) ;
#4229 = EDGE_CURVE ( 'NONE', #4780, #8220, #6409, .T. ) ;
#4230 = CARTESIAN_POINT ( 'NONE',  ( -1.719999999999999973, 0.6664761515876239661, -0.8699999999999999956 ) ) ;
#4231 = AXIS2_PLACEMENT_3D ( 'NONE', #8608, #5544, #7314 ) ;
#4232 = DIRECTION ( 'NONE',  ( 0.000000000000000000, 0.000000000000000000, 1.000000000000000000 ) ) ;
#4233 = CARTESIAN_POINT ( 'NONE',  ( 1.719999999999999973, 0.6664761515876239661, 1.250000000000000000 ) ) ;
#4234 = ORIENTED_EDGE ( 'NONE', *, *, #8319, .T. ) ;
#4235 = ORIENTED_EDGE ( 'NONE', *, *, #5168, .T. ) ;
#4236 = CARTESIAN_POINT ( 'NONE',  ( 0.1299999999999999767, 0.2000000000000000111, 2.000000000000000000 ) ) ;
#4237 = EDGE_LOOP ( 'NONE', ( #5147, #2641, #7716, #3460, #5162, #6047 ) ) ;
#4238 = CARTESIAN_POINT ( 'NONE',  ( -0.3699999999999999956, 0.2000000000000000111, -1.719999999999999973 ) ) ;
#4239 = ORIENTED_EDGE ( 'NONE', *, *, #2019, .T. ) ;
#4240 = CARTESIAN_POINT ( 'NONE',  ( -0.2500000000000000000, 0.2000000000000000111, 1.600000000000000089 ) ) ;
#4241 = DIRECTION ( 'NONE',  ( 0.000000000000000000, -1.000000000000000000, 0.000000000000000000 ) ) ;
#4242 = EDGE_CURVE ( 'NONE', #4010, #4199, #5674, .T. ) ;
#4243 = CARTESIAN_POINT ( 'NONE',  ( -1.606164317247235074, 0.2000000000000000111, -1.287966265713290204 ) ) ;
#4244 = CARTESIAN_POINT ( 'NONE',  ( 0.3699999999999999956, 0.2000000000000000111, 2.000000000000000000 ) ) ;
#4245 = AXIS2_PLACEMENT_3D ( 'NONE', #6038, #786, #3943 ) ;
#4246 = DIRECTION ( 'NONE',  ( 0.000000000000000000, -1.000000000000000000, 0.000000000000000000 ) ) ;
#4247 = VECTOR ( 'NONE', #5230, 1000.000000000000000 ) ;
#4248 = ORIENTED_EDGE ( 'NONE', *, *, #3007, .T. ) ;
#4249 = CIRCLE ( 'NONE', #5183, 0.1000000000000000333 ) ;
#4250 = ORIENTED_EDGE ( 'NONE', *, *, #583, .F. ) ;
#4251 = ORIENTED_EDGE ( 'NONE', *, *, #4747, .F. ) ;
#4252 = FACE_OUTER_BOUND ( 'NONE', #8213, .T. ) ;
#4253 = ORIENTED_EDGE ( 'NONE', *, *, #236, .F. ) ;
#4254 = CARTESIAN_POINT ( 'NONE',  ( -0.1299999999999999767, 0.2000000000000000111, -1.719999999999999973 ) ) ;
#4255 = CARTESIAN_POINT ( 'NONE',  ( 0.2500000000000000000, 0.05000000000000000278, 1.600000000000000089 ) ) ;
#4256 = LINE ( 'NONE', #4111, #6018 ) ;
#4257 = VECTOR ( 'NONE', #1217, 1000.000000000000000 ) ;
#4258 = VECTOR ( 'NONE', #5754, 1000.000000000000000 ) ;
#4259 = DIRECTION ( 'NONE',  ( 0.000000000000000000, 0.000000000000000000, -1.000000000000000000 ) ) ;
#4260 = ORIENTED_EDGE ( 'NONE', *, *, #5904, .F. ) ;
#4261 = DIRECTION ( 'NONE',  ( 1.000000000000000000, 0.000000000000000000, 0.000000000000000000 ) ) ;
#4262 = VECTOR ( 'NONE', #6969, 1000.000000000000000 ) ;
#4263 = VERTEX_POINT ( 'NONE', #1075 ) ;
#4264 = ADVANCED_FACE ( 'NONE', ( #3279 ), #4878, .T. ) ;
#4265 = DIRECTION ( 'NONE',  ( 0.000000000000000000, 0.000000000000000000, 1.000000000000000000 ) ) ;
#4266 = EDGE_LOOP ( 'NONE', ( #1891, #1684, #3312, #7621 ) ) ;
#4267 = AXIS2_PLACEMENT_3D ( 'NONE', #3057, #6043, #9064 ) ;
#4268 = PRESENTATION_LAYER_ASSIGNMENT (  '', '', ( #673 ) ) ;
#4269 = CARTESIAN_POINT ( 'NONE',  ( 2.000000000000000000, 1.000000000000000000, -2.000000000000000000 ) ) ;
#4270 = CARTESIAN_POINT ( 'NONE',  ( -0.8699999999999999956, 0.2000000000000000111, -2.000000000000000000 ) ) ;
#4271 = CARTESIAN_POINT ( 'NONE',  ( -1.719999999999999973, 0.2000000000000000111, 1.369999999999999885 ) ) ;
#4272 = DIRECTION ( 'NONE',  ( 0.000000000000000000, 0.000000000000000000, -1.000000000000000000 ) ) ;
#4273 = VECTOR ( 'NONE', #6068, 1000.000000000000000 ) ;
#4274 = VERTEX_POINT ( 'NONE', #5732 ) ;
#4275 = EDGE_CURVE ( 'NONE', #2498, #5958, #4049, .T. ) ;
#4276 = CARTESIAN_POINT ( 'NONE',  ( -0.3699999999999999956, 0.2000000000000000111, -2.000000000000000000 ) ) ;
#4277 = EDGE_CURVE ( 'NONE', #2257, #2621, #9472, .T. ) ;
#4278 = SURFACE_SIDE_STYLE ('',( #1297 ) ) ;
#4279 = ORIENTED_EDGE ( 'NONE', *, *, #2630, .F. ) ;
#4280 = CIRCLE ( 'NONE', #4579, 0.1200000000000000927 ) ;
#4281 = DIRECTION ( 'NONE',  ( -0.000000000000000000, 1.000000000000000000, 0.000000000000000000 ) ) ;
#4282 = CARTESIAN_POINT ( 'NONE',  ( 1.250000000000000000, 0.05000000000000000278, 1.350000000000000089 ) ) ;
#4283 = ADVANCED_FACE ( 'NONE', ( #1857 ), #7162, .T. ) ;
#4284 = VECTOR ( 'NONE', #2818, 1000.000000000000000 ) ;
#4285 = DIRECTION ( 'NONE',  ( 0.000000000000000000, 0.000000000000000000, 1.000000000000000000 ) ) ;
#4286 = VECTOR ( 'NONE', #8239, 1000.000000000000000 ) ;
#4287 = VECTOR ( 'NONE', #1532, 1000.000000000000000 ) ;
#4288 = AXIS2_PLACEMENT_3D ( 'NONE', #6584, #2965, #8274 ) ;
#4289 = PLANE ( 'NONE',  #9318 ) ;
#4290 = EDGE_CURVE ( 'NONE', #9086, #6709, #4096, .T. ) ;
#4291 = CARTESIAN_POINT ( 'NONE',  ( -0.1299999999999999767, 0.000000000000000000, -1.719999999999999973 ) ) ;
#4292 = ORIENTED_EDGE ( 'NONE', *, *, #7840, .F. ) ;
#4293 = ORIENTED_EDGE ( 'NONE', *, *, #2788, .F. ) ;
#4294 = DIRECTION ( 'NONE',  ( 1.000000000000000000, 0.000000000000000000, -7.744301232039309779E-16 ) ) ;
#4295 = ORIENTED_EDGE ( 'NONE', *, *, #8740, .T. ) ;
#4296 = CARTESIAN_POINT ( 'NONE',  ( 1.606164317247239959, 0.000000000000000000, 1.287966265713290204 ) ) ;
#4297 = MECHANICAL_DESIGN_GEOMETRIC_PRESENTATION_REPRESENTATION (  '', ( #384 ), #5226 ) ;
#4298 = CARTESIAN_POINT ( 'NONE',  ( 1.682033734286709770, 0.2000000000000000111, -1.363835682752764011 ) ) ;
#4299 = PLANE ( 'NONE',  #2560 ) ;
#4300 = LINE ( 'NONE', #7316, #7931 ) ;
#4301 = AXIS2_PLACEMENT_3D ( 'NONE', #1169, #477, #1999 ) ;
#4302 = FILL_AREA_STYLE_COLOUR ( '', #6186 ) ;
#4303 = MECHANICAL_DESIGN_GEOMETRIC_PRESENTATION_REPRESENTATION (  '', ( #1172 ), #7769 ) ;
#4304 = ADVANCED_FACE ( 'NONE', ( #3420 ), #9421, .F. ) ;
#4305 = AXIS2_PLACEMENT_3D ( 'NONE', #9006, #4650, #7518 ) ;
#4306 = CIRCLE ( 'NONE', #88, 0.1200000000000000927 ) ;
#4307 = ORIENTED_EDGE ( 'NONE', *, *, #3269, .F. ) ;
#4308 = ORIENTED_EDGE ( 'NONE', *, *, #2296, .F. ) ;
#4309 = ORIENTED_EDGE ( 'NONE', *, *, #7304, .T. ) ;
#4310 = FACE_OUTER_BOUND ( 'NONE', #43, .T. ) ;
#4311 = VERTEX_POINT ( 'NONE', #6366 ) ;
#4312 = FACE_OUTER_BOUND ( 'NONE', #3875, .T. ) ;
#4313 = CARTESIAN_POINT ( 'NONE',  ( 0.3699999999999999956, 0.05000000000000000278, 0.000000000000000000 ) ) ;
#4314 = DIRECTION ( 'NONE',  ( -0.000000000000000000, 1.000000000000000000, -0.000000000000000000 ) ) ;
#4315 = COLOUR_RGB ( '',0.7921568627450980005, 0.8196078431372548767, 0.9333333333333333481 ) ;
#4316 = FACE_OUTER_BOUND ( 'NONE', #7757, .T. ) ;
#4317 = EDGE_CURVE ( 'NONE', #9549, #2027, #8002, .T. ) ;
#4318 = ORIENTED_EDGE ( 'NONE', *, *, #3752, .T. ) ;
#4319 = LINE ( 'NONE', #8755, #8543 ) ;
#4320 = ORIENTED_EDGE ( 'NONE', *, *, #455, .F. ) ;
#4321 = LINE ( 'NONE', #3685, #652 ) ;
#4322 = CARTESIAN_POINT ( 'NONE',  ( -1.719999999999999973, 0.05000000000000000278, -0.8699999999999999956 ) ) ;
#4323 = ORIENTED_EDGE ( 'NONE', *, *, #6266, .F. ) ;
#4324 = FACE_OUTER_BOUND ( 'NONE', #6178, .T. ) ;
#4325 = PLANE ( 'NONE',  #6299 ) ;
#4326 = LINE ( 'NONE', #5251, #867 ) ;
#4327 = CIRCLE ( 'NONE', #8735, 0.1200000000000000927 ) ;
#4328 = CARTESIAN_POINT ( 'NONE',  ( -1.250000000000000000, 0.6664761515876239661, 1.719999999999999973 ) ) ;
#4329 = ORIENTED_EDGE ( 'NONE', *, *, #4135, .T. ) ;
#4330 =( LENGTH_UNIT ( ) NAMED_UNIT ( * ) SI_UNIT ( .MILLI., .METRE. ) );
#4331 = CARTESIAN_POINT ( 'NONE',  ( 1.369999999999999885, 0.2000000000000000111, -2.000000000000000000 ) ) ;
#4332 = EDGE_LOOP ( 'NONE', ( #146, #5519, #4984, #5298 ) ) ;
#4333 = CARTESIAN_POINT ( 'NONE',  ( 0.3699999999999999956, 0.2000000000000000111, 1.719999999999999973 ) ) ;
#4334 = DIRECTION ( 'NONE',  ( -1.000000000000000000, 0.000000000000000000, 0.000000000000000000 ) ) ;
#4335 = EDGE_CURVE ( 'NONE', #847, #9491, #4004, .T. ) ;
#4336 = EDGE_CURVE ( 'NONE', #7633, #8114, #6263, .T. ) ;
#4337 = LINE ( 'NONE', #8629, #3659 ) ;
#4338 = CARTESIAN_POINT ( 'NONE',  ( -1.350000000000000089, 0.000000000000000000, 0.6000000000000000888 ) ) ;
#4339 = ORIENTED_EDGE ( 'NONE', *, *, #6389, .T. ) ;
#4340 = ORIENTED_EDGE ( 'NONE', *, *, #2155, .T. ) ;
#4341 = DIRECTION ( 'NONE',  ( 1.000000000000000000, 0.000000000000000000, -1.084202172485503818E-16 ) ) ;
#4342 = ORIENTED_EDGE ( 'NONE', *, *, #3313, .F. ) ;
#4343 = DIRECTION ( 'NONE',  ( 1.000000000000000000, 0.000000000000000000, 7.744301232039309779E-16 ) ) ;
#4344 = DIRECTION ( 'NONE',  ( 0.000000000000000000, -1.000000000000000000, 0.000000000000000000 ) ) ;
#4345 = CARTESIAN_POINT ( 'NONE',  ( 1.719999999999999973, 0.6664761515876239661, 0.8699999999999999956 ) ) ;
#4346 = DIRECTION ( 'NONE',  ( 0.000000000000000000, -1.000000000000000000, 0.000000000000000000 ) ) ;
#4347 = EDGE_CURVE ( 'NONE', #4942, #1082, #3325, .T. ) ;
#4348 = EDGE_CURVE ( 'NONE', #1867, #3897, #2194, .T. ) ;
#4349 = ADVANCED_FACE ( 'NONE', ( #3520 ), #7455, .F. ) ;
#4350 = CYLINDRICAL_SURFACE ( 'NONE', #6031, 0.1200000000000000927 ) ;
#4351 = ORIENTED_EDGE ( 'NONE', *, *, #92, .F. ) ;
#4352 = ORIENTED_EDGE ( 'NONE', *, *, #1700, .T. ) ;
#4353 = VERTEX_POINT ( 'NONE', #6560 ) ;
#4354 = CARTESIAN_POINT ( 'NONE',  ( -1.719999999999999973, 0.000000000000000000, -1.369999999999999885 ) ) ;
#4355 = ORIENTED_EDGE ( 'NONE', *, *, #6798, .T. ) ;
#4356 = CARTESIAN_POINT ( 'NONE',  ( 1.719999999999999973, 0.000000000000000000, 0.8699999999999999956 ) ) ;
#4357 = LINE ( 'NONE', #593, #7268 ) ;
#4358 = CARTESIAN_POINT ( 'NONE',  ( 0.8699999999999999956, 0.000000000000000000, -1.719999999999999973 ) ) ;
#4359 = EDGE_CURVE ( 'NONE', #9007, #4817, #546, .T. ) ;
#4360 = CARTESIAN_POINT ( 'NONE',  ( 1.250000000000000000, 0.2000000000000000111, 1.719999999999999973 ) ) ;
#4361 = ORIENTED_EDGE ( 'NONE', *, *, #9334, .T. ) ;
#4362 = DIRECTION ( 'NONE',  ( 0.000000000000000000, -1.000000000000000000, 0.000000000000000000 ) ) ;
#4363 = ORIENTED_EDGE ( 'NONE', *, *, #1486, .F. ) ;
#4364 = FACE_OUTER_BOUND ( 'NONE', #6615, .T. ) ;
#4365 = DIRECTION ( 'NONE',  ( 0.000000000000000000, 0.000000000000000000, -1.000000000000000000 ) ) ;
#4366 = ORIENTED_EDGE ( 'NONE', *, *, #9415, .F. ) ;
#4367 = CARTESIAN_POINT ( 'NONE',  ( 0.1299999999999999767, 0.2000000000000000111, 2.000000000000000000 ) ) ;
#4368 = DIRECTION ( 'NONE',  ( 0.000000000000000000, -1.000000000000000000, 0.000000000000000000 ) ) ;
#4369 = FACE_OUTER_BOUND ( 'NONE', #9342, .T. ) ;
#4370 = CARTESIAN_POINT ( 'NONE',  ( 1.250000000000000000, 0.05000000000000000278, 1.719999999999999973 ) ) ;
#4371 = EDGE_CURVE ( 'NONE', #9549, #9683, #4300, .T. ) ;
#4372 = ORIENTED_EDGE ( 'NONE', *, *, #3903, .T. ) ;
#4373 = CARTESIAN_POINT ( 'NONE',  ( -1.719999999999999973, 0.000000000000000000, -0.6300000000000000044 ) ) ;
#4374 = CARTESIAN_POINT ( 'NONE',  ( 0.6300000000000000044, 0.2000000000000000111, 2.000000000000000000 ) ) ;
#4375 = ORIENTED_EDGE ( 'NONE', *, *, #7786, .T. ) ;
#4376 = DIRECTION ( 'NONE',  ( 0.000000000000000000, -1.000000000000000000, 0.000000000000000000 ) ) ;
#4377 = CARTESIAN_POINT ( 'NONE',  ( -1.719999999999999973, 0.2000000000000000111, -0.3699999999999999956 ) ) ;
#4378 = DIRECTION ( 'NONE',  ( 1.000000000000000000, 0.000000000000000000, 0.000000000000000000 ) ) ;
#4379 = PLANE ( 'NONE',  #4143 ) ;
#4380 = VECTOR ( 'NONE', #7485, 1000.000000000000000 ) ;
#4381 = LINE ( 'NONE', #6654, #6345 ) ;
#4382 = VERTEX_POINT ( 'NONE', #1461 ) ;
#4383 = ORIENTED_EDGE ( 'NONE', *, *, #8481, .F. ) ;
#4384 = EDGE_CURVE ( 'NONE', #8125, #1621, #2887, .T. ) ;
#4385 = PLANE ( 'NONE',  #1603 ) ;
#4386 = ORIENTED_EDGE ( 'NONE', *, *, #456, .F. ) ;
#4387 = CARTESIAN_POINT ( 'NONE',  ( 2.000000000000000000, 0.05000000000000000278, 2.000000000000000000 ) ) ;
#4388 = LINE ( 'NONE', #3602, #5171 ) ;
#4389 = LINE ( 'NONE', #5731, #8054 ) ;
#4390 = EDGE_CURVE ( 'NONE', #3415, #1250, #7258, .T. ) ;
#4391 = CARTESIAN_POINT ( 'NONE',  ( -2.000000000000000000, 0.000000000000000000, -0.3699999999999999956 ) ) ;
#4392 = VECTOR ( 'NONE', #5167, 1000.000000000000000 ) ;
#4393 = FILL_AREA_STYLE ('',( #8197 ) ) ;
#4394 = VERTEX_POINT ( 'NONE', #582 ) ;
#4395 = ORIENTED_EDGE ( 'NONE', *, *, #759, .F. ) ;
#4396 = ADVANCED_FACE ( 'NONE', ( #5823 ), #676, .T. ) ;
#4397 = ORIENTED_EDGE ( 'NONE', *, *, #6514, .F. ) ;
#4398 = DIRECTION ( 'NONE',  ( 0.000000000000000000, -1.000000000000000000, 0.000000000000000000 ) ) ;
#4399 = ORIENTED_EDGE ( 'NONE', *, *, #6074, .F. ) ;
#4400 = AXIS2_PLACEMENT_3D ( 'NONE', #3730, #2064, #3582 ) ;
#4401 = LINE ( 'NONE', #5973, #9628 ) ;
#4402 = DIRECTION ( 'NONE',  ( 0.000000000000000000, 0.000000000000000000, -1.000000000000000000 ) ) ;
#4403 = EDGE_CURVE ( 'NONE', #8425, #2752, #4443, .T. ) ;
#4404 = DIRECTION ( 'NONE',  ( 0.000000000000000000, -1.000000000000000000, 0.000000000000000000 ) ) ;
#4405 = CIRCLE ( 'NONE', #7873, 0.1000000000000000472 ) ;
#4406 = AXIS2_PLACEMENT_3D ( 'NONE', #4871, #1160, #2685 ) ;
#4407 = CARTESIAN_POINT ( 'NONE',  ( 1.369999999999999885, 0.2000000000000000111, -2.000000000000000000 ) ) ;
#4408 = ORIENTED_EDGE ( 'NONE', *, *, #2910, .T. ) ;
#4409 = DIRECTION ( 'NONE',  ( 1.000000000000000000, 0.000000000000000000, 0.000000000000000000 ) ) ;
#4410 = ORIENTED_EDGE ( 'NONE', *, *, #5649, .F. ) ;
#4411 = ADVANCED_FACE ( 'NONE', ( #6513 ), #2837, .F. ) ;
#4412 = DIRECTION ( 'NONE',  ( 0.000000000000000000, 0.000000000000000000, -1.000000000000000000 ) ) ;
#4413 = ORIENTED_EDGE ( 'NONE', *, *, #2672, .T. ) ;
#4414 = CIRCLE ( 'NONE', #5191, 0.1000000000000000472 ) ;
#4415 = DIRECTION ( 'NONE',  ( 0.000000000000000000, 1.000000000000000000, 0.000000000000000000 ) ) ;
#4416 = PLANE ( 'NONE',  #7565 ) ;
#4417 = CARTESIAN_POINT ( 'NONE',  ( 1.250000000000000000, 0.000000000000000000, -1.719999999999999973 ) ) ;
#4418 = DIRECTION ( 'NONE',  ( 0.000000000000000000, 0.000000000000000000, 1.000000000000000000 ) ) ;
#4419 = AXIS2_PLACEMENT_3D ( 'NONE', #8874, #7438, #6786 ) ;
#4420 = VECTOR ( 'NONE', #6689, 1000.000000000000000 ) ;
#4421 = AXIS2_PLACEMENT_3D ( 'NONE', #554, #2625, #3437 ) ;
#4422 = VERTEX_POINT ( 'NONE', #1372 ) ;
#4423 = DIRECTION ( 'NONE',  ( 0.000000000000000000, 0.000000000000000000, 1.000000000000000000 ) ) ;
#4424 = EDGE_CURVE ( 'NONE', #8568, #4623, #3660, .T. ) ;
#4425 = CARTESIAN_POINT ( 'NONE',  ( -0.3699999999999999956, 0.2000000000000000111, -2.000000000000000000 ) ) ;
#4426 = PLANE ( 'NONE',  #4419 ) ;
#4427 = LINE ( 'NONE', #5118, #9210 ) ;
#4428 = CARTESIAN_POINT ( 'NONE',  ( 1.129999999999999893, 0.2000000000000000111, 2.000000000000000000 ) ) ;
#4429 = VECTOR ( 'NONE', #5974, 1000.000000000000114 ) ;
#4430 = DIRECTION ( 'NONE',  ( 0.000000000000000000, -1.000000000000000000, 0.000000000000000000 ) ) ;
#4431 = VECTOR ( 'NONE', #185, 1000.000000000000000 ) ;
#4432 = CARTESIAN_POINT ( 'NONE',  ( 1.250000000000000000, 0.05000000000000000278, 0.09999999999999986677 ) ) ;
#4433 = CIRCLE ( 'NONE', #214, 0.1200000000000000927 ) ;
#4434 = DIRECTION ( 'NONE',  ( 0.000000000000000000, -1.000000000000000000, 0.000000000000000000 ) ) ;
#4435 = EDGE_LOOP ( 'NONE', ( #961, #3062, #2819, #7370, #6897, #5632, #9722 ) ) ;
#4436 = VECTOR ( 'NONE', #903, 1000.000000000000000 ) ;
#4437 = DIRECTION ( 'NONE',  ( 1.000000000000000000, 0.000000000000000000, -7.744301232039309779E-16 ) ) ;
#4438 = EDGE_LOOP ( 'NONE', ( #7063, #2401, #7321, #3986 ) ) ;
#4439 = CYLINDRICAL_SURFACE ( 'NONE', #6134, 0.1200000000000000927 ) ;
#4440 = DIRECTION ( 'NONE',  ( 0.000000000000000000, 1.000000000000000000, 0.000000000000000000 ) ) ;
#4441 = FACE_OUTER_BOUND ( 'NONE', #2882, .T. ) ;
#4442 = CIRCLE ( 'NONE', #2731, 0.1200000000000000927 ) ;
#4443 = LINE ( 'NONE', #8195, #1803 ) ;
#4444 = VECTOR ( 'NONE', #4430, 1000.000000000000000 ) ;
#4445 = AXIS2_PLACEMENT_3D ( 'NONE', #3587, #2917, #9066 ) ;
#4446 =( NAMED_UNIT ( * ) SI_UNIT ( $, .STERADIAN. ) SOLID_ANGLE_UNIT ( ) );
#4447 = AXIS2_PLACEMENT_3D ( 'NONE', #3985, #270, #6244 ) ;
#4448 = ORIENTED_EDGE ( 'NONE', *, *, #9566, .F. ) ;
#4449 = AXIS2_PLACEMENT_3D ( 'NONE', #5446, #1830, #7821 ) ;
#4450 = ORIENTED_EDGE ( 'NONE', *, *, #7493, .F. ) ;
#4451 = ORIENTED_EDGE ( 'NONE', *, *, #6980, .F. ) ;
#4452 = DIRECTION ( 'NONE',  ( 0.000000000000000000, 1.000000000000000000, 0.000000000000000000 ) ) ;
#4453 = ORIENTED_EDGE ( 'NONE', *, *, #1128, .T. ) ;
#4454 = AXIS2_PLACEMENT_3D ( 'NONE', #3604, #5776, #9718 ) ;
#4455 = CARTESIAN_POINT ( 'NONE',  ( 2.000000000000000000, 0.6664761515876239661, 0.6300000000000000044 ) ) ;
#4456 = FACE_OUTER_BOUND ( 'NONE', #4928, .T. ) ;
#4457 = DIRECTION ( 'NONE',  ( 0.000000000000000000, 0.000000000000000000, -1.000000000000000000 ) ) ;
#4458 = EDGE_CURVE ( 'NONE', #1512, #3824, #9676, .T. ) ;
#4459 = EDGE_CURVE ( 'NONE', #6056, #3350, #715, .T. ) ;
#4460 = PRESENTATION_LAYER_ASSIGNMENT (  '', '', ( #8564 ) ) ;
#4461 = VECTOR ( 'NONE', #8984, 1000.000000000000000 ) ;
#4462 = SURFACE_STYLE_USAGE ( .BOTH. , #6033 ) ;
#4463 = EDGE_CURVE ( 'NONE', #1611, #5614, #7358, .T. ) ;
#4464 = ORIENTED_EDGE ( 'NONE', *, *, #1159, .F. ) ;
#4465 = DIRECTION ( 'NONE',  ( 0.000000000000000000, -1.000000000000000000, 0.000000000000000000 ) ) ;
#4466 = ORIENTED_EDGE ( 'NONE', *, *, #3382, .T. ) ;
#4467 = CARTESIAN_POINT ( 'NONE',  ( 2.000000000000000000, 0.05000000000000000278, 2.000000000000000000 ) ) ;
#4468 = DIRECTION ( 'NONE',  ( 7.744301232039309779E-16, 0.000000000000000000, -1.000000000000000000 ) ) ;
#4469 = EDGE_LOOP ( 'NONE', ( #8611, #7372, #9436, #7154 ) ) ;
#4470 = LINE ( 'NONE', #894, #8999 ) ;
#4471 = CARTESIAN_POINT ( 'NONE',  ( -1.287966265713290204, 0.05000000000000000278, 1.606164317247239959 ) ) ;
#4472 = AXIS2_PLACEMENT_3D ( 'NONE', #8432, #3891, #5272 ) ;
#4473 = CARTESIAN_POINT ( 'NONE',  ( 0.8699999999999999956, 0.2000000000000000111, -2.000000000000000000 ) ) ;
#4474 = ADVANCED_FACE ( 'NONE', ( #2943 ), #627, .T. ) ;
#4475 = EDGE_CURVE ( 'NONE', #4914, #1090, #1333, .T. ) ;
#4476 = CIRCLE ( 'NONE', #8251, 0.1200000000000000927 ) ;
#4477 = ORIENTED_EDGE ( 'NONE', *, *, #5865, .T. ) ;
#4478 = DIRECTION ( 'NONE',  ( 0.000000000000000000, 1.000000000000000000, 0.000000000000000000 ) ) ;
#4479 = AXIS2_PLACEMENT_3D ( 'NONE', #1845, #6206, #6153 ) ;
#4480 = DIRECTION ( 'NONE',  ( 1.000000000000000000, 0.000000000000000000, 0.000000000000000000 ) ) ;
#4481 = CARTESIAN_POINT ( 'NONE',  ( -1.250000000000000000, 0.000000000000000000, -1.719999999999999973 ) ) ;
#4482 = FACE_OUTER_BOUND ( 'NONE', #7923, .T. ) ;
#4483 = DIRECTION ( 'NONE',  ( 1.000000000000000000, 0.000000000000000000, 7.744301232039309779E-16 ) ) ;
#4484 = AXIS2_PLACEMENT_3D ( 'NONE', #8134, #1400, #5908 ) ;
#4485 = CARTESIAN_POINT ( 'NONE',  ( -2.000000000000000000, 0.05000000000000000278, -0.1299999999999999767 ) ) ;
#4486 = DIRECTION ( 'NONE',  ( 0.000000000000000000, 0.000000000000000000, 1.000000000000000000 ) ) ;
#4487 = ORIENTED_EDGE ( 'NONE', *, *, #2434, .T. ) ;
#4488 = DIRECTION ( 'NONE',  ( 0.000000000000000000, 0.000000000000000000, -1.000000000000000000 ) ) ;
#4489 = VERTEX_POINT ( 'NONE', #4391 ) ;
#4490 = DIRECTION ( 'NONE',  ( 0.000000000000000000, -1.000000000000000000, 0.000000000000000000 ) ) ;
#4491 = CARTESIAN_POINT ( 'NONE',  ( -1.250000000000000000, 0.05000000000000000278, 1.350000000000000089 ) ) ;
#4492 = DIRECTION ( 'NONE',  ( 0.000000000000000000, -1.000000000000000000, 0.000000000000000000 ) ) ;
#4493 = DIRECTION ( 'NONE',  ( 0.000000000000000000, 0.000000000000000000, -1.000000000000000000 ) ) ;
#4494 = EDGE_CURVE ( 'NONE', #3455, #5721, #7771, .T. ) ;
#4495 = ORIENTED_EDGE ( 'NONE', *, *, #4494, .F. ) ;
#4496 = ORIENTED_EDGE ( 'NONE', *, *, #5852, .F. ) ;
#4497 = ORIENTED_EDGE ( 'NONE', *, *, #817, .F. ) ;
#4498 = DIRECTION ( 'NONE',  ( 0.000000000000000000, 0.000000000000000000, -1.000000000000000000 ) ) ;
#4499 = ORIENTED_EDGE ( 'NONE', *, *, #6871, .T. ) ;
#4500 = DIRECTION ( 'NONE',  ( 0.000000000000000000, 0.000000000000000000, 1.000000000000000000 ) ) ;
#4501 = CARTESIAN_POINT ( 'NONE',  ( -0.2500000000000000000, 0.000000000000000000, -1.719999999999999973 ) ) ;
#4502 = CARTESIAN_POINT ( 'NONE',  ( 1.250000000000000000, 0.2000000000000000111, 1.600000000000000089 ) ) ;
#4503 = DIRECTION ( 'NONE',  ( 0.000000000000000000, 0.000000000000000000, 1.000000000000000000 ) ) ;
#4504 = VERTEX_POINT ( 'NONE', #4244 ) ;
#4505 = LINE ( 'NONE', #7560, #3661 ) ;
#4506 = ORIENTED_EDGE ( 'NONE', *, *, #7715, .T. ) ;
#4507 = DIRECTION ( 'NONE',  ( 0.000000000000000000, -1.000000000000000000, 0.000000000000000000 ) ) ;
#4508 = LINE ( 'NONE', #2362, #6973 ) ;
#4509 = ORIENTED_EDGE ( 'NONE', *, *, #8900, .F. ) ;
#4510 = EDGE_CURVE ( 'NONE', #6079, #284, #6209, .T. ) ;
#4511 = ADVANCED_FACE ( 'NONE', ( #9224 ), #4672, .F. ) ;
#4512 = DIRECTION ( 'NONE',  ( -1.000000000000000000, 0.000000000000000000, 0.000000000000000000 ) ) ;
#4513 = CARTESIAN_POINT ( 'NONE',  ( -1.250000000000000000, 0.2000000000000000111, 1.719999999999999973 ) ) ;
#4514 = DIRECTION ( 'NONE',  ( 0.000000000000000000, -1.000000000000000000, 0.000000000000000000 ) ) ;
#4515 = EDGE_CURVE ( 'NONE', #9143, #3530, #3082, .T. ) ;
#4516 = ORIENTED_EDGE ( 'NONE', *, *, #1777, .F. ) ;
#4517 = DIRECTION ( 'NONE',  ( 0.000000000000000000, 1.000000000000000000, 0.000000000000000000 ) ) ;
#4518 = ORIENTED_EDGE ( 'NONE', *, *, #9526, .T. ) ;
#4519 = LINE ( 'NONE', #3838, #8249 ) ;
#4520 = DIRECTION ( 'NONE',  ( 0.000000000000000000, -1.000000000000000000, 0.000000000000000000 ) ) ;
#4521 = ADVANCED_FACE ( 'NONE', ( #6802 ), #6895, .F. ) ;
#4522 = DIRECTION ( 'NONE',  ( 0.000000000000000000, 0.000000000000000000, -1.000000000000000000 ) ) ;
#4523 = FACE_OUTER_BOUND ( 'NONE', #7516, .T. ) ;
#4524 = EDGE_CURVE ( 'NONE', #1622, #138, #174, .T. ) ;
#4525 = EDGE_CURVE ( 'NONE', #8790, #3431, #7598, .T. ) ;
#4526 = CARTESIAN_POINT ( 'NONE',  ( 0.1299999999999999767, 0.2000000000000000111, 2.000000000000000000 ) ) ;
#4527 = DIRECTION ( 'NONE',  ( 0.000000000000000000, 0.000000000000000000, 1.000000000000000000 ) ) ;
#4528 = EDGE_LOOP ( 'NONE', ( #4215, #9384, #1809, #6371 ) ) ;
#4529 = LINE ( 'NONE', #8188, #7556 ) ;
#4530 = EDGE_CURVE ( 'NONE', #4840, #6630, #1697, .T. ) ;
#4531 = EDGE_LOOP ( 'NONE', ( #7246, #2206, #1818, #7721 ) ) ;
#4532 = CARTESIAN_POINT ( 'NONE',  ( -1.719999999999999973, 0.000000000000000000, 0.3699999999999999956 ) ) ;
#4533 = CARTESIAN_POINT ( 'NONE',  ( -1.250000000000000000, 0.2000000000000000111, -1.719999999999999973 ) ) ;
#4534 = DIRECTION ( 'NONE',  ( 0.000000000000000000, -1.000000000000000000, 0.000000000000000000 ) ) ;
#4535 = VECTOR ( 'NONE', #1498, 1000.000000000000000 ) ;
#4536 =( NAMED_UNIT ( * ) SI_UNIT ( $, .STERADIAN. ) SOLID_ANGLE_UNIT ( ) );
#4537 = EDGE_LOOP ( 'NONE', ( #7331, #6964, #4999, #3036 ) ) ;
#4538 = ORIENTED_EDGE ( 'NONE', *, *, #1184, .T. ) ;
#4539 = EDGE_CURVE ( 'NONE', #7034, #5296, #2444, .T. ) ;
#4540 = VERTEX_POINT ( 'NONE', #5361 ) ;
#4541 = FACE_OUTER_BOUND ( 'NONE', #8482, .T. ) ;
#4542 = ORIENTED_EDGE ( 'NONE', *, *, #6978, .F. ) ;
#4543 = CARTESIAN_POINT ( 'NONE',  ( -0.1299999999999999767, 0.2000000000000000111, 1.719999999999999973 ) ) ;
#4544 = FACE_OUTER_BOUND ( 'NONE', #6492, .T. ) ;
#4545 = LINE ( 'NONE', #3093, #7456 ) ;
#4546 = ORIENTED_EDGE ( 'NONE', *, *, #5382, .F. ) ;
#4547 = CIRCLE ( 'NONE', #7861, 0.1200000000000000927 ) ;
#4548 = CARTESIAN_POINT ( 'NONE',  ( 1.719999999999999973, 0.05000000000000000278, -0.6300000000000000044 ) ) ;
#4549 = VERTEX_POINT ( 'NONE', #87 ) ;
#4550 = ORIENTED_EDGE ( 'NONE', *, *, #4764, .F. ) ;
#4551 = EDGE_CURVE ( 'NONE', #6413, #340, #6156, .T. ) ;
#4552 = EDGE_LOOP ( 'NONE', ( #668, #5968, #9693, #5187 ) ) ;
#4553 = CARTESIAN_POINT ( 'NONE',  ( 0.6300000000000000044, 0.2000000000000000111, -2.000000000000000000 ) ) ;
#4554 = LINE ( 'NONE', #7569, #1738 ) ;
#4555 = CARTESIAN_POINT ( 'NONE',  ( -1.363835682752762013, 0.2000000000000000111, 1.682033734286709770 ) ) ;
#4556 = VECTOR ( 'NONE', #5175, 1000.000000000000000 ) ;
#4557 = VECTOR ( 'NONE', #1748, 1000.000000000000000 ) ;
#4558 = EDGE_LOOP ( 'NONE', ( #3854, #3008, #9088, #6550 ) ) ;
#4559 = VECTOR ( 'NONE', #623, 1000.000000000000000 ) ;
#4560 = CARTESIAN_POINT ( 'NONE',  ( 1.719999999999999973, 0.6664761515876239661, -0.1299999999999999767 ) ) ;
#4561 = LINE ( 'NONE', #207, #5105 ) ;
#4562 = ORIENTED_EDGE ( 'NONE', *, *, #288, .F. ) ;
#4563 = VECTOR ( 'NONE', #4437, 1000.000000000000000 ) ;
#4564 = SURFACE_STYLE_FILL_AREA ( #4616 ) ;
#4565 = DIRECTION ( 'NONE',  ( 0.000000000000000000, 0.000000000000000000, 1.000000000000000000 ) ) ;
#4566 = LINE ( 'NONE', #6456, #9012 ) ;
#4567 = VECTOR ( 'NONE', #4512, 1000.000000000000000 ) ;
#4568 = EDGE_CURVE ( 'NONE', #9031, #3558, #9179, .T. ) ;
#4569 = ADVANCED_FACE ( 'NONE', ( #815 ), #4578, .F. ) ;
#4570 = CARTESIAN_POINT ( 'NONE',  ( -1.250000000000000000, 0.2000000000000000111, -1.719999999999999973 ) ) ;
#4571 = FILL_AREA_STYLE ('',( #7679 ) ) ;
#4572 = ORIENTED_EDGE ( 'NONE', *, *, #7423, .F. ) ;
#4573 = CARTESIAN_POINT ( 'NONE',  ( 1.719999999999999973, 0.05000000000000000278, -0.3699999999999999956 ) ) ;
#4574 = VERTEX_POINT ( 'NONE', #3936 ) ;
#4575 = PRESENTATION_LAYER_ASSIGNMENT (  '', '', ( #8672 ) ) ;
#4576 = FACE_OUTER_BOUND ( 'NONE', #8056, .T. ) ;
#4577 = DIRECTION ( 'NONE',  ( 0.000000000000000000, 0.000000000000000000, 1.000000000000000000 ) ) ;
#4578 = PLANE ( 'NONE',  #6192 ) ;
#4579 = AXIS2_PLACEMENT_3D ( 'NONE', #6940, #3224, #6207 ) ;
#4580 = EDGE_CURVE ( 'NONE', #4840, #1915, #2443, .T. ) ;
#4581 = AXIS2_PLACEMENT_3D ( 'NONE', #7750, #1024, #8544 ) ;
#4582 = EDGE_LOOP ( 'NONE', ( #7849, #8953, #9559, #5492 ) ) ;
#4583 = EDGE_LOOP ( 'NONE', ( #9355, #1904, #1664, #3696 ) ) ;
#4584 = ORIENTED_EDGE ( 'NONE', *, *, #1598, .F. ) ;
#4585 = DIRECTION ( 'NONE',  ( 0.000000000000000000, 0.000000000000000000, -1.000000000000000000 ) ) ;
#4586 = ORIENTED_EDGE ( 'NONE', *, *, #2707, .T. ) ;
#4587 = AXIS2_PLACEMENT_3D ( 'NONE', #7841, #2594, #3938 ) ;
#4588 = VECTOR ( 'NONE', #9284, 1000.000000000000000 ) ;
#4589 = DIRECTION ( 'NONE',  ( 0.000000000000000000, 1.000000000000000000, 0.000000000000000000 ) ) ;
#4590 = CARTESIAN_POINT ( 'NONE',  ( -1.719999999999999973, 0.6664761515876239661, 0.3699999999999999956 ) ) ;
#4591 = LINE ( 'NONE', #49, #3680 ) ;
#4592 = VECTOR ( 'NONE', #8665, 1000.000000000000000 ) ;
#4593 = SURFACE_STYLE_FILL_AREA ( #5323 ) ;
#4594 = VECTOR ( 'NONE', #6623, 1000.000000000000000 ) ;
#4595 = AXIS2_PLACEMENT_3D ( 'NONE', #2371, #8359, #3831 ) ;
#4596 = ORIENTED_EDGE ( 'NONE', *, *, #1963, .T. ) ;
#4597 = DIRECTION ( 'NONE',  ( 0.000000000000000000, -1.000000000000000000, 0.000000000000000000 ) ) ;
#4598 = ORIENTED_EDGE ( 'NONE', *, *, #5166, .F. ) ;
#4599 = EDGE_LOOP ( 'NONE', ( #2461, #6535, #734, #1466 ) ) ;
#4600 = FILL_AREA_STYLE_COLOUR ( '', #86 ) ;
#4601 = EDGE_LOOP ( 'NONE', ( #9531, #7594, #6824, #1285 ) ) ;
#4602 = DIRECTION ( 'NONE',  ( 0.000000000000000000, 1.000000000000000000, 0.000000000000000000 ) ) ;
#4603 = UNCERTAINTY_MEASURE_WITH_UNIT (LENGTH_MEASURE( 1.000000000000000082E-05 ), #1339, 'distance_accuracy_value', 'NONE');
#4604 = DIRECTION ( 'NONE',  ( 1.000000000000000000, 0.000000000000000000, 7.744301232039309779E-16 ) ) ;
#4605 = FACE_OUTER_BOUND ( 'NONE', #8742, .T. ) ;
#4606 = CARTESIAN_POINT ( 'NONE',  ( -2.000000000000000000, 0.05000000000000000278, 0.8699999999999999956 ) ) ;
#4607 = VECTOR ( 'NONE', #7015, 1000.000000000000000 ) ;
#4608 = EDGE_CURVE ( 'NONE', #2177, #3668, #870, .T. ) ;
#4609 = ORIENTED_EDGE ( 'NONE', *, *, #6397, .T. ) ;
#4610 = SURFACE_SIDE_STYLE ('',( #7060 ) ) ;
#4611 = AXIS2_PLACEMENT_3D ( 'NONE', #9604, #518, #3508 ) ;
#4612 = LINE ( 'NONE', #3063, #7459 ) ;
#4613 = PLANE ( 'NONE',  #9513 ) ;
#4614 = VERTEX_POINT ( 'NONE', #3853 ) ;
#4615 = AXIS2_PLACEMENT_3D ( 'NONE', #6251, #276, #5574 ) ;
#4616 = FILL_AREA_STYLE ('',( #4758 ) ) ;
#4617 = LINE ( 'NONE', #1096, #1670 ) ;
#4618 = DIRECTION ( 'NONE',  ( 0.000000000000000000, 0.000000000000000000, -1.000000000000000000 ) ) ;
#4619 = AXIS2_PLACEMENT_3D ( 'NONE', #3217, #1648, #7535 ) ;
#4620 = AXIS2_PLACEMENT_3D ( 'NONE', #7146, #2677, #4228 ) ;
#4621 = CARTESIAN_POINT ( 'NONE',  ( 1.719999999999999973, 0.000000000000000000, 1.129999999999999893 ) ) ;
#4622 = LINE ( 'NONE', #3160, #7148 ) ;
#4623 = VERTEX_POINT ( 'NONE', #6852 ) ;
#4624 = FACE_OUTER_BOUND ( 'NONE', #83, .T. ) ;
#4625 = PLANE ( 'NONE',  #4479 ) ;
#4626 =( GEOMETRIC_REPRESENTATION_CONTEXT ( 3 ) GLOBAL_UNCERTAINTY_ASSIGNED_CONTEXT ( ( #4603 ) ) GLOBAL_UNIT_ASSIGNED_CONTEXT ( ( #1339, #3628, #7335 ) ) REPRESENTATION_CONTEXT ( 'NONE', 'WORKASPACE' ) );
#4627 = EDGE_CURVE ( 'NONE', #5790, #951, #132, .T. ) ;
#4628 = EDGE_CURVE ( 'NONE', #836, #3612, #1654, .T. ) ;
#4629 = CARTESIAN_POINT ( 'NONE',  ( -1.250000000000000000, 0.000000000000000000, 0.09999999999999971412 ) ) ;
#4630 = AXIS2_PLACEMENT_3D ( 'NONE', #4136, #3786, #5157 ) ;
#4631 = DIRECTION ( 'NONE',  ( -7.744301232039309779E-16, 0.000000000000000000, 1.000000000000000000 ) ) ;
#4632 = PLANE ( 'NONE',  #3353 ) ;
#4633 = ORIENTED_EDGE ( 'NONE', *, *, #3962, .F. ) ;
#4634 = ORIENTED_EDGE ( 'NONE', *, *, #9364, .F. ) ;
#4635 = ORIENTED_EDGE ( 'NONE', *, *, #5564, .T. ) ;
#4636 = DIRECTION ( 'NONE',  ( 1.000000000000000000, 0.000000000000000000, 7.744301232039309779E-16 ) ) ;
#4637 = ORIENTED_EDGE ( 'NONE', *, *, #7539, .F. ) ;
#4638 = LINE ( 'NONE', #2689, #6939 ) ;
#4639 = EDGE_CURVE ( 'NONE', #8693, #9131, #1518, .T. ) ;
#4640 = DIRECTION ( 'NONE',  ( 0.000000000000000000, 0.000000000000000000, 1.000000000000000000 ) ) ;
#4641 = DIRECTION ( 'NONE',  ( 0.000000000000000000, 0.000000000000000000, 1.000000000000000000 ) ) ;
#4642 = EDGE_CURVE ( 'NONE', #4274, #4701, #772, .T. ) ;
#4643 = EDGE_CURVE ( 'NONE', #7343, #435, #35, .T. ) ;
#4644 = VECTOR ( 'NONE', #3163, 1000.000000000000000 ) ;
#4645 = LINE ( 'NONE', #7513, #3212 ) ;
#4646 = ORIENTED_EDGE ( 'NONE', *, *, #8013, .F. ) ;
#4647 = DIRECTION ( 'NONE',  ( -1.000000000000000000, 0.000000000000000000, 0.000000000000000000 ) ) ;
#4648 = ORIENTED_EDGE ( 'NONE', *, *, #2974, .F. ) ;
#4649 = ORIENTED_EDGE ( 'NONE', *, *, #8182, .F. ) ;
#4650 = DIRECTION ( 'NONE',  ( -0.000000000000000000, 1.000000000000000000, 0.000000000000000000 ) ) ;
#4651 = ORIENTED_EDGE ( 'NONE', *, *, #268, .F. ) ;
#4652 = EDGE_CURVE ( 'NONE', #2651, #6912, #4037, .T. ) ;
#4653 = CARTESIAN_POINT ( 'NONE',  ( 0.1299999999999999767, 0.05000000000000000278, 1.719999999999999973 ) ) ;
#4654 = CARTESIAN_POINT ( 'NONE',  ( 1.287966265713291980, 0.000000000000000000, 1.606164317247235074 ) ) ;
#4655 = DIRECTION ( 'NONE',  ( 0.000000000000000000, -1.000000000000000000, 0.000000000000000000 ) ) ;
#4656 = ORIENTED_EDGE ( 'NONE', *, *, #3741, .F. ) ;
#4657 = ORIENTED_EDGE ( 'NONE', *, *, #9103, .F. ) ;
#4658 = PLANE ( 'NONE',  #1501 ) ;
#4659 = SURFACE_STYLE_FILL_AREA ( #7529 ) ;
#4660 = EDGE_LOOP ( 'NONE', ( #8057, #5437, #1832, #409 ) ) ;
#4661 = EDGE_CURVE ( 'NONE', #9070, #6034, #7797, .T. ) ;
#4662 = PLANE ( 'NONE',  #3017 ) ;
#4663 = DIRECTION ( 'NONE',  ( 0.000000000000000000, -1.000000000000000000, 0.000000000000000000 ) ) ;
#4664 = DIRECTION ( 'NONE',  ( 0.000000000000000000, -1.000000000000000000, 0.000000000000000000 ) ) ;
#4665 = DIRECTION ( 'NONE',  ( 0.000000000000000000, 0.000000000000000000, -1.000000000000000000 ) ) ;
#4666 = DIRECTION ( 'NONE',  ( 0.000000000000000000, -1.000000000000000000, 0.000000000000000000 ) ) ;
#4667 = EDGE_LOOP ( 'NONE', ( #1633, #3823, #1686, #8101 ) ) ;
#4668 = LINE ( 'NONE', #8527, #3784 ) ;
#4669 = CARTESIAN_POINT ( 'NONE',  ( -2.000000000000000000, 0.2000000000000000111, 0.1299999999999999767 ) ) ;
#4670 = ADVANCED_FACE ( 'NONE', ( #5462 ), #4719, .T. ) ;
#4671 = CARTESIAN_POINT ( 'NONE',  ( -1.250000000000000000, 0.000000000000000000, 0.09999999999999970024 ) ) ;
#4672 = CYLINDRICAL_SURFACE ( 'NONE', #4472, 0.1200000000000000927 ) ;
#4673 = CARTESIAN_POINT ( 'NONE',  ( -1.500000000000000000, 1.000000000000000000, -1.699999999999999956 ) ) ;
#4674 = EDGE_CURVE ( 'NONE', #8070, #8634, #6301, .T. ) ;
#4675 = ORIENTED_EDGE ( 'NONE', *, *, #1884, .T. ) ;
#4676 = EDGE_LOOP ( 'NONE', ( #4883, #8591, #1497, #7391 ) ) ;
#4677 = CARTESIAN_POINT ( 'NONE',  ( 0.7500000000000000000, 0.2000000000000000111, 1.719999999999999973 ) ) ;
#4678 = EDGE_LOOP ( 'NONE', ( #1940, #6133, #7660, #8348, #6452, #4251, #3244 ) ) ;
#4679 = ADVANCED_FACE ( 'NONE', ( #320 ), #9317, .F. ) ;
#4680 = FACE_OUTER_BOUND ( 'NONE', #8339, .T. ) ;
#4681 = ORIENTED_EDGE ( 'NONE', *, *, #7482, .T. ) ;
#4682 = DIRECTION ( 'NONE',  ( 0.000000000000000000, 0.000000000000000000, 1.000000000000000000 ) ) ;
#4683 = CYLINDRICAL_SURFACE ( 'NONE', #1924, 0.1199999999999999956 ) ;
#4684 = CARTESIAN_POINT ( 'NONE',  ( 1.682033734286709770, 0.000000000000000000, 1.363835682752762013 ) ) ;
#4685 = ADVANCED_FACE ( 'NONE', ( #2534 ), #3991, .F. ) ;
#4686 = CARTESIAN_POINT ( 'NONE',  ( -2.000000000000000000, 0.6664761515876239661, -0.1299999999999999767 ) ) ;
#4687 = EDGE_CURVE ( 'NONE', #3758, #4806, #4777, .T. ) ;
#4688 = ORIENTED_EDGE ( 'NONE', *, *, #4775, .F. ) ;
#4689 = CARTESIAN_POINT ( 'NONE',  ( 2.000000000000000000, 0.2000000000000000111, 1.369999999999999885 ) ) ;
#4690 = ORIENTED_EDGE ( 'NONE', *, *, #5835, .F. ) ;
#4691 = ORIENTED_EDGE ( 'NONE', *, *, #7482, .F. ) ;
#4692 = ORIENTED_EDGE ( 'NONE', *, *, #1464, .F. ) ;
#4693 = PLANE ( 'NONE',  #9154 ) ;
#4694 = UNCERTAINTY_MEASURE_WITH_UNIT (LENGTH_MEASURE( 1.000000000000000082E-05 ), #6958, 'distance_accuracy_value', 'NONE');
#4695 = PLANE ( 'NONE',  #3481 ) ;
#4696 = DIRECTION ( 'NONE',  ( 0.000000000000000000, 0.000000000000000000, 1.000000000000000000 ) ) ;
#4697 = CARTESIAN_POINT ( 'NONE',  ( 0.7500000000000000000, 0.000000000000000000, 1.719999999999999973 ) ) ;
#4698 = AXIS2_PLACEMENT_3D ( 'NONE', #1578, #1039, #3290 ) ;
#4699 = DIRECTION ( 'NONE',  ( 0.000000000000000000, 0.000000000000000000, -1.000000000000000000 ) ) ;
#4700 = ADVANCED_FACE ( 'NONE', ( #3149 ), #6923, .T. ) ;
#4701 = VERTEX_POINT ( 'NONE', #119 ) ;
#4702 = VERTEX_POINT ( 'NONE', #8316 ) ;
#4703 = DIRECTION ( 'NONE',  ( 0.000000000000000000, 0.000000000000000000, -1.000000000000000000 ) ) ;
#4704 = CARTESIAN_POINT ( 'NONE',  ( -0.6300000000000000044, 0.2000000000000000111, 1.719999999999999973 ) ) ;
#4705 = ORIENTED_EDGE ( 'NONE', *, *, #1934, .F. ) ;
#4706 = CARTESIAN_POINT ( 'NONE',  ( -2.000000000000000000, 0.2000000000000000111, -0.8699999999999999956 ) ) ;
#4707 = DIRECTION ( 'NONE',  ( 1.000000000000000000, 0.000000000000000000, 0.000000000000000000 ) ) ;
#4708 = CARTESIAN_POINT ( 'NONE',  ( 2.000000000000000000, 0.05000000000000000278, -2.000000000000000000 ) ) ;
#4709 = CARTESIAN_POINT ( 'NONE',  ( 1.719999999999999973, 0.2000000000000000111, -1.250000000000000000 ) ) ;
#4710 = VECTOR ( 'NONE', #5817, 1000.000000000000000 ) ;
#4711 = AXIS2_PLACEMENT_3D ( 'NONE', #6309, #9326, #4829 ) ;
#4712 = CIRCLE ( 'NONE', #3013, 0.1200000000000000927 ) ;
#4713 = DIRECTION ( 'NONE',  ( -0.7071067811865495711, 0.000000000000000000, 0.7071067811865455743 ) ) ;
#4714 = ORIENTED_EDGE ( 'NONE', *, *, #8429, .T. ) ;
#4715 = DIRECTION ( 'NONE',  ( -0.7071067811865455743, 0.000000000000000000, -0.7071067811865495711 ) ) ;
#4716 = ORIENTED_EDGE ( 'NONE', *, *, #3198, .F. ) ;
#4717 = VECTOR ( 'NONE', #4147, 1000.000000000000000 ) ;
#4718 = DIRECTION ( 'NONE',  ( 1.000000000000000000, 0.000000000000000000, 0.000000000000000000 ) ) ;
#4719 = PLANE ( 'NONE',  #4615 ) ;
#4720 = AXIS2_PLACEMENT_3D ( 'NONE', #716, #8466, #3880 ) ;
#4721 = CARTESIAN_POINT ( 'NONE',  ( 2.000000000000000000, 0.05000000000000000278, -2.000000000000000000 ) ) ;
#4722 = AXIS2_PLACEMENT_3D ( 'NONE', #4553, #7623, #5442 ) ;
#4723 = VERTEX_POINT ( 'NONE', #206 ) ;
#4724 = ORIENTED_EDGE ( 'NONE', *, *, #2166, .F. ) ;
#4725 = LINE ( 'NONE', #960, #7081 ) ;
#4726 = ORIENTED_EDGE ( 'NONE', *, *, #5240, .F. ) ;
#4727 = CARTESIAN_POINT ( 'NONE',  ( 1.719999999999999973, 0.6664761515876239661, -0.6300000000000000044 ) ) ;
#4728 = ORIENTED_EDGE ( 'NONE', *, *, #4865, .F. ) ;
#4729 = DIRECTION ( 'NONE',  ( 0.000000000000000000, -1.000000000000000000, 0.000000000000000000 ) ) ;
#4730 = DIRECTION ( 'NONE',  ( 0.000000000000000000, -1.000000000000000000, 0.000000000000000000 ) ) ;
#4731 = CYLINDRICAL_SURFACE ( 'NONE', #8715, 0.1200000000000000927 ) ;
#4732 = AXIS2_PLACEMENT_3D ( 'NONE', #8489, #4730, #3323 ) ;
#4733 = DIRECTION ( 'NONE',  ( -1.000000000000000000, 0.000000000000000000, 0.000000000000000000 ) ) ;
#4734 = EDGE_LOOP ( 'NONE', ( #2804, #5399, #3856, #8318 ) ) ;
#4735 = DIRECTION ( 'NONE',  ( 0.000000000000000000, 0.000000000000000000, 1.000000000000000000 ) ) ;
#4736 = CIRCLE ( 'NONE', #3956, 0.1200000000000000927 ) ;
#4737 = EDGE_LOOP ( 'NONE', ( #5304, #8657, #3864, #2474 ) ) ;
#4738 = ORIENTED_EDGE ( 'NONE', *, *, #8376, .F. ) ;
#4739 = PRESENTATION_STYLE_ASSIGNMENT (( #1822 ) ) ;
#4740 = ORIENTED_EDGE ( 'NONE', *, *, #156, .F. ) ;
#4741 = VECTOR ( 'NONE', #8808, 1000.000000000000000 ) ;
#4742 = CARTESIAN_POINT ( 'NONE',  ( -1.129999999999999893, 0.2000000000000000111, -2.000000000000000000 ) ) ;
#4743 = DIRECTION ( 'NONE',  ( 1.000000000000000000, 0.000000000000000000, -1.084202172485503818E-16 ) ) ;
#4744 = DIRECTION ( 'NONE',  ( 1.000000000000000000, 0.000000000000000000, 0.000000000000000000 ) ) ;
#4745 = PLANE ( 'NONE',  #6175 ) ;
#4746 = EDGE_CURVE ( 'NONE', #991, #3621, #797, .T. ) ;
#4747 = EDGE_CURVE ( 'NONE', #284, #1562, #3201, .T. ) ;
#4748 = VECTOR ( 'NONE', #2087, 1000.000000000000000 ) ;
#4749 = EDGE_CURVE ( 'NONE', #2298, #106, #6785, .T. ) ;
#4750 = AXIS2_PLACEMENT_3D ( 'NONE', #5745, #4891, #9348 ) ;
#4751 = CARTESIAN_POINT ( 'NONE',  ( 1.250000000000000000, 0.2000000000000000111, -1.719999999999999973 ) ) ;
#4752 = ORIENTED_EDGE ( 'NONE', *, *, #4475, .F. ) ;
#4753 = VERTEX_POINT ( 'NONE', #9107 ) ;
#4754 = FACE_OUTER_BOUND ( 'NONE', #6812, .T. ) ;
#4755 = SURFACE_STYLE_FILL_AREA ( #1135 ) ;
#4756 = ORIENTED_EDGE ( 'NONE', *, *, #1105, .F. ) ;
#4757 = CIRCLE ( 'NONE', #6808, 0.1200000000000000927 ) ;
#4758 = FILL_AREA_STYLE_COLOUR ( '', #5349 ) ;
#4759 = DIRECTION ( 'NONE',  ( -0.7071067811865455743, 0.000000000000000000, -0.7071067811865495711 ) ) ;
#4760 = FACE_OUTER_BOUND ( 'NONE', #1957, .T. ) ;
#4761 = VECTOR ( 'NONE', #5023, 1000.000000000000000 ) ;
#4762 = DIRECTION ( 'NONE',  ( 0.000000000000000000, 1.000000000000000000, 0.000000000000000000 ) ) ;
#4763 = EDGE_CURVE ( 'NONE', #5278, #1693, #2475, .T. ) ;
#4764 = EDGE_CURVE ( 'NONE', #9377, #6983, #4612, .T. ) ;
#4765 = ADVANCED_FACE ( 'NONE', ( #2423 ), #898, .F. ) ;
#4766 = MECHANICAL_DESIGN_GEOMETRIC_PRESENTATION_REPRESENTATION (  '', ( #1644 ), #1016 ) ;
#4767 = COLOUR_RGB ( '',1.000000000000000000, 1.000000000000000000, 1.000000000000000000 ) ;
#4768 = VECTOR ( 'NONE', #6752, 1000.000000000000000 ) ;
#4769 = FACE_OUTER_BOUND ( 'NONE', #6585, .T. ) ;
#4770 =( NAMED_UNIT ( * ) SI_UNIT ( $, .STERADIAN. ) SOLID_ANGLE_UNIT ( ) );
#4771 = ORIENTED_EDGE ( 'NONE', *, *, #6131, .T. ) ;
#4772 = DIRECTION ( 'NONE',  ( 0.000000000000000000, 0.000000000000000000, 1.000000000000000000 ) ) ;
#4773 = ORIENTED_EDGE ( 'NONE', *, *, #8264, .F. ) ;
#4774 = AXIS2_PLACEMENT_3D ( 'NONE', #793, #8961, #3777 ) ;
#4775 = EDGE_CURVE ( 'NONE', #9683, #963, #6049, .T. ) ;
#4776 = PLANE ( 'NONE',  #6792 ) ;
#4777 = LINE ( 'NONE', #8479, #4931 ) ;
#4778 = VECTOR ( 'NONE', #6435, 1000.000000000000000 ) ;
#4779 = MECHANICAL_DESIGN_GEOMETRIC_PRESENTATION_REPRESENTATION (  '', ( #1669 ), #7787 ) ;
#4780 = VERTEX_POINT ( 'NONE', #2376 ) ;
#4781 = ORIENTED_EDGE ( 'NONE', *, *, #4965, .T. ) ;
#4782 = CARTESIAN_POINT ( 'NONE',  ( -2.000000000000000000, 0.2000000000000000111, -1.369999999999999885 ) ) ;
#4783 = VERTEX_POINT ( 'NONE', #9071 ) ;
#4784 = CLOSED_SHELL ( 'NONE', ( #6117, #2960, #209, #5445, #4805, #5357, #9157, #8322 ) ) ;
#4785 = CARTESIAN_POINT ( 'NONE',  ( 0.3699999999999999956, 0.2000000000000000111, 2.000000000000000000 ) ) ;
#4786 = VERTEX_POINT ( 'NONE', #3110 ) ;
#4787 = CARTESIAN_POINT ( 'NONE',  ( -2.000000000000000000, 0.05000000000000000278, 2.000000000000000000 ) ) ;
#4788 = FACE_OUTER_BOUND ( 'NONE', #1282, .T. ) ;
#4789 = CARTESIAN_POINT ( 'NONE',  ( -1.250000000000000000, 0.2000000000000000111, 1.719999999999999973 ) ) ;
#4790 = SURFACE_STYLE_USAGE ( .BOTH. , #390 ) ;
#4791 = ORIENTED_EDGE ( 'NONE', *, *, #1802, .T. ) ;
#4792 = DIRECTION ( 'NONE',  ( 0.000000000000000000, 0.000000000000000000, 1.000000000000000000 ) ) ;
#4793 = ORIENTED_EDGE ( 'NONE', *, *, #7802, .F. ) ;
#4794 = ORIENTED_EDGE ( 'NONE', *, *, #4642, .F. ) ;
#4795 = DIRECTION ( 'NONE',  ( 0.000000000000000000, 1.000000000000000000, 0.000000000000000000 ) ) ;
#4796 = EDGE_LOOP ( 'NONE', ( #6310, #2754, #6078, #7062 ) ) ;
#4797 = PLANE ( 'NONE',  #8211 ) ;
#4798 = UNCERTAINTY_MEASURE_WITH_UNIT (LENGTH_MEASURE( 1.000000000000000082E-05 ), #8126, 'distance_accuracy_value', 'NONE');
#4799 = DIRECTION ( 'NONE',  ( 0.000000000000000000, -1.000000000000000000, 0.000000000000000000 ) ) ;
#4800 = CARTESIAN_POINT ( 'NONE',  ( -2.000000000000000000, 0.2000000000000000111, -0.1299999999999999767 ) ) ;
#4801 = EDGE_CURVE ( 'NONE', #9405, #5248, #6032, .T. ) ;
#4802 = CARTESIAN_POINT ( 'NONE',  ( 0.3699999999999999956, 0.000000000000000000, -2.000000000000000000 ) ) ;
#4803 = CARTESIAN_POINT ( 'NONE',  ( -1.350000000000000089, 0.000000000000000000, -1.050000000000000044 ) ) ;
#4804 = ORIENTED_EDGE ( 'NONE', *, *, #5320, .T. ) ;
#4805 = ADVANCED_FACE ( 'NONE', ( #1685 ), #5449, .T. ) ;
#4806 = VERTEX_POINT ( 'NONE', #159 ) ;
#4807 = ADVANCED_FACE ( 'NONE', ( #9158 ), #4658, .T. ) ;
#4808 = DIRECTION ( 'NONE',  ( 0.000000000000000000, -1.000000000000000000, 0.000000000000000000 ) ) ;
#4809 = ORIENTED_EDGE ( 'NONE', *, *, #2616, .F. ) ;
#4810 = CARTESIAN_POINT ( 'NONE',  ( 2.000000000000000000, 0.6664761515876239661, 0.1299999999999999767 ) ) ;
#4811 = DIRECTION ( 'NONE',  ( 0.000000000000000000, -1.000000000000000000, 0.000000000000000000 ) ) ;
#4812 = CARTESIAN_POINT ( 'NONE',  ( -1.250000000000000000, 0.2000000000000000111, -1.719999999999999973 ) ) ;
#4813 = ADVANCED_FACE ( 'NONE', ( #7669 ), #2519, .F. ) ;
#4814 = CARTESIAN_POINT ( 'NONE',  ( 0.7500000000000000000, 0.000000000000000000, -1.719999999999999973 ) ) ;
#4815 = CARTESIAN_POINT ( 'NONE',  ( -0.8699999999999999956, 0.2000000000000000111, 2.000000000000000000 ) ) ;
#4816 = ADVANCED_FACE ( 'NONE', ( #993 ), #6237, .F. ) ;
#4817 = VERTEX_POINT ( 'NONE', #8513 ) ;
#4818 = DIRECTION ( 'NONE',  ( 0.000000000000000000, 0.000000000000000000, -1.000000000000000000 ) ) ;
#4819 = LINE ( 'NONE', #7089, #2944 ) ;
#4820 = EDGE_CURVE ( 'NONE', #3350, #5790, #4519, .T. ) ;
#4821 = FACE_OUTER_BOUND ( 'NONE', #2768, .T. ) ;
#4822 = DIRECTION ( 'NONE',  ( 0.000000000000000000, -1.000000000000000000, 0.000000000000000000 ) ) ;
#4823 = EDGE_CURVE ( 'NONE', #8216, #5086, #1452, .T. ) ;
#4824 = ORIENTED_EDGE ( 'NONE', *, *, #5616, .T. ) ;
#4825 = ORIENTED_EDGE ( 'NONE', *, *, #226, .F. ) ;
#4826 = DIRECTION ( 'NONE',  ( -1.000000000000000000, 0.000000000000000000, 0.000000000000000000 ) ) ;
#4827 = EDGE_CURVE ( 'NONE', #6369, #8512, #1346, .T. ) ;
#4828 = ORIENTED_EDGE ( 'NONE', *, *, #5420, .F. ) ;
#4829 = DIRECTION ( 'NONE',  ( 1.000000000000000000, 0.000000000000000000, 7.744301232039309779E-16 ) ) ;
#4830 = VERTEX_POINT ( 'NONE', #7495 ) ;
#4831 = DIRECTION ( 'NONE',  ( 1.000000000000000000, 0.000000000000000000, -7.744301232039309779E-16 ) ) ;
#4832 = CARTESIAN_POINT ( 'NONE',  ( 2.000000000000000000, 0.2000000000000000111, 0.8699999999999999956 ) ) ;
#4833 = DIRECTION ( 'NONE',  ( 0.000000000000000000, 0.000000000000000000, -1.000000000000000000 ) ) ;
#4834 = DIRECTION ( 'NONE',  ( 0.000000000000000000, 0.000000000000000000, 1.000000000000000000 ) ) ;
#4835 =( NAMED_UNIT ( * ) SI_UNIT ( $, .STERADIAN. ) SOLID_ANGLE_UNIT ( ) );
#4836 = ORIENTED_EDGE ( 'NONE', *, *, #2629, .T. ) ;
#4837 = ORIENTED_EDGE ( 'NONE', *, *, #154, .F. ) ;
#4838 = VERTEX_POINT ( 'NONE', #1364 ) ;
#4839 = DIRECTION ( 'NONE',  ( 0.000000000000000000, -1.000000000000000000, 0.000000000000000000 ) ) ;
#4840 = VERTEX_POINT ( 'NONE', #573 ) ;
#4841 = CARTESIAN_POINT ( 'NONE',  ( 0.7500000000000000000, 0.2000000000000000111, -1.719999999999999973 ) ) ;
#4842 = LINE ( 'NONE', #6417, #1604 ) ;
#4843 = DIRECTION ( 'NONE',  ( 0.000000000000000000, 0.000000000000000000, 1.000000000000000000 ) ) ;
#4844 = FACE_OUTER_BOUND ( 'NONE', #5906, .T. ) ;
#4845 = EDGE_CURVE ( 'NONE', #5132, #9129, #5073, .T. ) ;
#4846 = ORIENTED_EDGE ( 'NONE', *, *, #3788, .F. ) ;
#4847 = ORIENTED_EDGE ( 'NONE', *, *, #4208, .T. ) ;
#4848 = LINE ( 'NONE', #3434, #6431 ) ;
#4849 = CARTESIAN_POINT ( 'NONE',  ( 2.000000000000000000, 0.6664761515876239661, 1.129999999999999893 ) ) ;
#4850 = ORIENTED_EDGE ( 'NONE', *, *, #5049, .F. ) ;
#4851 = LINE ( 'NONE', #7874, #2873 ) ;
#4852 = DIRECTION ( 'NONE',  ( 1.000000000000000000, 0.000000000000000000, 0.000000000000000000 ) ) ;
#4853 = DIRECTION ( 'NONE',  ( 0.000000000000000000, -1.000000000000000000, 0.000000000000000000 ) ) ;
#4854 = CARTESIAN_POINT ( 'NONE',  ( -0.7500000000000000000, 0.2000000000000000111, 1.719999999999999973 ) ) ;
#4855 = AXIS2_PLACEMENT_3D ( 'NONE', #355, #5695, #8569 ) ;
#4856 = FACE_OUTER_BOUND ( 'NONE', #2521, .T. ) ;
#4857 = DIRECTION ( 'NONE',  ( 1.000000000000000000, 0.000000000000000000, 0.000000000000000000 ) ) ;
#4858 = ORIENTED_EDGE ( 'NONE', *, *, #4687, .T. ) ;
#4859 = VECTOR ( 'NONE', #3773, 1000.000000000000000 ) ;
#4860 = DIRECTION ( 'NONE',  ( -1.000000000000000000, 0.000000000000000000, -7.744301232039309779E-16 ) ) ;
#4861 = FACE_OUTER_BOUND ( 'NONE', #4582, .T. ) ;
#4862 = LINE ( 'NONE', #1151, #1472 ) ;
#4863 = EDGE_CURVE ( 'NONE', #9131, #7341, #7306, .T. ) ;
#4864 = VECTOR ( 'NONE', #8296, 1000.000000000000000 ) ;
#4865 = EDGE_CURVE ( 'NONE', #9297, #5720, #2037, .T. ) ;
#4866 = VECTOR ( 'NONE', #2031, 1000.000000000000000 ) ;
#4867 = CARTESIAN_POINT ( 'NONE',  ( -1.250000000000000000, 0.2000000000000000111, 1.719999999999999973 ) ) ;
#4868 = EDGE_LOOP ( 'NONE', ( #8691, #8853, #313, #3417 ) ) ;
#4869 = VERTEX_POINT ( 'NONE', #765 ) ;
#4870 = AXIS2_PLACEMENT_3D ( 'NONE', #5019, #1944, #7950 ) ;
#4871 = CARTESIAN_POINT ( 'NONE',  ( -1.719999999999999973, 0.05000000000000000278, -0.2500000000000000000 ) ) ;
#4872 = ORIENTED_EDGE ( 'NONE', *, *, #6804, .T. ) ;
#4873 = FACE_OUTER_BOUND ( 'NONE', #5640, .T. ) ;
#4874 = ORIENTED_EDGE ( 'NONE', *, *, #1424, .F. ) ;
#4875 = COLOUR_RGB ( '',0.7921568627450980005, 0.8196078431372548767, 0.9333333333333333481 ) ;
#4876 = DIRECTION ( 'NONE',  ( 7.744301232039309779E-16, 0.000000000000000000, 1.000000000000000000 ) ) ;
#4877 = DIRECTION ( 'NONE',  ( 0.000000000000000000, 0.000000000000000000, -1.000000000000000000 ) ) ;
#4878 = PLANE ( 'NONE',  #4301 ) ;
#4879 = EDGE_CURVE ( 'NONE', #3866, #161, #7448, .T. ) ;
#4880 = VECTOR ( 'NONE', #6731, 1000.000000000000000 ) ;
#4881 = AXIS2_PLACEMENT_3D ( 'NONE', #3827, #4602, #6830 ) ;
#4882 = CARTESIAN_POINT ( 'NONE',  ( -1.250000000000000000, 0.05000000000000000278, 0.5000000000000000000 ) ) ;
#4883 = ORIENTED_EDGE ( 'NONE', *, *, #768, .T. ) ;
#4884 = ORIENTED_EDGE ( 'NONE', *, *, #8445, .F. ) ;
#4885 = VERTEX_POINT ( 'NONE', #3650 ) ;
#4886 = CARTESIAN_POINT ( 'NONE',  ( -1.719999999999999973, 0.2000000000000000111, -1.250000000000000000 ) ) ;
#4887 = VERTEX_POINT ( 'NONE', #8042 ) ;
#4888 = AXIS2_PLACEMENT_3D ( 'NONE', #7466, #6114, #5280 ) ;
#4889 = DIRECTION ( 'NONE',  ( 1.000000000000000000, 0.000000000000000000, 0.000000000000000000 ) ) ;
#4890 = CARTESIAN_POINT ( 'NONE',  ( -1.500000000000000000, 0.9000000000000000222, -1.500000000000000000 ) ) ;
#4891 = DIRECTION ( 'NONE',  ( 0.000000000000000000, -1.000000000000000000, 0.000000000000000000 ) ) ;
#4892 = VECTOR ( 'NONE', #6967, 1000.000000000000000 ) ;
#4893 = EDGE_CURVE ( 'NONE', #4838, #4806, #8565, .T. ) ;
#4894 = DIRECTION ( 'NONE',  ( 0.000000000000000000, 0.000000000000000000, 1.000000000000000000 ) ) ;
#4895 = VECTOR ( 'NONE', #5081, 1000.000000000000000 ) ;
#4896 = AXIS2_PLACEMENT_3D ( 'NONE', #3236, #6814, #2261 ) ;
#4897 = ORIENTED_EDGE ( 'NONE', *, *, #1325, .F. ) ;
#4898 = EDGE_LOOP ( 'NONE', ( #2276, #2866, #4499, #1968 ) ) ;
#4899 = PLANE ( 'NONE',  #3452 ) ;
#4900 = DIRECTION ( 'NONE',  ( -7.744301232039309779E-16, 0.000000000000000000, 1.000000000000000000 ) ) ;
#4901 = ORIENTED_EDGE ( 'NONE', *, *, #8612, .F. ) ;
#4902 = DIRECTION ( 'NONE',  ( 0.000000000000000000, 0.000000000000000000, -1.000000000000000000 ) ) ;
#4903 = FACE_OUTER_BOUND ( 'NONE', #5540, .T. ) ;
#4904 = PLANE ( 'NONE',  #9412 ) ;
#4905 = STYLED_ITEM ( 'NONE', ( #1414 ), #8868 ) ;
#4906 = CARTESIAN_POINT ( 'NONE',  ( -0.3699999999999999956, 0.000000000000000000, 2.000000000000000000 ) ) ;
#4907 = AXIS2_PLACEMENT_3D ( 'NONE', #1256, #7657, #972 ) ;
#4908 = EDGE_CURVE ( 'NONE', #1621, #6521, #4306, .T. ) ;
#4909 = VECTOR ( 'NONE', #3402, 1000.000000000000000 ) ;
#4910 = VECTOR ( 'NONE', #1098, 1000.000000000000000 ) ;
#4911 = CARTESIAN_POINT ( 'NONE',  ( 2.000000000000000000, 0.2000000000000000111, -1.129999999999999893 ) ) ;
#4912 = STYLED_ITEM ( 'NONE', ( #6865 ), #8648 ) ;
#4913 = DIRECTION ( 'NONE',  ( -0.7071067811865495711, 0.000000000000000000, 0.7071067811865455743 ) ) ;
#4914 = VERTEX_POINT ( 'NONE', #1403 ) ;
#4915 = AXIS2_PLACEMENT_3D ( 'NONE', #4950, #1086, #4205 ) ;
#4916 = FACE_OUTER_BOUND ( 'NONE', #5423, .T. ) ;
#4917 = FACE_OUTER_BOUND ( 'NONE', #4552, .T. ) ;
#4918 = DIRECTION ( 'NONE',  ( 7.744301232039309779E-16, 0.000000000000000000, 1.000000000000000000 ) ) ;
#4919 = VECTOR ( 'NONE', #4733, 1000.000000000000000 ) ;
#4920 = VECTOR ( 'NONE', #9059, 1000.000000000000000 ) ;
#4921 = VECTOR ( 'NONE', #3714, 1000.000000000000000 ) ;
#4922 = FACE_OUTER_BOUND ( 'NONE', #6295, .T. ) ;
#4923 = ORIENTED_EDGE ( 'NONE', *, *, #1844, .F. ) ;
#4924 = EDGE_CURVE ( 'NONE', #879, #2610, #2089, .T. ) ;
#4925 = ORIENTED_EDGE ( 'NONE', *, *, #3198, .T. ) ;
#4926 = EDGE_CURVE ( 'NONE', #4549, #723, #3707, .T. ) ;
#4927 = LINE ( 'NONE', #7947, #8507 ) ;
#4928 = EDGE_LOOP ( 'NONE', ( #602, #908, #5582, #4651 ) ) ;
#4929 = LINE ( 'NONE', #9562, #4257 ) ;
#4930 = EDGE_LOOP ( 'NONE', ( #437, #7892, #8461, #5353 ) ) ;
#4931 = VECTOR ( 'NONE', #6190, 1000.000000000000000 ) ;
#4932 = PLANE ( 'NONE',  #6315 ) ;
#4933 = LINE ( 'NONE', #8105, #8060 ) ;
#4934 = EDGE_CURVE ( 'NONE', #9496, #4117, #9711, .T. ) ;
#4935 = DIRECTION ( 'NONE',  ( 0.000000000000000000, 0.000000000000000000, -1.000000000000000000 ) ) ;
#4936 = VECTOR ( 'NONE', #7436, 1000.000000000000000 ) ;
#4937 = SURFACE_STYLE_FILL_AREA ( #2838 ) ;
#4938 = CLOSED_SHELL ( 'NONE', ( #9113, #2383, #5063, #7305, #4670, #9445, #8875, #2273 ) ) ;
#4939 = VERTEX_POINT ( 'NONE', #8097 ) ;
#4940 = ORIENTED_EDGE ( 'NONE', *, *, #4317, .T. ) ;
#4941 = EDGE_CURVE ( 'NONE', #6235, #7759, #4381, .T. ) ;
#4942 = VERTEX_POINT ( 'NONE', #2239 ) ;
#4943 = LINE ( 'NONE', #9572, #6918 ) ;
#4944 = ORIENTED_EDGE ( 'NONE', *, *, #763, .F. ) ;
#4945 = CARTESIAN_POINT ( 'NONE',  ( 0.1299999999999999767, 0.2000000000000000111, -2.000000000000000000 ) ) ;
#4946 = CARTESIAN_POINT ( 'NONE',  ( -1.719999999999999973, 0.6664761515876239661, 0.7500000000000000000 ) ) ;
#4947 = ADVANCED_FACE ( 'NONE', ( #9557 ), #2786, .F. ) ;
#4948 = EDGE_CURVE ( 'NONE', #8120, #7692, #5210, .T. ) ;
#4949 = COLOUR_RGB ( '',0.7921568627450980005, 0.8196078431372548767, 0.9333333333333333481 ) ;
#4950 = CARTESIAN_POINT ( 'NONE',  ( 1.719999999999999973, 0.05000000000000000278, 0.7500000000000000000 ) ) ;
#4951 = AXIS2_PLACEMENT_3D ( 'NONE', #1357, #9454, #8771 ) ;
#4952 = FACE_OUTER_BOUND ( 'NONE', #1070, .T. ) ;
#4953 = ORIENTED_EDGE ( 'NONE', *, *, #8455, .T. ) ;
#4954 = CARTESIAN_POINT ( 'NONE',  ( -1.719999999999999973, 0.000000000000000000, 0.2500000000000000000 ) ) ;
#4955 = EDGE_LOOP ( 'NONE', ( #906, #4466, #1006, #4329 ) ) ;
#4956 = EDGE_CURVE ( 'NONE', #435, #6523, #5252, .T. ) ;
#4957 = CARTESIAN_POINT ( 'NONE',  ( -1.719999999999999973, 0.6664761515876239661, -1.129999999999999893 ) ) ;
#4958 = EDGE_LOOP ( 'NONE', ( #7969, #2450, #3303, #1229 ) ) ;
#4959 = DIRECTION ( 'NONE',  ( 0.000000000000000000, 0.000000000000000000, 1.000000000000000000 ) ) ;
#4960 = CARTESIAN_POINT ( 'NONE',  ( 2.000000000000000000, 0.6664761515876239661, -1.129999999999999893 ) ) ;
#4961 = CARTESIAN_POINT ( 'NONE',  ( 1.719999999999999973, 0.2000000000000000111, 1.250000000000000000 ) ) ;
#4962 = DIRECTION ( 'NONE',  ( 0.000000000000000000, 0.000000000000000000, -1.000000000000000000 ) ) ;
#4963 = ORIENTED_EDGE ( 'NONE', *, *, #3745, .F. ) ;
#4964 = DIRECTION ( 'NONE',  ( 0.000000000000000000, -1.000000000000000000, 0.000000000000000000 ) ) ;
#4965 = EDGE_CURVE ( 'NONE', #1941, #8786, #1306, .T. ) ;
#4966 = CARTESIAN_POINT ( 'NONE',  ( 1.287966265713291980, 0.05000000000000000278, 1.606164317247235074 ) ) ;
#4967 = EDGE_LOOP ( 'NONE', ( #7509, #5493, #1241, #246 ) ) ;
#4968 = LINE ( 'NONE', #1931, #2545 ) ;
#4969 = CARTESIAN_POINT ( 'NONE',  ( 1.719999999999999973, 0.2000000000000000111, -0.3699999999999999956 ) ) ;
#4970 = CARTESIAN_POINT ( 'NONE',  ( -0.6300000000000000044, 0.2000000000000000111, 1.719999999999999973 ) ) ;
#4971 = DIRECTION ( 'NONE',  ( 0.000000000000000000, -1.000000000000000000, 0.000000000000000000 ) ) ;
#4972 = LINE ( 'NONE', #9239, #5859 ) ;
#4973 = ORIENTED_EDGE ( 'NONE', *, *, #404, .F. ) ;
#4974 = ORIENTED_EDGE ( 'NONE', *, *, #8446, .F. ) ;
#4975 = PLANE ( 'NONE',  #6761 ) ;
#4976 = ORIENTED_EDGE ( 'NONE', *, *, #3268, .T. ) ;
#4977 = LINE ( 'NONE', #8048, #9294 ) ;
#4978 = ORIENTED_EDGE ( 'NONE', *, *, #6140, .T. ) ;
#4979 = DIRECTION ( 'NONE',  ( 0.000000000000000000, 0.000000000000000000, -1.000000000000000000 ) ) ;
#4980 = CARTESIAN_POINT ( 'NONE',  ( 2.000000000000000000, 0.000000000000000000, -0.8699999999999999956 ) ) ;
#4981 = DIRECTION ( 'NONE',  ( -7.744301232039309779E-16, 0.000000000000000000, 1.000000000000000000 ) ) ;
#4982 = DIRECTION ( 'NONE',  ( 0.000000000000000000, -1.000000000000000000, 0.000000000000000000 ) ) ;
#4983 = EDGE_CURVE ( 'NONE', #6523, #5425, #7348, .T. ) ;
#4984 = ORIENTED_EDGE ( 'NONE', *, *, #9020, .T. ) ;
#4985 = EDGE_LOOP ( 'NONE', ( #5780, #8391, #5602, #3479 ) ) ;
#4986 = ORIENTED_EDGE ( 'NONE', *, *, #2801, .T. ) ;
#4987 = CARTESIAN_POINT ( 'NONE',  ( -1.129999999999999893, 0.000000000000000000, -2.000000000000000000 ) ) ;
#4988 = ORIENTED_EDGE ( 'NONE', *, *, #8887, .F. ) ;
#4989 = CARTESIAN_POINT ( 'NONE',  ( 1.719999999999999973, 0.6664761515876239661, -1.369999999999999885 ) ) ;
#4990 = CARTESIAN_POINT ( 'NONE',  ( 2.000000000000000000, 0.05000000000000000278, -0.6300000000000000044 ) ) ;
#4991 = CARTESIAN_POINT ( 'NONE',  ( -2.000000000000000000, 0.05000000000000000278, -1.369999999999999885 ) ) ;
#4992 = EDGE_CURVE ( 'NONE', #5829, #4116, #2145, .T. ) ;
#4993 = ADVANCED_FACE ( 'NONE', ( #6846 ), #8377, .F. ) ;
#4994 = DIRECTION ( 'NONE',  ( 0.000000000000000000, 1.000000000000000000, 0.000000000000000000 ) ) ;
#4995 = ORIENTED_EDGE ( 'NONE', *, *, #620, .F. ) ;
#4996 = CARTESIAN_POINT ( 'NONE',  ( 2.000000000000000000, 0.000000000000000000, -1.129999999999999893 ) ) ;
#4997 = ORIENTED_EDGE ( 'NONE', *, *, #656, .F. ) ;
#4998 = DIRECTION ( 'NONE',  ( 0.000000000000000000, 1.000000000000000000, 0.000000000000000000 ) ) ;
#4999 = ORIENTED_EDGE ( 'NONE', *, *, #8859, .T. ) ;
#5000 = FACE_OUTER_BOUND ( 'NONE', #4558, .T. ) ;
#5001 = DIRECTION ( 'NONE',  ( 0.000000000000000000, 0.000000000000000000, 1.000000000000000000 ) ) ;
#5002 = DIRECTION ( 'NONE',  ( 0.000000000000000000, 0.000000000000000000, -1.000000000000000000 ) ) ;
#5003 = CARTESIAN_POINT ( 'NONE',  ( -1.369999999999999885, 0.6664761515876239661, -2.000000000000000000 ) ) ;
#5004 = ADVANCED_FACE ( 'NONE', ( #7590 ), #5266, .F. ) ;
#5005 = ORIENTED_EDGE ( 'NONE', *, *, #1191, .T. ) ;
#5006 = PLANE ( 'NONE',  #6172 ) ;
#5007 = CARTESIAN_POINT ( 'NONE',  ( -2.000000000000000000, 7.656854249492380582, -2.000000000000000000 ) ) ;
#5008 = ORIENTED_EDGE ( 'NONE', *, *, #5294, .F. ) ;
#5009 = CARTESIAN_POINT ( 'NONE',  ( -1.350000000000000089, 0.05000000000000000278, 1.250000000000000000 ) ) ;
#5010 = CARTESIAN_POINT ( 'NONE',  ( -1.129999999999999893, 0.2000000000000000111, -1.719999999999999973 ) ) ;
#5011 = DIRECTION ( 'NONE',  ( -1.000000000000000000, 0.000000000000000000, 0.000000000000000000 ) ) ;
#5012 = VECTOR ( 'NONE', #3564, 1000.000000000000000 ) ;
#5013 = CARTESIAN_POINT ( 'NONE',  ( 0.7500000000000000000, 0.6664761515876239661, 1.719999999999999973 ) ) ;
#5014 = DIRECTION ( 'NONE',  ( -0.000000000000000000, 0.000000000000000000, -1.000000000000000000 ) ) ;
#5015 = ORIENTED_EDGE ( 'NONE', *, *, #4643, .T. ) ;
#5016 = ORIENTED_EDGE ( 'NONE', *, *, #5909, .F. ) ;
#5017 = CARTESIAN_POINT ( 'NONE',  ( 0.3699999999999999956, 0.2000000000000000111, -1.719999999999999973 ) ) ;
#5018 = VERTEX_POINT ( 'NONE', #3073 ) ;
#5019 = CARTESIAN_POINT ( 'NONE',  ( -1.250000000000000000, 0.2000000000000000111, 1.719999999999999973 ) ) ;
#5020 = VECTOR ( 'NONE', #6372, 1000.000000000000000 ) ;
#5021 = DIRECTION ( 'NONE',  ( 0.000000000000000000, -1.000000000000000000, 0.000000000000000000 ) ) ;
#5022 = LINE ( 'NONE', #4243, #5040 ) ;
#5023 = DIRECTION ( 'NONE',  ( 0.000000000000000000, -1.000000000000000000, 0.000000000000000000 ) ) ;
#5024 = VECTOR ( 'NONE', #2622, 1000.000000000000000 ) ;
#5025 = EDGE_CURVE ( 'NONE', #7237, #303, #7779, .T. ) ;
#5026 = VECTOR ( 'NONE', #8713, 1000.000000000000000 ) ;
#5027 = ORIENTED_EDGE ( 'NONE', *, *, #3026, .T. ) ;
#5028 = VECTOR ( 'NONE', #8287, 1000.000000000000000 ) ;
#5029 = ORIENTED_EDGE ( 'NONE', *, *, #3801, .F. ) ;
#5030 = ORIENTED_EDGE ( 'NONE', *, *, #768, .F. ) ;
#5031 = LINE ( 'NONE', #7961, #3309 ) ;
#5032 = ORIENTED_EDGE ( 'NONE', *, *, #9052, .T. ) ;
#5033 = PLANE ( 'NONE',  #9008 ) ;
#5034 = PLANE ( 'NONE',  #2083 ) ;
#5035 = CARTESIAN_POINT ( 'NONE',  ( -1.287966265713290204, 0.000000000000000000, -1.606164317247235074 ) ) ;
#5036 = VECTOR ( 'NONE', #3829, 1000.000000000000000 ) ;
#5037 = CARTESIAN_POINT ( 'NONE',  ( 1.129999999999999893, 0.2000000000000000111, 2.000000000000000000 ) ) ;
#5038 = ORIENTED_EDGE ( 'NONE', *, *, #1734, .F. ) ;
#5039 = DIRECTION ( 'NONE',  ( 0.000000000000000000, 0.000000000000000000, -1.000000000000000000 ) ) ;
#5040 = VECTOR ( 'NONE', #3603, 1000.000000000000114 ) ;
#5041 = EDGE_LOOP ( 'NONE', ( #7050, #1868, #4596, #6807 ) ) ;
#5042 = CARTESIAN_POINT ( 'NONE',  ( 2.000000000000000000, 0.05000000000000000278, 1.369999999999999885 ) ) ;
#5043 = CARTESIAN_POINT ( 'NONE',  ( -1.719999999999999973, 0.2000000000000000111, 1.369999999999999885 ) ) ;
#5044 = ORIENTED_EDGE ( 'NONE', *, *, #3606, .F. ) ;
#5045 = VECTOR ( 'NONE', #9643, 1000.000000000000114 ) ;
#5046 = VECTOR ( 'NONE', #1717, 1000.000000000000000 ) ;
#5047 = EDGE_CURVE ( 'NONE', #5828, #7744, #6890, .T. ) ;
#5048 = CARTESIAN_POINT ( 'NONE',  ( 1.719999999999999973, 0.6664761515876239661, -1.129999999999999893 ) ) ;
#5049 = EDGE_CURVE ( 'NONE', #2426, #6630, #3117, .T. ) ;
#5050 = CARTESIAN_POINT ( 'NONE',  ( -1.369999999999999885, 0.05000000000000000278, -2.000000000000000000 ) ) ;
#5051 = CARTESIAN_POINT ( 'NONE',  ( -0.2500000000000000000, 0.2000000000000000111, -1.719999999999999973 ) ) ;
#5052 = DIRECTION ( 'NONE',  ( 0.000000000000000000, 1.000000000000000000, 0.000000000000000000 ) ) ;
#5053 = ADVANCED_FACE ( 'NONE', ( #8325 ), #168, .F. ) ;
#5054 = AXIS2_PLACEMENT_3D ( 'NONE', #4533, #9122, #2394 ) ;
#5055 = VECTOR ( 'NONE', #7806, 1000.000000000000114 ) ;
#5056 = VERTEX_POINT ( 'NONE', #2438 ) ;
#5057 = LINE ( 'NONE', #1982, #9328 ) ;
#5058 = CARTESIAN_POINT ( 'NONE',  ( 0.2500000000000000000, 0.2000000000000000111, 1.600000000000000089 ) ) ;
#5059 = COLOUR_RGB ( '',0.7921568627450980005, 0.8196078431372548767, 0.9333333333333333481 ) ;
#5060 = EDGE_LOOP ( 'NONE', ( #7847, #5585, #1531, #5134 ) ) ;
#5061 = VECTOR ( 'NONE', #7200, 1000.000000000000000 ) ;
#5062 = LINE ( 'NONE', #8233, #6778 ) ;
#5063 = ADVANCED_FACE ( 'NONE', ( #29 ), #3793, .F. ) ;
#5064 = DIRECTION ( 'NONE',  ( 0.000000000000000000, -1.000000000000000000, 0.000000000000000000 ) ) ;
#5065 = AXIS2_PLACEMENT_3D ( 'NONE', #309, #4664, #4618 ) ;
#5066 = LINE ( 'NONE', #2826, #8687 ) ;
#5067 = EDGE_CURVE ( 'NONE', #8152, #2610, #5352, .T. ) ;
#5068 = EDGE_CURVE ( 'NONE', #3204, #1563, #5409, .T. ) ;
#5069 = CIRCLE ( 'NONE', #6328, 0.1199999999999999956 ) ;
#5070 = VECTOR ( 'NONE', #4261, 1000.000000000000000 ) ;
#5071 = VECTOR ( 'NONE', #7124, 1000.000000000000000 ) ;
#5072 = DIRECTION ( 'NONE',  ( 1.000000000000000000, 0.000000000000000000, 0.000000000000000000 ) ) ;
#5073 = LINE ( 'NONE', #6705, #871 ) ;
#5074 = ORIENTED_EDGE ( 'NONE', *, *, #3069, .F. ) ;
#5075 = VERTEX_POINT ( 'NONE', #1692 ) ;
#5076 = PLANE ( 'NONE',  #1115 ) ;
#5077 = EDGE_CURVE ( 'NONE', #951, #6056, #4622, .T. ) ;
#5078 = ORIENTED_EDGE ( 'NONE', *, *, #5465, .F. ) ;
#5079 = LINE ( 'NONE', #2834, #6765 ) ;
#5080 = CYLINDRICAL_SURFACE ( 'NONE', #949, 0.1199999999999999956 ) ;
#5081 = DIRECTION ( 'NONE',  ( 0.000000000000000000, -1.000000000000000000, 0.000000000000000000 ) ) ;
#5082 = CARTESIAN_POINT ( 'NONE',  ( -1.500000000000000000, 1.000000000000000000, -1.500000000000000000 ) ) ;
#5083 = VECTOR ( 'NONE', #5321, 1000.000000000000000 ) ;
#5084 = VECTOR ( 'NONE', #9567, 1000.000000000000000 ) ;
#5085 = COLOUR_RGB ( '',0.7921568627450980005, 0.8196078431372548767, 0.9333333333333333481 ) ;
#5086 = VERTEX_POINT ( 'NONE', #2388 ) ;
#5087 = EDGE_LOOP ( 'NONE', ( #5901, #9251, #4976, #5521 ) ) ;
#5088 = ORIENTED_EDGE ( 'NONE', *, *, #4845, .T. ) ;
#5089 = EDGE_CURVE ( 'NONE', #1693, #6269, #6197, .T. ) ;
#5090 = CARTESIAN_POINT ( 'NONE',  ( -0.8699999999999999956, 0.000000000000000000, 2.000000000000000000 ) ) ;
#5091 = ORIENTED_EDGE ( 'NONE', *, *, #2913, .F. ) ;
#5092 = CARTESIAN_POINT ( 'NONE',  ( 2.000000000000000000, 0.2000000000000000111, -0.3699999999999999956 ) ) ;
#5093 = CARTESIAN_POINT ( 'NONE',  ( 1.250000000000000000, 0.6664761515876239661, 1.719999999999999973 ) ) ;
#5094 = PLANE ( 'NONE',  #75 ) ;
#5095 = MANIFOLD_SOLID_BREP ( 'NONE', #9694 ) ;
#5096 = MECHANICAL_DESIGN_GEOMETRIC_PRESENTATION_REPRESENTATION (  '', ( #8572 ), #3228 ) ;
#5097 = VECTOR ( 'NONE', #5713, 1000.000000000000000 ) ;
#5098 = CARTESIAN_POINT ( 'NONE',  ( 1.719999999999999973, 0.05000000000000000278, 0.3699999999999999956 ) ) ;
#5099 = VERTEX_POINT ( 'NONE', #1879 ) ;
#5100 = FACE_OUTER_BOUND ( 'NONE', #3485, .T. ) ;
#5101 = ORIENTED_EDGE ( 'NONE', *, *, #6298, .T. ) ;
#5102 = CARTESIAN_POINT ( 'NONE',  ( 0.2500000000000000000, 0.2000000000000000111, 1.719999999999999973 ) ) ;
#5103 = CARTESIAN_POINT ( 'NONE',  ( -0.1299999999999999767, 0.000000000000000000, 1.719999999999999973 ) ) ;
#5104 = ORIENTED_EDGE ( 'NONE', *, *, #9700, .T. ) ;
#5105 = VECTOR ( 'NONE', #2476, 1000.000000000000000 ) ;
#5106 = CARTESIAN_POINT ( 'NONE',  ( -1.719999999999999973, 0.000000000000000000, -1.250000000000000000 ) ) ;
#5107 = CARTESIAN_POINT ( 'NONE',  ( 1.250000000000000000, 0.6664761515876239661, 1.600000000000000089 ) ) ;
#5108 = AXIS2_PLACEMENT_3D ( 'NONE', #8619, #4178, #1244 ) ;
#5109 = DIRECTION ( 'NONE',  ( -7.744301232039309779E-16, 0.000000000000000000, 1.000000000000000000 ) ) ;
#5110 = EDGE_CURVE ( 'NONE', #4869, #3415, #410, .T. ) ;
#5111 = ADVANCED_FACE ( 'NONE', ( #312 ), #7143, .F. ) ;
#5112 = ORIENTED_EDGE ( 'NONE', *, *, #7491, .F. ) ;
#5113 = DIRECTION ( 'NONE',  ( 1.084202172485503818E-16, 0.000000000000000000, 1.000000000000000000 ) ) ;
#5114 = ADVANCED_FACE ( 'NONE', ( #1794 ), #3262, .F. ) ;
#5115 = DIRECTION ( 'NONE',  ( 0.000000000000000000, -1.000000000000000000, 0.000000000000000000 ) ) ;
#5116 = ORIENTED_EDGE ( 'NONE', *, *, #5418, .F. ) ;
#5117 = DIRECTION ( 'NONE',  ( -0.000000000000000000, 1.000000000000000000, 0.000000000000000000 ) ) ;
#5118 = CARTESIAN_POINT ( 'NONE',  ( -2.000000000000000000, 0.2000000000000000111, -0.6300000000000000044 ) ) ;
#5119 = FACE_OUTER_BOUND ( 'NONE', #9343, .T. ) ;
#5120 = ADVANCED_FACE ( 'NONE', ( #7790 ), #6393, .T. ) ;
#5121 = DIRECTION ( 'NONE',  ( 0.000000000000000000, 0.000000000000000000, -1.000000000000000000 ) ) ;
#5122 = DIRECTION ( 'NONE',  ( 0.000000000000000000, 0.000000000000000000, -1.000000000000000000 ) ) ;
#5123 = ORIENTED_EDGE ( 'NONE', *, *, #2254, .F. ) ;
#5124 = ORIENTED_EDGE ( 'NONE', *, *, #1446, .T. ) ;
#5125 = CARTESIAN_POINT ( 'NONE',  ( -1.129999999999999893, 0.2000000000000000111, 1.719999999999999973 ) ) ;
#5126 = ORIENTED_EDGE ( 'NONE', *, *, #1424, .T. ) ;
#5127 = LINE ( 'NONE', #6710, #2704 ) ;
#5128 = DIRECTION ( 'NONE',  ( 0.000000000000000000, 0.000000000000000000, -1.000000000000000000 ) ) ;
#5129 = CARTESIAN_POINT ( 'NONE',  ( -1.250000000000000000, 0.000000000000000000, 0.5000000000000000000 ) ) ;
#5130 = DIRECTION ( 'NONE',  ( 0.000000000000000000, 1.000000000000000000, 0.000000000000000000 ) ) ;
#5131 = EDGE_CURVE ( 'NONE', #1118, #4830, #8725, .T. ) ;
#5132 = VERTEX_POINT ( 'NONE', #7936 ) ;
#5133 = ORIENTED_EDGE ( 'NONE', *, *, #4206, .T. ) ;
#5134 = ORIENTED_EDGE ( 'NONE', *, *, #175, .T. ) ;
#5135 = CARTESIAN_POINT ( 'NONE',  ( 1.350000000000000089, 0.000000000000000000, 0.6000000000000000888 ) ) ;
#5136 = ORIENTED_EDGE ( 'NONE', *, *, #4801, .F. ) ;
#5137 = CARTESIAN_POINT ( 'NONE',  ( -1.363835682752762013, 0.000000000000000000, 1.682033734286709770 ) ) ;
#5138 = FACE_OUTER_BOUND ( 'NONE', #8315, .T. ) ;
#5139 = LINE ( 'NONE', #3577, #5711 ) ;
#5140 = EDGE_CURVE ( 'NONE', #553, #1378, #8720, .T. ) ;
#5141 = LINE ( 'NONE', #8160, #4594 ) ;
#5142 = VERTEX_POINT ( 'NONE', #459 ) ;
#5143 = CARTESIAN_POINT ( 'NONE',  ( -0.8699999999999999956, 0.6664761515876239661, -2.000000000000000000 ) ) ;
#5144 = EDGE_LOOP ( 'NONE', ( #8462, #5591, #2992, #4295 ) ) ;
#5145 = CARTESIAN_POINT ( 'NONE',  ( -1.250000000000000000, 0.000000000000000000, 1.250000000000000000 ) ) ;
#5146 = DIRECTION ( 'NONE',  ( -1.000000000000000000, 0.000000000000000000, 0.000000000000000000 ) ) ;
#5147 = ORIENTED_EDGE ( 'NONE', *, *, #7163, .F. ) ;
#5148 = LINE ( 'NONE', #8454, #6305 ) ;
#5149 = LINE ( 'NONE', #8960, #2076 ) ;
#5150 = CARTESIAN_POINT ( 'NONE',  ( -1.250000000000000000, 0.000000000000000000, -3.252606517456513302E-16 ) ) ;
#5151 = CARTESIAN_POINT ( 'NONE',  ( 2.000000000000000000, 0.2000000000000000111, 0.6300000000000000044 ) ) ;
#5152 = EDGE_CURVE ( 'NONE', #1268, #5769, #1928, .T. ) ;
#5153 = ORIENTED_EDGE ( 'NONE', *, *, #2183, .F. ) ;
#5154 = CARTESIAN_POINT ( 'NONE',  ( 1.719999999999999973, 0.2000000000000000111, 0.6300000000000000044 ) ) ;
#5155 = DIRECTION ( 'NONE',  ( -1.000000000000000000, 0.000000000000000000, -7.744301232039309779E-16 ) ) ;
#5156 = LINE ( 'NONE', #799, #9612 ) ;
#5157 = DIRECTION ( 'NONE',  ( 1.000000000000000000, 0.000000000000000000, 0.000000000000000000 ) ) ;
#5158 = CYLINDRICAL_SURFACE ( 'NONE', #6795, 0.1200000000000000927 ) ;
#5159 = DIRECTION ( 'NONE',  ( 0.000000000000000000, 0.000000000000000000, 1.000000000000000000 ) ) ;
#5160 = CYLINDRICAL_SURFACE ( 'NONE', #6650, 0.1200000000000000927 ) ;
#5161 = CARTESIAN_POINT ( 'NONE',  ( -2.000000000000000000, 0.000000000000000000, 0.3699999999999999956 ) ) ;
#5162 = ORIENTED_EDGE ( 'NONE', *, *, #1485, .F. ) ;
#5163 = CARTESIAN_POINT ( 'NONE',  ( 1.129999999999999893, 0.000000000000000000, 2.000000000000000000 ) ) ;
#5164 = ORIENTED_EDGE ( 'NONE', *, *, #2491, .F. ) ;
#5165 = LINE ( 'NONE', #7499, #9601 ) ;
#5166 = EDGE_CURVE ( 'NONE', #2895, #9143, #4476, .T. ) ;
#5167 = DIRECTION ( 'NONE',  ( -0.000000000000000000, 1.000000000000000000, -0.000000000000000000 ) ) ;
#5168 = EDGE_CURVE ( 'NONE', #7031, #4939, #8583, .T. ) ;
#5169 = CARTESIAN_POINT ( 'NONE',  ( 1.250000000000000000, 0.2000000000000000111, 1.600000000000000089 ) ) ;
#5170 = CARTESIAN_POINT ( 'NONE',  ( 1.369999999999999885, 0.05000000000000000278, 0.000000000000000000 ) ) ;
#5171 = VECTOR ( 'NONE', #624, 1000.000000000000000 ) ;
#5172 = ORIENTED_EDGE ( 'NONE', *, *, #7191, .T. ) ;
#5173 = ORIENTED_EDGE ( 'NONE', *, *, #5068, .T. ) ;
#5174 = ORIENTED_EDGE ( 'NONE', *, *, #762, .F. ) ;
#5175 = DIRECTION ( 'NONE',  ( 1.000000000000000000, 0.000000000000000000, -1.084202172485503818E-16 ) ) ;
#5176 = ORIENTED_EDGE ( 'NONE', *, *, #4335, .F. ) ;
#5177 = DIRECTION ( 'NONE',  ( 0.000000000000000000, 0.000000000000000000, -1.000000000000000000 ) ) ;
#5178 = EDGE_CURVE ( 'NONE', #7946, #3220, #2584, .T. ) ;
#5179 = FACE_OUTER_BOUND ( 'NONE', #783, .T. ) ;
#5180 = DIRECTION ( 'NONE',  ( 0.000000000000000000, -1.000000000000000000, 0.000000000000000000 ) ) ;
#5181 = MANIFOLD_SOLID_BREP ( 'NONE', #3546 ) ;
#5182 = AXIS2_PLACEMENT_3D ( 'NONE', #8340, #6860, #6673 ) ;
#5183 = AXIS2_PLACEMENT_3D ( 'NONE', #5355, #8380, #1650 ) ;
#5184 = LINE ( 'NONE', #3726, #7299 ) ;
#5185 = EDGE_LOOP ( 'NONE', ( #9635, #1488, #7668, #326 ) ) ;
#5186 = LINE ( 'NONE', #8214, #3505 ) ;
#5187 = ORIENTED_EDGE ( 'NONE', *, *, #4510, .T. ) ;
#5188 = DIRECTION ( 'NONE',  ( -0.000000000000000000, 1.000000000000000000, -0.000000000000000000 ) ) ;
#5189 = SURFACE_SIDE_STYLE ('',( #6123 ) ) ;
#5190 = ORIENTED_EDGE ( 'NONE', *, *, #330, .F. ) ;
#5191 = AXIS2_PLACEMENT_3D ( 'NONE', #8144, #3153, #672 ) ;
#5192 =( NAMED_UNIT ( * ) SI_UNIT ( $, .STERADIAN. ) SOLID_ANGLE_UNIT ( ) );
#5193 = FACE_OUTER_BOUND ( 'NONE', #8910, .T. ) ;
#5194 = DIRECTION ( 'NONE',  ( 0.000000000000000000, 0.000000000000000000, 1.000000000000000000 ) ) ;
#5195 = DIRECTION ( 'NONE',  ( -1.000000000000000000, 0.000000000000000000, 0.000000000000000000 ) ) ;
#5196 = AXIS2_PLACEMENT_3D ( 'NONE', #8517, #1784, #1639 ) ;
#5197 = CIRCLE ( 'NONE', #7727, 0.1200000000000000927 ) ;
#5198 = AXIS2_PLACEMENT_3D ( 'NONE', #8407, #9061, #7707 ) ;
#5199 = ORIENTED_EDGE ( 'NONE', *, *, #5222, .F. ) ;
#5200 = CARTESIAN_POINT ( 'NONE',  ( 0.2500000000000000000, 0.2000000000000000111, 1.719999999999999973 ) ) ;
#5201 = CARTESIAN_POINT ( 'NONE',  ( -1.250000000000000000, 0.05000000000000000278, 1.719999999999999973 ) ) ;
#5202 = SURFACE_SIDE_STYLE ('',( #2231 ) ) ;
#5203 = LINE ( 'NONE', #5861, #5583 ) ;
#5204 = DIRECTION ( 'NONE',  ( 0.000000000000000000, -1.000000000000000000, 0.000000000000000000 ) ) ;
#5205 = VECTOR ( 'NONE', #2098, 1000.000000000000000 ) ;
#5206 = CARTESIAN_POINT ( 'NONE',  ( -1.719999999999999973, 0.6664761515876239661, 0.6300000000000000044 ) ) ;
#5207 = AXIS2_PLACEMENT_3D ( 'NONE', #9419, #430, #6311 ) ;
#5208 = CYLINDRICAL_SURFACE ( 'NONE', #1164, 0.1000000000000000472 ) ;
#5209 = AXIS2_PLACEMENT_3D ( 'NONE', #771, #8193, #2303 ) ;
#5210 = LINE ( 'NONE', #5767, #873 ) ;
#5211 = ORIENTED_EDGE ( 'NONE', *, *, #7715, .F. ) ;
#5212 = VECTOR ( 'NONE', #8235, 1000.000000000000000 ) ;
#5213 = CARTESIAN_POINT ( 'NONE',  ( 1.719999999999999973, 0.6664761515876239661, -1.250000000000000000 ) ) ;
#5214 = ORIENTED_EDGE ( 'NONE', *, *, #6624, .T. ) ;
#5215 = CARTESIAN_POINT ( 'NONE',  ( -2.000000000000000000, 0.2000000000000000111, -1.369999999999999885 ) ) ;
#5216 = DIRECTION ( 'NONE',  ( 0.000000000000000000, -1.000000000000000000, 0.000000000000000000 ) ) ;
#5217 = CYLINDRICAL_SURFACE ( 'NONE', #999, 0.2000000000000000944 ) ;
#5218 = VECTOR ( 'NONE', #5223, 1000.000000000000000 ) ;
#5219 = DIRECTION ( 'NONE',  ( 0.000000000000000000, 0.000000000000000000, -1.000000000000000000 ) ) ;
#5220 = VECTOR ( 'NONE', #6076, 1000.000000000000000 ) ;
#5221 = AXIS2_PLACEMENT_3D ( 'NONE', #1771, #8505, #3965 ) ;
#5222 = EDGE_CURVE ( 'NONE', #2039, #2449, #8410, .T. ) ;
#5223 = DIRECTION ( 'NONE',  ( 1.000000000000000000, 0.000000000000000000, 0.000000000000000000 ) ) ;
#5224 = EDGE_CURVE ( 'NONE', #5815, #1563, #6347, .T. ) ;
#5225 = VERTEX_POINT ( 'NONE', #417 ) ;
#5226 =( GEOMETRIC_REPRESENTATION_CONTEXT ( 3 ) GLOBAL_UNCERTAINTY_ASSIGNED_CONTEXT ( ( #2278 ) ) GLOBAL_UNIT_ASSIGNED_CONTEXT ( ( #6503, #4113, #6280 ) ) REPRESENTATION_CONTEXT ( 'NONE', 'WORKASPACE' ) );
#5227 = VERTEX_POINT ( 'NONE', #714 ) ;
#5228 = VERTEX_POINT ( 'NONE', #9507 ) ;
#5229 = EDGE_CURVE ( 'NONE', #890, #3049, #2922, .T. ) ;
#5230 = DIRECTION ( 'NONE',  ( 0.000000000000000000, -1.000000000000000000, 0.000000000000000000 ) ) ;
#5231 = ORIENTED_EDGE ( 'NONE', *, *, #638, .T. ) ;
#5232 = VECTOR ( 'NONE', #5430, 1000.000000000000000 ) ;
#5233 = DIRECTION ( 'NONE',  ( -0.000000000000000000, 1.000000000000000000, 0.000000000000000000 ) ) ;
#5234 = LINE ( 'NONE', #1568, #3644 ) ;
#5235 = FACE_OUTER_BOUND ( 'NONE', #2988, .T. ) ;
#5236 = MECHANICAL_DESIGN_GEOMETRIC_PRESENTATION_REPRESENTATION (  '', ( #9497 ), #3371 ) ;
#5237 = STYLED_ITEM ( 'NONE', ( #6479 ), #5491 ) ;
#5238 = AXIS2_PLACEMENT_3D ( 'NONE', #6981, #9252, #849 ) ;
#5239 = CARTESIAN_POINT ( 'NONE',  ( -2.000000000000000000, 0.6664761515876239661, -0.8699999999999999956 ) ) ;
#5240 = EDGE_CURVE ( 'NONE', #9479, #9594, #2229, .T. ) ;
#5241 = ORIENTED_EDGE ( 'NONE', *, *, #5131, .F. ) ;
#5242 = CYLINDRICAL_SURFACE ( 'NONE', #2268, 0.2000000000000000944 ) ;
#5243 = ORIENTED_EDGE ( 'NONE', *, *, #4277, .F. ) ;
#5244 = CARTESIAN_POINT ( 'NONE',  ( -1.719999999999999973, 0.2000000000000000111, -0.7500000000000000000 ) ) ;
#5245 = EDGE_CURVE ( 'NONE', #3655, #2494, #5905, .T. ) ;
#5246 = EDGE_CURVE ( 'NONE', #3220, #7362, #8086, .T. ) ;
#5247 = SURFACE_STYLE_FILL_AREA ( #7661 ) ;
#5248 = VERTEX_POINT ( 'NONE', #7293 ) ;
#5249 =( LENGTH_UNIT ( ) NAMED_UNIT ( * ) SI_UNIT ( .MILLI., .METRE. ) );
#5250 = CARTESIAN_POINT ( 'NONE',  ( -1.719999999999999973, 0.2000000000000000111, -1.129999999999999893 ) ) ;
#5251 = CARTESIAN_POINT ( 'NONE',  ( -1.719999999999999973, 0.6664761515876239661, 1.369999999999999885 ) ) ;
#5252 = CIRCLE ( 'NONE', #3534, 0.1200000000000000927 ) ;
#5253 = PLANE ( 'NONE',  #4288 ) ;
#5254 = EDGE_CURVE ( 'NONE', #6519, #8152, #90, .T. ) ;
#5255 = VECTOR ( 'NONE', #19, 1000.000000000000000 ) ;
#5256 = EDGE_LOOP ( 'NONE', ( #3971, #6504, #194, #8934, #5078, #4105 ) ) ;
#5257 = CARTESIAN_POINT ( 'NONE',  ( -0.8699999999999999956, 0.2000000000000000111, -2.000000000000000000 ) ) ;
#5258 = VECTOR ( 'NONE', #6938, 1000.000000000000000 ) ;
#5259 = DIRECTION ( 'NONE',  ( 0.000000000000000000, -1.000000000000000000, 0.000000000000000000 ) ) ;
#5260 = FILL_AREA_STYLE_COLOUR ( '', #6620 ) ;
#5261 = LINE ( 'NONE', #660, #2932 ) ;
#5262 = CARTESIAN_POINT ( 'NONE',  ( -0.7500000000000000000, 0.2000000000000000111, -1.719999999999999973 ) ) ;
#5263 = CIRCLE ( 'NONE', #6361, 0.1200000000000000927 ) ;
#5264 = ADVANCED_FACE ( 'NONE', ( #6641 ), #8967, .T. ) ;
#5265 = DIRECTION ( 'NONE',  ( -0.000000000000000000, 1.000000000000000000, -0.000000000000000000 ) ) ;
#5266 = PLANE ( 'NONE',  #8103 ) ;
#5267 = EDGE_LOOP ( 'NONE', ( #7649, #8958, #1762, #7591 ) ) ;
#5268 = DIRECTION ( 'NONE',  ( -1.000000000000000000, 0.000000000000000000, 0.000000000000000000 ) ) ;
#5269 = ORIENTED_EDGE ( 'NONE', *, *, #4317, .F. ) ;
#5270 = DIRECTION ( 'NONE',  ( 0.000000000000000000, 0.000000000000000000, -1.000000000000000000 ) ) ;
#5271 = DIRECTION ( 'NONE',  ( 0.000000000000000000, -1.000000000000000000, 0.000000000000000000 ) ) ;
#5272 = DIRECTION ( 'NONE',  ( 0.000000000000000000, 0.000000000000000000, -1.000000000000000000 ) ) ;
#5273 = SURFACE_STYLE_USAGE ( .BOTH. , #3033 ) ;
#5274 = ORIENTED_EDGE ( 'NONE', *, *, #5421, .T. ) ;
#5275 = ORIENTED_EDGE ( 'NONE', *, *, #6316, .F. ) ;
#5276 = VERTEX_POINT ( 'NONE', #4331 ) ;
#5277 = DIRECTION ( 'NONE',  ( 0.000000000000000000, -1.000000000000000000, 0.000000000000000000 ) ) ;
#5278 = VERTEX_POINT ( 'NONE', #3590 ) ;
#5279 = DIRECTION ( 'NONE',  ( -1.000000000000000000, 0.000000000000000000, 0.000000000000000000 ) ) ;
#5280 = DIRECTION ( 'NONE',  ( 0.000000000000000000, 0.000000000000000000, -1.000000000000000000 ) ) ;
#5281 = CARTESIAN_POINT ( 'NONE',  ( 1.719999999999999973, 0.05000000000000000278, -1.369999999999999885 ) ) ;
#5282 = VERTEX_POINT ( 'NONE', #5805 ) ;
#5283 = CARTESIAN_POINT ( 'NONE',  ( -2.000000000000000000, 0.2000000000000000111, -1.129999999999999893 ) ) ;
#5284 = ORIENTED_EDGE ( 'NONE', *, *, #2367, .F. ) ;
#5285 = DIRECTION ( 'NONE',  ( 0.000000000000000000, -1.000000000000000000, 0.000000000000000000 ) ) ;
#5286 = ORIENTED_EDGE ( 'NONE', *, *, #2057, .T. ) ;
#5287 = LINE ( 'NONE', #5984, #6663 ) ;
#5288 = ORIENTED_EDGE ( 'NONE', *, *, #4639, .F. ) ;
#5289 = LINE ( 'NONE', #3101, #7729 ) ;
#5290 = CARTESIAN_POINT ( 'NONE',  ( -2.000000000000000000, 0.000000000000000000, -1.369999999999999885 ) ) ;
#5291 = DIRECTION ( 'NONE',  ( -7.744301232039309779E-16, 0.000000000000000000, -1.000000000000000000 ) ) ;
#5292 = CARTESIAN_POINT ( 'NONE',  ( -2.000000000000000000, 0.6664761515876239661, 0.8699999999999999956 ) ) ;
#5293 = EDGE_CURVE ( 'NONE', #106, #5389, #2780, .T. ) ;
#5294 = EDGE_CURVE ( 'NONE', #3137, #7008, #9504, .T. ) ;
#5295 = EDGE_LOOP ( 'NONE', ( #1608, #149, #282, #6176 ) ) ;
#5296 = VERTEX_POINT ( 'NONE', #5058 ) ;
#5297 = DIRECTION ( 'NONE',  ( 0.000000000000000000, 1.000000000000000000, 0.000000000000000000 ) ) ;
#5298 = ORIENTED_EDGE ( 'NONE', *, *, #831, .F. ) ;
#5299 = DIRECTION ( 'NONE',  ( -1.000000000000000000, 0.000000000000000000, 7.744301232039309779E-16 ) ) ;
#5300 = DIRECTION ( 'NONE',  ( 1.000000000000000000, 0.000000000000000000, 0.000000000000000000 ) ) ;
#5301 = CYLINDRICAL_SURFACE ( 'NONE', #9634, 0.1199999999999999956 ) ;
#5302 = ADVANCED_FACE ( 'NONE', ( #1249 ), #5856, .F. ) ;
#5303 = CARTESIAN_POINT ( 'NONE',  ( 1.719999999999999973, 0.6664761515876239661, 1.250000000000000000 ) ) ;
#5304 = ORIENTED_EDGE ( 'NONE', *, *, #9568, .F. ) ;
#5305 = CARTESIAN_POINT ( 'NONE',  ( -1.129999999999999893, 0.6664761515876239661, 1.719999999999999973 ) ) ;
#5306 = ORIENTED_EDGE ( 'NONE', *, *, #4078, .T. ) ;
#5307 = DIRECTION ( 'NONE',  ( 1.000000000000000000, 0.000000000000000000, 0.000000000000000000 ) ) ;
#5308 = ADVANCED_FACE ( 'NONE', ( #8871 ), #563, .F. ) ;
#5309 = CARTESIAN_POINT ( 'NONE',  ( 1.250000000000000000, 0.000000000000000000, 0.6000000000000000888 ) ) ;
#5310 = CARTESIAN_POINT ( 'NONE',  ( 0.3699999999999999956, 0.2000000000000000111, -2.000000000000000000 ) ) ;
#5311 = PRESENTATION_LAYER_ASSIGNMENT (  '', '', ( #9261 ) ) ;
#5312 = ORIENTED_EDGE ( 'NONE', *, *, #7141, .F. ) ;
#5313 = VERTEX_POINT ( 'NONE', #1397 ) ;
#5314 = ORIENTED_EDGE ( 'NONE', *, *, #4207, .F. ) ;
#5315 = CARTESIAN_POINT ( 'NONE',  ( 0.1299999999999999767, 0.000000000000000000, -2.000000000000000000 ) ) ;
#5316 = ORIENTED_EDGE ( 'NONE', *, *, #1851, .F. ) ;
#5317 = CARTESIAN_POINT ( 'NONE',  ( -1.129999999999999893, 0.2000000000000000111, -2.000000000000000000 ) ) ;
#5318 = ADVANCED_FACE ( 'NONE', ( #1354 ), #7342, .T. ) ;
#5319 = DIRECTION ( 'NONE',  ( -1.000000000000000000, 0.000000000000000000, 0.000000000000000000 ) ) ;
#5320 = EDGE_CURVE ( 'NONE', #6562, #3435, #1201, .T. ) ;
#5321 = DIRECTION ( 'NONE',  ( 0.000000000000000000, 1.000000000000000000, 0.000000000000000000 ) ) ;
#5322 = AXIS2_PLACEMENT_3D ( 'NONE', #7027, #6277, #3103 ) ;
#5323 = FILL_AREA_STYLE ('',( #3046 ) ) ;
#5324 = EDGE_LOOP ( 'NONE', ( #1609, #1834, #2510, #8335 ) ) ;
#5325 = CIRCLE ( 'NONE', #7551, 0.1200000000000000927 ) ;
#5326 = FACE_OUTER_BOUND ( 'NONE', #377, .T. ) ;
#5327 = VERTEX_POINT ( 'NONE', #4374 ) ;
#5328 = EDGE_LOOP ( 'NONE', ( #1990, #2226, #1099, #8005 ) ) ;
#5329 = ORIENTED_EDGE ( 'NONE', *, *, #4642, .T. ) ;
#5330 = DIRECTION ( 'NONE',  ( -1.000000000000000000, 0.000000000000000000, -7.744301232039309779E-16 ) ) ;
#5331 = LINE ( 'NONE', #6375, #7886 ) ;
#5332 = CARTESIAN_POINT ( 'NONE',  ( -0.2500000000000000000, 0.05000000000000000278, 1.719999999999999973 ) ) ;
#5333 = FACE_OUTER_BOUND ( 'NONE', #1312, .T. ) ;
#5334 = VECTOR ( 'NONE', #6414, 1000.000000000000000 ) ;
#5335 = AXIS2_PLACEMENT_3D ( 'NONE', #5244, #4088, #4043 ) ;
#5336 = MANIFOLD_SOLID_BREP ( 'NONE', #5735 ) ;
#5337 = VERTEX_POINT ( 'NONE', #8317 ) ;
#5338 = ADVANCED_FACE ( 'NONE', ( #1635 ), #6543, .T. ) ;
#5339 = VECTOR ( 'NONE', #4759, 1000.000000000000114 ) ;
#5340 = EDGE_CURVE ( 'NONE', #7519, #4311, #6738, .T. ) ;
#5341 = CARTESIAN_POINT ( 'NONE',  ( 2.000000000000000000, 1.000000000000000000, -2.000000000000000000 ) ) ;
#5342 =( NAMED_UNIT ( * ) PLANE_ANGLE_UNIT ( ) SI_UNIT ( $, .RADIAN. ) );
#5343 = ORIENTED_EDGE ( 'NONE', *, *, #4384, .F. ) ;
#5344 = CIRCLE ( 'NONE', #4406, 0.1199999999999999956 ) ;
#5345 = DIRECTION ( 'NONE',  ( 0.000000000000000000, 0.000000000000000000, -1.000000000000000000 ) ) ;
#5346 = DIRECTION ( 'NONE',  ( 0.000000000000000000, 0.000000000000000000, 1.000000000000000000 ) ) ;
#5347 = DIRECTION ( 'NONE',  ( 1.000000000000000000, 0.000000000000000000, 0.000000000000000000 ) ) ;
#5348 = VECTOR ( 'NONE', #400, 1000.000000000000000 ) ;
#5349 = COLOUR_RGB ( '',0.7921568627450980005, 0.8196078431372548767, 0.9333333333333333481 ) ;
#5350 = DIRECTION ( 'NONE',  ( 0.000000000000000000, 1.000000000000000000, 0.000000000000000000 ) ) ;
#5351 = EDGE_CURVE ( 'NONE', #7836, #1941, #8417, .T. ) ;
#5352 = LINE ( 'NONE', #9028, #727 ) ;
#5353 = ORIENTED_EDGE ( 'NONE', *, *, #156, .T. ) ;
#5354 = AXIS2_PLACEMENT_3D ( 'NONE', #1371, #2152, #2044 ) ;
#5355 = CARTESIAN_POINT ( 'NONE',  ( 1.250000000000000000, 0.000000000000000000, -1.490777987167568597E-16 ) ) ;
#5356 = VERTEX_POINT ( 'NONE', #3783 ) ;
#5357 = ADVANCED_FACE ( 'NONE', ( #6840 ), #4613, .F. ) ;
#5358 = EDGE_CURVE ( 'NONE', #6925, #4194, #3704, .T. ) ;
#5359 = AXIS2_PLACEMENT_3D ( 'NONE', #5846, #9641, #7427 ) ;
#5360 = DIRECTION ( 'NONE',  ( 0.000000000000000000, 0.000000000000000000, -1.000000000000000000 ) ) ;
#5361 = CARTESIAN_POINT ( 'NONE',  ( 2.000000000000000000, 0.05000000000000000278, -2.000000000000000000 ) ) ;
#5362 = VECTOR ( 'NONE', #9371, 1000.000000000000000 ) ;
#5363 = CIRCLE ( 'NONE', #7584, 0.1200000000000000927 ) ;
#5364 = DIRECTION ( 'NONE',  ( 3.614007241618345221E-15, 0.000000000000000000, 1.000000000000000000 ) ) ;
#5365 = EDGE_CURVE ( 'NONE', #3954, #5056, #71, .T. ) ;
#5366 = ORIENTED_EDGE ( 'NONE', *, *, #9702, .T. ) ;
#5367 = VERTEX_POINT ( 'NONE', #6924 ) ;
#5368 = ORIENTED_EDGE ( 'NONE', *, *, #7700, .F. ) ;
#5369 = CARTESIAN_POINT ( 'NONE',  ( -1.719999999999999973, 0.6664761515876239661, -0.6300000000000000044 ) ) ;
#5370 = VERTEX_POINT ( 'NONE', #120 ) ;
#5371 = COLOUR_RGB ( '',0.7921568627450980005, 0.8196078431372548767, 0.9333333333333333481 ) ;
#5372 = VECTOR ( 'NONE', #4362, 1000.000000000000000 ) ;
#5373 = DIRECTION ( 'NONE',  ( 0.000000000000000000, -1.000000000000000000, 0.000000000000000000 ) ) ;
#5374 = CARTESIAN_POINT ( 'NONE',  ( -2.000000000000000000, 0.6664761515876239661, 0.3699999999999999956 ) ) ;
#5375 = LINE ( 'NONE', #6070, #9489 ) ;
#5376 = AXIS2_PLACEMENT_3D ( 'NONE', #267, #1732, #5563 ) ;
#5377 = MANIFOLD_SOLID_BREP ( 'NONE', #1977 ) ;
#5378 = VECTOR ( 'NONE', #5804, 1000.000000000000000 ) ;
#5379 = DIRECTION ( 'NONE',  ( 0.000000000000000000, -1.000000000000000000, 0.000000000000000000 ) ) ;
#5380 = VECTOR ( 'NONE', #5979, 1000.000000000000000 ) ;
#5381 = EDGE_CURVE ( 'NONE', #4042, #6552, #4561, .T. ) ;
#5382 = EDGE_CURVE ( 'NONE', #9594, #5818, #6136, .T. ) ;
#5383 = VECTOR ( 'NONE', #8117, 1000.000000000000114 ) ;
#5384 = ORIENTED_EDGE ( 'NONE', *, *, #4229, .T. ) ;
#5385 = LINE ( 'NONE', #6224, #8079 ) ;
#5386 = ORIENTED_EDGE ( 'NONE', *, *, #2848, .T. ) ;
#5387 = ORIENTED_EDGE ( 'NONE', *, *, #9566, .T. ) ;
#5388 = DIRECTION ( 'NONE',  ( 0.000000000000000000, -1.000000000000000000, 0.000000000000000000 ) ) ;
#5389 = VERTEX_POINT ( 'NONE', #798 ) ;
#5390 = DIRECTION ( 'NONE',  ( 0.000000000000000000, -1.000000000000000000, 0.000000000000000000 ) ) ;
#5391 = CYLINDRICAL_SURFACE ( 'NONE', #819, 0.1200000000000000927 ) ;
#5392 = DIRECTION ( 'NONE',  ( 0.000000000000000000, 0.000000000000000000, 1.000000000000000000 ) ) ;
#5393 = PLANE ( 'NONE',  #2430 ) ;
#5394 = STYLED_ITEM ( 'NONE', ( #6410 ), #8845 ) ;
#5395 = ORIENTED_EDGE ( 'NONE', *, *, #6515, .T. ) ;
#5396 = ORIENTED_EDGE ( 'NONE', *, *, #6126, .F. ) ;
#5397 = CARTESIAN_POINT ( 'NONE',  ( 2.000000000000000000, 0.2000000000000000111, -1.369999999999999885 ) ) ;
#5398 =( NAMED_UNIT ( * ) PLANE_ANGLE_UNIT ( ) SI_UNIT ( $, .RADIAN. ) );
#5399 = ORIENTED_EDGE ( 'NONE', *, *, #5789, .F. ) ;
#5400 = CARTESIAN_POINT ( 'NONE',  ( -1.350000000000000089, 0.000000000000000000, 1.250000000000000000 ) ) ;
#5401 = CARTESIAN_POINT ( 'NONE',  ( 1.250000000000000000, 0.2000000000000000111, -1.719999999999999973 ) ) ;
#5402 = CARTESIAN_POINT ( 'NONE',  ( -1.719999999999999973, 0.6664761515876239661, -1.129999999999999893 ) ) ;
#5403 = LINE ( 'NONE', #3981, #3043 ) ;
#5404 = EDGE_CURVE ( 'NONE', #8161, #1712, #3202, .T. ) ;
#5405 = VECTOR ( 'NONE', #1058, 1000.000000000000000 ) ;
#5406 = ADVANCED_FACE ( 'NONE', ( #7578 ), #758, .F. ) ;
#5407 = CLOSED_SHELL ( 'NONE', ( #9511, #2667, #5688, #3496, #2749, #3695, #9022 ) ) ;
#5408 = CARTESIAN_POINT ( 'NONE',  ( -1.250000000000000000, 0.2000000000000000111, -1.719999999999999973 ) ) ;
#5409 = LINE ( 'NONE', #8285, #5891 ) ;
#5410 = ORIENTED_EDGE ( 'NONE', *, *, #2434, .F. ) ;
#5411 = CARTESIAN_POINT ( 'NONE',  ( -0.1299999999999999767, 0.6664761515876239661, 2.000000000000000000 ) ) ;
#5412 = MANIFOLD_SOLID_BREP ( 'NONE', #7942 ) ;
#5413 = LINE ( 'NONE', #7735, #8894 ) ;
#5414 = VECTOR ( 'NONE', #356, 1000.000000000000000 ) ;
#5415 = DIRECTION ( 'NONE',  ( 0.000000000000000000, 0.000000000000000000, -1.000000000000000000 ) ) ;
#5416 = VECTOR ( 'NONE', #6698, 1000.000000000000000 ) ;
#5417 = DIRECTION ( 'NONE',  ( 0.000000000000000000, -1.000000000000000000, 0.000000000000000000 ) ) ;
#5418 = EDGE_CURVE ( 'NONE', #8326, #3435, #2623, .T. ) ;
#5419 = ADVANCED_FACE ( 'NONE', ( #6238 ), #9357, .F. ) ;
#5420 = EDGE_CURVE ( 'NONE', #9496, #1082, #9253, .T. ) ;
#5421 = EDGE_CURVE ( 'NONE', #8729, #7576, #408, .T. ) ;
#5422 = CARTESIAN_POINT ( 'NONE',  ( 0.1299999999999999767, 0.2000000000000000111, 2.000000000000000000 ) ) ;
#5423 = EDGE_LOOP ( 'NONE', ( #9370, #1901, #5190, #4323, #7253, #913 ) ) ;
#5424 = ORIENTED_EDGE ( 'NONE', *, *, #7142, .T. ) ;
#5425 = VERTEX_POINT ( 'NONE', #2520 ) ;
#5426 = DIRECTION ( 'NONE',  ( 0.000000000000000000, -1.000000000000000000, 0.000000000000000000 ) ) ;
#5427 = EDGE_LOOP ( 'NONE', ( #8450, #427, #3721, #7185 ) ) ;
#5428 = CARTESIAN_POINT ( 'NONE',  ( 2.000000000000000000, 0.000000000000000000, -0.3699999999999999956 ) ) ;
#5429 = CARTESIAN_POINT ( 'NONE',  ( 2.000000000000000000, 0.000000000000000000, -0.1299999999999999767 ) ) ;
#5430 = DIRECTION ( 'NONE',  ( -1.000000000000000000, 0.000000000000000000, 0.000000000000000000 ) ) ;
#5431 = EDGE_CURVE ( 'NONE', #6912, #7075, #5557, .T. ) ;
#5432 = MANIFOLD_SOLID_BREP ( 'NONE', #1199 ) ;
#5433 = VECTOR ( 'NONE', #172, 1000.000000000000000 ) ;
#5434 = EDGE_CURVE ( 'NONE', #6922, #6225, #8464, .T. ) ;
#5435 = CARTESIAN_POINT ( 'NONE',  ( -1.719999999999999973, 0.6664761515876239661, 0.1299999999999999767 ) ) ;
#5436 = EDGE_LOOP ( 'NONE', ( #1051, #5005, #1632, #535 ) ) ;
#5437 = ORIENTED_EDGE ( 'NONE', *, *, #8612, .T. ) ;
#5438 = VERTEX_POINT ( 'NONE', #5495 ) ;
#5439 = DIRECTION ( 'NONE',  ( 0.000000000000000000, 0.000000000000000000, -1.000000000000000000 ) ) ;
#5440 = ORIENTED_EDGE ( 'NONE', *, *, #1756, .F. ) ;
#5441 = FILL_AREA_STYLE_COLOUR ( '', #1458 ) ;
#5442 = DIRECTION ( 'NONE',  ( -7.744301232039309779E-16, 0.000000000000000000, -1.000000000000000000 ) ) ;
#5443 = DIRECTION ( 'NONE',  ( 1.000000000000000000, 0.000000000000000000, -1.084202172485503818E-16 ) ) ;
#5444 = CARTESIAN_POINT ( 'NONE',  ( 2.000000000000000000, 0.2000000000000000111, -1.369999999999999885 ) ) ;
#5445 = ADVANCED_FACE ( 'NONE', ( #4119 ), #4023, .F. ) ;
#5446 = CARTESIAN_POINT ( 'NONE',  ( 0.2500000000000000000, 0.2000000000000000111, -1.719999999999999973 ) ) ;
#5447 = EDGE_LOOP ( 'NONE', ( #3189, #5710, #460, #248 ) ) ;
#5448 = ORIENTED_EDGE ( 'NONE', *, *, #9583, .T. ) ;
#5449 = PLANE ( 'NONE',  #3065 ) ;
#5450 = ORIENTED_EDGE ( 'NONE', *, *, #1773, .F. ) ;
#5451 = CARTESIAN_POINT ( 'NONE',  ( -2.000000000000000000, 0.6664761515876239661, 0.6300000000000000044 ) ) ;
#5452 = CARTESIAN_POINT ( 'NONE',  ( -1.250000000000000000, 0.2000000000000000111, 1.719999999999999973 ) ) ;
#5453 = DIRECTION ( 'NONE',  ( -7.744301232039309779E-16, 0.000000000000000000, -1.000000000000000000 ) ) ;
#5454 = DIRECTION ( 'NONE',  ( 0.000000000000000000, 1.000000000000000000, 0.000000000000000000 ) ) ;
#5455 = DIRECTION ( 'NONE',  ( 0.000000000000000000, -1.000000000000000000, 0.000000000000000000 ) ) ;
#5456 =( NAMED_UNIT ( * ) PLANE_ANGLE_UNIT ( ) SI_UNIT ( $, .RADIAN. ) );
#5457 = ORIENTED_EDGE ( 'NONE', *, *, #5852, .T. ) ;
#5458 = DIRECTION ( 'NONE',  ( 1.000000000000000000, 0.000000000000000000, 0.000000000000000000 ) ) ;
#5459 = MANIFOLD_SOLID_BREP ( 'NONE', #7174 ) ;
#5460 = CARTESIAN_POINT ( 'NONE',  ( -0.6300000000000000044, 0.2000000000000000111, 1.719999999999999973 ) ) ;
#5461 = DIRECTION ( 'NONE',  ( 1.000000000000000000, 0.000000000000000000, 0.000000000000000000 ) ) ;
#5462 = FACE_OUTER_BOUND ( 'NONE', #7545, .T. ) ;
#5463 = DIRECTION ( 'NONE',  ( 0.000000000000000000, 0.000000000000000000, 1.000000000000000000 ) ) ;
#5464 = ORIENTED_EDGE ( 'NONE', *, *, #8467, .T. ) ;
#5465 = EDGE_CURVE ( 'NONE', #8451, #4042, #3484, .T. ) ;
#5466 = EDGE_LOOP ( 'NONE', ( #9198, #4120, #4183, #4646 ) ) ;
#5467 = EDGE_CURVE ( 'NONE', #7559, #9070, #8072, .T. ) ;
#5468 = DIRECTION ( 'NONE',  ( 3.614007241618345221E-15, 0.000000000000000000, 1.000000000000000000 ) ) ;
#5469 = ORIENTED_EDGE ( 'NONE', *, *, #2760, .T. ) ;
#5470 = DIRECTION ( 'NONE',  ( 0.000000000000000000, -1.000000000000000000, 0.000000000000000000 ) ) ;
#5471 = VERTEX_POINT ( 'NONE', #4322 ) ;
#5472 = CARTESIAN_POINT ( 'NONE',  ( 0.1299999999999999767, 0.6664761515876239661, -2.000000000000000000 ) ) ;
#5473 = CYLINDRICAL_SURFACE ( 'NONE', #4732, 0.1200000000000000927 ) ;
#5474 = EDGE_CURVE ( 'NONE', #644, #3106, #2713, .T. ) ;
#5475 = CARTESIAN_POINT ( 'NONE',  ( 1.129999999999999893, 0.2000000000000000111, -2.000000000000000000 ) ) ;
#5476 = CIRCLE ( 'NONE', #3907, 0.1199999999999999956 ) ;
#5477 = ORIENTED_EDGE ( 'NONE', *, *, #4539, .F. ) ;
#5478 = DIRECTION ( 'NONE',  ( 0.000000000000000000, 0.000000000000000000, -1.000000000000000000 ) ) ;
#5479 = ORIENTED_EDGE ( 'NONE', *, *, #9535, .T. ) ;
#5480 = ADVANCED_FACE ( 'NONE', ( #6579 ), #8857, .F. ) ;
#5481 = ORIENTED_EDGE ( 'NONE', *, *, #8136, .T. ) ;
#5482 = LINE ( 'NONE', #7815, #180 ) ;
#5483 = ORIENTED_EDGE ( 'NONE', *, *, #3902, .F. ) ;
#5484 = LINE ( 'NONE', #4742, #1772 ) ;
#5485 = DIRECTION ( 'NONE',  ( 0.000000000000000000, 1.000000000000000000, 0.000000000000000000 ) ) ;
#5486 = ADVANCED_FACE ( 'NONE', ( #2767 ), #7424, .T. ) ;
#5487 = FACE_OUTER_BOUND ( 'NONE', #2351, .T. ) ;
#5488 = CARTESIAN_POINT ( 'NONE',  ( -2.000000000000000000, 0.05000000000000000278, -0.8699999999999999956 ) ) ;
#5489 = VECTOR ( 'NONE', #6799, 1000.000000000000000 ) ;
#5490 = CARTESIAN_POINT ( 'NONE',  ( 1.719999999999999973, 0.000000000000000000, -1.129999999999999893 ) ) ;
#5491 = MANIFOLD_SOLID_BREP ( 'NONE', #7788 ) ;
#5492 = ORIENTED_EDGE ( 'NONE', *, *, #94, .F. ) ;
#5493 = ORIENTED_EDGE ( 'NONE', *, *, #3997, .T. ) ;
#5494 = DIRECTION ( 'NONE',  ( 0.000000000000000000, 0.000000000000000000, 1.000000000000000000 ) ) ;
#5495 = CARTESIAN_POINT ( 'NONE',  ( -2.000000000000000000, 0.2000000000000000111, 1.369999999999999885 ) ) ;
#5496 = EDGE_LOOP ( 'NONE', ( #1553, #588, #8007, #4399 ) ) ;
#5497 = AXIS2_PLACEMENT_3D ( 'NONE', #7011, #3319, #3173 ) ;
#5498 = CARTESIAN_POINT ( 'NONE',  ( 0.7500000000000000000, 0.2000000000000000111, 1.719999999999999973 ) ) ;
#5499 = PLANE ( 'NONE',  #1127 ) ;
#5500 = DIRECTION ( 'NONE',  ( -7.744301232039309779E-16, 0.000000000000000000, -1.000000000000000000 ) ) ;
#5501 = DIRECTION ( 'NONE',  ( 0.000000000000000000, 0.000000000000000000, 1.000000000000000000 ) ) ;
#5502 = VECTOR ( 'NONE', #5285, 1000.000000000000000 ) ;
#5503 = AXIS2_PLACEMENT_3D ( 'NONE', #9441, #412, #9400 ) ;
#5504 = CIRCLE ( 'NONE', #7400, 0.1200000000000000927 ) ;
#5505 = DIRECTION ( 'NONE',  ( 0.000000000000000000, 0.000000000000000000, -1.000000000000000000 ) ) ;
#5506 = EDGE_CURVE ( 'NONE', #9126, #3591, #8803, .T. ) ;
#5507 = EDGE_CURVE ( 'NONE', #5438, #7998, #5795, .T. ) ;
#5508 = ORIENTED_EDGE ( 'NONE', *, *, #5168, .F. ) ;
#5509 = DIRECTION ( 'NONE',  ( 0.000000000000000000, -1.000000000000000000, 0.000000000000000000 ) ) ;
#5510 = DIRECTION ( 'NONE',  ( 7.744301232039309779E-16, 0.000000000000000000, 1.000000000000000000 ) ) ;
#5511 = VECTOR ( 'NONE', #3351, 1000.000000000000000 ) ;
#5512 = CARTESIAN_POINT ( 'NONE',  ( -1.363835682752762013, -0.05729555854656199348, 1.682033734286709770 ) ) ;
#5513 = DIRECTION ( 'NONE',  ( -1.000000000000000000, 0.000000000000000000, 0.000000000000000000 ) ) ;
#5514 = MECHANICAL_DESIGN_GEOMETRIC_PRESENTATION_REPRESENTATION (  '', ( #7571 ), #7880 ) ;
#5515 = DIRECTION ( 'NONE',  ( 1.000000000000000000, 0.000000000000000000, 7.744301232039309779E-16 ) ) ;
#5516 = AXIS2_PLACEMENT_3D ( 'NONE', #7229, #5798, #555 ) ;
#5517 = ORIENTED_EDGE ( 'NONE', *, *, #9286, .F. ) ;
#5518 = VECTOR ( 'NONE', #1342, 1000.000000000000000 ) ;
#5519 = ORIENTED_EDGE ( 'NONE', *, *, #3575, .T. ) ;
#5520 = CARTESIAN_POINT ( 'NONE',  ( -0.1299999999999999767, 0.2000000000000000111, -2.000000000000000000 ) ) ;
#5521 = ORIENTED_EDGE ( 'NONE', *, *, #3221, .T. ) ;
#5522 = CARTESIAN_POINT ( 'NONE',  ( -1.719999999999999973, 0.2000000000000000111, 0.3699999999999999956 ) ) ;
#5523 = ORIENTED_EDGE ( 'NONE', *, *, #9673, .T. ) ;
#5524 = PLANE ( 'NONE',  #4581 ) ;
#5525 = CARTESIAN_POINT ( 'NONE',  ( -1.500000000000000000, 1.000000000000000000, -1.500000000000000000 ) ) ;
#5526 = CARTESIAN_POINT ( 'NONE',  ( 2.000000000000000000, 0.6664761515876239661, -1.129999999999999893 ) ) ;
#5527 = VECTOR ( 'NONE', #7270, 1000.000000000000000 ) ;
#5528 = MANIFOLD_SOLID_BREP ( 'Boss-Extrude2[1]', #7966 ) ;
#5529 = CIRCLE ( 'NONE', #1308, 0.1200000000000000927 ) ;
#5530 = EDGE_CURVE ( 'NONE', #6782, #5313, #5287, .T. ) ;
#5531 = EDGE_CURVE ( 'NONE', #1238, #8776, #2122, .T. ) ;
#5532 = CARTESIAN_POINT ( 'NONE',  ( 0.8699999999999999956, 0.2000000000000000111, 1.719999999999999973 ) ) ;
#5533 = EDGE_CURVE ( 'NONE', #3774, #8125, #869, .T. ) ;
#5534 = EDGE_LOOP ( 'NONE', ( #1852, #5831, #4052, #2123 ) ) ;
#5535 = CARTESIAN_POINT ( 'NONE',  ( 1.719999999999999973, 0.2000000000000000111, 1.369999999999999885 ) ) ;
#5536 = VECTOR ( 'NONE', #5961, 1000.000000000000000 ) ;
#5537 = ORIENTED_EDGE ( 'NONE', *, *, #4775, .T. ) ;
#5538 = EDGE_LOOP ( 'NONE', ( #755, #1298, #9368, #9093 ) ) ;
#5539 = CARTESIAN_POINT ( 'NONE',  ( 0.1299999999999999767, 0.000000000000000000, -2.000000000000000000 ) ) ;
#5540 = EDGE_LOOP ( 'NONE', ( #2997, #4791, #2204, #6466 ) ) ;
#5541 = VECTOR ( 'NONE', #5347, 1000.000000000000000 ) ;
#5542 = LINE ( 'NONE', #9429, #3486 ) ;
#5543 = DIRECTION ( 'NONE',  ( 0.000000000000000000, 0.000000000000000000, 1.000000000000000000 ) ) ;
#5544 = DIRECTION ( 'NONE',  ( 1.000000000000000000, 0.000000000000000000, 0.000000000000000000 ) ) ;
#5545 = DIRECTION ( 'NONE',  ( 1.084202172485503818E-16, 0.000000000000000000, 1.000000000000000000 ) ) ;
#5546 = AXIS2_PLACEMENT_3D ( 'NONE', #8524, #4713, #7789 ) ;
#5547 = CIRCLE ( 'NONE', #2888, 0.1199999999999999956 ) ;
#5548 = ADVANCED_FACE ( 'NONE', ( #9692 ), #1535, .F. ) ;
#5549 = VECTOR ( 'NONE', #2326, 1000.000000000000000 ) ;
#5550 = CARTESIAN_POINT ( 'NONE',  ( 2.000000000000000000, 0.6664761515876239661, -1.129999999999999893 ) ) ;
#5551 = MANIFOLD_SOLID_BREP ( 'NONE', #3233 ) ;
#5552 = EDGE_CURVE ( 'NONE', #561, #3958, #4508, .T. ) ;
#5553 = ADVANCED_FACE ( 'NONE', ( #9144 ), #8405, .F. ) ;
#5554 = ORIENTED_EDGE ( 'NONE', *, *, #3095, .F. ) ;
#5555 = ORIENTED_EDGE ( 'NONE', *, *, #26, .T. ) ;
#5556 = CARTESIAN_POINT ( 'NONE',  ( -1.250000000000000000, 0.2000000000000000111, -1.719999999999999973 ) ) ;
#5557 = LINE ( 'NONE', #3397, #5414 ) ;
#5558 = ORIENTED_EDGE ( 'NONE', *, *, #8620, .T. ) ;
#5559 = FACE_OUTER_BOUND ( 'NONE', #9358, .T. ) ;
#5560 = CARTESIAN_POINT ( 'NONE',  ( 1.719999999999999973, 0.2000000000000000111, 0.8699999999999999956 ) ) ;
#5561 = CARTESIAN_POINT ( 'NONE',  ( -0.8699999999999999956, 0.05000000000000000278, 6.737542071874189785E-16 ) ) ;
#5562 = VECTOR ( 'NONE', #2249, 1000.000000000000000 ) ;
#5563 = DIRECTION ( 'NONE',  ( 0.000000000000000000, 0.000000000000000000, -1.000000000000000000 ) ) ;
#5564 = EDGE_CURVE ( 'NONE', #1903, #2047, #837, .T. ) ;
#5565 = MECHANICAL_DESIGN_GEOMETRIC_PRESENTATION_REPRESENTATION (  '', ( #3678 ), #1500 ) ;
#5566 = VECTOR ( 'NONE', #1742, 1000.000000000000000 ) ;
#5567 = LINE ( 'NONE', #8582, #227 ) ;
#5568 = DIRECTION ( 'NONE',  ( 0.000000000000000000, 1.000000000000000000, 0.000000000000000000 ) ) ;
#5569 = ORIENTED_EDGE ( 'NONE', *, *, #9286, .T. ) ;
#5570 = PLANE ( 'NONE',  #7243 ) ;
#5571 = MANIFOLD_SOLID_BREP ( 'NONE', #6992 ) ;
#5572 = ORIENTED_EDGE ( 'NONE', *, *, #2694, .F. ) ;
#5573 = DIRECTION ( 'NONE',  ( -0.000000000000000000, 1.000000000000000000, 0.000000000000000000 ) ) ;
#5574 = DIRECTION ( 'NONE',  ( 1.000000000000000000, 0.000000000000000000, 0.000000000000000000 ) ) ;
#5575 = VECTOR ( 'NONE', #3886, 1000.000000000000000 ) ;
#5576 = EDGE_CURVE ( 'NONE', #6948, #8363, #7620, .T. ) ;
#5577 = FACE_OUTER_BOUND ( 'NONE', #6380, .T. ) ;
#5578 = PRESENTATION_LAYER_ASSIGNMENT (  '', '', ( #2301 ) ) ;
#5579 = ORIENTED_EDGE ( 'NONE', *, *, #4403, .T. ) ;
#5580 = ORIENTED_EDGE ( 'NONE', *, *, #5152, .F. ) ;
#5581 = DIRECTION ( 'NONE',  ( 0.000000000000000000, 0.000000000000000000, -1.000000000000000000 ) ) ;
#5582 = ORIENTED_EDGE ( 'NONE', *, *, #1062, .T. ) ;
#5583 = VECTOR ( 'NONE', #9021, 1000.000000000000000 ) ;
#5584 = FACE_OUTER_BOUND ( 'NONE', #1260, .T. ) ;
#5585 = ORIENTED_EDGE ( 'NONE', *, *, #2019, .F. ) ;
#5586 = DIRECTION ( 'NONE',  ( 0.000000000000000000, -1.000000000000000000, 0.000000000000000000 ) ) ;
#5587 = DIRECTION ( 'NONE',  ( 0.000000000000000000, 0.000000000000000000, 1.000000000000000000 ) ) ;
#5588 = CARTESIAN_POINT ( 'NONE',  ( 1.719999999999999973, 0.6664761515876239661, -1.369999999999999885 ) ) ;
#5589 = FACE_OUTER_BOUND ( 'NONE', #4332, .T. ) ;
#5590 = ORIENTED_EDGE ( 'NONE', *, *, #7250, .F. ) ;
#5591 = ORIENTED_EDGE ( 'NONE', *, *, #1157, .F. ) ;
#5592 = ORIENTED_EDGE ( 'NONE', *, *, #1925, .T. ) ;
#5593 = VERTEX_POINT ( 'NONE', #4104 ) ;
#5594 = DIRECTION ( 'NONE',  ( 0.000000000000000000, 0.000000000000000000, 1.000000000000000000 ) ) ;
#5595 = UNCERTAINTY_MEASURE_WITH_UNIT (LENGTH_MEASURE( 1.000000000000000082E-05 ), #4330, 'distance_accuracy_value', 'NONE');
#5596 = CARTESIAN_POINT ( 'NONE',  ( -0.6300000000000000044, 0.2000000000000000111, 2.000000000000000000 ) ) ;
#5597 = DIRECTION ( 'NONE',  ( -0.7071067811865455743, 0.000000000000000000, -0.7071067811865495711 ) ) ;
#5598 = CARTESIAN_POINT ( 'NONE',  ( 1.719999999999999973, 0.2000000000000000111, 0.8699999999999999956 ) ) ;
#5599 = DIRECTION ( 'NONE',  ( -7.744301232039309779E-16, 0.000000000000000000, -1.000000000000000000 ) ) ;
#5600 = MANIFOLD_SOLID_BREP ( 'NONE', #3715 ) ;
#5601 = EDGE_LOOP ( 'NONE', ( #7701, #1272, #3717, #1456 ) ) ;
#5602 = ORIENTED_EDGE ( 'NONE', *, *, #6332, .T. ) ;
#5603 = CARTESIAN_POINT ( 'NONE',  ( -2.000000000000000000, 0.2000000000000000111, 1.129999999999999893 ) ) ;
#5604 = DIRECTION ( 'NONE',  ( -7.744301232039309779E-16, 0.000000000000000000, 1.000000000000000000 ) ) ;
#5605 = ORIENTED_EDGE ( 'NONE', *, *, #4865, .T. ) ;
#5606 = EDGE_CURVE ( 'NONE', #1749, #1236, #6442, .T. ) ;
#5607 = DIRECTION ( 'NONE',  ( 0.000000000000000000, 0.000000000000000000, 1.000000000000000000 ) ) ;
#5608 = EDGE_CURVE ( 'NONE', #9721, #8003, #342, .T. ) ;
#5609 = DIRECTION ( 'NONE',  ( 0.000000000000000000, -1.000000000000000000, 0.000000000000000000 ) ) ;
#5610 = PLANE ( 'NONE',  #2669 ) ;
#5611 = CARTESIAN_POINT ( 'NONE',  ( -2.000000000000000000, 0.6664761515876239661, 0.1299999999999999767 ) ) ;
#5612 = DIRECTION ( 'NONE',  ( 0.000000000000000000, 0.000000000000000000, 1.000000000000000000 ) ) ;
#5613 = DIRECTION ( 'NONE',  ( -1.000000000000000000, 0.000000000000000000, 0.000000000000000000 ) ) ;
#5614 = VERTEX_POINT ( 'NONE', #5634 ) ;
#5615 = CARTESIAN_POINT ( 'NONE',  ( -1.500000000000000000, 0.9000000000000000222, -1.300000000000000044 ) ) ;
#5616 = EDGE_CURVE ( 'NONE', #6963, #778, #1441, .T. ) ;
#5617 = DIRECTION ( 'NONE',  ( 0.000000000000000000, 0.000000000000000000, 1.000000000000000000 ) ) ;
#5618 = FACE_OUTER_BOUND ( 'NONE', #2556, .T. ) ;
#5619 = CARTESIAN_POINT ( 'NONE',  ( 1.719999999999999973, 0.2000000000000000111, 1.129999999999999893 ) ) ;
#5620 = ORIENTED_EDGE ( 'NONE', *, *, #5358, .T. ) ;
#5621 = ORIENTED_EDGE ( 'NONE', *, *, #6743, .T. ) ;
#5622 = DIRECTION ( 'NONE',  ( 0.000000000000000000, -1.000000000000000000, 0.000000000000000000 ) ) ;
#5623 = EDGE_CURVE ( 'NONE', #7836, #7065, #8191, .T. ) ;
#5624 = ORIENTED_EDGE ( 'NONE', *, *, #3606, .T. ) ;
#5625 = DIRECTION ( 'NONE',  ( 0.000000000000000000, -1.000000000000000000, 0.000000000000000000 ) ) ;
#5626 = EDGE_LOOP ( 'NONE', ( #3151, #5748, #4011, #9085 ) ) ;
#5627 = LINE ( 'NONE', #1166, #990 ) ;
#5628 = CARTESIAN_POINT ( 'NONE',  ( 1.250000000000000000, 0.2000000000000000111, 1.719999999999999973 ) ) ;
#5629 = CARTESIAN_POINT ( 'NONE',  ( 0.3699999999999999956, 0.2000000000000000111, -2.000000000000000000 ) ) ;
#5630 = EDGE_LOOP ( 'NONE', ( #3346, #4516, #1123, #4351 ) ) ;
#5631 = ORIENTED_EDGE ( 'NONE', *, *, #487, .F. ) ;
#5632 = ORIENTED_EDGE ( 'NONE', *, *, #3083, .F. ) ;
#5633 = EDGE_CURVE ( 'NONE', #5296, #6925, #7023, .T. ) ;
#5634 = CARTESIAN_POINT ( 'NONE',  ( 2.000000000000000000, 0.2000000000000000111, -0.6300000000000000044 ) ) ;
#5635 = ORIENTED_EDGE ( 'NONE', *, *, #9037, .T. ) ;
#5636 = LINE ( 'NONE', #8748, #1625 ) ;
#5637 = DIRECTION ( 'NONE',  ( -0.000000000000000000, 1.000000000000000000, -0.000000000000000000 ) ) ;
#5638 = DIRECTION ( 'NONE',  ( 0.000000000000000000, 1.000000000000000000, 0.000000000000000000 ) ) ;
#5639 = DIRECTION ( 'NONE',  ( 0.000000000000000000, 1.000000000000000000, 0.000000000000000000 ) ) ;
#5640 = EDGE_LOOP ( 'NONE', ( #4925, #6628, #8710, #263 ) ) ;
#5641 = ORIENTED_EDGE ( 'NONE', *, *, #2974, .T. ) ;
#5642 = LINE ( 'NONE', #8615, #333 ) ;
#5643 = EDGE_LOOP ( 'NONE', ( #1783, #2014, #2405, #3148 ) ) ;
#5644 = DIRECTION ( 'NONE',  ( 0.000000000000000000, -1.000000000000000000, 0.000000000000000000 ) ) ;
#5645 = LINE ( 'NONE', #307, #6619 ) ;
#5646 = DIRECTION ( 'NONE',  ( 0.000000000000000000, 0.000000000000000000, -1.000000000000000000 ) ) ;
#5647 = CARTESIAN_POINT ( 'NONE',  ( -1.369999999999999885, 0.2000000000000000111, -1.719999999999999973 ) ) ;
#5648 = VECTOR ( 'NONE', #7824, 1000.000000000000000 ) ;
#5649 = EDGE_CURVE ( 'NONE', #1611, #8155, #3286, .T. ) ;
#5650 = EDGE_CURVE ( 'NONE', #3623, #2880, #6285, .T. ) ;
#5651 = DIRECTION ( 'NONE',  ( 0.000000000000000000, 0.000000000000000000, -1.000000000000000000 ) ) ;
#5652 = EDGE_CURVE ( 'NONE', #5930, #3839, #1179, .T. ) ;
#5653 = DIRECTION ( 'NONE',  ( 0.000000000000000000, 0.000000000000000000, -1.000000000000000000 ) ) ;
#5654 = ORIENTED_EDGE ( 'NONE', *, *, #3724, .F. ) ;
#5655 = VECTOR ( 'NONE', #8100, 1000.000000000000000 ) ;
#5656 = DIRECTION ( 'NONE',  ( 9.035018104045863447E-15, 0.000000000000000000, 1.000000000000000000 ) ) ;
#5657 = LINE ( 'NONE', #8818, #6353 ) ;
#5658 = DIRECTION ( 'NONE',  ( -1.000000000000000000, 0.000000000000000000, 7.744301232039309779E-16 ) ) ;
#5659 = AXIS2_PLACEMENT_3D ( 'NONE', #539, #8901, #8058 ) ;
#5660 = VECTOR ( 'NONE', #6494, 1000.000000000000114 ) ;
#5661 = EDGE_CURVE ( 'NONE', #5721, #6709, #5482, .T. ) ;
#5662 = CARTESIAN_POINT ( 'NONE',  ( -0.1299999999999999767, 0.2000000000000000111, 2.000000000000000000 ) ) ;
#5663 = EDGE_CURVE ( 'NONE', #2962, #3558, #8789, .T. ) ;
#5664 = ORIENTED_EDGE ( 'NONE', *, *, #3040, .T. ) ;
#5665 = EDGE_LOOP ( 'NONE', ( #6163, #3909, #6719, #9260 ) ) ;
#5666 = AXIS2_PLACEMENT_3D ( 'NONE', #579, #7997, #8102 ) ;
#5667 = CARTESIAN_POINT ( 'NONE',  ( 0.7500000000000000000, 0.05000000000000000278, 1.600000000000000089 ) ) ;
#5668 = ORIENTED_EDGE ( 'NONE', *, *, #775, .F. ) ;
#5669 = LINE ( 'NONE', #3601, #503 ) ;
#5670 = VERTEX_POINT ( 'NONE', #8006 ) ;
#5671 = VECTOR ( 'NONE', #1547, 1000.000000000000000 ) ;
#5672 = PLANE ( 'NONE',  #3952 ) ;
#5673 = LINE ( 'NONE', #1998, #9165 ) ;
#5674 = LINE ( 'NONE', #5588, #8873 ) ;
#5675 = VECTOR ( 'NONE', #4177, 1000.000000000000000 ) ;
#5676 = EDGE_CURVE ( 'NONE', #7993, #766, #7266, .T. ) ;
#5677 = FILL_AREA_STYLE_COLOUR ( '', #233 ) ;
#5678 = VERTEX_POINT ( 'NONE', #633 ) ;
#5679 = ORIENTED_EDGE ( 'NONE', *, *, #8821, .T. ) ;
#5680 = EDGE_LOOP ( 'NONE', ( #2572, #6400, #3395, #3826 ) ) ;
#5681 = DIRECTION ( 'NONE',  ( 0.000000000000000000, 0.000000000000000000, -1.000000000000000000 ) ) ;
#5682 = ORIENTED_EDGE ( 'NONE', *, *, #6843, .T. ) ;
#5683 = VECTOR ( 'NONE', #7161, 1000.000000000000000 ) ;
#5684 = PLANE ( 'NONE',  #2715 ) ;
#5685 = CARTESIAN_POINT ( 'NONE',  ( -0.6300000000000000044, 0.000000000000000000, -1.719999999999999973 ) ) ;
#5686 = CARTESIAN_POINT ( 'NONE',  ( 1.719999999999999973, 0.6664761515876239661, 0.6300000000000000044 ) ) ;
#5687 = VECTOR ( 'NONE', #7326, 1000.000000000000000 ) ;
#5688 = ADVANCED_FACE ( 'NONE', ( #4252 ), #3529, .T. ) ;
#5689 = DIRECTION ( 'NONE',  ( 0.000000000000000000, -1.000000000000000000, 0.000000000000000000 ) ) ;
#5690 = AXIS2_PLACEMENT_3D ( 'NONE', #8431, #1696, #319 ) ;
#5691 = VECTOR ( 'NONE', #7104, 1000.000000000000000 ) ;
#5692 = ORIENTED_EDGE ( 'NONE', *, *, #8674, .F. ) ;
#5693 = FACE_OUTER_BOUND ( 'NONE', #1280, .T. ) ;
#5694 = ORIENTED_EDGE ( 'NONE', *, *, #6728, .F. ) ;
#5695 = DIRECTION ( 'NONE',  ( -0.000000000000000000, 1.000000000000000000, 0.000000000000000000 ) ) ;
#5696 = SURFACE_STYLE_USAGE ( .BOTH. , #9639 ) ;
#5697 = ORIENTED_EDGE ( 'NONE', *, *, #3937, .F. ) ;
#5698 = DIRECTION ( 'NONE',  ( 1.000000000000000000, 0.000000000000000000, 0.000000000000000000 ) ) ;
#5699 = LINE ( 'NONE', #1139, #3781 ) ;
#5700 = CARTESIAN_POINT ( 'NONE',  ( 1.369999999999999885, 0.000000000000000000, 2.000000000000000000 ) ) ;
#5701 =( GEOMETRIC_REPRESENTATION_CONTEXT ( 3 ) GLOBAL_UNCERTAINTY_ASSIGNED_CONTEXT ( ( #6968 ) ) GLOBAL_UNIT_ASSIGNED_CONTEXT ( ( #2987, #1560, #4536 ) ) REPRESENTATION_CONTEXT ( 'NONE', 'WORKASPACE' ) );
#5702 = LINE ( 'NONE', #1875, #9474 ) ;
#5703 = VECTOR ( 'NONE', #2811, 1000.000000000000000 ) ;
#5704 = VECTOR ( 'NONE', #651, 1000.000000000000000 ) ;
#5705 = EDGE_CURVE ( 'NONE', #6758, #6935, #1271, .T. ) ;
#5706 = VECTOR ( 'NONE', #7447, 1000.000000000000114 ) ;
#5707 = DIRECTION ( 'NONE',  ( 0.000000000000000000, -1.000000000000000000, 0.000000000000000000 ) ) ;
#5708 = VECTOR ( 'NONE', #8610, 1000.000000000000000 ) ;
#5709 = SURFACE_STYLE_USAGE ( .BOTH. , #9451 ) ;
#5710 = ORIENTED_EDGE ( 'NONE', *, *, #9461, .F. ) ;
#5711 = VECTOR ( 'NONE', #4314, 1000.000000000000000 ) ;
#5712 = DIRECTION ( 'NONE',  ( 0.000000000000000000, -1.000000000000000000, 0.000000000000000000 ) ) ;
#5713 = DIRECTION ( 'NONE',  ( 0.000000000000000000, 0.000000000000000000, 1.000000000000000000 ) ) ;
#5714 = EDGE_CURVE ( 'NONE', #8512, #3271, #2050, .T. ) ;
#5715 = CARTESIAN_POINT ( 'NONE',  ( 1.363835682752764011, 0.000000000000000000, -1.682033734286709770 ) ) ;
#5716 =( GEOMETRIC_REPRESENTATION_CONTEXT ( 3 ) GLOBAL_UNCERTAINTY_ASSIGNED_CONTEXT ( ( #893 ) ) GLOBAL_UNIT_ASSIGNED_CONTEXT ( ( #3583, #2020, #6534 ) ) REPRESENTATION_CONTEXT ( 'NONE', 'WORKASPACE' ) );
#5717 = AXIS2_PLACEMENT_3D ( 'NONE', #3920, #5297, #4703 ) ;
#5718 = CARTESIAN_POINT ( 'NONE',  ( -1.606164317247235074, 0.2000000000000000111, 1.287966265713290204 ) ) ;
#5719 = CARTESIAN_POINT ( 'NONE',  ( -0.7500000000000000000, 0.6664761515876239661, 1.719999999999999973 ) ) ;
#5720 = VERTEX_POINT ( 'NONE', #5090 ) ;
#5721 = VERTEX_POINT ( 'NONE', #4354 ) ;
#5722 = AXIS2_PLACEMENT_3D ( 'NONE', #5150, #7378, #14 ) ;
#5723 = CARTESIAN_POINT ( 'NONE',  ( 1.606164317247239959, 0.000000000000000000, 1.287966265713290204 ) ) ;
#5724 = ORIENTED_EDGE ( 'NONE', *, *, #6390, .F. ) ;
#5725 = PLANE ( 'NONE',  #8198 ) ;
#5726 = ORIENTED_EDGE ( 'NONE', *, *, #345, .F. ) ;
#5727 = VECTOR ( 'NONE', #1559, 1000.000000000000000 ) ;
#5728 = EDGE_CURVE ( 'NONE', #4504, #7034, #7214, .T. ) ;
#5729 = DIRECTION ( 'NONE',  ( -1.000000000000000000, 0.000000000000000000, 0.000000000000000000 ) ) ;
#5730 = EDGE_CURVE ( 'NONE', #9240, #4914, #4943, .T. ) ;
#5731 = CARTESIAN_POINT ( 'NONE',  ( -2.000000000000000000, 0.6664761515876239661, 1.369999999999999885 ) ) ;
#5732 = CARTESIAN_POINT ( 'NONE',  ( 1.129999999999999893, 0.2000000000000000111, 1.719999999999999973 ) ) ;
#5733 = VECTOR ( 'NONE', #2822, 1000.000000000000000 ) ;
#5734 = FACE_OUTER_BOUND ( 'NONE', #6891, .T. ) ;
#5735 = CLOSED_SHELL ( 'NONE', ( #1168, #7099, #6999, #2730, #2026, #118 ) ) ;
#5736 = ORIENTED_EDGE ( 'NONE', *, *, #5229, .T. ) ;
#5737 = EDGE_LOOP ( 'NONE', ( #8645, #653, #357, #1585 ) ) ;
#5738 = ORIENTED_EDGE ( 'NONE', *, *, #37, .F. ) ;
#5739 = DIRECTION ( 'NONE',  ( 0.000000000000000000, -0.000000000000000000, -1.000000000000000000 ) ) ;
#5740 = ORIENTED_EDGE ( 'NONE', *, *, #7754, .F. ) ;
#5741 = DIRECTION ( 'NONE',  ( -0.000000000000000000, 1.000000000000000000, 0.000000000000000000 ) ) ;
#5742 = EDGE_CURVE ( 'NONE', #6521, #3774, #8841, .T. ) ;
#5743 = FACE_OUTER_BOUND ( 'NONE', #3834, .T. ) ;
#5744 = VECTOR ( 'NONE', #3878, 1000.000000000000000 ) ;
#5745 = CARTESIAN_POINT ( 'NONE',  ( -1.250000000000000000, 0.2000000000000000111, 1.719999999999999973 ) ) ;
#5746 = AXIS2_PLACEMENT_3D ( 'NONE', #4481, #2971, #2232 ) ;
#5747 = DIRECTION ( 'NONE',  ( 1.084202172485503818E-16, 0.000000000000000000, 1.000000000000000000 ) ) ;
#5748 = ORIENTED_EDGE ( 'NONE', *, *, #831, .T. ) ;
#5749 = CARTESIAN_POINT ( 'NONE',  ( -1.719999999999999973, 0.2000000000000000111, 1.369999999999999885 ) ) ;
#5750 = ORIENTED_EDGE ( 'NONE', *, *, #6389, .F. ) ;
#5751 = DIRECTION ( 'NONE',  ( 1.000000000000000000, 0.000000000000000000, 0.000000000000000000 ) ) ;
#5752 = CARTESIAN_POINT ( 'NONE',  ( -2.000000000000000000, 0.000000000000000000, 0.6300000000000000044 ) ) ;
#5753 = ORIENTED_EDGE ( 'NONE', *, *, #7097, .F. ) ;
#5754 = DIRECTION ( 'NONE',  ( 0.000000000000000000, -1.000000000000000000, 0.000000000000000000 ) ) ;
#5755 = EDGE_CURVE ( 'NONE', #4382, #4146, #7363, .T. ) ;
#5756 = DIRECTION ( 'NONE',  ( 0.000000000000000000, -1.000000000000000000, 0.000000000000000000 ) ) ;
#5757 = DIRECTION ( 'NONE',  ( 0.000000000000000000, 1.000000000000000000, 0.000000000000000000 ) ) ;
#5758 = DIRECTION ( 'NONE',  ( 0.000000000000000000, 0.000000000000000000, -1.000000000000000000 ) ) ;
#5759 = ORIENTED_EDGE ( 'NONE', *, *, #1159, .T. ) ;
#5760 = LINE ( 'NONE', #8083, #9112 ) ;
#5761 = CARTESIAN_POINT ( 'NONE',  ( 1.719999999999999973, 0.000000000000000000, -0.2500000000000000000 ) ) ;
#5762 = ORIENTED_EDGE ( 'NONE', *, *, #6697, .T. ) ;
#5763 = CARTESIAN_POINT ( 'NONE',  ( 1.719999999999999973, 0.2000000000000000111, 0.8699999999999999956 ) ) ;
#5764 = CARTESIAN_POINT ( 'NONE',  ( -1.129999999999999893, 0.2000000000000000111, 1.719999999999999973 ) ) ;
#5765 = CARTESIAN_POINT ( 'NONE',  ( 1.719999999999999973, 0.2000000000000000111, 0.6300000000000000044 ) ) ;
#5766 = PLANE ( 'NONE',  #7905 ) ;
#5767 = CARTESIAN_POINT ( 'NONE',  ( 0.000000000000000000, 0.05000000000000000278, -1.129999999999999893 ) ) ;
#5768 = ORIENTED_EDGE ( 'NONE', *, *, #4359, .F. ) ;
#5769 = VERTEX_POINT ( 'NONE', #4987 ) ;
#5770 = DIRECTION ( 'NONE',  ( 0.7071067811865474617, 0.000000000000000000, -0.7071067811865474617 ) ) ;
#5771 = VERTEX_POINT ( 'NONE', #3611 ) ;
#5772 = CARTESIAN_POINT ( 'NONE',  ( -0.7500000000000000000, 0.2000000000000000111, -1.719999999999999973 ) ) ;
#5773 = ORIENTED_EDGE ( 'NONE', *, *, #143, .T. ) ;
#5774 = LINE ( 'NONE', #4058, #9118 ) ;
#5775 = PLANE ( 'NONE',  #3950 ) ;
#5776 = DIRECTION ( 'NONE',  ( 0.000000000000000000, -1.000000000000000000, 0.000000000000000000 ) ) ;
#5777 = EDGE_CURVE ( 'NONE', #5225, #6204, #1326, .T. ) ;
#5778 = SURFACE_SIDE_STYLE ('',( #4937 ) ) ;
#5779 = EDGE_CURVE ( 'NONE', #6827, #3839, #5783, .T. ) ;
#5780 = ORIENTED_EDGE ( 'NONE', *, *, #1974, .T. ) ;
#5781 = ORIENTED_EDGE ( 'NONE', *, *, #3767, .T. ) ;
#5782 = VERTEX_POINT ( 'NONE', #590 ) ;
#5783 = LINE ( 'NONE', #9481, #3010 ) ;
#5784 = ORIENTED_EDGE ( 'NONE', *, *, #8275, .T. ) ;
#5785 = CARTESIAN_POINT ( 'NONE',  ( -2.000000000000000000, 0.05000000000000000278, 2.000000000000000000 ) ) ;
#5786 = DIRECTION ( 'NONE',  ( 0.000000000000000000, 0.000000000000000000, -1.000000000000000000 ) ) ;
#5787 = DIRECTION ( 'NONE',  ( -0.7071067811865445751, 0.000000000000000000, -0.7071067811865504593 ) ) ;
#5788 = DIRECTION ( 'NONE',  ( 1.000000000000000000, 0.000000000000000000, -1.084202172485503818E-16 ) ) ;
#5789 = EDGE_CURVE ( 'NONE', #1351, #8059, #5031, .T. ) ;
#5790 = VERTEX_POINT ( 'NONE', #8154 ) ;
#5791 = CARTESIAN_POINT ( 'NONE',  ( 1.250000000000000000, 0.000000000000000000, 1.350000000000000089 ) ) ;
#5792 = EDGE_LOOP ( 'NONE', ( #6271, #5174, #4691, #41, #1854 ) ) ;
#5793 = DIRECTION ( 'NONE',  ( 0.000000000000000000, 1.000000000000000000, 0.000000000000000000 ) ) ;
#5794 = ADVANCED_FACE ( 'NONE', ( #9426 ), #5886, .F. ) ;
#5795 = LINE ( 'NONE', #5043, #9501 ) ;
#5796 = EDGE_LOOP ( 'NONE', ( #3129, #2359, #2389, #1376 ) ) ;
#5797 = DIRECTION ( 'NONE',  ( 0.000000000000000000, 0.000000000000000000, 1.000000000000000000 ) ) ;
#5798 = DIRECTION ( 'NONE',  ( -0.000000000000000000, 1.000000000000000000, 0.000000000000000000 ) ) ;
#5799 = LINE ( 'NONE', #5700, #7853 ) ;
#5800 = CARTESIAN_POINT ( 'NONE',  ( -1.682033734286709770, 0.000000000000000000, -1.363835682752762013 ) ) ;
#5801 = COLOUR_RGB ( '',0.7921568627450980005, 0.8196078431372548767, 0.9333333333333333481 ) ;
#5802 = ADVANCED_FACE ( 'NONE', ( #4310 ), #4161, .F. ) ;
#5803 = ORIENTED_EDGE ( 'NONE', *, *, #4627, .T. ) ;
#5804 = DIRECTION ( 'NONE',  ( 7.744301232039309779E-16, 0.000000000000000000, -1.000000000000000000 ) ) ;
#5805 = CARTESIAN_POINT ( 'NONE',  ( -2.000000000000000000, 0.05000000000000000278, 0.3699999999999999956 ) ) ;
#5806 = ORIENTED_EDGE ( 'NONE', *, *, #4207, .T. ) ;
#5807 = LINE ( 'NONE', #7239, #5660 ) ;
#5808 = CARTESIAN_POINT ( 'NONE',  ( -2.000000000000000000, 0.000000000000000000, -0.1299999999999999767 ) ) ;
#5809 = CARTESIAN_POINT ( 'NONE',  ( -1.500000000000000000, 0.9000000000000000222, -1.699999999999999956 ) ) ;
#5810 = EDGE_CURVE ( 'NONE', #1831, #976, #8813, .T. ) ;
#5811 = EDGE_CURVE ( 'NONE', #4008, #6215, #1960, .T. ) ;
#5812 = VECTOR ( 'NONE', #5876, 1000.000000000000000 ) ;
#5813 = DIRECTION ( 'NONE',  ( 0.000000000000000000, 0.000000000000000000, -1.000000000000000000 ) ) ;
#5814 = DIRECTION ( 'NONE',  ( 1.000000000000000000, 0.000000000000000000, -0.000000000000000000 ) ) ;
#5815 = VERTEX_POINT ( 'NONE', #6465 ) ;
#5816 = ORIENTED_EDGE ( 'NONE', *, *, #4608, .F. ) ;
#5817 = DIRECTION ( 'NONE',  ( 0.000000000000000000, 1.000000000000000000, 0.000000000000000000 ) ) ;
#5818 = VERTEX_POINT ( 'NONE', #2755 ) ;
#5819 = CYLINDRICAL_SURFACE ( 'NONE', #7717, 0.1200000000000000927 ) ;
#5820 = VECTOR ( 'NONE', #9724, 1000.000000000000000 ) ;
#5821 = DIRECTION ( 'NONE',  ( 0.000000000000000000, -1.000000000000000000, 0.000000000000000000 ) ) ;
#5822 = CARTESIAN_POINT ( 'NONE',  ( -1.250000000000000000, 0.000000000000000000, 1.350000000000000089 ) ) ;
#5823 = FACE_OUTER_BOUND ( 'NONE', #2038, .T. ) ;
#5824 = AXIS2_PLACEMENT_3D ( 'NONE', #6256, #1018, #1808 ) ;
#5825 =( NAMED_UNIT ( * ) SI_UNIT ( $, .STERADIAN. ) SOLID_ANGLE_UNIT ( ) );
#5826 = VECTOR ( 'NONE', #9214, 1000.000000000000000 ) ;
#5827 = ORIENTED_EDGE ( 'NONE', *, *, #8119, .T. ) ;
#5828 = VERTEX_POINT ( 'NONE', #1564 ) ;
#5829 = VERTEX_POINT ( 'NONE', #1610 ) ;
#5830 = CARTESIAN_POINT ( 'NONE',  ( -1.500000000000000000, 0.3343145750507609537, -1.300000000000000044 ) ) ;
#5831 = ORIENTED_EDGE ( 'NONE', *, *, #9037, .F. ) ;
#5832 = CARTESIAN_POINT ( 'NONE',  ( 0.6300000000000000044, 0.2000000000000000111, -2.000000000000000000 ) ) ;
#5833 = DIRECTION ( 'NONE',  ( 0.000000000000000000, -1.000000000000000000, 0.000000000000000000 ) ) ;
#5834 = CARTESIAN_POINT ( 'NONE',  ( 1.719999999999999973, 0.000000000000000000, 0.3699999999999999956 ) ) ;
#5835 = EDGE_CURVE ( 'NONE', #5614, #6983, #2258, .T. ) ;
#5836 = VECTOR ( 'NONE', #3248, 1000.000000000000000 ) ;
#5837 = ADVANCED_FACE ( 'NONE', ( #4541 ), #8993, .T. ) ;
#5838 = CARTESIAN_POINT ( 'NONE',  ( -1.250000000000000000, 0.2000000000000000111, -1.719999999999999973 ) ) ;
#5839 = ORIENTED_EDGE ( 'NONE', *, *, #710, .F. ) ;
#5840 = LINE ( 'NONE', #2015, #5372 ) ;
#5841 = CIRCLE ( 'NONE', #6789, 0.1200000000000000927 ) ;
#5842 = ORIENTED_EDGE ( 'NONE', *, *, #4275, .F. ) ;
#5843 = DIRECTION ( 'NONE',  ( 0.000000000000000000, -1.000000000000000000, 0.000000000000000000 ) ) ;
#5844 = DIRECTION ( 'NONE',  ( 1.000000000000000000, 0.000000000000000000, 0.000000000000000000 ) ) ;
#5845 = ORIENTED_EDGE ( 'NONE', *, *, #5863, .T. ) ;
#5846 = CARTESIAN_POINT ( 'NONE',  ( -1.719999999999999973, 0.6664761515876239661, 1.369999999999999885 ) ) ;
#5847 = CARTESIAN_POINT ( 'NONE',  ( -0.2500000000000000000, 0.000000000000000000, 1.719999999999999973 ) ) ;
#5848 = CARTESIAN_POINT ( 'NONE',  ( -0.1299999999999999767, 0.000000000000000000, 2.000000000000000000 ) ) ;
#5849 = LINE ( 'NONE', #9011, #9333 ) ;
#5850 = EDGE_CURVE ( 'NONE', #5818, #2894, #2404, .T. ) ;
#5851 = AXIS2_PLACEMENT_3D ( 'NONE', #7298, #7940, #6593 ) ;
#5852 = EDGE_CURVE ( 'NONE', #7352, #6610, #2309, .T. ) ;
#5853 = VECTOR ( 'NONE', #1, 1000.000000000000000 ) ;
#5854 = VERTEX_POINT ( 'NONE', #9130 ) ;
#5855 = CARTESIAN_POINT ( 'NONE',  ( -0.1299999999999999767, 0.2000000000000000111, -2.000000000000000000 ) ) ;
#5856 = PLANE ( 'NONE',  #4153 ) ;
#5857 = VECTOR ( 'NONE', #8675, 1000.000000000000000 ) ;
#5858 = ORIENTED_EDGE ( 'NONE', *, *, #5418, .T. ) ;
#5859 = VECTOR ( 'NONE', #4188, 1000.000000000000000 ) ;
#5860 = FACE_OUTER_BOUND ( 'NONE', #4737, .T. ) ;
#5861 = CARTESIAN_POINT ( 'NONE',  ( -1.719999999999999973, 0.6664761515876239661, 0.3699999999999999956 ) ) ;
#5862 = AXIS2_PLACEMENT_3D ( 'NONE', #6143, #6096, #2525 ) ;
#5863 = EDGE_CURVE ( 'NONE', #2298, #4540, #8946, .T. ) ;
#5864 = DIRECTION ( 'NONE',  ( -1.000000000000000000, 0.000000000000000000, 0.000000000000000000 ) ) ;
#5865 = EDGE_CURVE ( 'NONE', #3571, #2403, #2205, .T. ) ;
#5866 = AXIS2_PLACEMENT_3D ( 'NONE', #3619, #5788, #2852 ) ;
#5867 = CIRCLE ( 'NONE', #9023, 0.1200000000000000927 ) ;
#5868 = CARTESIAN_POINT ( 'NONE',  ( -1.129999999999999893, 0.2000000000000000111, -1.719999999999999973 ) ) ;
#5869 = CARTESIAN_POINT ( 'NONE',  ( -1.606164317247235074, 0.05000000000000000278, 1.287966265713290204 ) ) ;
#5870 = VERTEX_POINT ( 'NONE', #6066 ) ;
#5871 = ORIENTED_EDGE ( 'NONE', *, *, #7179, .F. ) ;
#5872 = FACE_OUTER_BOUND ( 'NONE', #9288, .T. ) ;
#5873 = ORIENTED_EDGE ( 'NONE', *, *, #8941, .T. ) ;
#5874 = DIRECTION ( 'NONE',  ( 0.000000000000000000, -1.000000000000000000, 0.000000000000000000 ) ) ;
#5875 = PRESENTATION_LAYER_ASSIGNMENT (  '', '', ( #6498 ) ) ;
#5876 = DIRECTION ( 'NONE',  ( 1.000000000000000000, 0.000000000000000000, 0.000000000000000000 ) ) ;
#5877 = EDGE_CURVE ( 'NONE', #6747, #3139, #9439, .T. ) ;
#5878 = CARTESIAN_POINT ( 'NONE',  ( -1.250000000000000000, 0.6664761515876239661, 1.719999999999999973 ) ) ;
#5879 = CARTESIAN_POINT ( 'NONE',  ( -2.000000000000000000, 0.6664761515876239661, -1.369999999999999885 ) ) ;
#5880 = VECTOR ( 'NONE', #6572, 1000.000000000000000 ) ;
#5881 =( GEOMETRIC_REPRESENTATION_CONTEXT ( 3 ) GLOBAL_UNCERTAINTY_ASSIGNED_CONTEXT ( ( #4109 ) ) GLOBAL_UNIT_ASSIGNED_CONTEXT ( ( #872, #8987, #9719 ) ) REPRESENTATION_CONTEXT ( 'NONE', 'WORKASPACE' ) );
#5882 = AXIS2_PLACEMENT_3D ( 'NONE', #9615, #5130, #1413 ) ;
#5883 = VERTEX_POINT ( 'NONE', #3809 ) ;
#5884 = ORIENTED_EDGE ( 'NONE', *, *, #1349, .T. ) ;
#5885 = ORIENTED_EDGE ( 'NONE', *, *, #8096, .T. ) ;
#5886 = PLANE ( 'NONE',  #5659 ) ;
#5887 = ORIENTED_EDGE ( 'NONE', *, *, #5576, .F. ) ;
#5888 = DIRECTION ( 'NONE',  ( 0.000000000000000000, 0.000000000000000000, -1.000000000000000000 ) ) ;
#5889 = CARTESIAN_POINT ( 'NONE',  ( -1.500000000000000000, 0.9000000000000000222, -1.500000000000000000 ) ) ;
#5890 = DIRECTION ( 'NONE',  ( 0.000000000000000000, 0.000000000000000000, 1.000000000000000000 ) ) ;
#5891 = VECTOR ( 'NONE', #8424, 1000.000000000000000 ) ;
#5892 = DIRECTION ( 'NONE',  ( 0.000000000000000000, 0.000000000000000000, 1.000000000000000000 ) ) ;
#5893 = ORIENTED_EDGE ( 'NONE', *, *, #2790, .F. ) ;
#5894 = FACE_OUTER_BOUND ( 'NONE', #481, .T. ) ;
#5895 = ORIENTED_EDGE ( 'NONE', *, *, #475, .T. ) ;
#5896 = CARTESIAN_POINT ( 'NONE',  ( -1.719999999999999973, 0.000000000000000000, 0.2500000000000000000 ) ) ;
#5897 = ORIENTED_EDGE ( 'NONE', *, *, #9182, .T. ) ;
#5898 = CARTESIAN_POINT ( 'NONE',  ( 1.250000000000000000, 0.2000000000000000111, -1.719999999999999973 ) ) ;
#5899 = PLANE ( 'NONE',  #8892 ) ;
#5900 = CARTESIAN_POINT ( 'NONE',  ( -1.369999999999999885, 0.05000000000000000278, 2.000000000000000000 ) ) ;
#5901 = ORIENTED_EDGE ( 'NONE', *, *, #3391, .F. ) ;
#5902 = ADVANCED_FACE ( 'NONE', ( #137 ), #777, .F. ) ;
#5903 = CYLINDRICAL_SURFACE ( 'NONE', #3445, 0.1199999999999999956 ) ;
#5904 = EDGE_CURVE ( 'NONE', #6462, #6829, #8255, .T. ) ;
#5905 = LINE ( 'NONE', #8768, #7313 ) ;
#5906 = EDGE_LOOP ( 'NONE', ( #1111, #4940, #6165, #6576 ) ) ;
#5907 = LINE ( 'NONE', #8968, #5671 ) ;
#5908 = DIRECTION ( 'NONE',  ( 0.000000000000000000, 0.000000000000000000, -1.000000000000000000 ) ) ;
#5909 = EDGE_CURVE ( 'NONE', #832, #4199, #337, .T. ) ;
#5910 = CARTESIAN_POINT ( 'NONE',  ( -1.719999999999999973, 0.2000000000000000111, 0.2500000000000000000 ) ) ;
#5911 = LINE ( 'NONE', #5206, #4444 ) ;
#5912 = CLOSED_SHELL ( 'NONE', ( #4304, #6037, #3146, #8929, #1936, #6551, #389 ) ) ;
#5913 = FACE_OUTER_BOUND ( 'NONE', #1805, .T. ) ;
#5914 = ADVANCED_FACE ( 'NONE', ( #9044 ), #824, .F. ) ;
#5915 = DIRECTION ( 'NONE',  ( -1.000000000000000000, 0.000000000000000000, 0.000000000000000000 ) ) ;
#5916 = ORIENTED_EDGE ( 'NONE', *, *, #9334, .F. ) ;
#5917 = VERTEX_POINT ( 'NONE', #3720 ) ;
#5918 = CYLINDRICAL_SURFACE ( 'NONE', #2072, 0.1200000000000000927 ) ;
#5919 = ADVANCED_FACE ( 'NONE', ( #6025 ), #3859, .T. ) ;
#5920 = ORIENTED_EDGE ( 'NONE', *, *, #8941, .F. ) ;
#5921 = CARTESIAN_POINT ( 'NONE',  ( 1.719999999999999973, 0.05000000000000000278, 0.8699999999999999956 ) ) ;
#5922 = PLANE ( 'NONE',  #802 ) ;
#5923 = DIRECTION ( 'NONE',  ( 0.000000000000000000, 1.000000000000000000, 0.000000000000000000 ) ) ;
#5924 = CARTESIAN_POINT ( 'NONE',  ( -1.719999999999999973, 0.2000000000000000111, -0.2500000000000000000 ) ) ;
#5925 = DIRECTION ( 'NONE',  ( -1.000000000000000000, 0.000000000000000000, -7.744301232039309779E-16 ) ) ;
#5926 = ORIENTED_EDGE ( 'NONE', *, *, #1234, .T. ) ;
#5927 = ORIENTED_EDGE ( 'NONE', *, *, #1530, .F. ) ;
#5928 = ORIENTED_EDGE ( 'NONE', *, *, #3393, .F. ) ;
#5929 = CARTESIAN_POINT ( 'NONE',  ( -1.250000000000000000, 0.000000000000000000, 0.5000000000000000000 ) ) ;
#5930 = VERTEX_POINT ( 'NONE', #5315 ) ;
#5931 = CARTESIAN_POINT ( 'NONE',  ( 1.719999999999999973, 0.6664761515876239661, -0.3699999999999999956 ) ) ;
#5932 = PLANE ( 'NONE',  #7733 ) ;
#5933 = CARTESIAN_POINT ( 'NONE',  ( 0.6300000000000000044, 0.000000000000000000, 2.000000000000000000 ) ) ;
#5934 = CARTESIAN_POINT ( 'NONE',  ( -1.250000000000000000, 0.6664761515876239661, 1.600000000000000089 ) ) ;
#5935 = ORIENTED_EDGE ( 'NONE', *, *, #1116, .F. ) ;
#5936 = PLANE ( 'NONE',  #9329 ) ;
#5937 = ORIENTED_EDGE ( 'NONE', *, *, #7289, .F. ) ;
#5938 = DIRECTION ( 'NONE',  ( 0.000000000000000000, 0.000000000000000000, -1.000000000000000000 ) ) ;
#5939 = ORIENTED_EDGE ( 'NONE', *, *, #9268, .F. ) ;
#5940 = SURFACE_STYLE_USAGE ( .BOTH. , #5987 ) ;
#5941 = CARTESIAN_POINT ( 'NONE',  ( -1.682033734286709770, 0.2000000000000000111, -1.363835682752762013 ) ) ;
#5942 = CARTESIAN_POINT ( 'NONE',  ( -0.8699999999999999956, 0.6664761515876239661, 1.719999999999999973 ) ) ;
#5943 = DIRECTION ( 'NONE',  ( 0.000000000000000000, 0.000000000000000000, 1.000000000000000000 ) ) ;
#5944 = ORIENTED_EDGE ( 'NONE', *, *, #9700, .F. ) ;
#5945 = FACE_OUTER_BOUND ( 'NONE', #7619, .T. ) ;
#5946 = DIRECTION ( 'NONE',  ( 0.000000000000000000, -1.000000000000000000, 0.000000000000000000 ) ) ;
#5947 = PRESENTATION_STYLE_ASSIGNMENT (( #8280 ) ) ;
#5948 = CARTESIAN_POINT ( 'NONE',  ( -1.682033734286709770, 0.000000000000000000, 1.363835682752762013 ) ) ;
#5949 = DIRECTION ( 'NONE',  ( 0.000000000000000000, 0.000000000000000000, -1.000000000000000000 ) ) ;
#5950 = DIRECTION ( 'NONE',  ( 0.000000000000000000, -1.000000000000000000, 0.000000000000000000 ) ) ;
#5951 = EDGE_CURVE ( 'NONE', #3118, #9699, #2352, .T. ) ;
#5952 = EDGE_CURVE ( 'NONE', #9714, #7343, #1418, .T. ) ;
#5953 = ADVANCED_FACE ( 'NONE', ( #7409 ), #5970, .F. ) ;
#5954 = CARTESIAN_POINT ( 'NONE',  ( 1.287966265713291980, 0.2000000000000000111, 1.606164317247235074 ) ) ;
#5955 = DIRECTION ( 'NONE',  ( 0.000000000000000000, 1.000000000000000000, 0.000000000000000000 ) ) ;
#5956 = ORIENTED_EDGE ( 'NONE', *, *, #7151, .T. ) ;
#5957 = CARTESIAN_POINT ( 'NONE',  ( 1.719999999999999973, 0.000000000000000000, 1.250000000000000000 ) ) ;
#5958 = VERTEX_POINT ( 'NONE', #45 ) ;
#5959 = LINE ( 'NONE', #3881, #5826 ) ;
#5960 = DIRECTION ( 'NONE',  ( 0.000000000000000000, 0.000000000000000000, -1.000000000000000000 ) ) ;
#5961 = DIRECTION ( 'NONE',  ( 0.000000000000000000, -1.000000000000000000, 0.000000000000000000 ) ) ;
#5962 = DIRECTION ( 'NONE',  ( 0.000000000000000000, 1.000000000000000000, 0.000000000000000000 ) ) ;
#5963 = EDGE_CURVE ( 'NONE', #4189, #3118, #9682, .T. ) ;
#5964 = VECTOR ( 'NONE', #5443, 1000.000000000000000 ) ;
#5965 = EDGE_CURVE ( 'NONE', #5854, #2021, #4405, .T. ) ;
#5966 = ADVANCED_FACE ( 'NONE', ( #2451 ), #3945, .F. ) ;
#5967 = ORIENTED_EDGE ( 'NONE', *, *, #4458, .F. ) ;
#5968 = ORIENTED_EDGE ( 'NONE', *, *, #9397, .T. ) ;
#5969 = ORIENTED_EDGE ( 'NONE', *, *, #1001, .T. ) ;
#5970 = CYLINDRICAL_SURFACE ( 'NONE', #1590, 0.1200000000000000927 ) ;
#5971 = ORIENTED_EDGE ( 'NONE', *, *, #1790, .F. ) ;
#5972 = AXIS2_PLACEMENT_3D ( 'NONE', #8071, #9584, #6214 ) ;
#5973 = CARTESIAN_POINT ( 'NONE',  ( -1.719999999999999973, 0.000000000000000000, -0.1299999999999999767 ) ) ;
#5974 = DIRECTION ( 'NONE',  ( 0.7071067811865455743, 0.000000000000000000, 0.7071067811865495711 ) ) ;
#5975 = LINE ( 'NONE', #4502, #9648 ) ;
#5976 = ADVANCED_FACE ( 'NONE', ( #5584 ), #6949, .F. ) ;
#5977 = AXIS2_PLACEMENT_3D ( 'NONE', #8452, #975, #7705 ) ;
#5978 = CIRCLE ( 'NONE', #1292, 0.1200000000000000927 ) ;
#5979 = DIRECTION ( 'NONE',  ( 7.744301232039309779E-16, 0.000000000000000000, -1.000000000000000000 ) ) ;
#5980 = EDGE_LOOP ( 'NONE', ( #1471, #7115, #5664, #5762 ) ) ;
#5981 = LINE ( 'NONE', #3822, #9018 ) ;
#5982 = ORIENTED_EDGE ( 'NONE', *, *, #6853, .T. ) ;
#5983 = LINE ( 'NONE', #7689, #3310 ) ;
#5984 = CARTESIAN_POINT ( 'NONE',  ( 1.719999999999999973, 0.6664761515876239661, 1.369999999999999885 ) ) ;
#5985 = VERTEX_POINT ( 'NONE', #4090 ) ;
#5986 = AXIS2_PLACEMENT_3D ( 'NONE', #211, #8889, #1408 ) ;
#5987 = SURFACE_SIDE_STYLE ('',( #2858 ) ) ;
#5988 = UNCERTAINTY_MEASURE_WITH_UNIT (LENGTH_MEASURE( 1.000000000000000082E-05 ), #611, 'distance_accuracy_value', 'NONE');
#5989 = DIRECTION ( 'NONE',  ( 1.000000000000000000, 0.000000000000000000, 0.000000000000000000 ) ) ;
#5990 = CARTESIAN_POINT ( 'NONE',  ( -1.369999999999999885, 0.2000000000000000111, -2.000000000000000000 ) ) ;
#5991 = DIRECTION ( 'NONE',  ( 1.000000000000000000, 0.000000000000000000, 0.000000000000000000 ) ) ;
#5992 = EDGE_CURVE ( 'NONE', #7744, #9013, #3234, .T. ) ;
#5993 = VECTOR ( 'NONE', #2816, 1000.000000000000000 ) ;
#5994 = VECTOR ( 'NONE', #296, 1000.000000000000000 ) ;
#5995 = VERTEX_POINT ( 'NONE', #6362 ) ;
#5996 = DIRECTION ( 'NONE',  ( 0.000000000000000000, -1.000000000000000000, 0.000000000000000000 ) ) ;
#5997 = CARTESIAN_POINT ( 'NONE',  ( 1.719999999999999973, 0.000000000000000000, -0.6300000000000000044 ) ) ;
#5998 = CARTESIAN_POINT ( 'NONE',  ( 1.606164317247239959, 0.05000000000000000278, 1.287966265713290204 ) ) ;
#5999 = CYLINDRICAL_SURFACE ( 'NONE', #8581, 0.1200000000000000927 ) ;
#6000 = DIRECTION ( 'NONE',  ( 0.000000000000000000, -1.000000000000000000, 0.000000000000000000 ) ) ;
#6001 = VECTOR ( 'NONE', #6721, 1000.000000000000000 ) ;
#6002 = EDGE_CURVE ( 'NONE', #5337, #7519, #9232, .T. ) ;
#6003 = VECTOR ( 'NONE', #3531, 1000.000000000000000 ) ;
#6004 = CARTESIAN_POINT ( 'NONE',  ( -1.606164317247235074, 0.2000000000000000111, 1.287966265713290204 ) ) ;
#6005 = AXIS2_PLACEMENT_3D ( 'NONE', #7737, #5415, #275 ) ;
#6006 = DIRECTION ( 'NONE',  ( 0.000000000000000000, 0.000000000000000000, -1.000000000000000000 ) ) ;
#6007 = VERTEX_POINT ( 'NONE', #6164 ) ;
#6008 = AXIS2_PLACEMENT_3D ( 'NONE', #9257, #1840, #3843 ) ;
#6009 = EDGE_CURVE ( 'NONE', #9721, #1622, #6258, .T. ) ;
#6010 = CARTESIAN_POINT ( 'NONE',  ( -1.719999999999999973, 0.2000000000000000111, -0.7500000000000000000 ) ) ;
#6011 = EDGE_LOOP ( 'NONE', ( #4688, #4172, #7311, #2308 ) ) ;
#6012 = DIRECTION ( 'NONE',  ( 0.000000000000000000, -1.000000000000000000, 0.000000000000000000 ) ) ;
#6013 = FACE_OUTER_BOUND ( 'NONE', #425, .T. ) ;
#6014 = VECTOR ( 'NONE', #1393, 1000.000000000000000 ) ;
#6015 = CIRCLE ( 'NONE', #8863, 0.1000000000000000472 ) ;
#6016 = DIRECTION ( 'NONE',  ( 0.000000000000000000, -1.000000000000000000, 0.000000000000000000 ) ) ;
#6017 = VECTOR ( 'NONE', #1505, 1000.000000000000000 ) ;
#6018 = VECTOR ( 'NONE', #1909, 1000.000000000000000 ) ;
#6019 = ORIENTED_EDGE ( 'NONE', *, *, #3636, .T. ) ;
#6020 = EDGE_CURVE ( 'NONE', #8908, #6724, #2849, .T. ) ;
#6021 = CIRCLE ( 'NONE', #545, 0.1200000000000000927 ) ;
#6022 = VERTEX_POINT ( 'NONE', #283 ) ;
#6023 = EDGE_CURVE ( 'NONE', #6411, #1078, #2601, .T. ) ;
#6024 = ORIENTED_EDGE ( 'NONE', *, *, #9578, .T. ) ;
#6025 = FACE_OUTER_BOUND ( 'NONE', #9199, .T. ) ;
#6026 = VERTEX_POINT ( 'NONE', #1853 ) ;
#6027 = VECTOR ( 'NONE', #9576, 1000.000000000000000 ) ;
#6028 = CARTESIAN_POINT ( 'NONE',  ( -0.8699999999999999956, 0.000000000000000000, 1.719999999999999973 ) ) ;
#6029 = DIRECTION ( 'NONE',  ( -1.000000000000000000, 0.000000000000000000, 0.000000000000000000 ) ) ;
#6030 = CARTESIAN_POINT ( 'NONE',  ( 1.250000000000000000, 0.6664761515876239661, -1.719999999999999973 ) ) ;
#6031 = AXIS2_PLACEMENT_3D ( 'NONE', #2046, #1374, #7359 ) ;
#6032 = CIRCLE ( 'NONE', #5717, 0.1200000000000000927 ) ;
#6033 = SURFACE_SIDE_STYLE ('',( #4593 ) ) ;
#6034 = VERTEX_POINT ( 'NONE', #7848 ) ;
#6035 = CARTESIAN_POINT ( 'NONE',  ( 1.719999999999999973, 0.6664761515876239661, 0.7500000000000000000 ) ) ;
#6036 = ORIENTED_EDGE ( 'NONE', *, *, #9450, .T. ) ;
#6037 = ADVANCED_FACE ( 'NONE', ( #8438 ), #1110, .F. ) ;
#6038 = CARTESIAN_POINT ( 'NONE',  ( 1.129999999999999893, 0.6664761515876239661, -2.000000000000000000 ) ) ;
#6039 = DIRECTION ( 'NONE',  ( 0.000000000000000000, -1.000000000000000000, 0.000000000000000000 ) ) ;
#6040 = ORIENTED_EDGE ( 'NONE', *, *, #9415, .T. ) ;
#6041 = CARTESIAN_POINT ( 'NONE',  ( 2.000000000000000000, 0.000000000000000000, 0.6300000000000000044 ) ) ;
#6042 = PLANE ( 'NONE',  #2398 ) ;
#6043 = DIRECTION ( 'NONE',  ( 0.000000000000000000, -1.000000000000000000, 0.000000000000000000 ) ) ;
#6044 = VECTOR ( 'NONE', #8882, 1000.000000000000114 ) ;
#6045 = CARTESIAN_POINT ( 'NONE',  ( 1.129999999999999893, 0.2000000000000000111, 1.719999999999999973 ) ) ;
#6046 = AXIS2_PLACEMENT_3D ( 'NONE', #3742, #4900, #7825 ) ;
#6047 = ORIENTED_EDGE ( 'NONE', *, *, #269, .F. ) ;
#6048 = LINE ( 'NONE', #1440, #4380 ) ;
#6049 = LINE ( 'NONE', #5397, #8718 ) ;
#6050 = AXIS2_PLACEMENT_3D ( 'NONE', #212, #7784, #2381 ) ;
#6051 = DIRECTION ( 'NONE',  ( 0.000000000000000000, -1.000000000000000000, 0.000000000000000000 ) ) ;
#6052 = LINE ( 'NONE', #8282, #6647 ) ;
#6053 = DIRECTION ( 'NONE',  ( 7.744301232039309779E-16, 0.000000000000000000, -1.000000000000000000 ) ) ;
#6054 = EDGE_CURVE ( 'NONE', #3959, #5367, #1750, .T. ) ;
#6055 = DIRECTION ( 'NONE',  ( -1.000000000000000000, 0.000000000000000000, -1.734723475976807834E-16 ) ) ;
#6056 = VERTEX_POINT ( 'NONE', #1021 ) ;
#6057 = PLANE ( 'NONE',  #8662 ) ;
#6058 = VERTEX_POINT ( 'NONE', #1071 ) ;
#6059 = CYLINDRICAL_SURFACE ( 'NONE', #6592, 0.1200000000000000927 ) ;
#6060 = DIRECTION ( 'NONE',  ( 0.000000000000000000, 0.000000000000000000, -1.000000000000000000 ) ) ;
#6061 = CARTESIAN_POINT ( 'NONE',  ( -1.129999999999999893, 0.2000000000000000111, -1.719999999999999973 ) ) ;
#6062 = DIRECTION ( 'NONE',  ( 0.000000000000000000, 1.000000000000000000, 0.000000000000000000 ) ) ;
#6063 = VERTEX_POINT ( 'NONE', #3375 ) ;
#6064 = EDGE_LOOP ( 'NONE', ( #7098, #5858, #8839, #8055 ) ) ;
#6065 = ORIENTED_EDGE ( 'NONE', *, *, #748, .F. ) ;
#6066 = CARTESIAN_POINT ( 'NONE',  ( -1.287966265713290204, 0.2000000000000000111, 1.606164317247239959 ) ) ;
#6067 = VERTEX_POINT ( 'NONE', #4000 ) ;
#6068 = DIRECTION ( 'NONE',  ( 0.000000000000000000, -1.000000000000000000, 0.000000000000000000 ) ) ;
#6069 = CARTESIAN_POINT ( 'NONE',  ( -1.287966265713290204, 0.000000000000000000, -1.606164317247235074 ) ) ;
#6070 = CARTESIAN_POINT ( 'NONE',  ( -2.000000000000000000, 0.6664761515876239661, -1.129999999999999893 ) ) ;
#6071 = EDGE_CURVE ( 'NONE', #4132, #6747, #3275, .T. ) ;
#6072 = ADVANCED_FACE ( 'NONE', ( #4680 ), #7691, .T. ) ;
#6073 = CARTESIAN_POINT ( 'NONE',  ( -1.719999999999999973, 0.6664761515876239661, 1.369999999999999885 ) ) ;
#6074 = EDGE_CURVE ( 'NONE', #3621, #7519, #2236, .T. ) ;
#6075 = ORIENTED_EDGE ( 'NONE', *, *, #9399, .T. ) ;
#6076 = DIRECTION ( 'NONE',  ( -1.000000000000000000, 0.000000000000000000, 7.744301232039309779E-16 ) ) ;
#6077 = ORIENTED_EDGE ( 'NONE', *, *, #2975, .T. ) ;
#6078 = ORIENTED_EDGE ( 'NONE', *, *, #2733, .T. ) ;
#6079 = VERTEX_POINT ( 'NONE', #962 ) ;
#6080 = SURFACE_STYLE_FILL_AREA ( #8502 ) ;
#6081 = DIRECTION ( 'NONE',  ( 0.000000000000000000, -1.000000000000000000, 0.000000000000000000 ) ) ;
#6082 = CARTESIAN_POINT ( 'NONE',  ( 0.6300000000000000044, 0.6664761515876239661, -2.000000000000000000 ) ) ;
#6083 = CARTESIAN_POINT ( 'NONE',  ( -1.719999999999999973, 0.6664761515876239661, -0.6300000000000000044 ) ) ;
#6084 = EDGE_CURVE ( 'NONE', #6948, #9549, #238, .T. ) ;
#6085 = ADVANCED_FACE ( 'NONE', ( #1810 ), #8682, .T. ) ;
#6086 = PRODUCT_DEFINITION_SHAPE ( 'NONE', 'NONE',  #2929 ) ;
#6087 = EDGE_CURVE ( 'NONE', #4623, #3126, #8664, .T. ) ;
#6088 = ORIENTED_EDGE ( 'NONE', *, *, #3926, .F. ) ;
#6089 = CARTESIAN_POINT ( 'NONE',  ( 0.000000000000000000, 0.000000000000000000, 0.000000000000000000 ) ) ;
#6090 = ORIENTED_EDGE ( 'NONE', *, *, #620, .T. ) ;
#6091 = CARTESIAN_POINT ( 'NONE',  ( 0.3699999999999999956, 0.2000000000000000111, -1.719999999999999973 ) ) ;
#6092 =( NAMED_UNIT ( * ) SI_UNIT ( $, .STERADIAN. ) SOLID_ANGLE_UNIT ( ) );
#6093 = VERTEX_POINT ( 'NONE', #2793 ) ;
#6094 = CARTESIAN_POINT ( 'NONE',  ( -1.129999999999999893, 0.000000000000000000, 1.719999999999999973 ) ) ;
#6095 = DIRECTION ( 'NONE',  ( 0.000000000000000000, -1.000000000000000000, 0.000000000000000000 ) ) ;
#6096 = DIRECTION ( 'NONE',  ( 0.7071067811865445751, 0.000000000000000000, 0.7071067811865504593 ) ) ;
#6097 = EDGE_CURVE ( 'NONE', #7958, #681, #4929, .T. ) ;
#6098 = CARTESIAN_POINT ( 'NONE',  ( -2.000000000000000000, 0.2000000000000000111, -0.1299999999999999767 ) ) ;
#6099 = CARTESIAN_POINT ( 'NONE',  ( -1.369999999999999885, 0.05000000000000000278, 1.060969268789383974E-15 ) ) ;
#6100 = ORIENTED_EDGE ( 'NONE', *, *, #8481, .T. ) ;
#6101 = DIRECTION ( 'NONE',  ( 0.000000000000000000, 1.000000000000000000, 0.000000000000000000 ) ) ;
#6102 = VERTEX_POINT ( 'NONE', #1892 ) ;
#6103 = CARTESIAN_POINT ( 'NONE',  ( -2.000000000000000000, 0.6664761515876239661, 1.129999999999999893 ) ) ;
#6104 = DIRECTION ( 'NONE',  ( 0.7071067811865505703, 0.000000000000000000, -0.7071067811865444641 ) ) ;
#6105 = DIRECTION ( 'NONE',  ( 0.000000000000000000, 0.000000000000000000, -1.000000000000000000 ) ) ;
#6106 = AXIS2_PLACEMENT_3D ( 'NONE', #608, #6736, #8175 ) ;
#6107 = DIRECTION ( 'NONE',  ( 0.000000000000000000, -1.000000000000000000, 0.000000000000000000 ) ) ;
#6108 = ORIENTED_EDGE ( 'NONE', *, *, #7046, .F. ) ;
#6109 = ORIENTED_EDGE ( 'NONE', *, *, #4934, .T. ) ;
#6110 = ORIENTED_EDGE ( 'NONE', *, *, #3301, .T. ) ;
#6111 = CARTESIAN_POINT ( 'NONE',  ( -2.000000000000000000, 0.6664761515876239661, 1.129999999999999893 ) ) ;
#6112 = ORIENTED_EDGE ( 'NONE', *, *, #5951, .F. ) ;
#6113 = DIRECTION ( 'NONE',  ( 0.000000000000000000, 0.000000000000000000, 1.000000000000000000 ) ) ;
#6114 = DIRECTION ( 'NONE',  ( 0.000000000000000000, 1.000000000000000000, 0.000000000000000000 ) ) ;
#6115 = DIRECTION ( 'NONE',  ( 0.000000000000000000, -1.000000000000000000, 0.000000000000000000 ) ) ;
#6116 = AXIS2_PLACEMENT_3D ( 'NONE', #1370, #1997, #674 ) ;
#6117 = ADVANCED_FACE ( 'NONE', ( #9522 ), #1313, .T. ) ;
#6118 = VERTEX_POINT ( 'NONE', #472 ) ;
#6119 = AXIS2_PLACEMENT_3D ( 'NONE', #1338, #7334, #2959 ) ;
#6120 = CARTESIAN_POINT ( 'NONE',  ( -1.250000000000000000, 0.000000000000000000, -1.719999999999999973 ) ) ;
#6121 = ORIENTED_EDGE ( 'NONE', *, *, #1066, .F. ) ;
#6122 = ORIENTED_EDGE ( 'NONE', *, *, #4926, .F. ) ;
#6123 = SURFACE_STYLE_FILL_AREA ( #3825 ) ;
#6124 = ORIENTED_EDGE ( 'NONE', *, *, #7329, .T. ) ;
#6125 = FACE_OUTER_BOUND ( 'NONE', #3135, .T. ) ;
#6126 = EDGE_CURVE ( 'NONE', #8363, #2027, #4977, .T. ) ;
#6127 = CARTESIAN_POINT ( 'NONE',  ( 2.000000000000000000, 1.000000000000000000, 2.000000000000000000 ) ) ;
#6128 = DIRECTION ( 'NONE',  ( -0.000000000000000000, 1.000000000000000000, -0.000000000000000000 ) ) ;
#6129 = LINE ( 'NONE', #1680, #855 ) ;
#6130 = AXIS2_PLACEMENT_3D ( 'NONE', #4886, #4795, #2509 ) ;
#6131 = EDGE_CURVE ( 'NONE', #1188, #6215, #9137, .T. ) ;
#6132 = CIRCLE ( 'NONE', #1902, 0.1200000000000000927 ) ;
#6133 = ORIENTED_EDGE ( 'NONE', *, *, #3757, .F. ) ;
#6134 = AXIS2_PLACEMENT_3D ( 'NONE', #5401, #5874, #7452 ) ;
#6135 = DIRECTION ( 'NONE',  ( 0.000000000000000000, -1.000000000000000000, 0.000000000000000000 ) ) ;
#6136 = LINE ( 'NONE', #9016, #3993 ) ;
#6137 = ORIENTED_EDGE ( 'NONE', *, *, #7401, .T. ) ;
#6138 = AXIS2_PLACEMENT_3D ( 'NONE', #3152, #2478, #6139 ) ;
#6139 = DIRECTION ( 'NONE',  ( 0.000000000000000000, 0.000000000000000000, 1.000000000000000000 ) ) ;
#6140 = EDGE_CURVE ( 'NONE', #2831, #9208, #6556, .T. ) ;
#6141 = CARTESIAN_POINT ( 'NONE',  ( 0.1299999999999999767, 0.6664761515876239661, -2.000000000000000000 ) ) ;
#6142 = DIRECTION ( 'NONE',  ( -7.744301232039309779E-16, 0.000000000000000000, -1.000000000000000000 ) ) ;
#6143 = CARTESIAN_POINT ( 'NONE',  ( 1.287966265713290204, -0.05729555854656199348, -1.606164317247239959 ) ) ;
#6144 = EDGE_CURVE ( 'NONE', #4066, #9031, #5079, .T. ) ;
#6145 = VECTOR ( 'NONE', #4743, 1000.000000000000000 ) ;
#6146 = AXIS2_PLACEMENT_3D ( 'NONE', #891, #3140, #1230 ) ;
#6147 = DIRECTION ( 'NONE',  ( 0.000000000000000000, 0.000000000000000000, 1.000000000000000000 ) ) ;
#6148 = CARTESIAN_POINT ( 'NONE',  ( -2.000000000000000000, 0.2000000000000000111, 0.3699999999999999956 ) ) ;
#6149 = ORIENTED_EDGE ( 'NONE', *, *, #5533, .T. ) ;
#6150 = VECTOR ( 'NONE', #9090, 1000.000000000000000 ) ;
#6151 = FACE_OUTER_BOUND ( 'NONE', #8613, .T. ) ;
#6152 = EDGE_CURVE ( 'NONE', #1453, #3669, #6292, .T. ) ;
#6153 = DIRECTION ( 'NONE',  ( 1.000000000000000000, 0.000000000000000000, 0.000000000000000000 ) ) ;
#6154 = VECTOR ( 'NONE', #1274, 1000.000000000000000 ) ;
#6155 = DIRECTION ( 'NONE',  ( 0.000000000000000000, 0.000000000000000000, -1.000000000000000000 ) ) ;
#6156 = LINE ( 'NONE', #9035, #9663 ) ;
#6157 = CIRCLE ( 'NONE', #3343, 0.1000000000000000472 ) ;
#6158 = AXIS2_PLACEMENT_3D ( 'NONE', #6168, #8257, #47 ) ;
#6159 = DIRECTION ( 'NONE',  ( 1.000000000000000000, 0.000000000000000000, 7.744301232039309779E-16 ) ) ;
#6160 = ORIENTED_EDGE ( 'NONE', *, *, #3200, .F. ) ;
#6161 = EDGE_LOOP ( 'NONE', ( #4495, #3099, #4752, #4572, #7336, #8936 ) ) ;
#6162 = ADVANCED_FACE ( 'NONE', ( #4873 ), #5819, .T. ) ;
#6163 = ORIENTED_EDGE ( 'NONE', *, *, #8979, .T. ) ;
#6164 = CARTESIAN_POINT ( 'NONE',  ( -1.719999999999999973, 0.2000000000000000111, 1.129999999999999893 ) ) ;
#6165 = ORIENTED_EDGE ( 'NONE', *, *, #7981, .T. ) ;
#6166 = PRESENTATION_LAYER_ASSIGNMENT (  '', '', ( #1652 ) ) ;
#6167 = AXIS2_PLACEMENT_3D ( 'NONE', #719, #9661, #2928 ) ;
#6168 = CARTESIAN_POINT ( 'NONE',  ( 1.250000000000000000, 0.05000000000000000278, 1.719999999999999973 ) ) ;
#6169 = CARTESIAN_POINT ( 'NONE',  ( 0.2500000000000000000, 0.2000000000000000111, 1.719999999999999973 ) ) ;
#6170 = CARTESIAN_POINT ( 'NONE',  ( 0.3699999999999999956, 0.000000000000000000, -2.000000000000000000 ) ) ;
#6171 = VECTOR ( 'NONE', #6000, 1000.000000000000000 ) ;
#6172 = AXIS2_PLACEMENT_3D ( 'NONE', #562, #1248, #7235 ) ;
#6173 = LINE ( 'NONE', #5435, #1499 ) ;
#6174 = PRESENTATION_LAYER_ASSIGNMENT (  '', '', ( #4912 ) ) ;
#6175 = AXIS2_PLACEMENT_3D ( 'NONE', #4697, #7768, #2515 ) ;
#6176 = ORIENTED_EDGE ( 'NONE', *, *, #8578, .F. ) ;
#6177 = FACE_OUTER_BOUND ( 'NONE', #1677, .T. ) ;
#6178 = EDGE_LOOP ( 'NONE', ( #3600, #3372, #1355, #4997 ) ) ;
#6179 = ORIENTED_EDGE ( 'NONE', *, *, #2263, .F. ) ;
#6180 =( LENGTH_UNIT ( ) NAMED_UNIT ( * ) SI_UNIT ( .MILLI., .METRE. ) );
#6181 = ORIENTED_EDGE ( 'NONE', *, *, #1507, .T. ) ;
#6182 = PRODUCT_DEFINITION_CONTEXT ( 'detailed design', #514, 'design' ) ;
#6183 = CARTESIAN_POINT ( 'NONE',  ( -0.8699999999999999956, 0.05000000000000000278, 2.000000000000000000 ) ) ;
#6184 = PLANE ( 'NONE',  #5322 ) ;
#6185 = CARTESIAN_POINT ( 'NONE',  ( 2.000000000000000000, 0.6664761515876239661, -1.369999999999999885 ) ) ;
#6186 = COLOUR_RGB ( '',0.7921568627450980005, 0.8196078431372548767, 0.9333333333333333481 ) ;
#6187 = VECTOR ( 'NONE', #2356, 1000.000000000000000 ) ;
#6188 = EDGE_LOOP ( 'NONE', ( #8033, #6613, #192, #3433 ) ) ;
#6189 = ORIENTED_EDGE ( 'NONE', *, *, #638, .F. ) ;
#6190 = DIRECTION ( 'NONE',  ( 0.000000000000000000, 1.000000000000000000, 0.000000000000000000 ) ) ;
#6191 = ORIENTED_EDGE ( 'NONE', *, *, #7854, .F. ) ;
#6192 = AXIS2_PLACEMENT_3D ( 'NONE', #228, #2490, #6941 ) ;
#6193 = CARTESIAN_POINT ( 'NONE',  ( 0.8699999999999999956, 0.6664761515876239661, -1.719999999999999973 ) ) ;
#6194 = FACE_OUTER_BOUND ( 'NONE', #3120, .T. ) ;
#6195 = DIRECTION ( 'NONE',  ( -0.000000000000000000, 1.000000000000000000, -0.000000000000000000 ) ) ;
#6196 = CARTESIAN_POINT ( 'NONE',  ( -2.000000000000000000, 0.2000000000000000111, 1.369999999999999885 ) ) ;
#6197 = CIRCLE ( 'NONE', #3844, 0.1200000000000000927 ) ;
#6198 = EDGE_CURVE ( 'NONE', #6983, #8155, #9611, .T. ) ;
#6199 = EDGE_CURVE ( 'NONE', #3435, #7576, #2393, .T. ) ;
#6200 = CLOSED_SHELL ( 'NONE', ( #9134, #5338, #1668, #5914, #6249, #223 ) ) ;
#6201 = LINE ( 'NONE', #9309, #4910 ) ;
#6202 = EDGE_CURVE ( 'NONE', #4549, #8799, #8346, .T. ) ;
#6203 =( LENGTH_UNIT ( ) NAMED_UNIT ( * ) SI_UNIT ( .MILLI., .METRE. ) );
#6204 = VERTEX_POINT ( 'NONE', #1162 ) ;
#6205 = CARTESIAN_POINT ( 'NONE',  ( 1.682033734286715099, 0.2000000000000000111, 1.363835682752764011 ) ) ;
#6206 = DIRECTION ( 'NONE',  ( 0.000000000000000000, 0.000000000000000000, 1.000000000000000000 ) ) ;
#6207 = DIRECTION ( 'NONE',  ( 0.000000000000000000, 0.000000000000000000, -1.000000000000000000 ) ) ;
#6208 = AXIS2_PLACEMENT_3D ( 'NONE', #5402, #308, #4663 ) ;
#6209 = LINE ( 'NONE', #8332, #8880 ) ;
#6210 = EDGE_CURVE ( 'NONE', #303, #205, #1369, .T. ) ;
#6211 = EDGE_CURVE ( 'NONE', #4311, #991, #2687, .T. ) ;
#6212 = VERTEX_POINT ( 'NONE', #4238 ) ;
#6213 = ORIENTED_EDGE ( 'NONE', *, *, #4608, .T. ) ;
#6214 = DIRECTION ( 'NONE',  ( 0.000000000000000000, 0.000000000000000000, -1.000000000000000000 ) ) ;
#6215 = VERTEX_POINT ( 'NONE', #428 ) ;
#6216 = DIRECTION ( 'NONE',  ( 0.000000000000000000, 0.000000000000000000, 1.000000000000000000 ) ) ;
#6217 = ORIENTED_EDGE ( 'NONE', *, *, #4941, .F. ) ;
#6218 = PLANE ( 'NONE',  #8678 ) ;
#6219 = LINE ( 'NONE', #3177, #7420 ) ;
#6220 = LINE ( 'NONE', #8490, #1495 ) ;
#6221 = EDGE_CURVE ( 'NONE', #976, #6519, #5669, .T. ) ;
#6222 = CYLINDRICAL_SURFACE ( 'NONE', #9032, 0.1199999999999999956 ) ;
#6223 = ORIENTED_EDGE ( 'NONE', *, *, #7123, .T. ) ;
#6224 = CARTESIAN_POINT ( 'NONE',  ( -2.000000000000000000, 0.05000000000000000278, 2.000000000000000000 ) ) ;
#6225 = VERTEX_POINT ( 'NONE', #7205 ) ;
#6226 = ORIENTED_EDGE ( 'NONE', *, *, #1353, .T. ) ;
#6227 = CARTESIAN_POINT ( 'NONE',  ( 1.719999999999999973, 0.6664761515876239661, -0.6300000000000000044 ) ) ;
#6228 = ORIENTED_EDGE ( 'NONE', *, *, #5025, .T. ) ;
#6229 = LINE ( 'NONE', #3910, #5046 ) ;
#6230 = LINE ( 'NONE', #9245, #7090 ) ;
#6231 = DIRECTION ( 'NONE',  ( 0.000000000000000000, -1.000000000000000000, 0.000000000000000000 ) ) ;
#6232 = DIRECTION ( 'NONE',  ( 1.000000000000000000, 0.000000000000000000, 7.744301232039309779E-16 ) ) ;
#6233 = ADVANCED_FACE ( 'NONE', ( #2741 ), #5725, .T. ) ;
#6234 = DIRECTION ( 'NONE',  ( 0.000000000000000000, 0.000000000000000000, 1.000000000000000000 ) ) ;
#6235 = VERTEX_POINT ( 'NONE', #3207 ) ;
#6236 = ORIENTED_EDGE ( 'NONE', *, *, #7586, .T. ) ;
#6237 = PLANE ( 'NONE',  #5238 ) ;
#6238 = FACE_OUTER_BOUND ( 'NONE', #81, .T. ) ;
#6239 = ORIENTED_EDGE ( 'NONE', *, *, #1421, .F. ) ;
#6240 = PLANE ( 'NONE',  #5196 ) ;
#6241 = CARTESIAN_POINT ( 'NONE',  ( -1.050000000000000044, 0.05000000000000000278, -1.350000000000000089 ) ) ;
#6242 = LINE ( 'NONE', #1839, #1360 ) ;
#6243 = CARTESIAN_POINT ( 'NONE',  ( -1.500000000000000000, 1.000000000000000000, -1.300000000000000044 ) ) ;
#6244 = DIRECTION ( 'NONE',  ( 0.000000000000000000, 0.000000000000000000, 1.000000000000000000 ) ) ;
#6245 = EDGE_LOOP ( 'NONE', ( #3957, #3376, #4192, #2740 ) ) ;
#6246 = DIRECTION ( 'NONE',  ( -1.000000000000000000, -0.000000000000000000, -0.000000000000000000 ) ) ;
#6247 = ORIENTED_EDGE ( 'NONE', *, *, #3260, .T. ) ;
#6248 = EDGE_CURVE ( 'NONE', #1082, #5056, #1730, .T. ) ;
#6249 = ADVANCED_FACE ( 'NONE', ( #1513 ), #9670, .F. ) ;
#6250 = DIRECTION ( 'NONE',  ( 1.000000000000000000, 0.000000000000000000, -7.744301232039309779E-16 ) ) ;
#6251 = CARTESIAN_POINT ( 'NONE',  ( -1.250000000000000000, 0.2000000000000000111, -1.719999999999999973 ) ) ;
#6252 = EDGE_CURVE ( 'NONE', #5995, #8681, #6659, .T. ) ;
#6253 = DIRECTION ( 'NONE',  ( 0.000000000000000000, 0.000000000000000000, -1.000000000000000000 ) ) ;
#6254 = EDGE_LOOP ( 'NONE', ( #1398, #8378, #8189, #1377 ) ) ;
#6255 = ORIENTED_EDGE ( 'NONE', *, *, #5025, .F. ) ;
#6256 = CARTESIAN_POINT ( 'NONE',  ( 0.7500000000000000000, 0.2000000000000000111, -1.719999999999999973 ) ) ;
#6257 = ORIENTED_EDGE ( 'NONE', *, *, #92, .T. ) ;
#6258 = LINE ( 'NONE', #4785, #2535 ) ;
#6259 = ORIENTED_EDGE ( 'NONE', *, *, #8774, .T. ) ;
#6260 = CARTESIAN_POINT ( 'NONE',  ( 1.369999999999999885, 0.6664761515876239661, -2.000000000000000000 ) ) ;
#6261 = ADVANCED_FACE ( 'NONE', ( #2245 ), #8468, .T. ) ;
#6262 = DIRECTION ( 'NONE',  ( 0.000000000000000000, 0.000000000000000000, 1.000000000000000000 ) ) ;
#6263 = LINE ( 'NONE', #9277, #3521 ) ;
#6264 = VECTOR ( 'NONE', #68, 1000.000000000000114 ) ;
#6265 = EDGE_CURVE ( 'NONE', #1888, #6420, #5127, .T. ) ;
#6266 = EDGE_CURVE ( 'NONE', #1512, #8099, #3656, .T. ) ;
#6267 = AXIS2_PLACEMENT_3D ( 'NONE', #2666, #2627, #5646 ) ;
#6268 = CARTESIAN_POINT ( 'NONE',  ( 1.719999999999999973, 0.2000000000000000111, -0.8699999999999999956 ) ) ;
#6269 = VERTEX_POINT ( 'NONE', #2940 ) ;
#6270 = FACE_OUTER_BOUND ( 'NONE', #7144, .T. ) ;
#6271 = ORIENTED_EDGE ( 'NONE', *, *, #7483, .F. ) ;
#6272 = ORIENTED_EDGE ( 'NONE', *, *, #7179, .T. ) ;
#6273 = ORIENTED_EDGE ( 'NONE', *, *, #9458, .T. ) ;
#6274 = CARTESIAN_POINT ( 'NONE',  ( 0.1299999999999999767, 0.000000000000000000, 2.000000000000000000 ) ) ;
#6275 = ADVANCED_FACE ( 'NONE', ( #6194 ), #4662, .T. ) ;
#6276 = CARTESIAN_POINT ( 'NONE',  ( -1.369999999999999885, 0.05000000000000000278, -1.060969268789383974E-15 ) ) ;
#6277 = DIRECTION ( 'NONE',  ( -0.000000000000000000, 1.000000000000000000, 0.000000000000000000 ) ) ;
#6278 = CARTESIAN_POINT ( 'NONE',  ( 2.000000000000000000, 0.6664761515876239661, -0.8699999999999999956 ) ) ;
#6279 = VECTOR ( 'NONE', #5307, 1000.000000000000000 ) ;
#6280 =( NAMED_UNIT ( * ) SI_UNIT ( $, .STERADIAN. ) SOLID_ANGLE_UNIT ( ) );
#6281 = ORIENTED_EDGE ( 'NONE', *, *, #4390, .T. ) ;
#6282 = VERTEX_POINT ( 'NONE', #5921 ) ;
#6283 = CARTESIAN_POINT ( 'NONE',  ( -0.8699999999999999956, 0.2000000000000000111, -2.000000000000000000 ) ) ;
#6284 = ORIENTED_EDGE ( 'NONE', *, *, #6252, .T. ) ;
#6285 = CIRCLE ( 'NONE', #6130, 0.1200000000000000927 ) ;
#6286 = LINE ( 'NONE', #9440, #42 ) ;
#6287 = EDGE_CURVE ( 'NONE', #5248, #2403, #8511, .T. ) ;
#6288 = CARTESIAN_POINT ( 'NONE',  ( 0.2500000000000000000, 0.000000000000000000, -1.719999999999999973 ) ) ;
#6289 = DIRECTION ( 'NONE',  ( -0.000000000000000000, 1.000000000000000000, 0.000000000000000000 ) ) ;
#6290 = DIRECTION ( 'NONE',  ( 0.000000000000000000, 1.000000000000000000, 0.000000000000000000 ) ) ;
#6291 = VECTOR ( 'NONE', #1389, 1000.000000000000114 ) ;
#6292 = CIRCLE ( 'NONE', #4870, 0.1200000000000000927 ) ;
#6293 = CARTESIAN_POINT ( 'NONE',  ( 2.000000000000000000, 0.05000000000000000278, -0.3699999999999999956 ) ) ;
#6294 = CARTESIAN_POINT ( 'NONE',  ( -1.500000000000000000, 0.9000000000000000222, -1.500000000000000000 ) ) ;
#6295 = EDGE_LOOP ( 'NONE', ( #405, #2452, #2008, #5592, #1859, #2320, #1737, #5579 ) ) ;
#6296 = DIRECTION ( 'NONE',  ( 1.000000000000000000, 0.000000000000000000, 7.744301232039309779E-16 ) ) ;
#6297 = FACE_OUTER_BOUND ( 'NONE', #8483, .T. ) ;
#6298 = EDGE_CURVE ( 'NONE', #8908, #471, #5959, .T. ) ;
#6299 = AXIS2_PLACEMENT_3D ( 'NONE', #8223, #3544, #649 ) ;
#6300 = CARTESIAN_POINT ( 'NONE',  ( -1.250000000000000000, 0.2000000000000000111, -1.719999999999999973 ) ) ;
#6301 = LINE ( 'NONE', #1011, #1506 ) ;
#6302 = DIRECTION ( 'NONE',  ( 0.000000000000000000, 1.000000000000000000, 0.000000000000000000 ) ) ;
#6303 = AXIS2_PLACEMENT_3D ( 'NONE', #5889, #2806, #8699 ) ;
#6304 = ORIENTED_EDGE ( 'NONE', *, *, #513, .T. ) ;
#6305 = VECTOR ( 'NONE', #5390, 1000.000000000000000 ) ;
#6306 = EDGE_LOOP ( 'NONE', ( #4292, #406, #5697, #8253 ) ) ;
#6307 = DIRECTION ( 'NONE',  ( 0.000000000000000000, -1.000000000000000000, 0.000000000000000000 ) ) ;
#6308 = ORIENTED_EDGE ( 'NONE', *, *, #6831, .F. ) ;
#6309 = CARTESIAN_POINT ( 'NONE',  ( 2.000000000000000000, 0.6664761515876239661, -0.3699999999999999956 ) ) ;
#6310 = ORIENTED_EDGE ( 'NONE', *, *, #7142, .F. ) ;
#6311 = DIRECTION ( 'NONE',  ( 0.000000000000000000, 0.000000000000000000, 1.000000000000000000 ) ) ;
#6312 = CARTESIAN_POINT ( 'NONE',  ( -1.719999999999999973, 0.6664761515876239661, 0.2500000000000000000 ) ) ;
#6313 = CARTESIAN_POINT ( 'NONE',  ( 1.606164317247239959, 0.000000000000000000, -1.287966265713290204 ) ) ;
#6314 = AXIS2_PLACEMENT_3D ( 'NONE', #5878, #8893, #2745 ) ;
#6315 = AXIS2_PLACEMENT_3D ( 'NONE', #5472, #4831, #1753 ) ;
#6316 = EDGE_CURVE ( 'NONE', #914, #117, #4414, .T. ) ;
#6317 = FILL_AREA_STYLE_COLOUR ( '', #7604 ) ;
#6318 = EDGE_CURVE ( 'NONE', #8790, #5930, #7724, .T. ) ;
#6319 = ORIENTED_EDGE ( 'NONE', *, *, #5865, .F. ) ;
#6320 = ORIENTED_EDGE ( 'NONE', *, *, #1802, .F. ) ;
#6321 = VERTEX_POINT ( 'NONE', #2191 ) ;
#6322 = ORIENTED_EDGE ( 'NONE', *, *, #3745, .T. ) ;
#6323 = CIRCLE ( 'NONE', #375, 0.1200000000000000927 ) ;
#6324 = DIRECTION ( 'NONE',  ( 1.000000000000000000, 0.000000000000000000, 0.000000000000000000 ) ) ;
#6325 = CARTESIAN_POINT ( 'NONE',  ( 0.1299999999999999767, 0.05000000000000000278, 2.000000000000000000 ) ) ;
#6326 = CARTESIAN_POINT ( 'NONE',  ( -1.250000000000000000, 0.6664761515876239661, -1.719999999999999973 ) ) ;
#6327 = DIRECTION ( 'NONE',  ( 0.000000000000000000, 0.000000000000000000, -1.000000000000000000 ) ) ;
#6328 = AXIS2_PLACEMENT_3D ( 'NONE', #6433, #3495, #5651 ) ;
#6329 = VECTOR ( 'NONE', #7273, 1000.000000000000000 ) ;
#6330 = VECTOR ( 'NONE', #3144, 1000.000000000000114 ) ;
#6331 = DIRECTION ( 'NONE',  ( 1.000000000000000000, 0.000000000000000000, 0.000000000000000000 ) ) ;
#6332 = EDGE_CURVE ( 'NONE', #900, #1512, #2479, .T. ) ;
#6333 = ORIENTED_EDGE ( 'NONE', *, *, #1300, .T. ) ;
#6334 = EDGE_LOOP ( 'NONE', ( #9387, #3256, #9508, #9571 ) ) ;
#6335 = CARTESIAN_POINT ( 'NONE',  ( 1.350000000000000089, 0.000000000000000000, 0.6000000000000000888 ) ) ;
#6336 = ORIENTED_EDGE ( 'NONE', *, *, #4764, .T. ) ;
#6337 = VECTOR ( 'NONE', #2164, 1000.000000000000000 ) ;
#6338 = CARTESIAN_POINT ( 'NONE',  ( 1.129999999999999893, 0.2000000000000000111, -1.719999999999999973 ) ) ;
#6339 = CARTESIAN_POINT ( 'NONE',  ( 0.1299999999999999767, 0.2000000000000000111, -1.719999999999999973 ) ) ;
#6340 = DIRECTION ( 'NONE',  ( 0.000000000000000000, 0.000000000000000000, 1.000000000000000000 ) ) ;
#6341 = VECTOR ( 'NONE', #4404, 1000.000000000000000 ) ;
#6342 = CARTESIAN_POINT ( 'NONE',  ( -2.000000000000000000, 0.6664761515876239661, -1.129999999999999893 ) ) ;
#6343 = EDGE_CURVE ( 'NONE', #510, #179, #40, .T. ) ;
#6344 = PRESENTATION_LAYER_ASSIGNMENT (  '', '', ( #8247 ) ) ;
#6345 = VECTOR ( 'NONE', #2187, 1000.000000000000000 ) ;
#6346 = LINE ( 'NONE', #1927, #3357 ) ;
#6347 = LINE ( 'NONE', #2633, #9205 ) ;
#6348 = ORIENTED_EDGE ( 'NONE', *, *, #5714, .T. ) ;
#6349 = DIRECTION ( 'NONE',  ( 0.000000000000000000, 0.000000000000000000, 1.000000000000000000 ) ) ;
#6350 = ORIENTED_EDGE ( 'NONE', *, *, #196, .F. ) ;
#6351 = DIRECTION ( 'NONE',  ( 7.744301232039309779E-16, 0.000000000000000000, 1.000000000000000000 ) ) ;
#6352 = AXIS2_PLACEMENT_3D ( 'NONE', #1205, #4913, #9404 ) ;
#6353 = VECTOR ( 'NONE', #2082, 1000.000000000000000 ) ;
#6354 = EDGE_CURVE ( 'NONE', #9479, #6212, #3978, .T. ) ;
#6355 = DIRECTION ( 'NONE',  ( 0.000000000000000000, 0.000000000000000000, -1.000000000000000000 ) ) ;
#6356 = MECHANICAL_DESIGN_GEOMETRIC_PRESENTATION_REPRESENTATION (  '', ( #732 ), #9677 ) ;
#6357 = EDGE_LOOP ( 'NONE', ( #4728, #2737, #8406, #9269 ) ) ;
#6358 = ORIENTED_EDGE ( 'NONE', *, *, #2874, .T. ) ;
#6359 = DIRECTION ( 'NONE',  ( 0.000000000000000000, -1.000000000000000000, 0.000000000000000000 ) ) ;
#6360 = ORIENTED_EDGE ( 'NONE', *, *, #1530, .T. ) ;
#6361 = AXIS2_PLACEMENT_3D ( 'NONE', #4961, #7230, #8714 ) ;
#6362 = CARTESIAN_POINT ( 'NONE',  ( 0.6300000000000000044, 0.2000000000000000111, 2.000000000000000000 ) ) ;
#6363 = EDGE_LOOP ( 'NONE', ( #8781, #5935, #30, #1072, #8228 ) ) ;
#6364 = CARTESIAN_POINT ( 'NONE',  ( 1.719999999999999973, 0.2000000000000000111, -1.250000000000000000 ) ) ;
#6365 = DIRECTION ( 'NONE',  ( 0.000000000000000000, -1.000000000000000000, 0.000000000000000000 ) ) ;
#6366 = CARTESIAN_POINT ( 'NONE',  ( 2.000000000000000000, 0.000000000000000000, -0.6300000000000000044 ) ) ;
#6367 = DIRECTION ( 'NONE',  ( 0.000000000000000000, -1.000000000000000000, 0.000000000000000000 ) ) ;
#6368 = PRODUCT_CONTEXT ( 'NONE', #2526, 'mechanical' ) ;
#6369 = VERTEX_POINT ( 'NONE', #942 ) ;
#6370 = ORIENTED_EDGE ( 'NONE', *, *, #4749, .T. ) ;
#6371 = ORIENTED_EDGE ( 'NONE', *, *, #5730, .F. ) ;
#6372 = DIRECTION ( 'NONE',  ( 0.000000000000000000, -1.000000000000000000, 0.000000000000000000 ) ) ;
#6373 = ORIENTED_EDGE ( 'NONE', *, *, #7240, .T. ) ;
#6374 = DIRECTION ( 'NONE',  ( -0.000000000000000000, 1.000000000000000000, 0.000000000000000000 ) ) ;
#6375 = CARTESIAN_POINT ( 'NONE',  ( -1.719999999999999973, 0.2000000000000000111, -0.6300000000000000044 ) ) ;
#6376 = LINE ( 'NONE', #4802, #2898 ) ;
#6377 = EDGE_CURVE ( 'NONE', #4382, #2493, #5165, .T. ) ;
#6378 = ADVANCED_FACE ( 'NONE', ( #2883 ), #4439, .F. ) ;
#6379 = CYLINDRICAL_SURFACE ( 'NONE', #4449, 0.1200000000000000927 ) ;
#6380 = EDGE_LOOP ( 'NONE', ( #1218, #8707, #2063, #5124 ) ) ;
#6381 = ORIENTED_EDGE ( 'NONE', *, *, #2195, .F. ) ;
#6382 = DIRECTION ( 'NONE',  ( -0.000000000000000000, 1.000000000000000000, 0.000000000000000000 ) ) ;
#6383 = FILL_AREA_STYLE_COLOUR ( '', #7628 ) ;
#6384 = ORIENTED_EDGE ( 'NONE', *, *, #1384, .T. ) ;
#6385 = PLANE ( 'NONE',  #2246 ) ;
#6386 = DIRECTION ( 'NONE',  ( 1.000000000000000000, 0.000000000000000000, 0.000000000000000000 ) ) ;
#6387 = DIRECTION ( 'NONE',  ( -0.000000000000000000, 1.000000000000000000, 0.000000000000000000 ) ) ;
#6388 = DIRECTION ( 'NONE',  ( -0.7071067811865505703, 0.000000000000000000, 0.7071067811865444641 ) ) ;
#6389 = EDGE_CURVE ( 'NONE', #6521, #9405, #1687, .T. ) ;
#6390 = EDGE_CURVE ( 'NONE', #9452, #6063, #1975, .T. ) ;
#6391 = ADVANCED_FACE ( 'NONE', ( #7078 ), #7783, .T. ) ;
#6392 = LINE ( 'NONE', #1296, #4592 ) ;
#6393 = PLANE ( 'NONE',  #9039 ) ;
#6394 = ORIENTED_EDGE ( 'NONE', *, *, #8441, .F. ) ;
#6395 = CARTESIAN_POINT ( 'NONE',  ( -1.719999999999999973, 0.05000000000000000278, 1.250000000000000000 ) ) ;
#6396 = FACE_OUTER_BOUND ( 'NONE', #6422, .T. ) ;
#6397 = EDGE_CURVE ( 'NONE', #9004, #6998, #1921, .T. ) ;
#6398 = DIRECTION ( 'NONE',  ( 0.000000000000000000, 0.000000000000000000, 1.000000000000000000 ) ) ;
#6399 = PLANE ( 'NONE',  #8399 ) ;
#6400 = ORIENTED_EDGE ( 'NONE', *, *, #2678, .T. ) ;
#6401 = ORIENTED_EDGE ( 'NONE', *, *, #6432, .T. ) ;
#6402 = CARTESIAN_POINT ( 'NONE',  ( 0.2500000000000000000, 0.6664761515876239661, 1.719999999999999973 ) ) ;
#6403 = ORIENTED_EDGE ( 'NONE', *, *, #5606, .F. ) ;
#6404 = DIRECTION ( 'NONE',  ( -0.7071067811865495711, 0.000000000000000000, 0.7071067811865455743 ) ) ;
#6405 = ORIENTED_EDGE ( 'NONE', *, *, #100, .T. ) ;
#6406 = LINE ( 'NONE', #3461, #6790 ) ;
#6407 = ADVANCED_FACE ( 'NONE', ( #4903 ), #7828, .T. ) ;
#6408 = CARTESIAN_POINT ( 'NONE',  ( 2.000000000000000000, 0.6664761515876239661, -0.1299999999999999767 ) ) ;
#6409 = LINE ( 'NONE', #6313, #6493 ) ;
#6410 = PRESENTATION_STYLE_ASSIGNMENT (( #8690 ) ) ;
#6411 = VERTEX_POINT ( 'NONE', #6241 ) ;
#6412 = VERTEX_POINT ( 'NONE', #2523 ) ;
#6413 = VERTEX_POINT ( 'NONE', #4123 ) ;
#6414 = DIRECTION ( 'NONE',  ( 0.000000000000000000, 0.000000000000000000, -1.000000000000000000 ) ) ;
#6415 = ORIENTED_EDGE ( 'NONE', *, *, #583, .T. ) ;
#6416 = DIRECTION ( 'NONE',  ( -1.000000000000000000, 0.000000000000000000, 0.000000000000000000 ) ) ;
#6417 = CARTESIAN_POINT ( 'NONE',  ( 1.369999999999999885, 0.6664761515876239661, -1.719999999999999973 ) ) ;
#6418 = DIRECTION ( 'NONE',  ( 0.000000000000000000, 0.000000000000000000, 1.000000000000000000 ) ) ;
#6419 = CIRCLE ( 'NONE', #2207, 0.1200000000000000927 ) ;
#6420 = VERTEX_POINT ( 'NONE', #265 ) ;
#6421 = DIRECTION ( 'NONE',  ( -1.000000000000000000, 0.000000000000000000, 0.000000000000000000 ) ) ;
#6422 = EDGE_LOOP ( 'NONE', ( #6463, #4714, #6448, #4846 ) ) ;
#6423 = EDGE_CURVE ( 'NONE', #1888, #8472, #2716, .T. ) ;
#6424 = DIRECTION ( 'NONE',  ( 1.084202172485503818E-16, 0.000000000000000000, 1.000000000000000000 ) ) ;
#6425 = ORIENTED_EDGE ( 'NONE', *, *, #8476, .F. ) ;
#6426 = CARTESIAN_POINT ( 'NONE',  ( -2.000000000000000000, 0.6664761515876239661, 0.1299999999999999767 ) ) ;
#6427 = CARTESIAN_POINT ( 'NONE',  ( 0.1300000000000020028, 0.05000000000000000278, -1.006759160165126034E-16 ) ) ;
#6428 = DIRECTION ( 'NONE',  ( 0.000000000000000000, 1.000000000000000000, 0.000000000000000000 ) ) ;
#6429 = EDGE_CURVE ( 'NONE', #2253, #6724, #7978, .T. ) ;
#6430 = CARTESIAN_POINT ( 'NONE',  ( 1.287966265713291980, 0.000000000000000000, 1.606164317247235074 ) ) ;
#6431 = VECTOR ( 'NONE', #5751, 1000.000000000000000 ) ;
#6432 = EDGE_CURVE ( 'NONE', #3350, #3458, #1243, .T. ) ;
#6433 = CARTESIAN_POINT ( 'NONE',  ( -1.719999999999999973, 0.000000000000000000, 0.7500000000000000000 ) ) ;
#6434 = EDGE_CURVE ( 'NONE', #9127, #9533, #5699, .T. ) ;
#6435 = DIRECTION ( 'NONE',  ( 0.000000000000000000, -1.000000000000000000, 0.000000000000000000 ) ) ;
#6436 = VERTEX_POINT ( 'NONE', #4026 ) ;
#6437 = AXIS2_PLACEMENT_3D ( 'NONE', #2274, #2598, #5581 ) ;
#6438 = PLANE ( 'NONE',  #7092 ) ;
#6439 = CARTESIAN_POINT ( 'NONE',  ( 1.369999999999999885, 0.05000000000000000278, -1.719999999999999973 ) ) ;
#6440 = EDGE_CURVE ( 'NONE', #8788, #9004, #2665, .T. ) ;
#6441 = CARTESIAN_POINT ( 'NONE',  ( 0.6300000000000000044, 0.6664761515876239661, 2.000000000000000000 ) ) ;
#6442 = CIRCLE ( 'NONE', #9280, 0.1200000000000000927 ) ;
#6443 = VECTOR ( 'NONE', #2148, 1000.000000000000000 ) ;
#6444 = FACE_OUTER_BOUND ( 'NONE', #4537, .T. ) ;
#6445 = EDGE_CURVE ( 'NONE', #9041, #2177, #9361, .T. ) ;
#6446 = FILL_AREA_STYLE_COLOUR ( '', #9025 ) ;
#6447 = ORIENTED_EDGE ( 'NONE', *, *, #9163, .T. ) ;
#6448 = ORIENTED_EDGE ( 'NONE', *, *, #5467, .T. ) ;
#6449 = VECTOR ( 'NONE', #6986, 1000.000000000000000 ) ;
#6450 = CARTESIAN_POINT ( 'NONE',  ( -1.369999999999999885, 0.6664761515876239661, -2.000000000000000000 ) ) ;
#6451 = ADVANCED_FACE ( 'NONE', ( #4217 ), #5499, .F. ) ;
#6452 = ORIENTED_EDGE ( 'NONE', *, *, #9407, .F. ) ;
#6453 = DIRECTION ( 'NONE',  ( 0.000000000000000000, 0.000000000000000000, -1.000000000000000000 ) ) ;
#6454 = ORIENTED_EDGE ( 'NONE', *, *, #6831, .T. ) ;
#6455 =( GEOMETRIC_REPRESENTATION_CONTEXT ( 3 ) GLOBAL_UNCERTAINTY_ASSIGNED_CONTEXT ( ( #7567 ) ) GLOBAL_UNIT_ASSIGNED_CONTEXT ( ( #1242, #1196, #7977 ) ) REPRESENTATION_CONTEXT ( 'NONE', 'WORKASPACE' ) );
#6456 = CARTESIAN_POINT ( 'NONE',  ( 2.000000000000000000, 0.2000000000000000111, 0.6300000000000000044 ) ) ;
#6457 = DIRECTION ( 'NONE',  ( 0.000000000000000000, 1.000000000000000000, 0.000000000000000000 ) ) ;
#6458 = DIRECTION ( 'NONE',  ( 0.000000000000000000, 0.000000000000000000, -1.000000000000000000 ) ) ;
#6459 = VECTOR ( 'NONE', #61, 1000.000000000000000 ) ;
#6460 = AXIS2_PLACEMENT_3D ( 'NONE', #7827, #4067, #5607 ) ;
#6461 =( LENGTH_UNIT ( ) NAMED_UNIT ( * ) SI_UNIT ( .MILLI., .METRE. ) );
#6462 = VERTEX_POINT ( 'NONE', #4068 ) ;
#6463 = ORIENTED_EDGE ( 'NONE', *, *, #1234, .F. ) ;
#6464 = ORIENTED_EDGE ( 'NONE', *, *, #236, .T. ) ;
#6465 = CARTESIAN_POINT ( 'NONE',  ( -1.719999999999999973, 0.05000000000000000278, 1.369999999999999885 ) ) ;
#6466 = ORIENTED_EDGE ( 'NONE', *, *, #631, .F. ) ;
#6467 = AXIS2_PLACEMENT_3D ( 'NONE', #966, #8597, #1856 ) ;
#6468 = CARTESIAN_POINT ( 'NONE',  ( -1.719999999999999973, 0.000000000000000000, 1.129999999999999893 ) ) ;
#6469 = CARTESIAN_POINT ( 'NONE',  ( -1.250000000000000000, 0.000000000000000000, 0.6000000000000000888 ) ) ;
#6470 = DIRECTION ( 'NONE',  ( 0.000000000000000000, -1.000000000000000000, 0.000000000000000000 ) ) ;
#6471 = AXIS2_PLACEMENT_3D ( 'NONE', #139, #2311, #4682 ) ;
#6472 = CARTESIAN_POINT ( 'NONE',  ( -0.6300000000000000044, 0.2000000000000000111, -2.000000000000000000 ) ) ;
#6473 = CIRCLE ( 'NONE', #9624, 0.1200000000000000927 ) ;
#6474 = VECTOR ( 'NONE', #6290, 1000.000000000000000 ) ;
#6475 = VERTEX_POINT ( 'NONE', #7136 ) ;
#6476 = CARTESIAN_POINT ( 'NONE',  ( -0.8699999999999999956, 0.2000000000000000111, 2.000000000000000000 ) ) ;
#6477 = VERTEX_POINT ( 'NONE', #8518 ) ;
#6478 = LINE ( 'NONE', #9356, #5024 ) ;
#6479 = PRESENTATION_STYLE_ASSIGNMENT (( #1431 ) ) ;
#6480 = ORIENTED_EDGE ( 'NONE', *, *, #7082, .F. ) ;
#6481 = DIRECTION ( 'NONE',  ( 0.000000000000000000, -1.000000000000000000, 0.000000000000000000 ) ) ;
#6482 = FACE_OUTER_BOUND ( 'NONE', #5796, .T. ) ;
#6483 = CARTESIAN_POINT ( 'NONE',  ( 2.000000000000000000, 0.000000000000000000, 1.369999999999999885 ) ) ;
#6484 = AXIS2_PLACEMENT_3D ( 'NONE', #4039, #7048, #6355 ) ;
#6485 = CARTESIAN_POINT ( 'NONE',  ( 1.719999999999999973, 0.05000000000000000278, 1.129999999999999893 ) ) ;
#6486 = VECTOR ( 'NONE', #2709, 1000.000000000000000 ) ;
#6487 = VECTOR ( 'NONE', #1394, 1000.000000000000000 ) ;
#6488 = ORIENTED_EDGE ( 'NONE', *, *, #775, .T. ) ;
#6489 = LINE ( 'NONE', #9550, #9644 ) ;
#6490 = VECTOR ( 'NONE', #7867, 1000.000000000000000 ) ;
#6491 = FILL_AREA_STYLE ('',( #3497 ) ) ;
#6492 = EDGE_LOOP ( 'NONE', ( #9587, #3284, #1906, #6563 ) ) ;
#6493 = VECTOR ( 'NONE', #1815, 1000.000000000000000 ) ;
#6494 = DIRECTION ( 'NONE',  ( -0.7071067811865505703, 0.000000000000000000, 0.7071067811865444641 ) ) ;
#6495 = CARTESIAN_POINT ( 'NONE',  ( -1.350000000000000089, 0.05000000000000000278, 0.6000000000000000888 ) ) ;
#6496 = LINE ( 'NONE', #2728, #2088 ) ;
#6497 = EDGE_CURVE ( 'NONE', #4885, #205, #5645, .T. ) ;
#6498 = STYLED_ITEM ( 'NONE', ( #9618 ), #8824 ) ;
#6499 = EDGE_CURVE ( 'NONE', #8729, #8326, #2864, .T. ) ;
#6500 = COLOUR_RGB ( '',0.7921568627450980005, 0.8196078431372548767, 0.9333333333333333481 ) ;
#6501 = VECTOR ( 'NONE', #8139, 1000.000000000000000 ) ;
#6502 = PLANE ( 'NONE',  #4611 ) ;
#6503 =( LENGTH_UNIT ( ) NAMED_UNIT ( * ) SI_UNIT ( .MILLI., .METRE. ) );
#6504 = ORIENTED_EDGE ( 'NONE', *, *, #1758, .F. ) ;
#6505 = ORIENTED_EDGE ( 'NONE', *, *, #1550, .T. ) ;
#6506 = CARTESIAN_POINT ( 'NONE',  ( -0.7500000000000000000, 0.000000000000000000, 1.719999999999999973 ) ) ;
#6507 = EDGE_LOOP ( 'NONE', ( #7909, #7803, #2203, #3598 ) ) ;
#6508 = CARTESIAN_POINT ( 'NONE',  ( -0.7500000000000000000, 0.05000000000000000278, 1.719999999999999973 ) ) ;
#6509 = EDGE_LOOP ( 'NONE', ( #8667, #2411, #398, #622 ) ) ;
#6510 = PRESENTATION_LAYER_ASSIGNMENT (  '', '', ( #8572 ) ) ;
#6511 = FACE_OUTER_BOUND ( 'NONE', #591, .T. ) ;
#6512 = CARTESIAN_POINT ( 'NONE',  ( 0.8699999999999999956, 0.2000000000000000111, -1.719999999999999973 ) ) ;
#6513 = FACE_OUTER_BOUND ( 'NONE', #6921, .T. ) ;
#6514 = EDGE_CURVE ( 'NONE', #7774, #8616, #9305, .T. ) ;
#6515 = EDGE_CURVE ( 'NONE', #2041, #6977, #8618, .T. ) ;
#6516 = COLOUR_RGB ( '',0.7921568627450980005, 0.8196078431372548767, 0.9333333333333333481 ) ;
#6517 = CARTESIAN_POINT ( 'NONE',  ( 0.8699999999999999956, 0.2000000000000000111, 1.719999999999999973 ) ) ;
#6518 = VECTOR ( 'NONE', #2486, 1000.000000000000000 ) ;
#6519 = VERTEX_POINT ( 'NONE', #1873 ) ;
#6520 = ORIENTED_EDGE ( 'NONE', *, *, #8172, .T. ) ;
#6521 = VERTEX_POINT ( 'NONE', #1095 ) ;
#6522 = DIRECTION ( 'NONE',  ( 0.000000000000000000, -1.000000000000000000, 0.000000000000000000 ) ) ;
#6523 = VERTEX_POINT ( 'NONE', #1838 ) ;
#6524 = CARTESIAN_POINT ( 'NONE',  ( -0.3699999999999999956, 0.05000000000000000278, -1.719999999999999973 ) ) ;
#6525 = CARTESIAN_POINT ( 'NONE',  ( -1.719999999999999973, 0.2000000000000000111, -0.1299999999999999767 ) ) ;
#6526 = CARTESIAN_POINT ( 'NONE',  ( 0.6300000000000000044, 0.2000000000000000111, -1.719999999999999973 ) ) ;
#6527 = EDGE_CURVE ( 'NONE', #4780, #8363, #2710, .T. ) ;
#6528 = VECTOR ( 'NONE', #4124, 1000.000000000000000 ) ;
#6529 = CARTESIAN_POINT ( 'NONE',  ( 0.6300000000000000044, 0.2000000000000000111, -1.719999999999999973 ) ) ;
#6530 = VERTEX_POINT ( 'NONE', #7377 ) ;
#6531 = LINE ( 'NONE', #8800, #7907 ) ;
#6532 = ORIENTED_EDGE ( 'NONE', *, *, #1464, .T. ) ;
#6533 = PLANE ( 'NONE',  #6119 ) ;
#6534 =( NAMED_UNIT ( * ) SI_UNIT ( $, .STERADIAN. ) SOLID_ANGLE_UNIT ( ) );
#6535 = ORIENTED_EDGE ( 'NONE', *, *, #2075, .T. ) ;
#6536 = PRESENTATION_STYLE_ASSIGNMENT (( #749 ) ) ;
#6537 = DIRECTION ( 'NONE',  ( -0.000000000000000000, 1.000000000000000000, 0.000000000000000000 ) ) ;
#6538 = FACE_OUTER_BOUND ( 'NONE', #1889, .T. ) ;
#6539 = DIRECTION ( 'NONE',  ( 0.000000000000000000, -1.000000000000000000, 0.000000000000000000 ) ) ;
#6540 = ADVANCED_FACE ( 'NONE', ( #2914 ), #2069, .F. ) ;
#6541 = VERTEX_POINT ( 'NONE', #7282 ) ;
#6542 = CARTESIAN_POINT ( 'NONE',  ( 0.1299999999999999767, 0.2000000000000000111, -2.000000000000000000 ) ) ;
#6543 = PLANE ( 'NONE',  #2141 ) ;
#6544 = ORIENTED_EDGE ( 'NONE', *, *, #4515, .T. ) ;
#6545 = LINE ( 'NONE', #419, #502 ) ;
#6546 = LINE ( 'NONE', #7241, #2135 ) ;
#6547 = CARTESIAN_POINT ( 'NONE',  ( 2.000000000000000000, 0.05000000000000000278, 0.1299999999999999767 ) ) ;
#6548 = LINE ( 'NONE', #1210, #4748 ) ;
#6549 = CARTESIAN_POINT ( 'NONE',  ( 0.7500000000000000000, 0.6664761515876239661, 1.600000000000000089 ) ) ;
#6550 = ORIENTED_EDGE ( 'NONE', *, *, #7728, .T. ) ;
#6551 = ADVANCED_FACE ( 'NONE', ( #6633 ), #499, .T. ) ;
#6552 = VERTEX_POINT ( 'NONE', #703 ) ;
#6553 = ADVANCED_FACE ( 'NONE', ( #3631 ), #4325, .T. ) ;
#6554 = CARTESIAN_POINT ( 'NONE',  ( -2.000000000000000000, 0.05000000000000000278, 1.369999999999999885 ) ) ;
#6555 = ORIENTED_EDGE ( 'NONE', *, *, #4530, .F. ) ;
#6556 = LINE ( 'NONE', #8780, #189 ) ;
#6557 = PLANE ( 'NONE',  #1589 ) ;
#6558 = CARTESIAN_POINT ( 'NONE',  ( -2.000000000000000000, 0.05000000000000000278, 1.129999999999999893 ) ) ;
#6559 = EDGE_CURVE ( 'NONE', #169, #1188, #5149, .T. ) ;
#6560 = CARTESIAN_POINT ( 'NONE',  ( 1.719999999999999973, 0.2000000000000000111, -1.129999999999999893 ) ) ;
#6561 = CARTESIAN_POINT ( 'NONE',  ( 1.719999999999999973, 0.6664761515876239661, -1.129999999999999893 ) ) ;
#6562 = VERTEX_POINT ( 'NONE', #8861 ) ;
#6563 = ORIENTED_EDGE ( 'NONE', *, *, #4661, .F. ) ;
#6564 = ADVANCED_FACE ( 'NONE', ( #5193 ), #4416, .F. ) ;
#6565 = ORIENTED_EDGE ( 'NONE', *, *, #8276, .T. ) ;
#6566 = CARTESIAN_POINT ( 'NONE',  ( 0.3699999999999999956, 0.2000000000000000111, 1.719999999999999973 ) ) ;
#6567 = ORIENTED_EDGE ( 'NONE', *, *, #1349, .F. ) ;
#6568 = LINE ( 'NONE', #2161, #6003 ) ;
#6569 = CARTESIAN_POINT ( 'NONE',  ( -0.2500000000000000000, 0.000000000000000000, 1.600000000000000089 ) ) ;
#6570 = EDGE_CURVE ( 'NONE', #7061, #551, #1289, .T. ) ;
#6571 = ADVANCED_FACE ( 'NONE', ( #7338 ), #2126, .F. ) ;
#6572 = DIRECTION ( 'NONE',  ( 1.000000000000000000, 0.000000000000000000, 0.000000000000000000 ) ) ;
#6573 = DIRECTION ( 'NONE',  ( 0.000000000000000000, 0.000000000000000000, -1.000000000000000000 ) ) ;
#6574 = ORIENTED_EDGE ( 'NONE', *, *, #3157, .F. ) ;
#6575 = FACE_OUTER_BOUND ( 'NONE', #2781, .T. ) ;
#6576 = ORIENTED_EDGE ( 'NONE', *, *, #2097, .F. ) ;
#6577 = EDGE_CURVE ( 'NONE', #340, #8220, #9696, .T. ) ;
#6578 = LINE ( 'NONE', #4467, #2692 ) ;
#6579 = FACE_OUTER_BOUND ( 'NONE', #451, .T. ) ;
#6580 = ORIENTED_EDGE ( 'NONE', *, *, #5358, .F. ) ;
#6581 = PLANE ( 'NONE',  #5359 ) ;
#6582 = DIRECTION ( 'NONE',  ( 0.000000000000000000, 0.000000000000000000, -1.000000000000000000 ) ) ;
#6583 = PLANE ( 'NONE',  #2986 ) ;
#6584 = CARTESIAN_POINT ( 'NONE',  ( 0.2500000000000000000, 0.000000000000000000, 1.719999999999999973 ) ) ;
#6585 = EDGE_LOOP ( 'NONE', ( #7656, #1407, #1106, #1337 ) ) ;
#6586 = CARTESIAN_POINT ( 'NONE',  ( 1.350000000000000089, 0.05000000000000000278, 0.6000000000000000888 ) ) ;
#6587 = EDGE_CURVE ( 'NONE', #7267, #6321, #8168, .T. ) ;
#6588 = DIRECTION ( 'NONE',  ( 0.000000000000000000, -1.000000000000000000, 0.000000000000000000 ) ) ;
#6589 = ORIENTED_EDGE ( 'NONE', *, *, #3436, .F. ) ;
#6590 = DIRECTION ( 'NONE',  ( -0.000000000000000000, 1.000000000000000000, 0.000000000000000000 ) ) ;
#6591 = DIRECTION ( 'NONE',  ( 0.000000000000000000, -1.000000000000000000, 0.000000000000000000 ) ) ;
#6592 = AXIS2_PLACEMENT_3D ( 'NONE', #2247, #6012, #84 ) ;
#6593 = DIRECTION ( 'NONE',  ( 1.000000000000000000, 0.000000000000000000, 7.744301232039309779E-16 ) ) ;
#6594 = VECTOR ( 'NONE', #4341, 1000.000000000000000 ) ;
#6595 = FACE_OUTER_BOUND ( 'NONE', #8394, .T. ) ;
#6596 = ADVANCED_FACE ( 'NONE', ( #2174 ), #2963, .T. ) ;
#6597 = DIRECTION ( 'NONE',  ( 0.000000000000000000, 1.000000000000000000, 0.000000000000000000 ) ) ;
#6598 = ORIENTED_EDGE ( 'NONE', *, *, #6002, .F. ) ;
#6599 = VERTEX_POINT ( 'NONE', #1435 ) ;
#6600 = DIRECTION ( 'NONE',  ( -1.000000000000000000, 0.000000000000000000, 0.000000000000000000 ) ) ;
#6601 = ORIENTED_EDGE ( 'NONE', *, *, #2367, .T. ) ;
#6602 = DIRECTION ( 'NONE',  ( 0.000000000000000000, -1.000000000000000000, 0.000000000000000000 ) ) ;
#6603 = AXIS2_PLACEMENT_3D ( 'NONE', #8204, #7607, #4498 ) ;
#6604 = DIRECTION ( 'NONE',  ( 0.000000000000000000, 0.000000000000000000, -1.000000000000000000 ) ) ;
#6605 = CARTESIAN_POINT ( 'NONE',  ( -0.8699999999999999956, 0.2000000000000000111, 1.719999999999999973 ) ) ;
#6606 = DIRECTION ( 'NONE',  ( 0.000000000000000000, 0.000000000000000000, -1.000000000000000000 ) ) ;
#6607 = VECTOR ( 'NONE', #3987, 1000.000000000000000 ) ;
#6608 = LINE ( 'NONE', #3523, #5084 ) ;
#6609 = AXIS2_PLACEMENT_3D ( 'NONE', #5772, #3459, #8831 ) ;
#6610 = VERTEX_POINT ( 'NONE', #5941 ) ;
#6611 = AXIS2_PLACEMENT_3D ( 'NONE', #6997, #6101, #9262 ) ;
#6612 = ORIENTED_EDGE ( 'NONE', *, *, #6855, .F. ) ;
#6613 = ORIENTED_EDGE ( 'NONE', *, *, #2224, .T. ) ;
#6614 = DIRECTION ( 'NONE',  ( 0.000000000000000000, 0.000000000000000000, 1.000000000000000000 ) ) ;
#6615 = EDGE_LOOP ( 'NONE', ( #1659, #3753, #5827, #429 ) ) ;
#6616 = LINE ( 'NONE', #5137, #1926 ) ;
#6617 = DIRECTION ( 'NONE',  ( 0.000000000000000000, -1.000000000000000000, 0.000000000000000000 ) ) ;
#6618 = CARTESIAN_POINT ( 'NONE',  ( 2.000000000000000000, 0.05000000000000000278, -0.8699999999999999956 ) ) ;
#6619 = VECTOR ( 'NONE', #1785, 1000.000000000000000 ) ;
#6620 = COLOUR_RGB ( '',0.7921568627450980005, 0.8196078431372548767, 0.9333333333333333481 ) ;
#6621 = EDGE_CURVE ( 'NONE', #2047, #1693, #1916, .T. ) ;
#6622 = ADVANCED_FACE ( 'NONE', ( #6482 ), #1392, .T. ) ;
#6623 = DIRECTION ( 'NONE',  ( 1.000000000000000000, 0.000000000000000000, 0.000000000000000000 ) ) ;
#6624 = EDGE_CURVE ( 'NONE', #8568, #4783, #8023, .T. ) ;
#6625 = ORIENTED_EDGE ( 'NONE', *, *, #1001, .F. ) ;
#6626 = CYLINDRICAL_SURFACE ( 'NONE', #3195, 0.1199999999999999956 ) ;
#6627 = CIRCLE ( 'NONE', #1305, 0.1199999999999999956 ) ;
#6628 = ORIENTED_EDGE ( 'NONE', *, *, #6702, .F. ) ;
#6629 = DIRECTION ( 'NONE',  ( 1.000000000000000000, 0.000000000000000000, -1.084202172485503818E-16 ) ) ;
#6630 = VERTEX_POINT ( 'NONE', #5050 ) ;
#6631 = MECHANICAL_DESIGN_GEOMETRIC_PRESENTATION_REPRESENTATION (  '', ( #8837 ), #3646 ) ;
#6632 = PRESENTATION_STYLE_ASSIGNMENT (( #5940 ) ) ;
#6633 = FACE_OUTER_BOUND ( 'NONE', #69, .T. ) ;
#6634 = DIRECTION ( 'NONE',  ( -1.000000000000000000, 0.000000000000000000, -7.744301232039309779E-16 ) ) ;
#6635 = LINE ( 'NONE', #706, #9483 ) ;
#6636 = VECTOR ( 'NONE', #3409, 1000.000000000000000 ) ;
#6637 = EDGE_CURVE ( 'NONE', #766, #914, #8806, .T. ) ;
#6638 = VECTOR ( 'NONE', #826, 1000.000000000000000 ) ;
#6639 = ORIENTED_EDGE ( 'NONE', *, *, #8640, .T. ) ;
#6640 = CARTESIAN_POINT ( 'NONE',  ( -2.000000000000000000, 0.05000000000000000278, 2.000000000000000000 ) ) ;
#6641 = FACE_OUTER_BOUND ( 'NONE', #4955, .T. ) ;
#6642 = AXIS2_PLACEMENT_3D ( 'NONE', #2639, #911, #2446 ) ;
#6643 = VERTEX_POINT ( 'NONE', #6183 ) ;
#6644 = AXIS2_PLACEMENT_3D ( 'NONE', #7617, #7515, #1428 ) ;
#6645 = SURFACE_STYLE_FILL_AREA ( #7384 ) ;
#6646 = DIRECTION ( 'NONE',  ( -0.000000000000000000, 1.000000000000000000, 0.000000000000000000 ) ) ;
#6647 = VECTOR ( 'NONE', #5729, 1000.000000000000000 ) ;
#6648 = DIRECTION ( 'NONE',  ( 1.000000000000000000, 0.000000000000000000, 0.000000000000000000 ) ) ;
#6649 = CARTESIAN_POINT ( 'NONE',  ( 1.250000000000000000, 0.05000000000000000278, 0.5000000000000000000 ) ) ;
#6650 = AXIS2_PLACEMENT_3D ( 'NONE', #5303, #2341, #28 ) ;
#6651 = CIRCLE ( 'NONE', #7444, 0.1000000000000000472 ) ;
#6652 = VECTOR ( 'NONE', #5991, 1000.000000000000000 ) ;
#6653 = LINE ( 'NONE', #9075, #8383 ) ;
#6654 = CARTESIAN_POINT ( 'NONE',  ( -1.006759160165100026E-16, 0.05000000000000000278, 0.1299999999999986167 ) ) ;
#6655 = ORIENTED_EDGE ( 'NONE', *, *, #5420, .T. ) ;
#6656 = VERTEX_POINT ( 'NONE', #3004 ) ;
#6657 = CARTESIAN_POINT ( 'NONE',  ( -0.6300000000000000044, 0.2000000000000000111, -2.000000000000000000 ) ) ;
#6658 = ORIENTED_EDGE ( 'NONE', *, *, #3007, .F. ) ;
#6659 = LINE ( 'NONE', #3922, #1910 ) ;
#6660 = VECTOR ( 'NONE', #4834, 1000.000000000000000 ) ;
#6661 = CARTESIAN_POINT ( 'NONE',  ( -1.250000000000000000, 0.2000000000000000111, -1.719999999999999973 ) ) ;
#6662 = FACE_OUTER_BOUND ( 'NONE', #7639, .T. ) ;
#6663 = VECTOR ( 'NONE', #6039, 1000.000000000000000 ) ;
#6664 = DIRECTION ( 'NONE',  ( -0.000000000000000000, 1.000000000000000000, 0.000000000000000000 ) ) ;
#6665 = AXIS2_PLACEMENT_3D ( 'NONE', #432, #1896, #6458 ) ;
#6666 = EDGE_CURVE ( 'NONE', #7633, #9129, #3142, .T. ) ;
#6667 = PRESENTATION_STYLE_ASSIGNMENT (( #5273 ) ) ;
#6668 = AXIS2_PLACEMENT_3D ( 'NONE', #4867, #1155, #7150 ) ;
#6669 = AXIS2_PLACEMENT_3D ( 'NONE', #1602, #2304, #4493 ) ;
#6670 = ORIENTED_EDGE ( 'NONE', *, *, #3885, .F. ) ;
#6671 = ORIENTED_EDGE ( 'NONE', *, *, #5963, .T. ) ;
#6672 = ORIENTED_EDGE ( 'NONE', *, *, #7292, .T. ) ;
#6673 = DIRECTION ( 'NONE',  ( 0.000000000000000000, 0.000000000000000000, 1.000000000000000000 ) ) ;
#6674 = ORIENTED_EDGE ( 'NONE', *, *, #8172, .F. ) ;
#6675 = DIRECTION ( 'NONE',  ( 0.000000000000000000, 0.000000000000000000, 1.000000000000000000 ) ) ;
#6676 = FACE_OUTER_BOUND ( 'NONE', #3808, .T. ) ;
#6677 = DIRECTION ( 'NONE',  ( -1.000000000000000000, 0.000000000000000000, 0.000000000000000000 ) ) ;
#6678 = VECTOR ( 'NONE', #5064, 1000.000000000000000 ) ;
#6679 = CARTESIAN_POINT ( 'NONE',  ( 1.369999999999999885, 0.6664761515876239661, 2.000000000000000000 ) ) ;
#6680 = ORIENTED_EDGE ( 'NONE', *, *, #1773, .T. ) ;
#6681 = LINE ( 'NONE', #5143, #8232 ) ;
#6682 = ORIENTED_EDGE ( 'NONE', *, *, #4206, .F. ) ;
#6683 = CARTESIAN_POINT ( 'NONE',  ( -0.8699999999999999956, 0.6664761515876239661, -1.719999999999999973 ) ) ;
#6684 = FILL_AREA_STYLE ('',( #3686 ) ) ;
#6685 = VERTEX_POINT ( 'NONE', #932 ) ;
#6686 = EDGE_CURVE ( 'NONE', #8799, #4614, #3192, .T. ) ;
#6687 = DIRECTION ( 'NONE',  ( 0.000000000000000000, 0.000000000000000000, -1.000000000000000000 ) ) ;
#6688 = ADVANCED_FACE ( 'NONE', ( #9149 ), #2417, .T. ) ;
#6689 = DIRECTION ( 'NONE',  ( 0.000000000000000000, 0.000000000000000000, 1.000000000000000000 ) ) ;
#6690 = DIRECTION ( 'NONE',  ( 0.000000000000000000, 1.000000000000000000, 0.000000000000000000 ) ) ;
#6691 = CARTESIAN_POINT ( 'NONE',  ( -1.682033734286709770, 0.000000000000000000, 1.363835682752762013 ) ) ;
#6692 = EDGE_CURVE ( 'NONE', #1107, #3954, #1627, .T. ) ;
#6693 = ORIENTED_EDGE ( 'NONE', *, *, #7524, .F. ) ;
#6694 = CYLINDRICAL_SURFACE ( 'NONE', #6106, 0.1200000000000000927 ) ;
#6695 = DIRECTION ( 'NONE',  ( -0.000000000000000000, 1.000000000000000000, 0.000000000000000000 ) ) ;
#6696 = PRESENTATION_STYLE_ASSIGNMENT (( #2924 ) ) ;
#6697 = EDGE_CURVE ( 'NONE', #6321, #6552, #8311, .T. ) ;
#6698 = DIRECTION ( 'NONE',  ( 1.000000000000000000, 0.000000000000000000, 0.000000000000000000 ) ) ;
#6699 = DIRECTION ( 'NONE',  ( 0.000000000000000000, -1.000000000000000000, 0.000000000000000000 ) ) ;
#6700 = DIRECTION ( 'NONE',  ( 1.000000000000000000, 0.000000000000000000, 0.000000000000000000 ) ) ;
#6701 = ADVANCED_FACE ( 'NONE', ( #6876 ), #5391, .T. ) ;
#6702 = EDGE_CURVE ( 'NONE', #9240, #1533, #3939, .T. ) ;
#6703 = CLOSED_SHELL ( 'NONE', ( #3916, #8371, #2329, #3679, #1286, #2445, #1725, #8982 ) ) ;
#6704 = DIRECTION ( 'NONE',  ( 0.000000000000000000, 0.000000000000000000, 1.000000000000000000 ) ) ;
#6705 = CARTESIAN_POINT ( 'NONE',  ( 0.000000000000000000, 0.05000000000000000278, -0.6300000000000000044 ) ) ;
#6706 = EDGE_LOOP ( 'NONE', ( #4253, #2588, #8389, #6124 ) ) ;
#6707 = PLANE ( 'NONE',  #9295 ) ;
#6708 = EDGE_CURVE ( 'NONE', #3422, #3528, #4470, .T. ) ;
#6709 = VERTEX_POINT ( 'NONE', #5290 ) ;
#6710 = CARTESIAN_POINT ( 'NONE',  ( 1.719999999999999973, 0.2000000000000000111, 0.3699999999999999956 ) ) ;
#6711 = DIRECTION ( 'NONE',  ( -1.000000000000000000, -0.000000000000000000, -0.000000000000000000 ) ) ;
#6712 = CARTESIAN_POINT ( 'NONE',  ( 0.8699999999999999956, 0.000000000000000000, 1.719999999999999973 ) ) ;
#6713 = DIRECTION ( 'NONE',  ( 0.000000000000000000, 0.000000000000000000, 1.000000000000000000 ) ) ;
#6714 = ORIENTED_EDGE ( 'NONE', *, *, #6140, .F. ) ;
#6715 = ORIENTED_EDGE ( 'NONE', *, *, #1288, .F. ) ;
#6716 = ADVANCED_FACE ( 'NONE', ( #9203 ), #8457, .F. ) ;
#6717 = ORIENTED_EDGE ( 'NONE', *, *, #107, .T. ) ;
#6718 = DIRECTION ( 'NONE',  ( 1.000000000000000000, 0.000000000000000000, -7.744301232039309779E-16 ) ) ;
#6719 = ORIENTED_EDGE ( 'NONE', *, *, #6071, .T. ) ;
#6720 = DIRECTION ( 'NONE',  ( 0.000000000000000000, -1.000000000000000000, 0.000000000000000000 ) ) ;
#6721 = DIRECTION ( 'NONE',  ( 0.000000000000000000, 0.000000000000000000, 1.000000000000000000 ) ) ;
#6722 = DIRECTION ( 'NONE',  ( -0.7071067811865504593, 0.000000000000000000, 0.7071067811865445751 ) ) ;
#6723 = DIRECTION ( 'NONE',  ( 0.000000000000000000, 0.000000000000000000, -1.000000000000000000 ) ) ;
#6724 = VERTEX_POINT ( 'NONE', #2279 ) ;
#6725 = FACE_OUTER_BOUND ( 'NONE', #7364, .T. ) ;
#6726 = VERTEX_POINT ( 'NONE', #4653 ) ;
#6727 = CYLINDRICAL_SURFACE ( 'NONE', #3925, 0.1200000000000000927 ) ;
#6728 = EDGE_CURVE ( 'NONE', #4199, #8487, #7478, .T. ) ;
#6729 = VERTEX_POINT ( 'NONE', #3911 ) ;
#6730 =( NAMED_UNIT ( * ) PLANE_ANGLE_UNIT ( ) SI_UNIT ( $, .RADIAN. ) );
#6731 = DIRECTION ( 'NONE',  ( -0.000000000000000000, 1.000000000000000000, -0.000000000000000000 ) ) ;
#6732 = DIRECTION ( 'NONE',  ( 0.000000000000000000, 0.000000000000000000, 1.000000000000000000 ) ) ;
#6733 = DIRECTION ( 'NONE',  ( -1.000000000000000000, 0.000000000000000000, -7.744301232039309779E-16 ) ) ;
#6734 = ADVANCED_FACE ( 'NONE', ( #6914 ), #198, .F. ) ;
#6735 = VERTEX_POINT ( 'NONE', #841 ) ;
#6736 = DIRECTION ( 'NONE',  ( 0.000000000000000000, -1.000000000000000000, 0.000000000000000000 ) ) ;
#6737 = ORIENTED_EDGE ( 'NONE', *, *, #4879, .F. ) ;
#6738 = LINE ( 'NONE', #5997, #5255 ) ;
#6739 = CARTESIAN_POINT ( 'NONE',  ( -1.250000000000000000, 0.2000000000000000111, -1.719999999999999973 ) ) ;
#6740 = CYLINDRICAL_SURFACE ( 'NONE', #7796, 0.1200000000000000927 ) ;
#6741 = CARTESIAN_POINT ( 'NONE',  ( 1.719999999999999973, 0.000000000000000000, -0.3699999999999999956 ) ) ;
#6742 = VECTOR ( 'NONE', #17, 1000.000000000000000 ) ;
#6743 = EDGE_CURVE ( 'NONE', #5917, #1268, #7520, .T. ) ;
#6744 = EDGE_CURVE ( 'NONE', #1178, #9240, #13, .T. ) ;
#6745 = LINE ( 'NONE', #6004, #850 ) ;
#6746 = DIRECTION ( 'NONE',  ( -7.744301232039309779E-16, 0.000000000000000000, -1.000000000000000000 ) ) ;
#6747 = VERTEX_POINT ( 'NONE', #6775 ) ;
#6748 = DIRECTION ( 'NONE',  ( 0.000000000000000000, 0.000000000000000000, 1.000000000000000000 ) ) ;
#6749 = ORIENTED_EDGE ( 'NONE', *, *, #6397, .F. ) ;
#6750 = FACE_OUTER_BOUND ( 'NONE', #8653, .T. ) ;
#6751 = LINE ( 'NONE', #1516, #3811 ) ;
#6752 = DIRECTION ( 'NONE',  ( 0.000000000000000000, -1.000000000000000000, 0.000000000000000000 ) ) ;
#6753 = AXIS2_PLACEMENT_3D ( 'NONE', #4654, #7665, #895 ) ;
#6754 = ADVANCED_FACE ( 'NONE', ( #3056 ), #6042, .T. ) ;
#6755 = ORIENTED_EDGE ( 'NONE', *, *, #1963, .F. ) ;
#6756 = ORIENTED_EDGE ( 'NONE', *, *, #4229, .F. ) ;
#6757 = VECTOR ( 'NONE', #182, 1000.000000000000000 ) ;
#6758 = VERTEX_POINT ( 'NONE', #2369 ) ;
#6759 = CARTESIAN_POINT ( 'NONE',  ( -1.682033734286709770, -0.05729555854656199348, -1.363835682752762013 ) ) ;
#6760 = ORIENTED_EDGE ( 'NONE', *, *, #2006, .T. ) ;
#6761 = AXIS2_PLACEMENT_3D ( 'NONE', #7995, #4191, #5770 ) ;
#6762 = CARTESIAN_POINT ( 'NONE',  ( 0.6300000000000000044, 0.2000000000000000111, 2.000000000000000000 ) ) ;
#6763 = DIRECTION ( 'NONE',  ( 1.000000000000000000, 0.000000000000000000, 0.000000000000000000 ) ) ;
#6764 = LINE ( 'NONE', #1614, #857 ) ;
#6765 = VECTOR ( 'NONE', #3562, 1000.000000000000000 ) ;
#6766 = AXIS2_PLACEMENT_3D ( 'NONE', #1554, #2299, #8327 ) ;
#6767 = SURFACE_STYLE_USAGE ( .BOTH. , #2410 ) ;
#6768 = ORIENTED_EDGE ( 'NONE', *, *, #8730, .F. ) ;
#6769 = CARTESIAN_POINT ( 'NONE',  ( -1.500000000000000000, 0.9000000000000000222, -1.500000000000000000 ) ) ;
#6770 = ORIENTED_EDGE ( 'NONE', *, *, #6221, .F. ) ;
#6771 = CARTESIAN_POINT ( 'NONE',  ( 2.865391455854560040E-16, 0.05000000000000000278, -0.3699999999999999956 ) ) ;
#6772 = EDGE_LOOP ( 'NONE', ( #5044, #8898, #7857, #3539, #2137 ) ) ;
#6773 = VECTOR ( 'NONE', #7818, 1000.000000000000000 ) ;
#6774 = FACE_OUTER_BOUND ( 'NONE', #5436, .T. ) ;
#6775 = CARTESIAN_POINT ( 'NONE',  ( -0.1299999999999999767, 0.2000000000000000111, 1.719999999999999973 ) ) ;
#6776 = LINE ( 'NONE', #1491, #7309 ) ;
#6777 = LINE ( 'NONE', #6691, #7600 ) ;
#6778 = VECTOR ( 'NONE', #8089, 1000.000000000000000 ) ;
#6779 = EDGE_CURVE ( 'NONE', #4091, #9042, #5331, .T. ) ;
#6780 = VECTOR ( 'NONE', #4016, 1000.000000000000000 ) ;
#6781 = CIRCLE ( 'NONE', #6460, 0.1200000000000000927 ) ;
#6782 = VERTEX_POINT ( 'NONE', #3289 ) ;
#6783 = LINE ( 'NONE', #1544, #4535 ) ;
#6784 = VERTEX_POINT ( 'NONE', #4057 ) ;
#6785 = LINE ( 'NONE', #5341, #3691 ) ;
#6786 = DIRECTION ( 'NONE',  ( 0.000000000000000000, -1.000000000000000000, 0.000000000000000000 ) ) ;
#6787 = LINE ( 'NONE', #760, #3240 ) ;
#6788 = CYLINDRICAL_SURFACE ( 'NONE', #8689, 0.1200000000000000927 ) ;
#6789 = AXIS2_PLACEMENT_3D ( 'NONE', #5628, #2547, #8638 ) ;
#6790 = VECTOR ( 'NONE', #8684, 1000.000000000000000 ) ;
#6791 = CARTESIAN_POINT ( 'NONE',  ( -1.606164317247235074, 0.05000000000000000278, -1.287966265713290204 ) ) ;
#6792 = AXIS2_PLACEMENT_3D ( 'NONE', #8530, #2589, #4036 ) ;
#6793 = CARTESIAN_POINT ( 'NONE',  ( -1.250000000000000000, 0.2000000000000000111, -1.719999999999999973 ) ) ;
#6794 = ORIENTED_EDGE ( 'NONE', *, *, #2569, .F. ) ;
#6795 = AXIS2_PLACEMENT_3D ( 'NONE', #8179, #8738, #2972 ) ;
#6796 = DIRECTION ( 'NONE',  ( 0.000000000000000000, 1.000000000000000000, 0.000000000000000000 ) ) ;
#6797 = EDGE_LOOP ( 'NONE', ( #6639, #7167, #3218, #757 ) ) ;
#6798 = EDGE_CURVE ( 'NONE', #6643, #6562, #2613, .T. ) ;
#6799 = DIRECTION ( 'NONE',  ( -1.000000000000000000, 0.000000000000000000, 7.744301232039309779E-16 ) ) ;
#6800 = EDGE_CURVE ( 'NONE', #8512, #6369, #3168, .T. ) ;
#6801 = CARTESIAN_POINT ( 'NONE',  ( 1.719999999999999973, 0.2000000000000000111, 1.250000000000000000 ) ) ;
#6802 = FACE_OUTER_BOUND ( 'NONE', #7022, .T. ) ;
#6803 = CIRCLE ( 'NONE', #845, 0.1200000000000000927 ) ;
#6804 = EDGE_CURVE ( 'NONE', #6610, #900, #5197, .T. ) ;
#6805 = AXIS2_PLACEMENT_3D ( 'NONE', #6083, #934, #4655 ) ;
#6806 = LINE ( 'NONE', #818, #217 ) ;
#6807 = ORIENTED_EDGE ( 'NONE', *, *, #4242, .T. ) ;
#6808 = AXIS2_PLACEMENT_3D ( 'NONE', #988, #3969, #8704 ) ;
#6809 = ORIENTED_EDGE ( 'NONE', *, *, #5951, .T. ) ;
#6810 = ORIENTED_EDGE ( 'NONE', *, *, #6445, .T. ) ;
#6811 = CARTESIAN_POINT ( 'NONE',  ( 1.129999999999999893, 0.6664761515876239661, 1.719999999999999973 ) ) ;
#6812 = EDGE_LOOP ( 'NONE', ( #6110, #7800, #204, #3187, #9518, #5537 ) ) ;
#6813 = VECTOR ( 'NONE', #6115, 1000.000000000000000 ) ;
#6814 = DIRECTION ( 'NONE',  ( 0.000000000000000000, -1.000000000000000000, 0.000000000000000000 ) ) ;
#6815 = EDGE_CURVE ( 'NONE', #2610, #6643, #1718, .T. ) ;
#6816 = DIRECTION ( 'NONE',  ( 0.000000000000000000, -1.000000000000000000, 0.000000000000000000 ) ) ;
#6817 = DIRECTION ( 'NONE',  ( 0.7071067811865505703, 0.000000000000000000, -0.7071067811865444641 ) ) ;
#6818 = ADVANCED_FACE ( 'NONE', ( #1125 ), #4695, .F. ) ;
#6819 = EDGE_CURVE ( 'NONE', #879, #1831, #1182, .T. ) ;
#6820 = CIRCLE ( 'NONE', #5722, 0.1000000000000000472 ) ;
#6821 = AXIS2_PLACEMENT_3D ( 'NONE', #148, #3138, #6828 ) ;
#6822 = AXIS2_PLACEMENT_3D ( 'NONE', #3749, #8974, #8932 ) ;
#6823 = DIRECTION ( 'NONE',  ( 0.000000000000000000, -1.000000000000000000, 0.000000000000000000 ) ) ;
#6824 = ORIENTED_EDGE ( 'NONE', *, *, #4275, .T. ) ;
#6825 = CARTESIAN_POINT ( 'NONE',  ( 1.363835682752764011, -0.05729555854656199348, -1.682033734286709770 ) ) ;
#6826 = ORIENTED_EDGE ( 'NONE', *, *, #4956, .F. ) ;
#6827 = VERTEX_POINT ( 'NONE', #3337 ) ;
#6828 = DIRECTION ( 'NONE',  ( 0.000000000000000000, 0.000000000000000000, -1.000000000000000000 ) ) ;
#6829 = VERTEX_POINT ( 'NONE', #6325 ) ;
#6830 = DIRECTION ( 'NONE',  ( 0.000000000000000000, 0.000000000000000000, 1.000000000000000000 ) ) ;
#6831 = EDGE_CURVE ( 'NONE', #6204, #644, #7067, .T. ) ;
#6832 = CARTESIAN_POINT ( 'NONE',  ( -0.7500000000000000000, 0.2000000000000000111, 1.719999999999999973 ) ) ;
#6833 = CARTESIAN_POINT ( 'NONE',  ( 0.3699999999999999956, 0.2000000000000000111, -2.000000000000000000 ) ) ;
#6834 = PRESENTATION_LAYER_ASSIGNMENT (  '', '', ( #8890 ) ) ;
#6835 = PLANE ( 'NONE',  #5221 ) ;
#6836 = VERTEX_POINT ( 'NONE', #9430 ) ;
#6837 = EDGE_LOOP ( 'NONE', ( #8625, #6181, #5873, #8133 ) ) ;
#6838 = DIRECTION ( 'NONE',  ( -1.000000000000000000, 0.000000000000000000, 7.744301232039309779E-16 ) ) ;
#6839 = AXIS2_PLACEMENT_3D ( 'NONE', #4812, #6289, #9306 ) ;
#6840 = FACE_OUTER_BOUND ( 'NONE', #1780, .T. ) ;
#6841 = ORIENTED_EDGE ( 'NONE', *, *, #4863, .F. ) ;
#6842 = DIRECTION ( 'NONE',  ( -0.000000000000000000, 1.000000000000000000, -0.000000000000000000 ) ) ;
#6843 = EDGE_CURVE ( 'NONE', #915, #9297, #1864, .T. ) ;
#6844 = LINE ( 'NONE', #9503, #8067 ) ;
#6845 = CARTESIAN_POINT ( 'NONE',  ( 1.719999999999999973, 0.6664761515876239661, -0.8699999999999999956 ) ) ;
#6846 = FACE_OUTER_BOUND ( 'NONE', #822, .T. ) ;
#6847 = ORIENTED_EDGE ( 'NONE', *, *, #9407, .T. ) ;
#6848 = CARTESIAN_POINT ( 'NONE',  ( 1.719999999999999973, 0.2000000000000000111, 0.8699999999999999956 ) ) ;
#6849 = EDGE_LOOP ( 'NONE', ( #1225, #5199, #2711, #3946 ) ) ;
#6850 = DIRECTION ( 'NONE',  ( 0.000000000000000000, 0.000000000000000000, -1.000000000000000000 ) ) ;
#6851 = PLANE ( 'NONE',  #685 ) ;
#6852 = CARTESIAN_POINT ( 'NONE',  ( -0.8699999999999999956, 0.2000000000000000111, -1.719999999999999973 ) ) ;
#6853 = EDGE_CURVE ( 'NONE', #2880, #9086, #3963, .T. ) ;
#6854 = CARTESIAN_POINT ( 'NONE',  ( -1.719999999999999973, 0.6664761515876239661, 1.250000000000000000 ) ) ;
#6855 = EDGE_CURVE ( 'NONE', #8485, #8693, #3389, .T. ) ;
#6856 = ORIENTED_EDGE ( 'NONE', *, *, #1851, .T. ) ;
#6857 = ORIENTED_EDGE ( 'NONE', *, *, #8328, .F. ) ;
#6858 = EDGE_LOOP ( 'NONE', ( #8754, #2698, #5759, #5806 ) ) ;
#6859 = EDGE_CURVE ( 'NONE', #6784, #7836, #3428, .T. ) ;
#6860 = DIRECTION ( 'NONE',  ( -0.000000000000000000, 1.000000000000000000, -0.000000000000000000 ) ) ;
#6861 = ORIENTED_EDGE ( 'NONE', *, *, #7889, .T. ) ;
#6862 = DIRECTION ( 'NONE',  ( 0.000000000000000000, -1.000000000000000000, 0.000000000000000000 ) ) ;
#6863 = PLANE ( 'NONE',  #1462 ) ;
#6864 = DIRECTION ( 'NONE',  ( 0.000000000000000000, -1.000000000000000000, 0.000000000000000000 ) ) ;
#6865 = PRESENTATION_STYLE_ASSIGNMENT (( #6767 ) ) ;
#6866 = ADVANCED_FACE ( 'NONE', ( #8558 ), #7121, .T. ) ;
#6867 = ORIENTED_EDGE ( 'NONE', *, *, #9585, .F. ) ;
#6868 = CARTESIAN_POINT ( 'NONE',  ( -1.250000000000000000, 0.05000000000000000278, 0.09999999999999970024 ) ) ;
#6869 = VERTEX_POINT ( 'NONE', #1038 ) ;
#6870 = ORIENTED_EDGE ( 'NONE', *, *, #8577, .T. ) ;
#6871 = EDGE_CURVE ( 'NONE', #1523, #7267, #4842, .T. ) ;
#6872 = FILL_AREA_STYLE ('',( #4600 ) ) ;
#6873 = EDGE_LOOP ( 'NONE', ( #574, #1765, #9579, #6847 ) ) ;
#6874 = PLANE ( 'NONE',  #3342 ) ;
#6875 = UNCERTAINTY_MEASURE_WITH_UNIT (LENGTH_MEASURE( 1.000000000000000082E-05 ), #3001, 'distance_accuracy_value', 'NONE');
#6876 = FACE_OUTER_BOUND ( 'NONE', #4158, .T. ) ;
#6877 = CARTESIAN_POINT ( 'NONE',  ( -0.1299999999999999767, 0.2000000000000000111, -1.719999999999999973 ) ) ;
#6878 = DIRECTION ( 'NONE',  ( 0.7071067811865505703, 0.000000000000000000, -0.7071067811865444641 ) ) ;
#6879 = EDGE_CURVE ( 'NONE', #9097, #9322, #6230, .T. ) ;
#6880 = EDGE_LOOP ( 'NONE', ( #5368, #8595, #9374, #4318 ) ) ;
#6881 = DIRECTION ( 'NONE',  ( -1.000000000000000000, 0.000000000000000000, -7.744301232039309779E-16 ) ) ;
#6882 = SURFACE_SIDE_STYLE ('',( #4659 ) ) ;
#6883 = ORIENTED_EDGE ( 'NONE', *, *, #7927, .T. ) ;
#6884 = LINE ( 'NONE', #6193, #4098 ) ;
#6885 = DIRECTION ( 'NONE',  ( 0.000000000000000000, 0.000000000000000000, -1.000000000000000000 ) ) ;
#6886 = DIRECTION ( 'NONE',  ( 0.000000000000000000, 0.000000000000000000, -1.000000000000000000 ) ) ;
#6887 = PLANE ( 'NONE',  #5862 ) ;
#6888 = EDGE_CURVE ( 'NONE', #6630, #5389, #2702, .T. ) ;
#6889 = PLANE ( 'NONE',  #3203 ) ;
#6890 = LINE ( 'NONE', #6148, #5575 ) ;
#6891 = EDGE_LOOP ( 'NONE', ( #8497, #2392, #1022, #8415 ) ) ;
#6892 = DIRECTION ( 'NONE',  ( 0.000000000000000000, 0.000000000000000000, -1.000000000000000000 ) ) ;
#6893 = DIRECTION ( 'NONE',  ( 0.000000000000000000, -1.000000000000000000, 0.000000000000000000 ) ) ;
#6894 = DIRECTION ( 'NONE',  ( 0.000000000000000000, 0.000000000000000000, -1.000000000000000000 ) ) ;
#6895 = PLANE ( 'NONE',  #2916 ) ;
#6896 = FACE_OUTER_BOUND ( 'NONE', #1194, .T. ) ;
#6897 = ORIENTED_EDGE ( 'NONE', *, *, #3977, .F. ) ;
#6898 = ORIENTED_EDGE ( 'NONE', *, *, #9195, .T. ) ;
#6899 = ORIENTED_EDGE ( 'NONE', *, *, #6023, .F. ) ;
#6900 = CARTESIAN_POINT ( 'NONE',  ( -2.000000000000000000, 0.000000000000000000, -0.6300000000000000044 ) ) ;
#6901 = ORIENTED_EDGE ( 'NONE', *, *, #1047, .F. ) ;
#6902 = CARTESIAN_POINT ( 'NONE',  ( -1.287966265713290204, 0.000000000000000000, 1.606164317247239959 ) ) ;
#6903 = CARTESIAN_POINT ( 'NONE',  ( 0.8699999999999999956, 0.2000000000000000111, -1.719999999999999973 ) ) ;
#6904 = CARTESIAN_POINT ( 'NONE',  ( -1.287966265713290204, 0.2000000000000000111, -1.606164317247235074 ) ) ;
#6905 = CIRCLE ( 'NONE', #2214, 0.1199999999999999956 ) ;
#6906 = SURFACE_STYLE_FILL_AREA ( #3328 ) ;
#6907 = EDGE_LOOP ( 'NONE', ( #3511, #1981, #7275, #7180 ) ) ;
#6908 = AXIS2_PLACEMENT_3D ( 'NONE', #5556, #6382, #8164 ) ;
#6909 = ORIENTED_EDGE ( 'NONE', *, *, #4539, .T. ) ;
#6910 = ORIENTED_EDGE ( 'NONE', *, *, #1656, .T. ) ;
#6911 = DIRECTION ( 'NONE',  ( 7.744301232039309779E-16, 0.000000000000000000, 1.000000000000000000 ) ) ;
#6912 = VERTEX_POINT ( 'NONE', #5685 ) ;
#6913 = LINE ( 'NONE', #2366, #4892 ) ;
#6914 = FACE_OUTER_BOUND ( 'NONE', #4148, .T. ) ;
#6915 = CARTESIAN_POINT ( 'NONE',  ( 0.7500000000000000000, 0.2000000000000000111, 1.719999999999999973 ) ) ;
#6916 = CARTESIAN_POINT ( 'NONE',  ( -1.606164317247235074, 0.05000000000000000278, -1.287966265713290204 ) ) ;
#6917 = EDGE_CURVE ( 'NONE', #3558, #6118, #298, .T. ) ;
#6918 = VECTOR ( 'NONE', #2842, 1000.000000000000000 ) ;
#6919 = EDGE_CURVE ( 'NONE', #6026, #9126, #9290, .T. ) ;
#6920 = VECTOR ( 'NONE', #4818, 1000.000000000000000 ) ;
#6921 = EDGE_LOOP ( 'NONE', ( #4053, #1959, #6384, #2149 ) ) ;
#6922 = VERTEX_POINT ( 'NONE', #6525 ) ;
#6923 = CYLINDRICAL_SURFACE ( 'NONE', #1812, 0.1000000000000000472 ) ;
#6924 = CARTESIAN_POINT ( 'NONE',  ( -1.350000000000000089, 0.05000000000000000278, -3.252606517456513302E-16 ) ) ;
#6925 = VERTEX_POINT ( 'NONE', #4255 ) ;
#6926 = COLOUR_RGB ( '',0.7921568627450980005, 0.8196078431372548767, 0.9333333333333333481 ) ;
#6927 = CARTESIAN_POINT ( 'NONE',  ( 0.8699999999999999956, 0.2000000000000000111, 1.719999999999999973 ) ) ;
#6928 = CARTESIAN_POINT ( 'NONE',  ( -1.719999999999999973, 0.6664761515876239661, 1.369999999999999885 ) ) ;
#6929 = PLANE ( 'NONE',  #6050 ) ;
#6930 = DIRECTION ( 'NONE',  ( 0.000000000000000000, 1.000000000000000000, 0.000000000000000000 ) ) ;
#6931 = ADVANCED_FACE ( 'NONE', ( #9485 ), #9685, .F. ) ;
#6932 = VECTOR ( 'NONE', #6582, 1000.000000000000000 ) ;
#6933 = DIRECTION ( 'NONE',  ( 0.000000000000000000, 0.000000000000000000, 1.000000000000000000 ) ) ;
#6934 = SURFACE_STYLE_USAGE ( .BOTH. , #3930 ) ;
#6935 = VERTEX_POINT ( 'NONE', #7327 ) ;
#6936 = VECTOR ( 'NONE', #6029, 1000.000000000000000 ) ;
#6937 = DIRECTION ( 'NONE',  ( 0.000000000000000000, 0.000000000000000000, 1.000000000000000000 ) ) ;
#6938 = DIRECTION ( 'NONE',  ( -1.000000000000000000, 0.000000000000000000, 7.744301232039309779E-16 ) ) ;
#6939 = VECTOR ( 'NONE', #4002, 1000.000000000000000 ) ;
#6940 = CARTESIAN_POINT ( 'NONE',  ( -1.719999999999999973, 0.000000000000000000, 1.250000000000000000 ) ) ;
#6941 = DIRECTION ( 'NONE',  ( 0.000000000000000000, -1.000000000000000000, 0.000000000000000000 ) ) ;
#6942 = AXIS2_PLACEMENT_3D ( 'NONE', #4970, #7988, #5159 ) ;
#6943 = CIRCLE ( 'NONE', #1938, 0.1199999999999999956 ) ;
#6944 = FACE_OUTER_BOUND ( 'NONE', #7262, .T. ) ;
#6945 = ORIENTED_EDGE ( 'NONE', *, *, #269, .T. ) ;
#6946 = ORIENTED_EDGE ( 'NONE', *, *, #4941, .T. ) ;
#6947 = CARTESIAN_POINT ( 'NONE',  ( 2.000000000000000000, 0.6664761515876239661, 0.6300000000000000044 ) ) ;
#6948 = VERTEX_POINT ( 'NONE', #687 ) ;
#6949 = PLANE ( 'NONE',  #4711 ) ;
#6950 = EDGE_LOOP ( 'NONE', ( #2066, #1365, #7926, #1637 ) ) ;
#6951 =( GEOMETRIC_REPRESENTATION_CONTEXT ( 3 ) GLOBAL_UNCERTAINTY_ASSIGNED_CONTEXT ( ( #979 ) ) GLOBAL_UNIT_ASSIGNED_CONTEXT ( ( #6461, #9083, #4446 ) ) REPRESENTATION_CONTEXT ( 'NONE', 'WORKASPACE' ) );
#6952 = AXIS2_PLACEMENT_3D ( 'NONE', #2905, #6421, #7922 ) ;
#6953 = CARTESIAN_POINT ( 'NONE',  ( -2.000000000000000000, 0.6664761515876239661, -0.3699999999999999956 ) ) ;
#6954 = LINE ( 'NONE', #4832, #3490 ) ;
#6955 = DIRECTION ( 'NONE',  ( 0.000000000000000000, -1.000000000000000000, 0.000000000000000000 ) ) ;
#6956 = AXIS2_PLACEMENT_3D ( 'NONE', #348, #1828, #9486 ) ;
#6957 = VECTOR ( 'NONE', #4031, 1000.000000000000114 ) ;
#6958 =( LENGTH_UNIT ( ) NAMED_UNIT ( * ) SI_UNIT ( .MILLI., .METRE. ) );
#6959 = AXIS2_PLACEMENT_3D ( 'NONE', #8460, #5639, #4894 ) ;
#6960 = AXIS2_PLACEMENT_3D ( 'NONE', #7612, #3179, #3132 ) ;
#6961 = ORIENTED_EDGE ( 'NONE', *, *, #8200, .F. ) ;
#6962 = CARTESIAN_POINT ( 'NONE',  ( 2.000000000000000000, 0.2000000000000000111, -0.3699999999999999956 ) ) ;
#6963 = VERTEX_POINT ( 'NONE', #6569 ) ;
#6964 = ORIENTED_EDGE ( 'NONE', *, *, #4983, .T. ) ;
#6965 = FILL_AREA_STYLE_COLOUR ( '', #5085 ) ;
#6966 = EDGE_LOOP ( 'NONE', ( #4375, #7486, #1257, #7662 ) ) ;
#6967 = DIRECTION ( 'NONE',  ( 0.000000000000000000, -1.000000000000000000, 0.000000000000000000 ) ) ;
#6968 = UNCERTAINTY_MEASURE_WITH_UNIT (LENGTH_MEASURE( 1.000000000000000082E-05 ), #2987, 'distance_accuracy_value', 'NONE');
#6969 = DIRECTION ( 'NONE',  ( 0.000000000000000000, 0.000000000000000000, -1.000000000000000000 ) ) ;
#6970 = LINE ( 'NONE', #2884, #8491 ) ;
#6971 = CARTESIAN_POINT ( 'NONE',  ( -0.3699999999999999956, 0.2000000000000000111, 1.719999999999999973 ) ) ;
#6972 = AXIS2_PLACEMENT_3D ( 'NONE', #9336, #7699, #970 ) ;
#6973 = VECTOR ( 'NONE', #1487, 1000.000000000000000 ) ;
#6974 = AXIS2_PLACEMENT_3D ( 'NONE', #4560, #7719, #939 ) ;
#6975 = ADVANCED_BREP_SHAPE_REPRESENTATION ( 'TPS259830LNRGER', ( #8648, #5551, #2196, #2360, #2139, #2234, #8334, #5095, #5491, #2413, #8663, #5181, #8824, #8904, #5600, #2170, #5432, #2339, #5377, #8868, #5336, #8793, #8764, #5571, #5459, #5412, #5528, #8845, #4061 ), #314 ) ;
#6976 = CARTESIAN_POINT ( 'NONE',  ( -2.000000000000000000, 0.000000000000000000, -1.129999999999999893 ) ) ;
#6977 = VERTEX_POINT ( 'NONE', #1964 ) ;
#6978 = EDGE_CURVE ( 'NONE', #4102, #4142, #9575, .T. ) ;
#6979 = ORIENTED_EDGE ( 'NONE', *, *, #9568, .T. ) ;
#6980 = EDGE_CURVE ( 'NONE', #3049, #7475, #9146, .T. ) ;
#6981 = CARTESIAN_POINT ( 'NONE',  ( 0.8699999999999999956, 0.6664761515876239661, -1.719999999999999973 ) ) ;
#6982 = DIRECTION ( 'NONE',  ( 1.000000000000000000, 0.000000000000000000, 7.744301232039309779E-16 ) ) ;
#6983 = VERTEX_POINT ( 'NONE', #4990 ) ;
#6984 = AXIS2_PLACEMENT_3D ( 'NONE', #8923, #6588, #609 ) ;
#6985 = DIRECTION ( 'NONE',  ( 0.000000000000000000, -1.000000000000000000, 0.000000000000000000 ) ) ;
#6986 = DIRECTION ( 'NONE',  ( 7.744301232039309779E-16, 0.000000000000000000, 1.000000000000000000 ) ) ;
#6987 = FACE_OUTER_BOUND ( 'NONE', #8288, .T. ) ;
#6988 = EDGE_CURVE ( 'NONE', #7746, #778, #2758, .T. ) ;
#6989 = DIRECTION ( 'NONE',  ( 0.000000000000000000, 1.000000000000000000, 0.000000000000000000 ) ) ;
#6990 = AXIS2_PLACEMENT_3D ( 'NONE', #6294, #5568, #7835 ) ;
#6991 = CIRCLE ( 'NONE', #2844, 0.1200000000000000927 ) ;
#6992 = CLOSED_SHELL ( 'NONE', ( #3044, #863, #7713, #4816, #1246, #2432 ) ) ;
#6993 = LINE ( 'NONE', #1792, #8542 ) ;
#6994 = ADVANCED_FACE ( 'NONE', ( #8062 ), #7964, .F. ) ;
#6995 =( LENGTH_UNIT ( ) NAMED_UNIT ( * ) SI_UNIT ( .MILLI., .METRE. ) );
#6996 = ORIENTED_EDGE ( 'NONE', *, *, #3088, .F. ) ;
#6997 = CARTESIAN_POINT ( 'NONE',  ( 1.719999999999999973, 0.2000000000000000111, -0.7500000000000000000 ) ) ;
#6998 = VERTEX_POINT ( 'NONE', #2162 ) ;
#6999 = ADVANCED_FACE ( 'NONE', ( #5743 ), #8157, .T. ) ;
#7000 = ADVANCED_FACE ( 'NONE', ( #8905 ), #1382, .F. ) ;
#7001 = VECTOR ( 'NONE', #4174, 1000.000000000000000 ) ;
#7002 = LINE ( 'NONE', #5512, #5362 ) ;
#7003 = VECTOR ( 'NONE', #7829, 1000.000000000000000 ) ;
#7004 = CARTESIAN_POINT ( 'NONE',  ( -0.6300000000000000044, 0.6664761515876239661, -1.719999999999999973 ) ) ;
#7005 = CARTESIAN_POINT ( 'NONE',  ( -0.3699999999999999956, 0.6664761515876239661, 2.000000000000000000 ) ) ;
#7006 = ADVANCED_FACE ( 'NONE', ( #5138 ), #2113, .T. ) ;
#7007 = ORIENTED_EDGE ( 'NONE', *, *, #4525, .T. ) ;
#7008 = VERTEX_POINT ( 'NONE', #1330 ) ;
#7009 = CARTESIAN_POINT ( 'NONE',  ( -1.369999999999999885, 0.2000000000000000111, 1.719999999999999973 ) ) ;
#7010 = ORIENTED_EDGE ( 'NONE', *, *, #1761, .F. ) ;
#7011 = CARTESIAN_POINT ( 'NONE',  ( -1.250000000000000000, 0.2000000000000000111, -1.719999999999999973 ) ) ;
#7012 = ORIENTED_EDGE ( 'NONE', *, *, #463, .F. ) ;
#7013 = LINE ( 'NONE', #285, #5055 ) ;
#7014 = CARTESIAN_POINT ( 'NONE',  ( 1.363835682752764011, 0.2000000000000000111, -1.682033734286709770 ) ) ;
#7015 = DIRECTION ( 'NONE',  ( -1.000000000000000000, 0.000000000000000000, 0.000000000000000000 ) ) ;
#7016 = CARTESIAN_POINT ( 'NONE',  ( -1.129999999999999893, 0.000000000000000000, -2.000000000000000000 ) ) ;
#7017 = EDGE_CURVE ( 'NONE', #9533, #8975, #4357, .T. ) ;
#7018 =( NAMED_UNIT ( * ) PLANE_ANGLE_UNIT ( ) SI_UNIT ( $, .RADIAN. ) );
#7019 = ORIENTED_EDGE ( 'NONE', *, *, #3804, .F. ) ;
#7020 = FILL_AREA_STYLE ('',( #6446 ) ) ;
#7021 = ORIENTED_EDGE ( 'NONE', *, *, #4459, .T. ) ;
#7022 = EDGE_LOOP ( 'NONE', ( #2415, #2105, #3386, #3893, #8584, #7156, #7816 ) ) ;
#7023 = LINE ( 'NONE', #1905, #4081 ) ;
#7024 = ORIENTED_EDGE ( 'NONE', *, *, #5507, .T. ) ;
#7025 = LINE ( 'NONE', #6274, #3025 ) ;
#7026 = CARTESIAN_POINT ( 'NONE',  ( -1.719999999999999973, 0.6664761515876239661, 0.1299999999999999767 ) ) ;
#7027 = CARTESIAN_POINT ( 'NONE',  ( 1.250000000000000000, 0.000000000000000000, -1.719999999999999973 ) ) ;
#7028 = DIRECTION ( 'NONE',  ( 0.000000000000000000, 1.000000000000000000, 0.000000000000000000 ) ) ;
#7029 = FACE_OUTER_BOUND ( 'NONE', #5737, .T. ) ;
#7030 = EDGE_CURVE ( 'NONE', #4066, #6118, #2054, .T. ) ;
#7031 = VERTEX_POINT ( 'NONE', #486 ) ;
#7032 = EDGE_LOOP ( 'NONE', ( #4562, #8068, #6671, #8029 ) ) ;
#7033 = CARTESIAN_POINT ( 'NONE',  ( -2.000000000000000000, 1.000000000000000000, 2.000000000000000000 ) ) ;
#7034 = VERTEX_POINT ( 'NONE', #636 ) ;
#7035 = LINE ( 'NONE', #6927, #3018 ) ;
#7036 = DIRECTION ( 'NONE',  ( -0.000000000000000000, 1.000000000000000000, 0.000000000000000000 ) ) ;
#7037 = DIRECTION ( 'NONE',  ( 0.000000000000000000, 0.000000000000000000, 1.000000000000000000 ) ) ;
#7038 = CYLINDRICAL_SURFACE ( 'NONE', #3662, 0.1200000000000000927 ) ;
#7039 = CARTESIAN_POINT ( 'NONE',  ( 1.129999999999999893, 0.6664761515876239661, 2.000000000000000000 ) ) ;
#7040 = DIRECTION ( 'NONE',  ( 0.000000000000000000, -1.000000000000000000, 0.000000000000000000 ) ) ;
#7041 = ORIENTED_EDGE ( 'NONE', *, *, #7123, .F. ) ;
#7042 = CARTESIAN_POINT ( 'NONE',  ( 0.6300000000000000044, 0.05000000000000000278, 2.000000000000000000 ) ) ;
#7043 = ORIENTED_EDGE ( 'NONE', *, *, #2729, .T. ) ;
#7044 = CYLINDRICAL_SURFACE ( 'NONE', #7431, 0.1200000000000000927 ) ;
#7045 = DIRECTION ( 'NONE',  ( 0.000000000000000000, 0.000000000000000000, -1.000000000000000000 ) ) ;
#7046 = EDGE_CURVE ( 'NONE', #4574, #8352, #989, .T. ) ;
#7047 = ADVANCED_FACE ( 'NONE', ( #6676 ), #5034, .T. ) ;
#7048 = DIRECTION ( 'NONE',  ( 0.000000000000000000, -1.000000000000000000, 0.000000000000000000 ) ) ;
#7049 = VERTEX_POINT ( 'NONE', #4204 ) ;
#7050 = ORIENTED_EDGE ( 'NONE', *, *, #6728, .T. ) ;
#7051 = CARTESIAN_POINT ( 'NONE',  ( 2.000000000000000000, 0.6664761515876239661, -0.3699999999999999956 ) ) ;
#7052 = EDGE_LOOP ( 'NONE', ( #927, #680, #5590, #1710 ) ) ;
#7053 = DIRECTION ( 'NONE',  ( -7.744301232039309779E-16, 0.000000000000000000, 1.000000000000000000 ) ) ;
#7054 = ORIENTED_EDGE ( 'NONE', *, *, #3338, .F. ) ;
#7055 = CARTESIAN_POINT ( 'NONE',  ( -1.350000000000000089, 0.000000000000000000, 0.6000000000000000888 ) ) ;
#7056 = DIRECTION ( 'NONE',  ( 0.000000000000000000, 0.000000000000000000, -1.000000000000000000 ) ) ;
#7057 = DIRECTION ( 'NONE',  ( 0.000000000000000000, -1.000000000000000000, 0.000000000000000000 ) ) ;
#7058 = EDGE_CURVE ( 'NONE', #8306, #7263, #3474, .T. ) ;
#7059 = CARTESIAN_POINT ( 'NONE',  ( 0.1299999999999999767, 0.2000000000000000111, -2.000000000000000000 ) ) ;
#7060 = SURFACE_STYLE_FILL_AREA ( #3107 ) ;
#7061 = VERTEX_POINT ( 'NONE', #9536 ) ;
#7062 = ORIENTED_EDGE ( 'NONE', *, *, #7840, .T. ) ;
#7063 = ORIENTED_EDGE ( 'NONE', *, *, #2327, .T. ) ;
#7064 = SURFACE_SIDE_STYLE ('',( #8554 ) ) ;
#7065 = VERTEX_POINT ( 'NONE', #3092 ) ;
#7066 = DIRECTION ( 'NONE',  ( 0.000000000000000000, -1.000000000000000000, 0.000000000000000000 ) ) ;
#7067 = LINE ( 'NONE', #1825, #1454 ) ;
#7068 = CARTESIAN_POINT ( 'NONE',  ( -1.250000000000000000, 0.2000000000000000111, 1.719999999999999973 ) ) ;
#7069 = FACE_OUTER_BOUND ( 'NONE', #3235, .T. ) ;
#7070 = ADVANCED_FACE ( 'NONE', ( #4456 ), #8207, .F. ) ;
#7071 = AXIS2_PLACEMENT_3D ( 'NONE', #8981, #770, #6850 ) ;
#7072 = ORIENTED_EDGE ( 'NONE', *, *, #5506, .T. ) ;
#7073 = ORIENTED_EDGE ( 'NONE', *, *, #8887, .T. ) ;
#7074 = LINE ( 'NONE', #3348, #7696 ) ;
#7075 = VERTEX_POINT ( 'NONE', #2209 ) ;
#7076 = VECTOR ( 'NONE', #9532, 1000.000000000000000 ) ;
#7077 = SURFACE_STYLE_USAGE ( .BOTH. , #9398 ) ;
#7078 = FACE_OUTER_BOUND ( 'NONE', #2653, .T. ) ;
#7079 = DIRECTION ( 'NONE',  ( 1.000000000000000000, 0.000000000000000000, 0.000000000000000000 ) ) ;
#7080 = DIRECTION ( 'NONE',  ( 0.000000000000000000, -1.000000000000000000, 0.000000000000000000 ) ) ;
#7081 = VECTOR ( 'NONE', #56, 1000.000000000000000 ) ;
#7082 = EDGE_CURVE ( 'NONE', #7362, #5337, #6627, .T. ) ;
#7083 = VECTOR ( 'NONE', #5609, 1000.000000000000000 ) ;
#7084 = CIRCLE ( 'NONE', #1752, 0.1200000000000000927 ) ;
#7085 = LINE ( 'NONE', #2632, #2828 ) ;
#7086 = CARTESIAN_POINT ( 'NONE',  ( -1.129999999999999893, 0.6664761515876239661, -2.000000000000000000 ) ) ;
#7087 = ORIENTED_EDGE ( 'NONE', *, *, #2372, .T. ) ;
#7088 = DIRECTION ( 'NONE',  ( 1.000000000000000000, 0.000000000000000000, 0.000000000000000000 ) ) ;
#7089 = CARTESIAN_POINT ( 'NONE',  ( 1.249999999999999778, 0.000000000000000000, -1.350000000000000089 ) ) ;
#7090 = VECTOR ( 'NONE', #4799, 1000.000000000000000 ) ;
#7091 = DIRECTION ( 'NONE',  ( 0.000000000000000000, 1.000000000000000000, 0.000000000000000000 ) ) ;
#7092 = AXIS2_PLACEMENT_3D ( 'NONE', #6739, #6590, #9704 ) ;
#7093 = CARTESIAN_POINT ( 'NONE',  ( 1.287966265713290204, 0.05000000000000000278, -1.606164317247235074 ) ) ;
#7094 = AXIS2_PLACEMENT_3D ( 'NONE', #9381, #6262, #1113 ) ;
#7095 = VERTEX_POINT ( 'NONE', #8344 ) ;
#7096 = AXIS2_PLACEMENT_3D ( 'NONE', #2220, #4415, #5797 ) ;
#7097 = EDGE_CURVE ( 'NONE', #161, #1188, #9460, .T. ) ;
#7098 = ORIENTED_EDGE ( 'NONE', *, *, #6499, .T. ) ;
#7099 = ADVANCED_FACE ( 'NONE', ( #4544 ), #6863, .T. ) ;
#7100 = LINE ( 'NONE', #8538, #806 ) ;
#7101 = ORIENTED_EDGE ( 'NONE', *, *, #7700, .T. ) ;
#7102 = CARTESIAN_POINT ( 'NONE',  ( -1.350000000000000089, 0.000000000000000000, -3.252606517456513302E-16 ) ) ;
#7103 = ORIENTED_EDGE ( 'NONE', *, *, #9182, .F. ) ;
#7104 = DIRECTION ( 'NONE',  ( 0.000000000000000000, -1.000000000000000000, 0.000000000000000000 ) ) ;
#7105 = CARTESIAN_POINT ( 'NONE',  ( 0.8699999999999999956, 0.2000000000000000111, 2.000000000000000000 ) ) ;
#7106 = EDGE_CURVE ( 'NONE', #3940, #7341, #9135, .T. ) ;
#7107 = DIRECTION ( 'NONE',  ( -1.000000000000000000, 0.000000000000000000, 7.744301232039309779E-16 ) ) ;
#7108 = VECTOR ( 'NONE', #4918, 1000.000000000000000 ) ;
#7109 = VECTOR ( 'NONE', #1420, 1000.000000000000000 ) ;
#7110 = LINE ( 'NONE', #4686, #1806 ) ;
#7111 = SURFACE_STYLE_USAGE ( .BOTH. , #4610 ) ;
#7112 = AXIS2_PLACEMENT_3D ( 'NONE', #956, #231, #3226 ) ;
#7113 = VERTEX_POINT ( 'NONE', #48 ) ;
#7114 = VECTOR ( 'NONE', #3134, 1000.000000000000000 ) ;
#7115 = ORIENTED_EDGE ( 'NONE', *, *, #8587, .T. ) ;
#7116 = EDGE_CURVE ( 'NONE', #5678, #1562, #140, .T. ) ;
#7117 = EDGE_LOOP ( 'NONE', ( #1416, #6555, #1156, #6236 ) ) ;
#7118 = ORIENTED_EDGE ( 'NONE', *, *, #945, .F. ) ;
#7119 = CIRCLE ( 'NONE', #3960, 0.1200000000000000927 ) ;
#7120 = PLANE ( 'NONE',  #1920 ) ;
#7121 = CYLINDRICAL_SURFACE ( 'NONE', #1293, 0.1000000000000000472 ) ;
#7122 = ADVANCED_FACE ( 'NONE', ( #5179 ), #5932, .F. ) ;
#7123 = EDGE_CURVE ( 'NONE', #4504, #9413, #3862, .T. ) ;
#7124 = DIRECTION ( 'NONE',  ( 0.000000000000000000, -1.000000000000000000, 0.000000000000000000 ) ) ;
#7125 = VECTOR ( 'NONE', #4665, 1000.000000000000000 ) ;
#7126 = VECTOR ( 'NONE', #1211, 1000.000000000000000 ) ;
#7127 = CIRCLE ( 'NONE', #4595, 0.1200000000000000927 ) ;
#7128 = LINE ( 'NONE', #3251, #2106 ) ;
#7129 = ORIENTED_EDGE ( 'NONE', *, *, #1353, .F. ) ;
#7130 = ORIENTED_EDGE ( 'NONE', *, *, #5963, .F. ) ;
#7131 = EDGE_CURVE ( 'NONE', #6935, #698, #1528, .T. ) ;
#7132 = PLANE ( 'NONE',  #1743 ) ;
#7133 = ORIENTED_EDGE ( 'NONE', *, *, #8467, .F. ) ;
#7134 = MECHANICAL_DESIGN_GEOMETRIC_PRESENTATION_REPRESENTATION (  '', ( #6498 ), #9652 ) ;
#7135 = DIRECTION ( 'NONE',  ( 1.000000000000000000, 0.000000000000000000, 7.744301232039309779E-16 ) ) ;
#7136 = CARTESIAN_POINT ( 'NONE',  ( 2.000000000000000000, 0.2000000000000000111, -0.1299999999999999767 ) ) ;
#7137 = FACE_OUTER_BOUND ( 'NONE', #9493, .T. ) ;
#7138 = DIRECTION ( 'NONE',  ( 1.000000000000000000, 0.000000000000000000, -7.744301232039309779E-16 ) ) ;
#7139 = CIRCLE ( 'NONE', #6668, 0.1200000000000000927 ) ;
#7140 = CARTESIAN_POINT ( 'NONE',  ( -1.719999999999999973, 0.6664761515876239661, -0.6300000000000000044 ) ) ;
#7141 = EDGE_CURVE ( 'NONE', #6998, #7962, #3131, .T. ) ;
#7142 = EDGE_CURVE ( 'NONE', #2378, #6022, #920, .T. ) ;
#7143 = PLANE ( 'NONE',  #6352 ) ;
#7144 = EDGE_LOOP ( 'NONE', ( #6320, #3108, #7265, #7647 ) ) ;
#7145 = CARTESIAN_POINT ( 'NONE',  ( 0.1299999999999999767, 0.6664761515876239661, 2.000000000000000000 ) ) ;
#7146 = CARTESIAN_POINT ( 'NONE',  ( -1.719999999999999973, 0.05000000000000000278, -1.250000000000000000 ) ) ;
#7147 = LINE ( 'NONE', #421, #6636 ) ;
#7148 = VECTOR ( 'NONE', #3846, 1000.000000000000000 ) ;
#7149 = VECTOR ( 'NONE', #8036, 1000.000000000000000 ) ;
#7150 = DIRECTION ( 'NONE',  ( 0.000000000000000000, 0.000000000000000000, -1.000000000000000000 ) ) ;
#7151 = EDGE_CURVE ( 'NONE', #7958, #2169, #2994, .T. ) ;
#7152 = MECHANICAL_DESIGN_GEOMETRIC_PRESENTATION_REPRESENTATION (  '', ( #7318 ), #9049 ) ;
#7153 = ORIENTED_EDGE ( 'NONE', *, *, #8148, .F. ) ;
#7154 = ORIENTED_EDGE ( 'NONE', *, *, #5650, .F. ) ;
#7155 = CARTESIAN_POINT ( 'NONE',  ( -0.3699999999999999956, 0.2000000000000000111, 2.000000000000000000 ) ) ;
#7156 = ORIENTED_EDGE ( 'NONE', *, *, #6343, .F. ) ;
#7157 = CIRCLE ( 'NONE', #3852, 0.1200000000000000927 ) ;
#7158 = CARTESIAN_POINT ( 'NONE',  ( 2.000000000000000000, 0.000000000000000000, -0.6300000000000000044 ) ) ;
#7159 = VERTEX_POINT ( 'NONE', #186 ) ;
#7160 = DIRECTION ( 'NONE',  ( 0.000000000000000000, 0.000000000000000000, 1.000000000000000000 ) ) ;
#7161 = DIRECTION ( 'NONE',  ( 0.000000000000000000, 0.000000000000000000, -1.000000000000000000 ) ) ;
#7162 = PLANE ( 'NONE',  #2283 ) ;
#7163 = EDGE_CURVE ( 'NONE', #6869, #3906, #2, .T. ) ;
#7164 = SURFACE_STYLE_FILL_AREA ( #4155 ) ;
#7165 = EDGE_CURVE ( 'NONE', #9452, #3666, #5234, .T. ) ;
#7166 = ORIENTED_EDGE ( 'NONE', *, *, #533, .T. ) ;
#7167 = ORIENTED_EDGE ( 'NONE', *, *, #2630, .T. ) ;
#7168 = ORIENTED_EDGE ( 'NONE', *, *, #7646, .F. ) ;
#7169 = DIRECTION ( 'NONE',  ( 0.000000000000000000, 1.000000000000000000, 0.000000000000000000 ) ) ;
#7170 = ORIENTED_EDGE ( 'NONE', *, *, #6198, .T. ) ;
#7171 = LINE ( 'NONE', #3288, #9457 ) ;
#7172 = CARTESIAN_POINT ( 'NONE',  ( -1.250000000000000000, 0.000000000000000000, 0.6000000000000000888 ) ) ;
#7173 = DIRECTION ( 'NONE',  ( 0.000000000000000000, 0.000000000000000000, -1.000000000000000000 ) ) ;
#7174 = CLOSED_SHELL ( 'NONE', ( #866, #6818, #1913, #8494, #5794, #7006, #215, #6261, #3316 ) ) ;
#7175 = EDGE_CURVE ( 'NONE', #5985, #7958, #2355, .T. ) ;
#7176 = EDGE_CURVE ( 'NONE', #5327, #7290, #780, .T. ) ;
#7177 = DIRECTION ( 'NONE',  ( 0.000000000000000000, 1.000000000000000000, 0.000000000000000000 ) ) ;
#7178 = ADVANCED_FACE ( 'NONE', ( #9047 ), #3041, .F. ) ;
#7179 = EDGE_CURVE ( 'NONE', #4226, #2697, #3379, .T. ) ;
#7180 = ORIENTED_EDGE ( 'NONE', *, *, #3816, .T. ) ;
#7181 = FACE_BOUND ( 'NONE', #7212, .T. ) ;
#7182 = VERTEX_POINT ( 'NONE', #5429 ) ;
#7183 = DIRECTION ( 'NONE',  ( -7.744301232039309779E-16, 0.000000000000000000, -1.000000000000000000 ) ) ;
#7184 = CARTESIAN_POINT ( 'NONE',  ( 1.369999999999999885, 0.2000000000000000111, 2.000000000000000000 ) ) ;
#7185 = ORIENTED_EDGE ( 'NONE', *, *, #7754, .T. ) ;
#7186 = CARTESIAN_POINT ( 'NONE',  ( 2.000000000000000000, 0.000000000000000000, 0.8699999999999999956 ) ) ;
#7187 = DIRECTION ( 'NONE',  ( -1.000000000000000000, 0.000000000000000000, 7.744301232039309779E-16 ) ) ;
#7188 = DIRECTION ( 'NONE',  ( 0.000000000000000000, -1.000000000000000000, 0.000000000000000000 ) ) ;
#7189 = CARTESIAN_POINT ( 'NONE',  ( -1.719999999999999973, 0.2000000000000000111, -0.3699999999999999956 ) ) ;
#7190 = ADVANCED_FACE ( 'NONE', ( #4788 ), #3948, .F. ) ;
#7191 = EDGE_CURVE ( 'NONE', #6977, #3537, #6954, .T. ) ;
#7192 = DIRECTION ( 'NONE',  ( 1.000000000000000000, 0.000000000000000000, 0.000000000000000000 ) ) ;
#7193 = CARTESIAN_POINT ( 'NONE',  ( -0.7500000000000000000, 0.2000000000000000111, 1.719999999999999973 ) ) ;
#7194 = ORIENTED_EDGE ( 'NONE', *, *, #4154, .F. ) ;
#7195 = CARTESIAN_POINT ( 'NONE',  ( -0.6300000000000000044, 0.2000000000000000111, -2.000000000000000000 ) ) ;
#7196 = DIRECTION ( 'NONE',  ( -1.734723475976807587E-16, 0.000000000000000000, 1.000000000000000000 ) ) ;
#7197 = DIRECTION ( 'NONE',  ( 0.000000000000000000, -1.000000000000000000, 0.000000000000000000 ) ) ;
#7198 = ADVANCED_FACE ( 'NONE', ( #1167 ), #242, .F. ) ;
#7199 = CARTESIAN_POINT ( 'NONE',  ( -1.719999999999999973, 0.2000000000000000111, 0.3699999999999999956 ) ) ;
#7200 = DIRECTION ( 'NONE',  ( -1.000000000000000000, 0.000000000000000000, -7.744301232039309779E-16 ) ) ;
#7201 = ORIENTED_EDGE ( 'NONE', *, *, #5742, .F. ) ;
#7202 = ORIENTED_EDGE ( 'NONE', *, *, #8338, .T. ) ;
#7203 = FACE_OUTER_BOUND ( 'NONE', #8555, .T. ) ;
#7204 = ORIENTED_EDGE ( 'NONE', *, *, #513, .F. ) ;
#7205 = CARTESIAN_POINT ( 'NONE',  ( -1.719999999999999973, 0.05000000000000000278, -0.1299999999999999767 ) ) ;
#7206 = EDGE_LOOP ( 'NONE', ( #9327, #7629, #8779, #1807 ) ) ;
#7207 = CARTESIAN_POINT ( 'NONE',  ( -1.500000000000000000, 1.000000000000000000, -1.500000000000000000 ) ) ;
#7208 = DIRECTION ( 'NONE',  ( 1.000000000000000000, 0.000000000000000000, 7.744301232039309779E-16 ) ) ;
#7209 = CYLINDRICAL_SURFACE ( 'NONE', #6665, 0.1200000000000000927 ) ;
#7210 = CARTESIAN_POINT ( 'NONE',  ( -1.369999999999999885, 0.000000000000000000, -2.000000000000000000 ) ) ;
#7211 = ORIENTED_EDGE ( 'NONE', *, *, #2553, .T. ) ;
#7212 = EDGE_LOOP ( 'NONE', ( #4884, #5768 ) ) ;
#7213 = ORIENTED_EDGE ( 'NONE', *, *, #3752, .F. ) ;
#7214 = LINE ( 'NONE', #6566, #5334 ) ;
#7215 = ORIENTED_EDGE ( 'NONE', *, *, #8200, .T. ) ;
#7216 = VECTOR ( 'NONE', #5113, 1000.000000000000000 ) ;
#7217 = CARTESIAN_POINT ( 'NONE',  ( -1.129999999999999893, 0.05000000000000000278, 2.000000000000000000 ) ) ;
#7218 = DIRECTION ( 'NONE',  ( 0.000000000000000000, 0.000000000000000000, -1.000000000000000000 ) ) ;
#7219 = CARTESIAN_POINT ( 'NONE',  ( 0.1299999999999999767, 0.000000000000000000, -1.719999999999999973 ) ) ;
#7220 = CARTESIAN_POINT ( 'NONE',  ( -1.719999999999999973, 0.2000000000000000111, 0.1299999999999999767 ) ) ;
#7221 = EDGE_LOOP ( 'NONE', ( #2765, #2956, #6281, #9573 ) ) ;
#7222 = DIRECTION ( 'NONE',  ( 0.000000000000000000, -1.000000000000000000, 0.000000000000000000 ) ) ;
#7223 = ORIENTED_EDGE ( 'NONE', *, *, #7527, .F. ) ;
#7224 = DIRECTION ( 'NONE',  ( 1.000000000000000000, 0.000000000000000000, 0.000000000000000000 ) ) ;
#7225 = ORIENTED_EDGE ( 'NONE', *, *, #1925, .F. ) ;
#7226 = ADVANCED_FACE ( 'NONE', ( #331 ), #2647, .T. ) ;
#7227 = FILL_AREA_STYLE ('',( #853 ) ) ;
#7228 = EDGE_CURVE ( 'NONE', #8721, #7959, #4003, .T. ) ;
#7229 = CARTESIAN_POINT ( 'NONE',  ( 1.719999999999999973, 0.000000000000000000, -0.7500000000000000000 ) ) ;
#7230 = DIRECTION ( 'NONE',  ( 0.000000000000000000, 1.000000000000000000, 0.000000000000000000 ) ) ;
#7231 = DIRECTION ( 'NONE',  ( -0.000000000000000000, 0.000000000000000000, 1.000000000000000000 ) ) ;
#7232 = ADVANCED_FACE ( 'NONE', ( #7807 ), #4683, .F. ) ;
#7233 = AXIS2_PLACEMENT_3D ( 'NONE', #6326, #1085, #3518 ) ;
#7234 = VERTEX_POINT ( 'NONE', #9331 ) ;
#7235 = DIRECTION ( 'NONE',  ( 1.000000000000000000, 0.000000000000000000, 0.000000000000000000 ) ) ;
#7236 = DIRECTION ( 'NONE',  ( 0.000000000000000000, 0.000000000000000000, 1.000000000000000000 ) ) ;
#7237 = VERTEX_POINT ( 'NONE', #7014 ) ;
#7238 = CIRCLE ( 'NONE', #8183, 0.1200000000000000927 ) ;
#7239 = CARTESIAN_POINT ( 'NONE',  ( 1.287966265713290204, 0.05000000000000000278, -1.606164317247239959 ) ) ;
#7240 = EDGE_CURVE ( 'NONE', #745, #8977, #6219, .T. ) ;
#7241 = CARTESIAN_POINT ( 'NONE',  ( 2.000000000000000000, 0.05000000000000000278, 2.000000000000000000 ) ) ;
#7242 = PLANE ( 'NONE',  #5851 ) ;
#7243 = AXIS2_PLACEMENT_3D ( 'NONE', #861, #7792, #3848 ) ;
#7244 = CARTESIAN_POINT ( 'NONE',  ( 2.000000000000000000, 0.05000000000000000278, 0.6300000000000000044 ) ) ;
#7245 = CARTESIAN_POINT ( 'NONE',  ( -1.129999999999999893, 0.2000000000000000111, 2.000000000000000000 ) ) ;
#7246 = ORIENTED_EDGE ( 'NONE', *, *, #614, .T. ) ;
#7247 = ORIENTED_EDGE ( 'NONE', *, *, #9488, .T. ) ;
#7248 = VECTOR ( 'NONE', #9715, 1000.000000000000000 ) ;
#7249 = DIRECTION ( 'NONE',  ( -0.7071067811865495711, 0.000000000000000000, 0.7071067811865455743 ) ) ;
#7250 = EDGE_CURVE ( 'NONE', #3959, #8425, #1754, .T. ) ;
#7251 = ORIENTED_EDGE ( 'NONE', *, *, #7445, .T. ) ;
#7252 = DIRECTION ( 'NONE',  ( -0.000000000000000000, 1.000000000000000000, -0.000000000000000000 ) ) ;
#7253 = ORIENTED_EDGE ( 'NONE', *, *, #6332, .F. ) ;
#7254 = CARTESIAN_POINT ( 'NONE',  ( -1.606164317247235074, 0.000000000000000000, -1.287966265713290204 ) ) ;
#7255 = FACE_OUTER_BOUND ( 'NONE', #7221, .T. ) ;
#7256 = CARTESIAN_POINT ( 'NONE',  ( 0.7500000000000000000, 0.2000000000000000111, -1.719999999999999973 ) ) ;
#7257 = EDGE_CURVE ( 'NONE', #3271, #747, #3031, .T. ) ;
#7258 = LINE ( 'NONE', #2153, #9656 ) ;
#7259 = AXIS2_PLACEMENT_3D ( 'NONE', #9063, #8357, #1537 ) ;
#7260 = VECTOR ( 'NONE', #7066, 1000.000000000000000 ) ;
#7261 = PRESENTATION_STYLE_ASSIGNMENT (( #3568 ) ) ;
#7262 = EDGE_LOOP ( 'NONE', ( #208, #4044, #4586, #4340 ) ) ;
#7263 = VERTEX_POINT ( 'NONE', #4048 ) ;
#7264 = EDGE_CURVE ( 'NONE', #5670, #3528, #286, .T. ) ;
#7265 = ORIENTED_EDGE ( 'NONE', *, *, #7990, .T. ) ;
#7266 = LINE ( 'NONE', #5135, #7076 ) ;
#7267 = VERTEX_POINT ( 'NONE', #9192 ) ;
#7268 = VECTOR ( 'NONE', #543, 1000.000000000000000 ) ;
#7269 = DIRECTION ( 'NONE',  ( 1.084202172485503818E-16, 0.000000000000000000, 1.000000000000000000 ) ) ;
#7270 = DIRECTION ( 'NONE',  ( 0.000000000000000000, 0.000000000000000000, -1.000000000000000000 ) ) ;
#7271 = CARTESIAN_POINT ( 'NONE',  ( 0.8699999999999999956, 0.05000000000000000278, -1.719999999999999973 ) ) ;
#7272 = CIRCLE ( 'NONE', #203, 0.2000000000000000944 ) ;
#7273 = DIRECTION ( 'NONE',  ( 0.000000000000000000, -1.000000000000000000, 0.000000000000000000 ) ) ;
#7274 = AXIS2_PLACEMENT_3D ( 'NONE', #868, #3851, #1558 ) ;
#7275 = ORIENTED_EDGE ( 'NONE', *, *, #2750, .T. ) ;
#7276 = LINE ( 'NONE', #9492, #5070 ) ;
#7277 = ORIENTED_EDGE ( 'NONE', *, *, #1177, .T. ) ;
#7278 = DIRECTION ( 'NONE',  ( 0.000000000000000000, 1.000000000000000000, 0.000000000000000000 ) ) ;
#7279 = SURFACE_SIDE_STYLE ('',( #1240 ) ) ;
#7280 = ORIENTED_EDGE ( 'NONE', *, *, #4749, .F. ) ;
#7281 = DIRECTION ( 'NONE',  ( 1.000000000000000000, 0.000000000000000000, 0.000000000000000000 ) ) ;
#7282 = CARTESIAN_POINT ( 'NONE',  ( -1.129999999999999893, 0.000000000000000000, -1.719999999999999973 ) ) ;
#7283 = DIRECTION ( 'NONE',  ( 0.000000000000000000, 0.000000000000000000, 1.000000000000000000 ) ) ;
#7284 = VECTOR ( 'NONE', #2079, 1000.000000000000000 ) ;
#7285 = DIRECTION ( 'NONE',  ( -7.744301232039309779E-16, 0.000000000000000000, 1.000000000000000000 ) ) ;
#7286 = AXIS2_PLACEMENT_3D ( 'NONE', #8706, #2168, #2764 ) ;
#7287 = VECTOR ( 'NONE', #8259, 1000.000000000000000 ) ;
#7288 = ADVANCED_FACE ( 'NONE', ( #2501 ), #5473, .T. ) ;
#7289 = EDGE_CURVE ( 'NONE', #7460, #8070, #3278, .T. ) ;
#7290 = VERTEX_POINT ( 'NONE', #7105 ) ;
#7291 = DIRECTION ( 'NONE',  ( 0.000000000000000000, -1.000000000000000000, 0.000000000000000000 ) ) ;
#7292 = EDGE_CURVE ( 'NONE', #9185, #7484, #5841, .T. ) ;
#7293 = CARTESIAN_POINT ( 'NONE',  ( 1.250000000000000000, 0.000000000000000000, 1.600000000000000089 ) ) ;
#7294 = ORIENTED_EDGE ( 'NONE', *, *, #5320, .F. ) ;
#7295 = VECTOR ( 'NONE', #1266, 1000.000000000000000 ) ;
#7296 = CARTESIAN_POINT ( 'NONE',  ( 2.000000000000000000, 0.05000000000000000278, 2.000000000000000000 ) ) ;
#7297 = DIRECTION ( 'NONE',  ( 7.744301232039309779E-16, 0.000000000000000000, 1.000000000000000000 ) ) ;
#7298 = CARTESIAN_POINT ( 'NONE',  ( 2.000000000000000000, 0.6664761515876239661, -1.369999999999999885 ) ) ;
#7299 = VECTOR ( 'NONE', #289, 1000.000000000000000 ) ;
#7300 = STYLED_ITEM ( 'NONE', ( #2961 ), #5551 ) ;
#7301 = VECTOR ( 'NONE', #1634, 1000.000000000000000 ) ;
#7302 = EDGE_CURVE ( 'NONE', #4008, #169, #1142, .T. ) ;
#7303 = CARTESIAN_POINT ( 'NONE',  ( -1.369999999999999885, 0.2000000000000000111, 2.000000000000000000 ) ) ;
#7304 = EDGE_CURVE ( 'NONE', #8487, #4540, #7899, .T. ) ;
#7305 = ADVANCED_FACE ( 'NONE', ( #9527 ), #8685, .F. ) ;
#7306 = LINE ( 'NONE', #5161, #2289 ) ;
#7307 = VERTEX_POINT ( 'NONE', #530 ) ;
#7308 = ORIENTED_EDGE ( 'NONE', *, *, #6054, .F. ) ;
#7309 = VECTOR ( 'NONE', #6634, 1000.000000000000000 ) ;
#7310 = LINE ( 'NONE', #8733, #8972 ) ;
#7311 = ORIENTED_EDGE ( 'NONE', *, *, #7646, .T. ) ;
#7312 = DIRECTION ( 'NONE',  ( 0.000000000000000000, 1.000000000000000000, 0.000000000000000000 ) ) ;
#7313 = VECTOR ( 'NONE', #3639, 1000.000000000000000 ) ;
#7314 = DIRECTION ( 'NONE',  ( 0.000000000000000000, 1.000000000000000000, 0.000000000000000000 ) ) ;
#7315 = DIRECTION ( 'NONE',  ( -1.000000000000000000, 0.000000000000000000, 0.000000000000000000 ) ) ;
#7316 = CARTESIAN_POINT ( 'NONE',  ( 2.000000000000000000, 0.2000000000000000111, -1.129999999999999893 ) ) ;
#7317 = EDGE_CURVE ( 'NONE', #8975, #3687, #4933, .T. ) ;
#7318 = STYLED_ITEM ( 'NONE', ( #994 ), #5412 ) ;
#7319 = DIRECTION ( 'NONE',  ( 7.744301232039309779E-16, 0.000000000000000000, 1.000000000000000000 ) ) ;
#7320 = VECTOR ( 'NONE', #3923, 1000.000000000000000 ) ;
#7321 = ORIENTED_EDGE ( 'NONE', *, *, #7457, .T. ) ;
#7322 = ORIENTED_EDGE ( 'NONE', *, *, #8338, .F. ) ;
#7323 = ORIENTED_EDGE ( 'NONE', *, *, #7843, .T. ) ;
#7324 = DIRECTION ( 'NONE',  ( 0.000000000000000000, -1.000000000000000000, 0.000000000000000000 ) ) ;
#7325 = ORIENTED_EDGE ( 'NONE', *, *, #3917, .T. ) ;
#7326 = DIRECTION ( 'NONE',  ( 1.000000000000000000, 0.000000000000000000, 0.000000000000000000 ) ) ;
#7327 = CARTESIAN_POINT ( 'NONE',  ( 1.350000000000000311, 0.05000000000000000278, -1.249999999999999778 ) ) ;
#7328 = LINE ( 'NONE', #7467, #5880 ) ;
#7329 = EDGE_CURVE ( 'NONE', #8059, #4422, #8001, .T. ) ;
#7330 = DIRECTION ( 'NONE',  ( 0.000000000000000000, 0.000000000000000000, -1.000000000000000000 ) ) ;
#7331 = ORIENTED_EDGE ( 'NONE', *, *, #3331, .F. ) ;
#7332 = DIRECTION ( 'NONE',  ( -1.000000000000000000, 0.000000000000000000, -7.744301232039309779E-16 ) ) ;
#7333 = ORIENTED_EDGE ( 'NONE', *, *, #6266, .T. ) ;
#7334 = DIRECTION ( 'NONE',  ( 1.000000000000000000, 0.000000000000000000, -7.744301232039309779E-16 ) ) ;
#7335 =( NAMED_UNIT ( * ) SI_UNIT ( $, .STERADIAN. ) SOLID_ANGLE_UNIT ( ) );
#7336 = ORIENTED_EDGE ( 'NONE', *, *, #9338, .F. ) ;
#7337 = DIRECTION ( 'NONE',  ( 0.000000000000000000, -1.000000000000000000, 0.000000000000000000 ) ) ;
#7338 = FACE_OUTER_BOUND ( 'NONE', #4190, .T. ) ;
#7339 = DIRECTION ( 'NONE',  ( 0.000000000000000000, 1.000000000000000000, 0.000000000000000000 ) ) ;
#7340 = CARTESIAN_POINT ( 'NONE',  ( 0.6300000000000000044, 0.2000000000000000111, -2.000000000000000000 ) ) ;
#7341 = VERTEX_POINT ( 'NONE', #9564 ) ;
#7342 = PLANE ( 'NONE',  #7476 ) ;
#7343 = VERTEX_POINT ( 'NONE', #6558 ) ;
#7344 = CARTESIAN_POINT ( 'NONE',  ( 0.8699999999999999956, 0.2000000000000000111, -1.719999999999999973 ) ) ;
#7345 = DIRECTION ( 'NONE',  ( 0.000000000000000000, 1.000000000000000000, 0.000000000000000000 ) ) ;
#7346 = LINE ( 'NONE', #613, #1620 ) ;
#7347 = PLANE ( 'NONE',  #7933 ) ;
#7348 = LINE ( 'NONE', #5869, #6044 ) ;
#7349 = ORIENTED_EDGE ( 'NONE', *, *, #7697, .T. ) ;
#7350 = EDGE_LOOP ( 'NONE', ( #3847, #971, #2897, #3252, #5753 ) ) ;
#7351 = CYLINDRICAL_SURFACE ( 'NONE', #3613, 0.1199999999999999956 ) ;
#7352 = VERTEX_POINT ( 'NONE', #9614 ) ;
#7353 = CARTESIAN_POINT ( 'NONE',  ( 1.369999999999999885, 0.2000000000000000111, -1.719999999999999973 ) ) ;
#7354 = ADVANCED_FACE ( 'NONE', ( #2836 ), #4299, .F. ) ;
#7355 = CARTESIAN_POINT ( 'NONE',  ( 1.349999999999999867, 0.05000000000000000278, 1.250000000000000000 ) ) ;
#7356 = EDGE_CURVE ( 'NONE', #6599, #5854, #4196, .T. ) ;
#7357 = CARTESIAN_POINT ( 'NONE',  ( -2.000000000000000000, 0.6664761515876239661, 1.129999999999999893 ) ) ;
#7358 = LINE ( 'NONE', #2797, #5562 ) ;
#7359 = DIRECTION ( 'NONE',  ( 0.000000000000000000, 0.000000000000000000, -1.000000000000000000 ) ) ;
#7360 = ORIENTED_EDGE ( 'NONE', *, *, #6917, .T. ) ;
#7361 = ORIENTED_EDGE ( 'NONE', *, *, #5293, .F. ) ;
#7362 = VERTEX_POINT ( 'NONE', #8739 ) ;
#7363 = LINE ( 'NONE', #3425, #7711 ) ;
#7364 = EDGE_LOOP ( 'NONE', ( #6672, #2259, #6024, #9053 ) ) ;
#7365 = LINE ( 'NONE', #241, #6638 ) ;
#7366 = ADVANCED_FACE ( 'NONE', ( #3462 ), #5775, .T. ) ;
#7367 = DIRECTION ( 'NONE',  ( 0.000000000000000000, -1.000000000000000000, 0.000000000000000000 ) ) ;
#7368 = CARTESIAN_POINT ( 'NONE',  ( 2.000000000000000000, 1.000000000000000000, 2.000000000000000000 ) ) ;
#7369 = CARTESIAN_POINT ( 'NONE',  ( 2.000000000000000000, 0.6664761515876239661, -0.1299999999999999767 ) ) ;
#7370 = ORIENTED_EDGE ( 'NONE', *, *, #4934, .F. ) ;
#7371 = CARTESIAN_POINT ( 'NONE',  ( -0.6300000000000000044, 0.2000000000000000111, 1.719999999999999973 ) ) ;
#7372 = ORIENTED_EDGE ( 'NONE', *, *, #4494, .T. ) ;
#7373 = LINE ( 'NONE', #746, #6291 ) ;
#7374 = DIRECTION ( 'NONE',  ( 0.000000000000000000, 0.000000000000000000, 1.000000000000000000 ) ) ;
#7375 = EDGE_LOOP ( 'NONE', ( #6532, #5885, #6228, #8826 ) ) ;
#7376 = FILL_AREA_STYLE_COLOUR ( '', #2409 ) ;
#7377 = CARTESIAN_POINT ( 'NONE',  ( -1.682033734286709770, 0.2000000000000000111, 1.363835682752762013 ) ) ;
#7378 = DIRECTION ( 'NONE',  ( 0.000000000000000000, -1.000000000000000000, 0.000000000000000000 ) ) ;
#7379 = LINE ( 'NONE', #9698, #5549 ) ;
#7380 = ORIENTED_EDGE ( 'NONE', *, *, #6318, .T. ) ;
#7381 = FACE_OUTER_BOUND ( 'NONE', #8241, .T. ) ;
#7382 = DIRECTION ( 'NONE',  ( 0.000000000000000000, 0.000000000000000000, 1.000000000000000000 ) ) ;
#7383 = ORIENTED_EDGE ( 'NONE', *, *, #5606, .T. ) ;
#7384 = FILL_AREA_STYLE ('',( #3592 ) ) ;
#7385 = CARTESIAN_POINT ( 'NONE',  ( -0.7500000000000000000, 0.2000000000000000111, -1.719999999999999973 ) ) ;
#7386 = AXIS2_PLACEMENT_3D ( 'NONE', #8358, #8458, #2514 ) ;
#7387 = LINE ( 'NONE', #2140, #9633 ) ;
#7388 = VECTOR ( 'NONE', #1833, 1000.000000000000000 ) ;
#7389 = CARTESIAN_POINT ( 'NONE',  ( -2.000000000000000000, 0.000000000000000000, 0.1299999999999999767 ) ) ;
#7390 = DIRECTION ( 'NONE',  ( 0.000000000000000000, 0.000000000000000000, -1.000000000000000000 ) ) ;
#7391 = ORIENTED_EDGE ( 'NONE', *, *, #5649, .T. ) ;
#7392 = EDGE_LOOP ( 'NONE', ( #5928, #5621, #3482, #6259 ) ) ;
#7393 = DIRECTION ( 'NONE',  ( 0.000000000000000000, 0.000000000000000000, 1.000000000000000000 ) ) ;
#7394 = ORIENTED_EDGE ( 'NONE', *, *, #5728, .T. ) ;
#7395 = DIRECTION ( 'NONE',  ( 0.000000000000000000, 0.000000000000000000, -1.000000000000000000 ) ) ;
#7396 = AXIS2_PLACEMENT_3D ( 'NONE', #3128, #9087, #737 ) ;
#7397 = CARTESIAN_POINT ( 'NONE',  ( -1.719999999999999973, 0.2000000000000000111, -1.369999999999999885 ) ) ;
#7398 = FACE_OUTER_BOUND ( 'NONE', #8205, .T. ) ;
#7399 = DIRECTION ( 'NONE',  ( 0.000000000000000000, 1.000000000000000000, 0.000000000000000000 ) ) ;
#7400 = AXIS2_PLACEMENT_3D ( 'NONE', #370, #7986, #6349 ) ;
#7401 = EDGE_CURVE ( 'NONE', #1867, #3512, #8146, .T. ) ;
#7402 = FILL_AREA_STYLE_COLOUR ( '', #5371 ) ;
#7403 = AXIS2_PLACEMENT_3D ( 'NONE', #2042, #7312, #8635 ) ;
#7404 = ADVANCED_FACE ( 'NONE', ( #1412 ), #1265, .F. ) ;
#7405 = EDGE_LOOP ( 'NONE', ( #4496, #2147, #4858, #632 ) ) ;
#7406 =( GEOMETRIC_REPRESENTATION_CONTEXT ( 3 ) GLOBAL_UNCERTAINTY_ASSIGNED_CONTEXT ( ( #7765 ) ) GLOBAL_UNIT_ASSIGNED_CONTEXT ( ( #264, #4025, #7672 ) ) REPRESENTATION_CONTEXT ( 'NONE', 'WORKASPACE' ) );
#7407 = ORIENTED_EDGE ( 'NONE', *, *, #1479, .F. ) ;
#7408 = ORIENTED_EDGE ( 'NONE', *, *, #1542, .F. ) ;
#7409 = FACE_OUTER_BOUND ( 'NONE', #469, .T. ) ;
#7410 = ORIENTED_EDGE ( 'NONE', *, *, #7058, .T. ) ;
#7411 = DIRECTION ( 'NONE',  ( 0.000000000000000000, -1.000000000000000000, 0.000000000000000000 ) ) ;
#7412 = DIRECTION ( 'NONE',  ( 0.000000000000000000, -1.000000000000000000, 0.000000000000000000 ) ) ;
#7413 = DIRECTION ( 'NONE',  ( 0.000000000000000000, -1.000000000000000000, 0.000000000000000000 ) ) ;
#7414 = AXIS2_PLACEMENT_3D ( 'NONE', #7568, #751, #8271 ) ;
#7415 = MECHANICAL_DESIGN_GEOMETRIC_PRESENTATION_REPRESENTATION (  '', ( #673 ), #517 ) ;
#7416 = DIRECTION ( 'NONE',  ( 1.000000000000000000, 0.000000000000000000, 0.000000000000000000 ) ) ;
#7417 = EDGE_CURVE ( 'NONE', #5438, #4024, #4389, .T. ) ;
#7418 = ORIENTED_EDGE ( 'NONE', *, *, #8171, .T. ) ;
#7419 = CARTESIAN_POINT ( 'NONE',  ( 1.719999999999999973, 0.2000000000000000111, -0.3699999999999999956 ) ) ;
#7420 = VECTOR ( 'NONE', #6365, 1000.000000000000000 ) ;
#7421 = ORIENTED_EDGE ( 'NONE', *, *, #3105, .F. ) ;
#7422 = CARTESIAN_POINT ( 'NONE',  ( 1.129999999999999893, 0.2000000000000000111, 2.000000000000000000 ) ) ;
#7423 = EDGE_CURVE ( 'NONE', #8401, #4914, #9471, .T. ) ;
#7424 = PLANE ( 'NONE',  #1020 ) ;
#7425 = VERTEX_POINT ( 'NONE', #476 ) ;
#7426 = AXIS2_PLACEMENT_3D ( 'NONE', #9625, #5888, #2845 ) ;
#7427 = DIRECTION ( 'NONE',  ( 0.000000000000000000, -1.000000000000000000, 0.000000000000000000 ) ) ;
#7428 = DIRECTION ( 'NONE',  ( 0.000000000000000000, 0.000000000000000000, -1.000000000000000000 ) ) ;
#7429 = LINE ( 'NONE', #5990, #3223 ) ;
#7430 = DIRECTION ( 'NONE',  ( 0.000000000000000000, 0.000000000000000000, -1.000000000000000000 ) ) ;
#7431 = AXIS2_PLACEMENT_3D ( 'NONE', #8628, #3307, #6894 ) ;
#7432 = VECTOR ( 'NONE', #7080, 1000.000000000000000 ) ;
#7433 = EDGE_CURVE ( 'NONE', #1533, #3623, #5022, .T. ) ;
#7434 = ORIENTED_EDGE ( 'NONE', *, *, #6744, .T. ) ;
#7435 = PLANE ( 'NONE',  #8008 ) ;
#7436 = DIRECTION ( 'NONE',  ( 0.000000000000000000, -1.000000000000000000, 0.000000000000000000 ) ) ;
#7437 = VECTOR ( 'NONE', #6062, 1000.000000000000000 ) ;
#7438 = DIRECTION ( 'NONE',  ( 0.000000000000000000, 0.000000000000000000, -1.000000000000000000 ) ) ;
#7439 = LINE ( 'NONE', #717, #5416 ) ;
#7440 = VECTOR ( 'NONE', #6930, 1000.000000000000000 ) ;
#7441 = DIRECTION ( 'NONE',  ( 0.000000000000000000, -1.000000000000000000, 0.000000000000000000 ) ) ;
#7442 = LINE ( 'NONE', #3703, #6017 ) ;
#7443 = AXIS2_PLACEMENT_3D ( 'NONE', #79, #3792, #8284 ) ;
#7444 = AXIS2_PLACEMENT_3D ( 'NONE', #8212, #2267, #4503 ) ;
#7445 = EDGE_CURVE ( 'NONE', #3868, #6282, #9420, .T. ) ;
#7446 = AXIS2_PLACEMENT_3D ( 'NONE', #1245, #414, #4219 ) ;
#7447 = DIRECTION ( 'NONE',  ( 0.7071067811865455743, 0.000000000000000000, 0.7071067811865495711 ) ) ;
#7448 = LINE ( 'NONE', #8775, #6501 ) ;
#7449 = ORIENTED_EDGE ( 'NONE', *, *, #8372, .F. ) ;
#7450 = DIRECTION ( 'NONE',  ( 1.000000000000000000, 0.000000000000000000, 0.000000000000000000 ) ) ;
#7451 = ORIENTED_EDGE ( 'NONE', *, *, #748, .T. ) ;
#7452 = DIRECTION ( 'NONE',  ( 0.000000000000000000, 0.000000000000000000, -1.000000000000000000 ) ) ;
#7453 = DIRECTION ( 'NONE',  ( 0.000000000000000000, 0.000000000000000000, -1.000000000000000000 ) ) ;
#7454 = DIRECTION ( 'NONE',  ( 0.000000000000000000, -1.000000000000000000, 0.000000000000000000 ) ) ;
#7455 = PLANE ( 'NONE',  #393 ) ;
#7456 = VECTOR ( 'NONE', #6817, 1000.000000000000114 ) ;
#7457 = EDGE_CURVE ( 'NONE', #8550, #1867, #6473, .T. ) ;
#7458 = LINE ( 'NONE', #7602, #5218 ) ;
#7459 = VECTOR ( 'NONE', #70, 1000.000000000000000 ) ;
#7460 = VERTEX_POINT ( 'NONE', #6605 ) ;
#7461 = ORIENTED_EDGE ( 'NONE', *, *, #2034, .F. ) ;
#7462 = VERTEX_POINT ( 'NONE', #625 ) ;
#7463 = DIRECTION ( 'NONE',  ( -0.000000000000000000, 0.000000000000000000, 1.000000000000000000 ) ) ;
#7464 = ORIENTED_EDGE ( 'NONE', *, *, #2631, .F. ) ;
#7465 = DIRECTION ( 'NONE',  ( 0.000000000000000000, 0.000000000000000000, 1.000000000000000000 ) ) ;
#7466 = CARTESIAN_POINT ( 'NONE',  ( 0.2500000000000000000, 0.000000000000000000, 1.719999999999999973 ) ) ;
#7467 = CARTESIAN_POINT ( 'NONE',  ( 1.369999999999999885, 0.2000000000000000111, 2.000000000000000000 ) ) ;
#7468 = ADVANCED_FACE ( 'NONE', ( #8052 ), #2885, .T. ) ;
#7469 =( NAMED_UNIT ( * ) SI_UNIT ( $, .STERADIAN. ) SOLID_ANGLE_UNIT ( ) );
#7470 = EDGE_LOOP ( 'NONE', ( #6272, #505, #6565, #8552 ) ) ;
#7471 = DIRECTION ( 'NONE',  ( 0.000000000000000000, 0.000000000000000000, -1.000000000000000000 ) ) ;
#7472 = ORIENTED_EDGE ( 'NONE', *, *, #3403, .F. ) ;
#7473 = CARTESIAN_POINT ( 'NONE',  ( -1.250000000000000000, 0.2000000000000000111, 1.719999999999999973 ) ) ;
#7474 = SURFACE_STYLE_FILL_AREA ( #6872 ) ;
#7475 = VERTEX_POINT ( 'NONE', #5129 ) ;
#7476 = AXIS2_PLACEMENT_3D ( 'NONE', #8132, #4225, #9703 ) ;
#7477 = CARTESIAN_POINT ( 'NONE',  ( 0.1299999999999999767, 0.2000000000000000111, -2.000000000000000000 ) ) ;
#7478 = LINE ( 'NONE', #7664, #9608 ) ;
#7479 = CARTESIAN_POINT ( 'NONE',  ( -1.500000000000000000, 1.000000000000000000, -1.699999999999999956 ) ) ;
#7480 = AXIS2_PLACEMENT_3D ( 'NONE', #4333, #462, #5617 ) ;
#7481 = FACE_OUTER_BOUND ( 'NONE', #7350, .T. ) ;
#7482 = EDGE_CURVE ( 'NONE', #8122, #3942, #5673, .T. ) ;
#7483 = EDGE_CURVE ( 'NONE', #7234, #4614, #3029, .T. ) ;
#7484 = VERTEX_POINT ( 'NONE', #5169 ) ;
#7485 = DIRECTION ( 'NONE',  ( 0.000000000000000000, 0.000000000000000000, -1.000000000000000000 ) ) ;
#7486 = ORIENTED_EDGE ( 'NONE', *, *, #8014, .F. ) ;
#7487 = DIRECTION ( 'NONE',  ( 0.000000000000000000, -1.000000000000000000, 0.000000000000000000 ) ) ;
#7488 = DIRECTION ( 'NONE',  ( 0.000000000000000000, 1.000000000000000000, 0.000000000000000000 ) ) ;
#7489 = CARTESIAN_POINT ( 'NONE',  ( 1.250000000000000000, 0.6664761515876239661, 1.719999999999999973 ) ) ;
#7490 = DIRECTION ( 'NONE',  ( 0.000000000000000000, 1.000000000000000000, 0.000000000000000000 ) ) ;
#7491 = EDGE_CURVE ( 'NONE', #6726, #6925, #8226, .T. ) ;
#7492 = CARTESIAN_POINT ( 'NONE',  ( -1.363835682752762013, 0.2000000000000000111, -1.682033734286709770 ) ) ;
#7493 = EDGE_CURVE ( 'NONE', #9097, #2659, #4736, .T. ) ;
#7494 = LINE ( 'NONE', #4526, #1946 ) ;
#7495 = CARTESIAN_POINT ( 'NONE',  ( -0.7500000000000000000, 0.2000000000000000111, 1.600000000000000089 ) ) ;
#7496 = ORIENTED_EDGE ( 'NONE', *, *, #9038, .F. ) ;
#7497 = PLANE ( 'NONE',  #6766 ) ;
#7498 = ORIENTED_EDGE ( 'NONE', *, *, #7780, .T. ) ;
#7499 = CARTESIAN_POINT ( 'NONE',  ( 2.000000000000000000, 0.2000000000000000111, 0.8699999999999999956 ) ) ;
#7500 = CARTESIAN_POINT ( 'NONE',  ( -1.287966265713290204, 0.000000000000000000, 1.606164317247239959 ) ) ;
#7501 = ADVANCED_FACE ( 'NONE', ( #6013 ), #6851, .T. ) ;
#7502 = LINE ( 'NONE', #7541, #7901 ) ;
#7503 = CARTESIAN_POINT ( 'NONE',  ( -2.000000000000000000, 0.000000000000000000, 0.1299999999999999767 ) ) ;
#7504 = CYLINDRICAL_SURFACE ( 'NONE', #1476, 0.1200000000000000927 ) ;
#7505 = VERTEX_POINT ( 'NONE', #1601 ) ;
#7506 = VERTEX_POINT ( 'NONE', #9717 ) ;
#7507 = ORIENTED_EDGE ( 'NONE', *, *, #2256, .T. ) ;
#7508 = CARTESIAN_POINT ( 'NONE',  ( 2.000000000000000000, 0.6664761515876239661, -0.6300000000000000044 ) ) ;
#7509 = ORIENTED_EDGE ( 'NONE', *, *, #4459, .F. ) ;
#7510 = LINE ( 'NONE', #5317, #2720 ) ;
#7511 = DIRECTION ( 'NONE',  ( 1.000000000000000000, 0.000000000000000000, 0.000000000000000000 ) ) ;
#7512 = CARTESIAN_POINT ( 'NONE',  ( 1.606164317247239959, 0.000000000000000000, -1.287966265713290204 ) ) ;
#7513 = CARTESIAN_POINT ( 'NONE',  ( -2.000000000000000000, 0.6664761515876239661, -0.3699999999999999956 ) ) ;
#7514 = ORIENTED_EDGE ( 'NONE', *, *, #5755, .T. ) ;
#7515 = DIRECTION ( 'NONE',  ( 0.000000000000000000, -1.000000000000000000, 0.000000000000000000 ) ) ;
#7516 = EDGE_LOOP ( 'NONE', ( #6996, #3729, #4506, #2353 ) ) ;
#7517 = FACE_OUTER_BOUND ( 'NONE', #129, .T. ) ;
#7518 = DIRECTION ( 'NONE',  ( 1.000000000000000000, 0.000000000000000000, 0.000000000000000000 ) ) ;
#7519 = VERTEX_POINT ( 'NONE', #8331 ) ;
#7520 = LINE ( 'NONE', #3734, #2241 ) ;
#7521 = DIRECTION ( 'NONE',  ( 1.000000000000000000, 0.000000000000000000, -7.744301232039309779E-16 ) ) ;
#7522 = DIRECTION ( 'NONE',  ( 1.000000000000000000, 0.000000000000000000, 0.000000000000000000 ) ) ;
#7523 = EDGE_LOOP ( 'NONE', ( #8897, #6226, #6304, #1649, #7410, #8435 ) ) ;
#7524 = EDGE_CURVE ( 'NONE', #7263, #3958, #6751, .T. ) ;
#7525 = DIRECTION ( 'NONE',  ( 0.000000000000000000, -1.000000000000000000, 0.000000000000000000 ) ) ;
#7526 = ORIENTED_EDGE ( 'NONE', *, *, #8376, .T. ) ;
#7527 = EDGE_CURVE ( 'NONE', #1764, #832, #9080, .T. ) ;
#7528 = DIRECTION ( 'NONE',  ( 0.000000000000000000, 0.000000000000000000, -1.000000000000000000 ) ) ;
#7529 = FILL_AREA_STYLE ('',( #8279 ) ) ;
#7530 = PLANE ( 'NONE',  #578 ) ;
#7531 = ADVANCED_FACE ( 'NONE', ( #729 ), #9034, .T. ) ;
#7532 = CARTESIAN_POINT ( 'NONE',  ( -0.2500000000000000000, 0.6664761515876239661, 1.600000000000000089 ) ) ;
#7533 = CARTESIAN_POINT ( 'NONE',  ( 1.129999999999999893, 0.05000000000000000278, 8.751060392204439634E-16 ) ) ;
#7534 = ADVANCED_FACE ( 'NONE', ( #7398 ), #8382, .F. ) ;
#7535 = DIRECTION ( 'NONE',  ( 0.000000000000000000, 1.000000000000000000, 0.000000000000000000 ) ) ;
#7536 = ORIENTED_EDGE ( 'NONE', *, *, #6637, .F. ) ;
#7537 = DIRECTION ( 'NONE',  ( -0.7071067811865504593, 0.000000000000000000, 0.7071067811865445751 ) ) ;
#7538 = ORIENTED_EDGE ( 'NONE', *, *, #1877, .F. ) ;
#7539 = EDGE_CURVE ( 'NONE', #2697, #2794, #7502, .T. ) ;
#7540 = LINE ( 'NONE', #7500, #7543 ) ;
#7541 = CARTESIAN_POINT ( 'NONE',  ( 2.000000000000000000, 0.6664761515876239661, -0.3699999999999999956 ) ) ;
#7542 = DIRECTION ( 'NONE',  ( 0.000000000000000000, 1.000000000000000000, 0.000000000000000000 ) ) ;
#7543 = VECTOR ( 'NONE', #8330, 1000.000000000000000 ) ;
#7544 = EDGE_CURVE ( 'NONE', #5828, #3591, #675, .T. ) ;
#7545 = EDGE_LOOP ( 'NONE', ( #1324, #5641, #3314, #1163, #7945, #7024 ) ) ;
#7546 = ORIENTED_EDGE ( 'NONE', *, *, #7902, .F. ) ;
#7547 = VECTOR ( 'NONE', #4201, 1000.000000000000000 ) ;
#7548 = ORIENTED_EDGE ( 'NONE', *, *, #4335, .T. ) ;
#7549 = CARTESIAN_POINT ( 'NONE',  ( 2.000000000000000000, 0.05000000000000000278, 2.000000000000000000 ) ) ;
#7550 = VERTEX_POINT ( 'NONE', #2346 ) ;
#7551 = AXIS2_PLACEMENT_3D ( 'NONE', #4677, #9056, #8268 ) ;
#7552 = CARTESIAN_POINT ( 'NONE',  ( 2.000000000000000000, 0.6664761515876239661, -1.369999999999999885 ) ) ;
#7553 = DIRECTION ( 'NONE',  ( 0.000000000000000000, 0.000000000000000000, -1.000000000000000000 ) ) ;
#7554 = FACE_OUTER_BOUND ( 'NONE', #9096, .T. ) ;
#7555 = VECTOR ( 'NONE', #9273, 1000.000000000000000 ) ;
#7556 = VECTOR ( 'NONE', #82, 1000.000000000000000 ) ;
#7557 =( NAMED_UNIT ( * ) PLANE_ANGLE_UNIT ( ) SI_UNIT ( $, .RADIAN. ) );
#7558 = EDGE_CURVE ( 'NONE', #2041, #2756, #3755, .T. ) ;
#7559 = VERTEX_POINT ( 'NONE', #1460 ) ;
#7560 = CARTESIAN_POINT ( 'NONE',  ( 2.000000000000000000, 0.2000000000000000111, 0.3699999999999999956 ) ) ;
#7561 = EDGE_LOOP ( 'NONE', ( #2643, #6121, #2542, #7043 ) ) ;
#7562 = EDGE_LOOP ( 'NONE', ( #2508, #3731, #7645, #3011 ) ) ;
#7563 = SURFACE_STYLE_USAGE ( .BOTH. , #5189 ) ;
#7564 = ORIENTED_EDGE ( 'NONE', *, *, #5067, .F. ) ;
#7565 = AXIS2_PLACEMENT_3D ( 'NONE', #9589, #3487, #9642 ) ;
#7566 =( NAMED_UNIT ( * ) SI_UNIT ( $, .STERADIAN. ) SOLID_ANGLE_UNIT ( ) );
#7567 = UNCERTAINTY_MEASURE_WITH_UNIT (LENGTH_MEASURE( 1.000000000000000082E-05 ), #1242, 'distance_accuracy_value', 'NONE');
#7568 = CARTESIAN_POINT ( 'NONE',  ( 0.3699999999999999956, 0.6664761515876239661, -1.719999999999999973 ) ) ;
#7569 = CARTESIAN_POINT ( 'NONE',  ( 1.250000000000000000, 0.000000000000000000, 1.350000000000000089 ) ) ;
#7570 = CARTESIAN_POINT ( 'NONE',  ( 1.129999999999999893, 0.2000000000000000111, 2.000000000000000000 ) ) ;
#7571 = STYLED_ITEM ( 'NONE', ( #5947 ), #2139 ) ;
#7572 = VECTOR ( 'NONE', #1026, 1000.000000000000000 ) ;
#7573 = VECTOR ( 'NONE', #4176, 1000.000000000000000 ) ;
#7574 = VERTEX_POINT ( 'NONE', #3713 ) ;
#7575 =( NAMED_UNIT ( * ) SI_UNIT ( $, .STERADIAN. ) SOLID_ANGLE_UNIT ( ) );
#7576 = VERTEX_POINT ( 'NONE', #3080 ) ;
#7577 = CARTESIAN_POINT ( 'NONE',  ( 2.000000000000000000, 0.000000000000000000, -0.8699999999999999956 ) ) ;
#7578 = FACE_OUTER_BOUND ( 'NONE', #1849, .T. ) ;
#7579 = ORIENTED_EDGE ( 'NONE', *, *, #1582, .T. ) ;
#7580 =( NAMED_UNIT ( * ) PLANE_ANGLE_UNIT ( ) SI_UNIT ( $, .RADIAN. ) );
#7581 = CARTESIAN_POINT ( 'NONE',  ( 1.719999999999999973, 0.6664761515876239661, 1.250000000000000000 ) ) ;
#7582 = CARTESIAN_POINT ( 'NONE',  ( 1.719999999999999973, 0.2000000000000000111, -0.1299999999999999767 ) ) ;
#7583 = VECTOR ( 'NONE', #4492, 1000.000000000000000 ) ;
#7584 = AXIS2_PLACEMENT_3D ( 'NONE', #9534, #2805, #7465 ) ;
#7585 = EDGE_CURVE ( 'NONE', #599, #7993, #6157, .T. ) ;
#7586 = EDGE_CURVE ( 'NONE', #1915, #2426, #131, .T. ) ;
#7587 = ADVANCED_FACE ( 'NONE', ( #4441 ), #8983, .T. ) ;
#7588 = PLANE ( 'NONE',  #3665 ) ;
#7589 = AXIS2_PLACEMENT_3D ( 'NONE', #4009, #466, #4792 ) ;
#7590 = FACE_OUTER_BOUND ( 'NONE', #2462, .T. ) ;
#7591 = ORIENTED_EDGE ( 'NONE', *, *, #3338, .T. ) ;
#7592 = VECTOR ( 'NONE', #5454, 1000.000000000000000 ) ;
#7593 = DIRECTION ( 'NONE',  ( 1.000000000000000000, 0.000000000000000000, 0.000000000000000000 ) ) ;
#7594 = ORIENTED_EDGE ( 'NONE', *, *, #3988, .T. ) ;
#7595 = PLANE ( 'NONE',  #3770 ) ;
#7596 = DIRECTION ( 'NONE',  ( 0.000000000000000000, 0.000000000000000000, 1.000000000000000000 ) ) ;
#7597 = CIRCLE ( 'NONE', #4447, 0.1000000000000000472 ) ;
#7598 = LINE ( 'NONE', #5310, #5727 ) ;
#7599 = ADVANCED_FACE ( 'NONE', ( #6662 ), #5217, .T. ) ;
#7600 = VECTOR ( 'NONE', #63, 1000.000000000000000 ) ;
#7601 = EDGE_CURVE ( 'NONE', #4223, #323, #2724, .T. ) ;
#7602 = CARTESIAN_POINT ( 'NONE',  ( 1.719999999999999973, 0.000000000000000000, 0.8699999999999999956 ) ) ;
#7603 = VERTEX_POINT ( 'NONE', #3366 ) ;
#7604 = COLOUR_RGB ( '',0.7921568627450980005, 0.8196078431372548767, 0.9333333333333333481 ) ;
#7605 = VERTEX_POINT ( 'NONE', #9264 ) ;
#7606 = EDGE_LOOP ( 'NONE', ( #8944, #9650, #848, #293 ) ) ;
#7607 = DIRECTION ( 'NONE',  ( 0.000000000000000000, 1.000000000000000000, 0.000000000000000000 ) ) ;
#7608 = ORIENTED_EDGE ( 'NONE', *, *, #51, .T. ) ;
#7609 = VECTOR ( 'NONE', #828, 1000.000000000000114 ) ;
#7610 = CARTESIAN_POINT ( 'NONE',  ( -0.6300000000000000044, 0.05000000000000000278, -1.719999999999999973 ) ) ;
#7611 = DIRECTION ( 'NONE',  ( 0.000000000000000000, -1.000000000000000000, 0.000000000000000000 ) ) ;
#7612 = CARTESIAN_POINT ( 'NONE',  ( 1.719999999999999973, 0.6664761515876239661, 0.8699999999999999956 ) ) ;
#7613 = ADVANCED_FACE ( 'NONE', ( #1741 ), #3165, .F. ) ;
#7614 = VECTOR ( 'NONE', #9081, 1000.000000000000000 ) ;
#7615 = CARTESIAN_POINT ( 'NONE',  ( 1.129999999999999893, 0.2000000000000000111, 2.000000000000000000 ) ) ;
#7616 = ORIENTED_EDGE ( 'NONE', *, *, #1690, .T. ) ;
#7617 = CARTESIAN_POINT ( 'NONE',  ( -0.2500000000000000000, 0.2000000000000000111, 1.719999999999999973 ) ) ;
#7618 = ORIENTED_EDGE ( 'NONE', *, *, #7058, .F. ) ;
#7619 = EDGE_LOOP ( 'NONE', ( #4159, #1067, #7507, #3243 ) ) ;
#7620 = LINE ( 'NONE', #1766, #9653 ) ;
#7621 = ORIENTED_EDGE ( 'NONE', *, *, #1254, .F. ) ;
#7622 = PLANE ( 'NONE',  #6146 ) ;
#7623 = DIRECTION ( 'NONE',  ( 1.000000000000000000, 0.000000000000000000, -7.744301232039309779E-16 ) ) ;
#7624 = PLANE ( 'NONE',  #6753 ) ;
#7625 = LINE ( 'NONE', #8411, #6330 ) ;
#7626 = EDGE_CURVE ( 'NONE', #55, #3329, #2533, .T. ) ;
#7627 = CLOSED_SHELL ( 'NONE', ( #5486, #1720, #142, #7654, #4521, #7468, #3493, #4283, #2340 ) ) ;
#7628 = COLOUR_RGB ( '',0.2509803921568627416, 0.2509803921568627416, 0.2509803921568627416 ) ;
#7629 = ORIENTED_EDGE ( 'NONE', *, *, #6624, .F. ) ;
#7630 = DIRECTION ( 'NONE',  ( 0.000000000000000000, 0.000000000000000000, 1.000000000000000000 ) ) ;
#7631 = DIRECTION ( 'NONE',  ( 1.000000000000000000, 0.000000000000000000, 0.000000000000000000 ) ) ;
#7632 = CIRCLE ( 'NONE', #103, 0.1200000000000000927 ) ;
#7633 = VERTEX_POINT ( 'NONE', #9223 ) ;
#7634 = LINE ( 'NONE', #3841, #1759 ) ;
#7635 = CARTESIAN_POINT ( 'NONE',  ( 1.287966265713291980, 0.2000000000000000111, -1.606164317247235074 ) ) ;
#7636 = DIRECTION ( 'NONE',  ( -7.744301232039309779E-16, 0.000000000000000000, 1.000000000000000000 ) ) ;
#7637 = LINE ( 'NONE', #7039, #3817 ) ;
#7638 = CARTESIAN_POINT ( 'NONE',  ( 1.350000000000000311, 0.000000000000000000, -1.249999999999999778 ) ) ;
#7639 = EDGE_LOOP ( 'NONE', ( #9379, #7957, #6348, #1417 ) ) ;
#7640 = LINE ( 'NONE', #3888, #184 ) ;
#7641 = CARTESIAN_POINT ( 'NONE',  ( -1.129999999999999893, 0.6664761515876239661, 1.719999999999999973 ) ) ;
#7642 = DIRECTION ( 'NONE',  ( 0.000000000000000000, -1.000000000000000000, 0.000000000000000000 ) ) ;
#7643 = DIRECTION ( 'NONE',  ( 0.000000000000000000, 0.000000000000000000, 1.000000000000000000 ) ) ;
#7644 = DIRECTION ( 'NONE',  ( -7.744301232039309779E-16, 0.000000000000000000, 1.000000000000000000 ) ) ;
#7645 = ORIENTED_EDGE ( 'NONE', *, *, #3403, .T. ) ;
#7646 = EDGE_CURVE ( 'NONE', #3561, #995, #1846, .T. ) ;
#7647 = ORIENTED_EDGE ( 'NONE', *, *, #7601, .T. ) ;
#7648 = ADVANCED_FACE ( 'NONE', ( #225 ), #4776, .F. ) ;
#7649 = ORIENTED_EDGE ( 'NONE', *, *, #5351, .F. ) ;
#7650 = CARTESIAN_POINT ( 'NONE',  ( 1.719999999999999973, 0.000000000000000000, -0.7500000000000000000 ) ) ;
#7651 = ORIENTED_EDGE ( 'NONE', *, *, #2314, .T. ) ;
#7652 = FACE_OUTER_BOUND ( 'NONE', #8933, .T. ) ;
#7653 = DIRECTION ( 'NONE',  ( 0.000000000000000000, -1.000000000000000000, 0.000000000000000000 ) ) ;
#7654 = ADVANCED_FACE ( 'NONE', ( #7683 ), #3990, .F. ) ;
#7655 = DIRECTION ( 'NONE',  ( 0.000000000000000000, 0.000000000000000000, 1.000000000000000000 ) ) ;
#7656 = ORIENTED_EDGE ( 'NONE', *, *, #4122, .F. ) ;
#7657 = DIRECTION ( 'NONE',  ( 0.000000000000000000, -1.000000000000000000, 0.000000000000000000 ) ) ;
#7658 = ORIENTED_EDGE ( 'NONE', *, *, #6917, .F. ) ;
#7659 = ADVANCED_FACE ( 'NONE', ( #8588 ), #7839, .F. ) ;
#7660 = ORIENTED_EDGE ( 'NONE', *, *, #360, .F. ) ;
#7661 = FILL_AREA_STYLE ('',( #2275 ) ) ;
#7662 = ORIENTED_EDGE ( 'NONE', *, *, #1157, .T. ) ;
#7663 = FACE_OUTER_BOUND ( 'NONE', #6306, .T. ) ;
#7664 = CARTESIAN_POINT ( 'NONE',  ( 1.060969268789385947E-15, 0.05000000000000000278, -1.369999999999999885 ) ) ;
#7665 = DIRECTION ( 'NONE',  ( 0.7071067811865495711, 0.000000000000000000, -0.7071067811865455743 ) ) ;
#7666 = DIRECTION ( 'NONE',  ( -0.7071067811865505703, 0.000000000000000000, 0.7071067811865444641 ) ) ;
#7667 = EDGE_LOOP ( 'NONE', ( #4988, #838, #2688, #2951 ) ) ;
#7668 = ORIENTED_EDGE ( 'NONE', *, *, #4652, .T. ) ;
#7669 = FACE_OUTER_BOUND ( 'NONE', #2539, .T. ) ;
#7670 =( NAMED_UNIT ( * ) SI_UNIT ( $, .STERADIAN. ) SOLID_ANGLE_UNIT ( ) );
#7671 = EDGE_LOOP ( 'NONE', ( #5038, #5448, #1017, #2518 ) ) ;
#7672 =( NAMED_UNIT ( * ) SI_UNIT ( $, .STERADIAN. ) SOLID_ANGLE_UNIT ( ) );
#7673 = CARTESIAN_POINT ( 'NONE',  ( 1.287966265713291980, 0.000000000000000000, 1.606164317247235074 ) ) ;
#7674 = CARTESIAN_POINT ( 'NONE',  ( -1.250000000000000000, 0.000000000000000000, 0.09999999999999971412 ) ) ;
#7675 = CARTESIAN_POINT ( 'NONE',  ( -1.363835682752762013, -0.05729555854656199348, -1.682033734286709770 ) ) ;
#7676 = CARTESIAN_POINT ( 'NONE',  ( 0.3699999999999999956, 0.000000000000000000, 1.719999999999999973 ) ) ;
#7677 = EDGE_CURVE ( 'NONE', #9272, #7550, #3649, .T. ) ;
#7678 = ADVANCED_FACE ( 'NONE', ( #4821 ), #1103, .F. ) ;
#7679 = FILL_AREA_STYLE_COLOUR ( '', #2607 ) ;
#7680 = ORIENTED_EDGE ( 'NONE', *, *, #94, .T. ) ;
#7681 = CARTESIAN_POINT ( 'NONE',  ( -0.1299999999999999767, 0.000000000000000000, -1.719999999999999973 ) ) ;
#7682 = ORIENTED_EDGE ( 'NONE', *, *, #2969, .T. ) ;
#7683 = FACE_OUTER_BOUND ( 'NONE', #4583, .T. ) ;
#7684 = CARTESIAN_POINT ( 'NONE',  ( -2.000000000000000000, 0.6664761515876239661, -0.8699999999999999956 ) ) ;
#7685 = CIRCLE ( 'NONE', #10, 0.1200000000000000927 ) ;
#7686 = CARTESIAN_POINT ( 'NONE',  ( -1.719999999999999973, 0.2000000000000000111, 0.3699999999999999956 ) ) ;
#7687 = ORIENTED_EDGE ( 'NONE', *, *, #9524, .F. ) ;
#7688 = ORIENTED_EDGE ( 'NONE', *, *, #4926, .T. ) ;
#7689 = CARTESIAN_POINT ( 'NONE',  ( -0.1299999999999999767, 0.6664761515876239661, -2.000000000000000000 ) ) ;
#7690 = VERTEX_POINT ( 'NONE', #4629 ) ;
#7691 = PLANE ( 'NONE',  #2067 ) ;
#7692 = VERTEX_POINT ( 'NONE', #3266 ) ;
#7693 = DIRECTION ( 'NONE',  ( 1.000000000000000000, 0.000000000000000000, 0.000000000000000000 ) ) ;
#7694 = CARTESIAN_POINT ( 'NONE',  ( 2.000000000000000000, 0.2000000000000000111, -0.1299999999999999767 ) ) ;
#7695 = LINE ( 'NONE', #3949, #6187 ) ;
#7696 = VECTOR ( 'NONE', #1091, 1000.000000000000000 ) ;
#7697 = EDGE_CURVE ( 'NONE', #8308, #6079, #369, .T. ) ;
#7698 = ADVANCED_FACE ( 'NONE', ( #5618 ), #8478, .T. ) ;
#7699 = DIRECTION ( 'NONE',  ( 0.000000000000000000, -1.000000000000000000, 0.000000000000000000 ) ) ;
#7700 = EDGE_CURVE ( 'NONE', #4263, #2559, #7002, .T. ) ;
#7701 = ORIENTED_EDGE ( 'NONE', *, *, #4763, .F. ) ;
#7702 = CARTESIAN_POINT ( 'NONE',  ( -0.6300000000000000044, 0.000000000000000000, -2.000000000000000000 ) ) ;
#7703 = EDGE_LOOP ( 'NONE', ( #7618, #1262, #7844, #6693 ) ) ;
#7704 = ORIENTED_EDGE ( 'NONE', *, *, #6527, .T. ) ;
#7705 = DIRECTION ( 'NONE',  ( 0.000000000000000000, 0.000000000000000000, -1.000000000000000000 ) ) ;
#7706 = ORIENTED_EDGE ( 'NONE', *, *, #7831, .T. ) ;
#7707 = DIRECTION ( 'NONE',  ( -1.000000000000000000, 0.000000000000000000, -0.000000000000000000 ) ) ;
#7708 = DIRECTION ( 'NONE',  ( 0.000000000000000000, -1.000000000000000000, 0.000000000000000000 ) ) ;
#7709 = CARTESIAN_POINT ( 'NONE',  ( 1.349999999999999867, 0.000000000000000000, 1.250000000000000000 ) ) ;
#7710 = CARTESIAN_POINT ( 'NONE',  ( -4.878909776184760092E-16, 0.05000000000000000278, 0.6300000000000000044 ) ) ;
#7711 = VECTOR ( 'NONE', #6522, 1000.000000000000000 ) ;
#7712 = AXIS2_PLACEMENT_3D ( 'NONE', #1843, #1060, #4772 ) ;
#7713 = ADVANCED_FACE ( 'NONE', ( #3890 ), #7044, .T. ) ;
#7714 = CARTESIAN_POINT ( 'NONE',  ( 1.129999999999999893, 0.2000000000000000111, -1.719999999999999973 ) ) ;
#7715 = EDGE_CURVE ( 'NONE', #5225, #3106, #3935, .T. ) ;
#7716 = ORIENTED_EDGE ( 'NONE', *, *, #8810, .F. ) ;
#7717 = AXIS2_PLACEMENT_3D ( 'NONE', #9417, #6602, #6453 ) ;
#7718 = ORIENTED_EDGE ( 'NONE', *, *, #6097, .F. ) ;
#7719 = DIRECTION ( 'NONE',  ( 0.000000000000000000, 0.000000000000000000, -1.000000000000000000 ) ) ;
#7720 = DIRECTION ( 'NONE',  ( 0.000000000000000000, -1.000000000000000000, 0.000000000000000000 ) ) ;
#7721 = ORIENTED_EDGE ( 'NONE', *, *, #8614, .F. ) ;
#7722 = CIRCLE ( 'NONE', #3477, 0.1199999999999999956 ) ;
#7723 = DIRECTION ( 'NONE',  ( -0.000000000000000000, 1.000000000000000000, -0.000000000000000000 ) ) ;
#7724 = LINE ( 'NONE', #6141, #968 ) ;
#7725 = CARTESIAN_POINT ( 'NONE',  ( 0.6300000000000000044, 0.05000000000000000278, -4.878909776184780800E-16 ) ) ;
#7726 = CARTESIAN_POINT ( 'NONE',  ( -1.287966265713290204, 0.2000000000000000111, 1.606164317247235074 ) ) ;
#7727 = AXIS2_PLACEMENT_3D ( 'NONE', #7915, #5485, #980 ) ;
#7728 = EDGE_CURVE ( 'NONE', #7049, #292, #4280, .T. ) ;
#7729 = VECTOR ( 'NONE', #2323, 1000.000000000000000 ) ;
#7730 = FACE_OUTER_BOUND ( 'NONE', #2188, .T. ) ;
#7731 = CARTESIAN_POINT ( 'NONE',  ( 1.250000000000000000, 0.2000000000000000111, -1.719999999999999973 ) ) ;
#7732 = ORIENTED_EDGE ( 'NONE', *, *, #6248, .F. ) ;
#7733 = AXIS2_PLACEMENT_3D ( 'NONE', #4501, #2262, #1474 ) ;
#7734 = CARTESIAN_POINT ( 'NONE',  ( 1.250000000000000000, 0.6664761515876239661, -1.719999999999999973 ) ) ;
#7735 = CARTESIAN_POINT ( 'NONE',  ( 1.719999999999999973, 0.6664761515876239661, -0.1299999999999999767 ) ) ;
#7736 = AXIS2_PLACEMENT_3D ( 'NONE', #2453, #4589, #4500 ) ;
#7737 = CARTESIAN_POINT ( 'NONE',  ( -1.129999999999999893, 0.6664761515876239661, 2.000000000000000000 ) ) ;
#7738 = DIRECTION ( 'NONE',  ( 1.000000000000000000, 0.000000000000000000, 0.000000000000000000 ) ) ;
#7739 = EDGE_CURVE ( 'NONE', #6869, #4869, #2489, .T. ) ;
#7740 = VECTOR ( 'NONE', #1653, 1000.000000000000000 ) ;
#7741 = VECTOR ( 'NONE', #3016, 1000.000000000000000 ) ;
#7742 = DIRECTION ( 'NONE',  ( 1.000000000000000000, 0.000000000000000000, 7.744301232039309779E-16 ) ) ;
#7743 = ORIENTED_EDGE ( 'NONE', *, *, #8119, .F. ) ;
#7744 = VERTEX_POINT ( 'NONE', #7888 ) ;
#7745 = CARTESIAN_POINT ( 'NONE',  ( -1.719999999999999973, 0.6664761515876239661, -0.6300000000000000044 ) ) ;
#7746 = VERTEX_POINT ( 'NONE', #4138 ) ;
#7747 = DIRECTION ( 'NONE',  ( 0.000000000000000000, 0.000000000000000000, 1.000000000000000000 ) ) ;
#7748 = ORIENTED_EDGE ( 'NONE', *, *, #1116, .T. ) ;
#7749 = AXIS2_PLACEMENT_3D ( 'NONE', #5013, #4141, #5813 ) ;
#7750 = CARTESIAN_POINT ( 'NONE',  ( -1.250000000000000000, 0.2000000000000000111, 1.719999999999999973 ) ) ;
#7751 = DIRECTION ( 'NONE',  ( 0.000000000000000000, -1.000000000000000000, 0.000000000000000000 ) ) ;
#7752 = CARTESIAN_POINT ( 'NONE',  ( -0.1299999999999999767, 0.2000000000000000111, 2.000000000000000000 ) ) ;
#7753 = VECTOR ( 'NONE', #2565, 1000.000000000000000 ) ;
#7754 = EDGE_CURVE ( 'NONE', #6420, #6093, #1253, .T. ) ;
#7755 = CYLINDRICAL_SURFACE ( 'NONE', #6972, 0.1199999999999999956 ) ;
#7756 = VECTOR ( 'NONE', #2691, 1000.000000000000000 ) ;
#7757 = EDGE_LOOP ( 'NONE', ( #2833, #1426, #9, #259 ) ) ;
#7758 = SURFACE_STYLE_FILL_AREA ( #7020 ) ;
#7759 = VERTEX_POINT ( 'NONE', #6547 ) ;
#7760 = ORIENTED_EDGE ( 'NONE', *, *, #1469, .F. ) ;
#7761 =( NAMED_UNIT ( * ) PLANE_ANGLE_UNIT ( ) SI_UNIT ( $, .RADIAN. ) );
#7762 = ORIENTED_EDGE ( 'NONE', *, *, #8674, .T. ) ;
#7763 = CARTESIAN_POINT ( 'NONE',  ( -1.719999999999999973, 0.05000000000000000278, -1.250000000000000000 ) ) ;
#7764 = ADVANCED_FACE ( 'NONE', ( #8724 ), #7242, .T. ) ;
#7765 = UNCERTAINTY_MEASURE_WITH_UNIT (LENGTH_MEASURE( 1.000000000000000082E-05 ), #264, 'distance_accuracy_value', 'NONE');
#7766 = DIRECTION ( 'NONE',  ( 0.000000000000000000, 0.000000000000000000, 1.000000000000000000 ) ) ;
#7767 = CARTESIAN_POINT ( 'NONE',  ( -0.3699999999999999956, 0.000000000000000000, 1.719999999999999973 ) ) ;
#7768 = DIRECTION ( 'NONE',  ( 0.000000000000000000, -1.000000000000000000, 0.000000000000000000 ) ) ;
#7769 =( GEOMETRIC_REPRESENTATION_CONTEXT ( 3 ) GLOBAL_UNCERTAINTY_ASSIGNED_CONTEXT ( ( #791 ) ) GLOBAL_UNIT_ASSIGNED_CONTEXT ( ( #8301, #7557, #7469 ) ) REPRESENTATION_CONTEXT ( 'NONE', 'WORKASPACE' ) );
#7770 = AXIS2_PLACEMENT_3D ( 'NONE', #1623, #5388, #2321 ) ;
#7771 = CIRCLE ( 'NONE', #4149, 0.1200000000000000927 ) ;
#7772 = DIRECTION ( 'NONE',  ( -7.744301232039309779E-16, 0.000000000000000000, 1.000000000000000000 ) ) ;
#7773 = ORIENTED_EDGE ( 'NONE', *, *, #4384, .T. ) ;
#7774 = VERTEX_POINT ( 'NONE', #5715 ) ;
#7775 = AXIS2_PLACEMENT_3D ( 'NONE', #4513, #7339, #2127 ) ;
#7776 = LINE ( 'NONE', #7033, #2680 ) ;
#7777 = SURFACE_SIDE_STYLE ('',( #4755 ) ) ;
#7778 = ORIENTED_EDGE ( 'NONE', *, *, #8314, .T. ) ;
#7779 = CIRCLE ( 'NONE', #1195, 0.1200000000000000927 ) ;
#7780 = EDGE_CURVE ( 'NONE', #5995, #3942, #9409, .T. ) ;
#7781 = LINE ( 'NONE', #5451, #1450 ) ;
#7782 = EDGE_CURVE ( 'NONE', #2831, #7690, #1209, .T. ) ;
#7783 = PLANE ( 'NONE',  #3476 ) ;
#7784 = DIRECTION ( 'NONE',  ( 0.000000000000000000, 0.000000000000000000, -1.000000000000000000 ) ) ;
#7785 = CARTESIAN_POINT ( 'NONE',  ( -0.3699999999999999956, 0.2000000000000000111, 1.719999999999999973 ) ) ;
#7786 = EDGE_CURVE ( 'NONE', #7505, #5282, #5066, .T. ) ;
#7787 =( GEOMETRIC_REPRESENTATION_CONTEXT ( 3 ) GLOBAL_UNCERTAINTY_ASSIGNED_CONTEXT ( ( #3336 ) ) GLOBAL_UNIT_ASSIGNED_CONTEXT ( ( #2867, #5342, #6092 ) ) REPRESENTATION_CONTEXT ( 'NONE', 'WORKASPACE' ) );
#7788 = CLOSED_SHELL ( 'NONE', ( #5120, #2056, #665, #7404, #8187, #5419 ) ) ;
#7789 = DIRECTION ( 'NONE',  ( 0.000000000000000000, 1.000000000000000000, 0.000000000000000000 ) ) ;
#7790 = FACE_OUTER_BOUND ( 'NONE', #8989, .T. ) ;
#7791 = ORIENTED_EDGE ( 'NONE', *, *, #4154, .T. ) ;
#7792 = DIRECTION ( 'NONE',  ( 7.744301232039309779E-16, 0.000000000000000000, 1.000000000000000000 ) ) ;
#7793 = EDGE_CURVE ( 'NONE', #9041, #5471, #8772, .T. ) ;
#7794 = ORIENTED_EDGE ( 'NONE', *, *, #2850, .F. ) ;
#7795 = CARTESIAN_POINT ( 'NONE',  ( 0.2500000000000000000, 0.2000000000000000111, -1.719999999999999973 ) ) ;
#7796 = AXIS2_PLACEMENT_3D ( 'NONE', #21, #3068, #2291 ) ;
#7797 = LINE ( 'NONE', #3267, #9036 ) ;
#7798 = FACE_OUTER_BOUND ( 'NONE', #1767, .T. ) ;
#7799 = VERTEX_POINT ( 'NONE', #5765 ) ;
#7800 = ORIENTED_EDGE ( 'NONE', *, *, #6577, .T. ) ;
#7801 = FACE_OUTER_BOUND ( 'NONE', #9160, .T. ) ;
#7802 = EDGE_CURVE ( 'NONE', #1268, #4574, #516, .T. ) ;
#7803 = ORIENTED_EDGE ( 'NONE', *, *, #3563, .T. ) ;
#7804 = CARTESIAN_POINT ( 'NONE',  ( -0.1299999999999999767, 0.6664761515876239661, 1.719999999999999973 ) ) ;
#7805 = ORIENTED_EDGE ( 'NONE', *, *, #5140, .F. ) ;
#7806 = DIRECTION ( 'NONE',  ( -0.7071067811865455743, 0.000000000000000000, -0.7071067811865495711 ) ) ;
#7807 = FACE_OUTER_BOUND ( 'NONE', #5144, .T. ) ;
#7808 = FACE_OUTER_BOUND ( 'NONE', #7470, .T. ) ;
#7809 = FILL_AREA_STYLE_COLOUR ( '', #2124 ) ;
#7810 = ORIENTED_EDGE ( 'NONE', *, *, #5340, .T. ) ;
#7811 = ORIENTED_EDGE ( 'NONE', *, *, #4082, .T. ) ;
#7812 = ADVANCED_FACE ( 'NONE', ( #1302 ), #9456, .T. ) ;
#7813 = ORIENTED_EDGE ( 'NONE', *, *, #6815, .T. ) ;
#7814 = EDGE_CURVE ( 'NONE', #249, #8515, #3503, .T. ) ;
#7815 = CARTESIAN_POINT ( 'NONE',  ( -2.000000000000000000, 0.000000000000000000, -1.369999999999999885 ) ) ;
#7816 = ORIENTED_EDGE ( 'NONE', *, *, #7956, .F. ) ;
#7817 = CARTESIAN_POINT ( 'NONE',  ( 0.3699999999999999956, 0.2000000000000000111, 1.719999999999999973 ) ) ;
#7818 = DIRECTION ( 'NONE',  ( 0.000000000000000000, -1.000000000000000000, 0.000000000000000000 ) ) ;
#7819 = CYLINDRICAL_SURFACE ( 'NONE', #7233, 0.1200000000000000927 ) ;
#7820 = CARTESIAN_POINT ( 'NONE',  ( 0.3699999999999999956, 0.2000000000000000111, 1.719999999999999973 ) ) ;
#7821 = DIRECTION ( 'NONE',  ( 0.000000000000000000, 0.000000000000000000, -1.000000000000000000 ) ) ;
#7822 = ORIENTED_EDGE ( 'NONE', *, *, #456, .T. ) ;
#7823 = ORIENTED_EDGE ( 'NONE', *, *, #5623, .F. ) ;
#7824 = DIRECTION ( 'NONE',  ( 0.000000000000000000, 1.000000000000000000, 0.000000000000000000 ) ) ;
#7825 = DIRECTION ( 'NONE',  ( 1.000000000000000000, 0.000000000000000000, 7.744301232039309779E-16 ) ) ;
#7826 = ORIENTED_EDGE ( 'NONE', *, *, #5728, .F. ) ;
#7827 = CARTESIAN_POINT ( 'NONE',  ( 0.7500000000000000000, 0.05000000000000000278, -1.719999999999999973 ) ) ;
#7828 = CYLINDRICAL_SURFACE ( 'NONE', #5503, 0.1200000000000000927 ) ;
#7829 = DIRECTION ( 'NONE',  ( -0.000000000000000000, 1.000000000000000000, -0.000000000000000000 ) ) ;
#7830 = LINE ( 'NONE', #7785, #4436 ) ;
#7831 = EDGE_CURVE ( 'NONE', #2449, #9007, #9555, .T. ) ;
#7832 = EDGE_CURVE ( 'NONE', #681, #6836, #6496, .T. ) ;
#7833 = CARTESIAN_POINT ( 'NONE',  ( -1.287966265713290204, 0.05000000000000000278, -1.606164317247235074 ) ) ;
#7834 = EDGE_CURVE ( 'NONE', #4540, #4885, #7346, .T. ) ;
#7835 = DIRECTION ( 'NONE',  ( 0.000000000000000000, 0.000000000000000000, 1.000000000000000000 ) ) ;
#7836 = VERTEX_POINT ( 'NONE', #1883 ) ;
#7837 = CARTESIAN_POINT ( 'NONE',  ( -0.2500000000000000000, 0.05000000000000000278, -1.719999999999999973 ) ) ;
#7838 = LINE ( 'NONE', #8586, #5433 ) ;
#7839 = PLANE ( 'NONE',  #1788 ) ;
#7840 = EDGE_CURVE ( 'NONE', #6836, #6022, #8671, .T. ) ;
#7841 = CARTESIAN_POINT ( 'NONE',  ( -0.7500000000000000000, 0.2000000000000000111, 1.719999999999999973 ) ) ;
#7842 = EDGE_CURVE ( 'NONE', #9241, #5018, #4862, .T. ) ;
#7843 = EDGE_CURVE ( 'NONE', #5883, #4753, #7147, .T. ) ;
#7844 = ORIENTED_EDGE ( 'NONE', *, *, #5552, .T. ) ;
#7845 = ORIENTED_EDGE ( 'NONE', *, *, #1593, .T. ) ;
#7846 = LINE ( 'NONE', #5520, #8816 ) ;
#7847 = ORIENTED_EDGE ( 'NONE', *, *, #2296, .T. ) ;
#7848 = CARTESIAN_POINT ( 'NONE',  ( -2.000000000000000000, 0.000000000000000000, 0.8699999999999999956 ) ) ;
#7849 = ORIENTED_EDGE ( 'NONE', *, *, #1409, .F. ) ;
#7850 = CARTESIAN_POINT ( 'NONE',  ( 0.3699999999999999956, 0.2000000000000000111, -2.000000000000000000 ) ) ;
#7851 = DIRECTION ( 'NONE',  ( 0.000000000000000000, 0.000000000000000000, -1.000000000000000000 ) ) ;
#7852 = CARTESIAN_POINT ( 'NONE',  ( -0.6300000000000000044, 0.2000000000000000111, -2.000000000000000000 ) ) ;
#7853 = VECTOR ( 'NONE', #4069, 1000.000000000000000 ) ;
#7854 = EDGE_CURVE ( 'NONE', #6058, #4021, #4433, .T. ) ;
#7855 = PRESENTATION_STYLE_ASSIGNMENT (( #4790 ) ) ;
#7856 = APPLICATION_PROTOCOL_DEFINITION ( 'draft international standard', 'automotive_design', 1998, #514 ) ;
#7857 = ORIENTED_EDGE ( 'NONE', *, *, #9074, .F. ) ;
#7858 = ORIENTED_EDGE ( 'NONE', *, *, #9170, .F. ) ;
#7859 = ORIENTED_EDGE ( 'NONE', *, *, #2263, .T. ) ;
#7860 = ORIENTED_EDGE ( 'NONE', *, *, #5224, .T. ) ;
#7861 = AXIS2_PLACEMENT_3D ( 'NONE', #8938, #130, #5960 ) ;
#7862 = DIRECTION ( 'NONE',  ( -7.744301232039309779E-16, 0.000000000000000000, 1.000000000000000000 ) ) ;
#7863 = UNCERTAINTY_MEASURE_WITH_UNIT (LENGTH_MEASURE( 1.000000000000000082E-05 ), #9200, 'distance_accuracy_value', 'NONE');
#7864 = CARTESIAN_POINT ( 'NONE',  ( -0.8699999999999999956, 0.05000000000000000278, -6.737542071874189785E-16 ) ) ;
#7865 = CARTESIAN_POINT ( 'NONE',  ( -2.000000000000000000, 0.05000000000000000278, 2.000000000000000000 ) ) ;
#7866 = CIRCLE ( 'NONE', #2230, 0.1200000000000000927 ) ;
#7867 = DIRECTION ( 'NONE',  ( 0.000000000000000000, -1.000000000000000000, 0.000000000000000000 ) ) ;
#7868 = ORIENTED_EDGE ( 'NONE', *, *, #3676, .T. ) ;
#7869 = ORIENTED_EDGE ( 'NONE', *, *, #5077, .T. ) ;
#7870 = CARTESIAN_POINT ( 'NONE',  ( 0.2500000000000000000, 0.000000000000000000, 1.600000000000000089 ) ) ;
#7871 = DIRECTION ( 'NONE',  ( -7.744301232039309779E-16, 0.000000000000000000, 1.000000000000000000 ) ) ;
#7872 = EDGE_LOOP ( 'NONE', ( #8991, #3608, #7680, #3362 ) ) ;
#7873 = AXIS2_PLACEMENT_3D ( 'NONE', #327, #5470, #8486 ) ;
#7874 = CARTESIAN_POINT ( 'NONE',  ( -0.6300000000000000044, 0.2000000000000000111, -1.719999999999999973 ) ) ;
#7875 = CARTESIAN_POINT ( 'NONE',  ( -2.000000000000000000, 0.2000000000000000111, -0.8699999999999999956 ) ) ;
#7876 = CARTESIAN_POINT ( 'NONE',  ( 1.719999999999999973, 0.6664761515876239661, 1.369999999999999885 ) ) ;
#7877 = DIRECTION ( 'NONE',  ( 0.000000000000000000, 1.000000000000000000, 0.000000000000000000 ) ) ;
#7878 = AXIS2_PLACEMENT_3D ( 'NONE', #5411, #8426, #1694 ) ;
#7879 = AXIS2_PLACEMENT_3D ( 'NONE', #5452, #2428, #996 ) ;
#7880 =( GEOMETRIC_REPRESENTATION_CONTEXT ( 3 ) GLOBAL_UNCERTAINTY_ASSIGNED_CONTEXT ( ( #5988 ) ) GLOBAL_UNIT_ASSIGNED_CONTEXT ( ( #611, #3699, #8177 ) ) REPRESENTATION_CONTEXT ( 'NONE', 'WORKASPACE' ) );
#7881 = DIRECTION ( 'NONE',  ( -3.614007241618345221E-15, 0.000000000000000000, 1.000000000000000000 ) ) ;
#7882 = DIRECTION ( 'NONE',  ( 0.000000000000000000, -1.000000000000000000, 0.000000000000000000 ) ) ;
#7883 = ORIENTED_EDGE ( 'NONE', *, *, #3647, .F. ) ;
#7884 = LINE ( 'NONE', #7296, #6920 ) ;
#7885 = CARTESIAN_POINT ( 'NONE',  ( 0.1299999999999999767, 0.000000000000000000, 2.000000000000000000 ) ) ;
#7886 = VECTOR ( 'NONE', #1084, 1000.000000000000000 ) ;
#7887 = ADVANCED_FACE ( 'NONE', ( #464 ), #3449, .T. ) ;
#7888 = CARTESIAN_POINT ( 'NONE',  ( -2.000000000000000000, 0.2000000000000000111, 0.3699999999999999956 ) ) ;
#7889 = EDGE_CURVE ( 'NONE', #4353, #9452, #7387, .T. ) ;
#7890 = CARTESIAN_POINT ( 'NONE',  ( -2.000000000000000000, 0.000000000000000000, 0.6300000000000000044 ) ) ;
#7891 = ORIENTED_EDGE ( 'NONE', *, *, #5229, .F. ) ;
#7892 = ORIENTED_EDGE ( 'NONE', *, *, #3391, .T. ) ;
#7893 = DIRECTION ( 'NONE',  ( 0.000000000000000000, -1.000000000000000000, 0.000000000000000000 ) ) ;
#7894 = ORIENTED_EDGE ( 'NONE', *, *, #9629, .F. ) ;
#7895 = CARTESIAN_POINT ( 'NONE',  ( 2.000000000000000000, 0.6664761515876239661, -0.3699999999999999956 ) ) ;
#7896 = ORIENTED_EDGE ( 'NONE', *, *, #922, .T. ) ;
#7897 = CARTESIAN_POINT ( 'NONE',  ( -0.2500000000000000000, 0.2000000000000000111, -1.719999999999999973 ) ) ;
#7898 = ADVANCED_FACE ( 'NONE', ( #5119 ), #8236, .T. ) ;
#7899 = LINE ( 'NONE', #4151, #5683 ) ;
#7900 = DIRECTION ( 'NONE',  ( 1.000000000000000000, 0.000000000000000000, 0.000000000000000000 ) ) ;
#7901 = VECTOR ( 'NONE', #5271, 1000.000000000000000 ) ;
#7902 = EDGE_CURVE ( 'NONE', #8977, #1712, #1004, .T. ) ;
#7903 = VECTOR ( 'NONE', #919, 1000.000000000000000 ) ;
#7904 = CARTESIAN_POINT ( 'NONE',  ( -1.719999999999999973, 0.000000000000000000, 0.1299999999999999767 ) ) ;
#7905 = AXIS2_PLACEMENT_3D ( 'NONE', #3453, #8823, #9410 ) ;
#7906 = ORIENTED_EDGE ( 'NONE', *, *, #5530, .F. ) ;
#7907 = VECTOR ( 'NONE', #1336, 1000.000000000000000 ) ;
#7908 = ORIENTED_EDGE ( 'NONE', *, *, #2185, .F. ) ;
#7909 = ORIENTED_EDGE ( 'NONE', *, *, #3663, .F. ) ;
#7910 =( NAMED_UNIT ( * ) PLANE_ANGLE_UNIT ( ) SI_UNIT ( $, .RADIAN. ) );
#7911 = ORIENTED_EDGE ( 'NONE', *, *, #6686, .F. ) ;
#7912 = CIRCLE ( 'NONE', #216, 0.1200000000000000927 ) ;
#7913 = FACE_OUTER_BOUND ( 'NONE', #9438, .T. ) ;
#7914 = ADVANCED_FACE ( 'NONE', ( #8927 ), #8135, .F. ) ;
#7915 = CARTESIAN_POINT ( 'NONE',  ( -1.719999999999999973, 0.2000000000000000111, -1.250000000000000000 ) ) ;
#7916 = DIRECTION ( 'NONE',  ( 0.000000000000000000, 1.000000000000000000, 0.000000000000000000 ) ) ;
#7917 = AXIS2_PLACEMENT_3D ( 'NONE', #8138, #5455, #5505 ) ;
#7918 = VECTOR ( 'NONE', #6331, 1000.000000000000000 ) ;
#7919 = AXIS2_PLACEMENT_3D ( 'NONE', #4328, #4514, #8918 ) ;
#7920 = CARTESIAN_POINT ( 'NONE',  ( -0.2500000000000000000, 0.000000000000000000, 1.719999999999999973 ) ) ;
#7921 = ORIENTED_EDGE ( 'NONE', *, *, #5110, .F. ) ;
#7922 = DIRECTION ( 'NONE',  ( 0.000000000000000000, 0.000000000000000000, 1.000000000000000000 ) ) ;
#7923 = EDGE_LOOP ( 'NONE', ( #6670, #4235, #7526, #7682 ) ) ;
#7924 = CARTESIAN_POINT ( 'NONE',  ( 0.8699999999999999956, 0.6664761515876239661, -2.000000000000000000 ) ) ;
#7925 = DIRECTION ( 'NONE',  ( 0.000000000000000000, -1.000000000000000000, 0.000000000000000000 ) ) ;
#7926 = ORIENTED_EDGE ( 'NONE', *, *, #3627, .F. ) ;
#7927 = EDGE_CURVE ( 'NONE', #711, #8541, #5911, .T. ) ;
#7928 = CARTESIAN_POINT ( 'NONE',  ( -0.7500000000000000000, 0.2000000000000000111, 1.719999999999999973 ) ) ;
#7929 = FACE_OUTER_BOUND ( 'NONE', #9311, .T. ) ;
#7930 = VECTOR ( 'NONE', #9586, 1000.000000000000000 ) ;
#7931 = VECTOR ( 'NONE', #6606, 1000.000000000000000 ) ;
#7932 = CARTESIAN_POINT ( 'NONE',  ( -0.1299999999999999767, 0.2000000000000000111, -1.719999999999999973 ) ) ;
#7933 = AXIS2_PLACEMENT_3D ( 'NONE', #9556, #2681, #5072 ) ;
#7934 = VECTOR ( 'NONE', #7643, 1000.000000000000000 ) ;
#7935 = LINE ( 'NONE', #8622, #7284 ) ;
#7936 = CARTESIAN_POINT ( 'NONE',  ( -1.719999999999999973, 0.05000000000000000278, -0.6300000000000000044 ) ) ;
#7937 = VERTEX_POINT ( 'NONE', #7492 ) ;
#7938 = CARTESIAN_POINT ( 'NONE',  ( 1.249999999999999778, 0.000000000000000000, -1.350000000000000089 ) ) ;
#7939 = PLANE ( 'NONE',  #1682 ) ;
#7940 = DIRECTION ( 'NONE',  ( -7.744301232039309779E-16, 0.000000000000000000, 1.000000000000000000 ) ) ;
#7941 = VECTOR ( 'NONE', #6006, 1000.000000000000000 ) ;
#7942 = CLOSED_SHELL ( 'NONE', ( #571, #3242, #3109, #1567, #9058, #1735, #5111, #8744, #3855, #6994, #9424, #935, #1912, #892, #6275, #5919, #5308, #1645, #7698, #8717, #210, #9217, #3469, #7232, #2295, #3694, #38, #3790, #9351, #6553, #2315, #4411, #2821, #4169, #7501, #8015, #2084, #2144, #7898, #9649, #444, #4220, #6085, #585, #335, #4264, #6391, #8996, #201, #9647, #3791, #7366, #8026, #2197, #6754, #2593, #7887, #8912, #4474, #8964, #9121, #1375, #6072, #2938, #2503, #7047, #6688, #1465, #7531, #6622, #570, #805, #916, #2807, #7659, #4807, #2522, #8444, #318, #1898, #9720, #3178, #1233, #645, #8796, #7764, #7226, #1027, #750, #881, #7972, #7000, #3951, #9043, #4685, #8499, #2074, #3492, #5953, #1713, #506, #8533, #1045, #9593, #4765, #955, #271, #1411, #5966, #277, #2774, #188, #5548, #1025, #6571, #6378, #8430, #7613, #3145, #4511, #8108, #4679, #8797, #3738, #4221, #1000, #8137 ) ) ;
#7943 = CARTESIAN_POINT ( 'NONE',  ( 1.249999999999999778, 0.000000000000000000, -1.249999999999999778 ) ) ;
#7944 = SURFACE_SIDE_STYLE ('',( #7758 ) ) ;
#7945 = ORIENTED_EDGE ( 'NONE', *, *, #1947, .T. ) ;
#7946 = VERTEX_POINT ( 'NONE', #1401 ) ;
#7947 = CARTESIAN_POINT ( 'NONE',  ( 1.129999999999999893, 0.2000000000000000111, -2.000000000000000000 ) ) ;
#7948 = ORIENTED_EDGE ( 'NONE', *, *, #8013, .T. ) ;
#7949 = AXIS2_PLACEMENT_3D ( 'NONE', #8575, #1054, #6886 ) ;
#7950 = DIRECTION ( 'NONE',  ( 0.000000000000000000, 0.000000000000000000, -1.000000000000000000 ) ) ;
#7951 = ORIENTED_EDGE ( 'NONE', *, *, #8182, .T. ) ;
#7952 = LINE ( 'NONE', #6260, #8848 ) ;
#7953 = DIRECTION ( 'NONE',  ( 0.000000000000000000, 0.000000000000000000, -1.000000000000000000 ) ) ;
#7954 = DIRECTION ( 'NONE',  ( 0.000000000000000000, -1.000000000000000000, 0.000000000000000000 ) ) ;
#7955 = EDGE_CURVE ( 'NONE', #2880, #5721, #7442, .T. ) ;
#7956 = EDGE_CURVE ( 'NONE', #5870, #510, #6803, .T. ) ;
#7957 = ORIENTED_EDGE ( 'NONE', *, *, #6800, .F. ) ;
#7958 = VERTEX_POINT ( 'NONE', #3645 ) ;
#7959 = VERTEX_POINT ( 'NONE', #6649 ) ;
#7960 = EDGE_CURVE ( 'NONE', #9699, #1368, #1153, .T. ) ;
#7961 = CARTESIAN_POINT ( 'NONE',  ( 1.606164317247239959, -0.05729555854656199348, 1.287966265713290204 ) ) ;
#7962 = VERTEX_POINT ( 'NONE', #3580 ) ;
#7963 = DIRECTION ( 'NONE',  ( 1.000000000000000000, 0.000000000000000000, 7.744301232039309779E-16 ) ) ;
#7964 = CYLINDRICAL_SURFACE ( 'NONE', #6303, 0.2000000000000000944 ) ;
#7965 = CARTESIAN_POINT ( 'NONE',  ( 1.363835682752764011, 0.2000000000000000111, 1.682033734286709770 ) ) ;
#7966 = CLOSED_SHELL ( 'NONE', ( #3450, #5837, #5004, #2134, #7678, #2199, #2198, #1643, #9102, #5802 ) ) ;
#7967 = CARTESIAN_POINT ( 'NONE',  ( -2.000000000000000000, 0.05000000000000000278, 2.000000000000000000 ) ) ;
#7968 = ADVANCED_FACE ( 'NONE', ( #6575 ), #8909, .T. ) ;
#7969 = ORIENTED_EDGE ( 'NONE', *, *, #4524, .F. ) ;
#7970 = LINE ( 'NONE', #1237, #9478 ) ;
#7971 = ORIENTED_EDGE ( 'NONE', *, *, #945, .T. ) ;
#7972 = ADVANCED_FACE ( 'NONE', ( #7181, #8069 ), #8121, .T. ) ;
#7973 = LINE ( 'NONE', #1239, #7388 ) ;
#7974 = EDGE_CURVE ( 'NONE', #1570, #4142, #5840, .T. ) ;
#7975 = CARTESIAN_POINT ( 'NONE',  ( -1.287966265713290204, 0.000000000000000000, 1.606164317247239959 ) ) ;
#7976 = ORIENTED_EDGE ( 'NONE', *, *, #3901, .T. ) ;
#7977 =( NAMED_UNIT ( * ) SI_UNIT ( $, .STERADIAN. ) SOLID_ANGLE_UNIT ( ) );
#7978 = LINE ( 'NONE', #3257, #7083 ) ;
#7979 = CARTESIAN_POINT ( 'NONE',  ( 1.250000000000000000, 0.000000000000000000, 0.5000000000000000000 ) ) ;
#7980 = FACE_OUTER_BOUND ( 'NONE', #7872, .T. ) ;
#7981 = EDGE_CURVE ( 'NONE', #2027, #3561, #9581, .T. ) ;
#7982 = VERTEX_POINT ( 'NONE', #5791 ) ;
#7983 = CARTESIAN_POINT ( 'NONE',  ( -1.250000000000000000, 0.2000000000000000111, 1.719999999999999973 ) ) ;
#7984 = PRESENTATION_STYLE_ASSIGNMENT (( #5709 ) ) ;
#7985 = EDGE_LOOP ( 'NONE', ( #5241, #2049, #2507, #6715, #395 ) ) ;
#7986 = DIRECTION ( 'NONE',  ( 0.000000000000000000, -1.000000000000000000, 0.000000000000000000 ) ) ;
#7987 = DIRECTION ( 'NONE',  ( 0.000000000000000000, -1.000000000000000000, 0.000000000000000000 ) ) ;
#7988 = DIRECTION ( 'NONE',  ( -1.000000000000000000, 0.000000000000000000, 0.000000000000000000 ) ) ;
#7989 = EDGE_CURVE ( 'NONE', #2794, #3137, #7970, .T. ) ;
#7990 = EDGE_CURVE ( 'NONE', #7994, #4223, #6531, .T. ) ;
#7991 = DIRECTION ( 'NONE',  ( -1.000000000000000000, 0.000000000000000000, 0.000000000000000000 ) ) ;
#7992 = LINE ( 'NONE', #3454, #4588 ) ;
#7993 = VERTEX_POINT ( 'NONE', #9540 ) ;
#7994 = VERTEX_POINT ( 'NONE', #7371 ) ;
#7995 = CARTESIAN_POINT ( 'NONE',  ( -1.350000000000000089, 0.000000000000000000, -1.050000000000000044 ) ) ;
#7996 = EDGE_LOOP ( 'NONE', ( #8747, #2300, #5133, #2255 ) ) ;
#7997 = DIRECTION ( 'NONE',  ( 0.000000000000000000, -1.000000000000000000, 0.000000000000000000 ) ) ;
#7998 = VERTEX_POINT ( 'NONE', #5749 ) ;
#7999 = CYLINDRICAL_SURFACE ( 'NONE', #2727, 0.1200000000000000927 ) ;
#8000 = DIRECTION ( 'NONE',  ( -0.000000000000000000, 1.000000000000000000, 0.000000000000000000 ) ) ;
#8001 = LINE ( 'NONE', #3566, #8215 ) ;
#8002 = LINE ( 'NONE', #5526, #7756 ) ;
#8003 = VERTEX_POINT ( 'NONE', #643 ) ;
#8004 = VERTEX_POINT ( 'NONE', #2854 ) ;
#8005 = ORIENTED_EDGE ( 'NONE', *, *, #1702, .T. ) ;
#8006 = CARTESIAN_POINT ( 'NONE',  ( 2.000000000000000000, 0.2000000000000000111, 1.129999999999999893 ) ) ;
#8007 = ORIENTED_EDGE ( 'NONE', *, *, #5340, .F. ) ;
#8008 = AXIS2_PLACEMENT_3D ( 'NONE', #2178, #1396, #2920 ) ;
#8009 = CARTESIAN_POINT ( 'NONE',  ( -1.719999999999999973, 0.6664761515876239661, 0.8699999999999999956 ) ) ;
#8010 = DIRECTION ( 'NONE',  ( 0.000000000000000000, 0.000000000000000000, 1.000000000000000000 ) ) ;
#8011 = LINE ( 'NONE', #2615, #8697 ) ;
#8012 = AXIS2_PLACEMENT_3D ( 'NONE', #4417, #8917, #3005 ) ;
#8013 = EDGE_CURVE ( 'NONE', #6977, #2310, #8854, .T. ) ;
#8014 = EDGE_CURVE ( 'NONE', #7744, #5282, #4319, .T. ) ;
#8015 = ADVANCED_FACE ( 'NONE', ( #5100 ), #6626, .F. ) ;
#8016 = CARTESIAN_POINT ( 'NONE',  ( 0.2500000000000000000, 0.000000000000000000, -1.719999999999999973 ) ) ;
#8017 = VERTEX_POINT ( 'NONE', #9636 ) ;
#8018 = DIRECTION ( 'NONE',  ( -1.000000000000000000, 0.000000000000000000, -7.744301232039309779E-16 ) ) ;
#8019 = ORIENTED_EDGE ( 'NONE', *, *, #5676, .F. ) ;
#8020 = DIRECTION ( 'NONE',  ( 0.000000000000000000, 0.000000000000000000, 1.000000000000000000 ) ) ;
#8021 = ORIENTED_EDGE ( 'NONE', *, *, #5952, .F. ) ;
#8022 = DIRECTION ( 'NONE',  ( 0.000000000000000000, -1.000000000000000000, 0.000000000000000000 ) ) ;
#8023 = LINE ( 'NONE', #4270, #5993 ) ;
#8024 = CARTESIAN_POINT ( 'NONE',  ( -2.000000000000000000, 0.2000000000000000111, 0.8699999999999999956 ) ) ;
#8025 = FACE_OUTER_BOUND ( 'NONE', #8403, .T. ) ;
#8026 = ADVANCED_FACE ( 'NONE', ( #5894 ), #4212, .T. ) ;
#8027 = AXIS2_PLACEMENT_3D ( 'NONE', #6661, #8000, #8559 ) ;
#8028 = EDGE_CURVE ( 'NONE', #7263, #9097, #1189, .T. ) ;
#8029 = ORIENTED_EDGE ( 'NONE', *, *, #3636, .F. ) ;
#8030 = LINE ( 'NONE', #3442, #5378 ) ;
#8031 = VECTOR ( 'NONE', #3471, 1000.000000000000000 ) ;
#8032 = DIRECTION ( 'NONE',  ( 1.000000000000000000, 0.000000000000000000, 0.000000000000000000 ) ) ;
#8033 = ORIENTED_EDGE ( 'NONE', *, *, #1734, .T. ) ;
#8034 = CIRCLE ( 'NONE', #1438, 0.1199999999999999956 ) ;
#8035 = CARTESIAN_POINT ( 'NONE',  ( -1.250000000000000000, 0.05000000000000000278, 0.6000000000000000888 ) ) ;
#8036 = DIRECTION ( 'NONE',  ( -1.000000000000000000, 0.000000000000000000, 7.744301232039309779E-16 ) ) ;
#8037 = EDGE_CURVE ( 'NONE', #2021, #144, #3432, .T. ) ;
#8038 = CARTESIAN_POINT ( 'NONE',  ( -1.129999999999999893, 0.2000000000000000111, -1.719999999999999973 ) ) ;
#8039 = VECTOR ( 'NONE', #4811, 1000.000000000000000 ) ;
#8040 = VECTOR ( 'NONE', #1881, 1000.000000000000000 ) ;
#8041 = CARTESIAN_POINT ( 'NONE',  ( -1.719999999999999973, 0.2000000000000000111, -0.6300000000000000044 ) ) ;
#8042 = CARTESIAN_POINT ( 'NONE',  ( -1.369999999999999885, 0.2000000000000000111, 2.000000000000000000 ) ) ;
#8043 = EDGE_LOOP ( 'NONE', ( #5211, #2855, #6454, #1327 ) ) ;
#8044 = ORIENTED_EDGE ( 'NONE', *, *, #3977, .T. ) ;
#8045 = VECTOR ( 'NONE', #2010, 1000.000000000000000 ) ;
#8046 = FACE_OUTER_BOUND ( 'NONE', #7671, .T. ) ;
#8047 = ORIENTED_EDGE ( 'NONE', *, *, #6697, .F. ) ;
#8048 = CARTESIAN_POINT ( 'NONE',  ( 1.719999999999999973, 0.000000000000000000, -1.129999999999999893 ) ) ;
#8049 = MECHANICAL_DESIGN_GEOMETRIC_PRESENTATION_REPRESENTATION (  '', ( #504 ), #1294 ) ;
#8050 = CARTESIAN_POINT ( 'NONE',  ( 1.719999999999999973, 0.2000000000000000111, -0.1299999999999999767 ) ) ;
#8051 = ADVANCED_FACE ( 'NONE', ( #5693 ), #1969, .T. ) ;
#8052 = FACE_OUTER_BOUND ( 'NONE', #9183, .T. ) ;
#8053 = DIRECTION ( 'NONE',  ( 0.000000000000000000, 0.000000000000000000, 1.000000000000000000 ) ) ;
#8054 = VECTOR ( 'NONE', #3419, 1000.000000000000000 ) ;
#8055 = ORIENTED_EDGE ( 'NONE', *, *, #5421, .F. ) ;
#8056 = EDGE_LOOP ( 'NONE', ( #9002, #1606, #5243, #918 ) ) ;
#8057 = ORIENTED_EDGE ( 'NONE', *, *, #7956, .T. ) ;
#8058 = DIRECTION ( 'NONE',  ( 0.000000000000000000, 0.000000000000000000, -1.000000000000000000 ) ) ;
#8059 = VERTEX_POINT ( 'NONE', #1281 ) ;
#8060 = VECTOR ( 'NONE', #7953, 1000.000000000000000 ) ;
#8061 = CARTESIAN_POINT ( 'NONE',  ( 0.7500000000000000000, 0.2000000000000000111, 1.719999999999999973 ) ) ;
#8062 = FACE_OUTER_BOUND ( 'NONE', #6849, .T. ) ;
#8063 = CARTESIAN_POINT ( 'NONE',  ( 2.000000000000000000, 0.000000000000000000, 1.129999999999999893 ) ) ;
#8064 = AXIS2_PLACEMENT_3D ( 'NONE', #98, #9191, #7693 ) ;
#8065 = LINE ( 'NONE', #6472, #2893 ) ;
#8066 = VECTOR ( 'NONE', #2085, 1000.000000000000000 ) ;
#8067 = VECTOR ( 'NONE', #4962, 1000.000000000000000 ) ;
#8068 = ORIENTED_EDGE ( 'NONE', *, *, #8630, .T. ) ;
#8069 = FACE_OUTER_BOUND ( 'NONE', #3989, .T. ) ;
#8070 = VERTEX_POINT ( 'NONE', #6476 ) ;
#8071 = CARTESIAN_POINT ( 'NONE',  ( -1.719999999999999973, 0.6664761515876239661, 1.250000000000000000 ) ) ;
#8072 = LINE ( 'NONE', #5752, #415 ) ;
#8073 = ORIENTED_EDGE ( 'NONE', *, *, #4038, .T. ) ;
#8074 = LINE ( 'NONE', #4367, #5518 ) ;
#8075 = CARTESIAN_POINT ( 'NONE',  ( 1.349999999999999867, 0.000000000000000000, 1.250000000000000000 ) ) ;
#8076 = FACE_OUTER_BOUND ( 'NONE', #1405, .T. ) ;
#8077 = AXIS2_PLACEMENT_3D ( 'NONE', #5408, #9258, #1647 ) ;
#8078 = LINE ( 'NONE', #7340, #5704 ) ;
#8079 = VECTOR ( 'NONE', #9197, 1000.000000000000000 ) ;
#8080 = AXIS2_PLACEMENT_3D ( 'NONE', #4370, #606, #4418 ) ;
#8081 = ORIENTED_EDGE ( 'NONE', *, *, #4082, .F. ) ;
#8082 = EDGE_CURVE ( 'NONE', #6026, #6922, #7276, .T. ) ;
#8083 = CARTESIAN_POINT ( 'NONE',  ( 0.6300000000000000044, 0.6664761515876239661, 1.719999999999999973 ) ) ;
#8084 = AXIS2_PLACEMENT_3D ( 'NONE', #8118, #4209, #5892 ) ;
#8085 = EDGE_CURVE ( 'NONE', #3431, #4116, #3538, .T. ) ;
#8086 = LINE ( 'NONE', #2136, #3071 ) ;
#8087 = ORIENTED_EDGE ( 'NONE', *, *, #9226, .F. ) ;
#8088 = AXIS2_PLACEMENT_3D ( 'NONE', #8639, #4935, #7954 ) ;
#8089 = DIRECTION ( 'NONE',  ( -7.744301232039309779E-16, 0.000000000000000000, 1.000000000000000000 ) ) ;
#8090 = FACE_OUTER_BOUND ( 'NONE', #4435, .T. ) ;
#8091 = CARTESIAN_POINT ( 'NONE',  ( -0.7500000000000000000, 0.000000000000000000, 1.719999999999999973 ) ) ;
#8092 = AXIS2_PLACEMENT_3D ( 'NONE', #4099, #3182, #1709 ) ;
#8093 = MECHANICAL_DESIGN_GEOMETRIC_PRESENTATION_REPRESENTATION (  '', ( #7300 ), #3064 ) ;
#8094 = VECTOR ( 'NONE', #1509, 1000.000000000000000 ) ;
#8095 = LINE ( 'NONE', #9459, #9662 ) ;
#8096 = EDGE_CURVE ( 'NONE', #3887, #7237, #3097, .T. ) ;
#8097 = CARTESIAN_POINT ( 'NONE',  ( 1.363835682752764011, 0.05000000000000000278, 1.682033734286709770 ) ) ;
#8098 = EDGE_LOOP ( 'NONE', ( #7129, #93, #1432, #9015 ) ) ;
#8099 = VERTEX_POINT ( 'NONE', #5283 ) ;
#8100 = DIRECTION ( 'NONE',  ( 0.000000000000000000, 0.000000000000000000, 1.000000000000000000 ) ) ;
#8101 = ORIENTED_EDGE ( 'NONE', *, *, #7356, .T. ) ;
#8102 = DIRECTION ( 'NONE',  ( 0.000000000000000000, 0.000000000000000000, -1.000000000000000000 ) ) ;
#8103 = AXIS2_PLACEMENT_3D ( 'NONE', #7638, #6055, #80 ) ;
#8104 = PLANE ( 'NONE',  #4231 ) ;
#8105 = CARTESIAN_POINT ( 'NONE',  ( 2.000000000000000000, 0.000000000000000000, 0.3699999999999999956 ) ) ;
#8106 = DIRECTION ( 'NONE',  ( 0.000000000000000000, -1.000000000000000000, 0.000000000000000000 ) ) ;
#8107 =( NAMED_UNIT ( * ) PLANE_ANGLE_UNIT ( ) SI_UNIT ( $, .RADIAN. ) );
#8108 = ADVANCED_FACE ( 'NONE', ( #6725 ), #1619, .F. ) ;
#8109 = VECTOR ( 'NONE', #997, 1000.000000000000000 ) ;
#8110 = ORIENTED_EDGE ( 'NONE', *, *, #4094, .F. ) ;
#8111 = ORIENTED_EDGE ( 'NONE', *, *, #6497, .F. ) ;
#8112 = ORIENTED_EDGE ( 'NONE', *, *, #4463, .T. ) ;
#8113 = DIRECTION ( 'NONE',  ( 1.000000000000000000, 0.000000000000000000, -1.084202172485503818E-16 ) ) ;
#8114 = VERTEX_POINT ( 'NONE', #9003 ) ;
#8115 = CARTESIAN_POINT ( 'NONE',  ( 0.6300000000000000044, 0.6664761515876239661, -2.000000000000000000 ) ) ;
#8116 = DIRECTION ( 'NONE',  ( 0.000000000000000000, 0.000000000000000000, -1.000000000000000000 ) ) ;
#8117 = DIRECTION ( 'NONE',  ( -0.7071067811865505703, 0.000000000000000000, 0.7071067811865444641 ) ) ;
#8118 = CARTESIAN_POINT ( 'NONE',  ( -0.2500000000000000000, 0.05000000000000000278, 1.719999999999999973 ) ) ;
#8119 = EDGE_CURVE ( 'NONE', #2257, #2544, #6681, .T. ) ;
#8120 = VERTEX_POINT ( 'NONE', #3683 ) ;
#8121 = PLANE ( 'NONE',  #7286 ) ;
#8122 = VERTEX_POINT ( 'NONE', #1571 ) ;
#8123 = CARTESIAN_POINT ( 'NONE',  ( 1.606164317247235074, 0.05000000000000000278, 1.287966265713287983 ) ) ;
#8124 = CARTESIAN_POINT ( 'NONE',  ( 1.129999999999999893, 0.2000000000000000111, -2.000000000000000000 ) ) ;
#8125 = VERTEX_POINT ( 'NONE', #784 ) ;
#8126 =( LENGTH_UNIT ( ) NAMED_UNIT ( * ) SI_UNIT ( .MILLI., .METRE. ) );
#8127 = DIRECTION ( 'NONE',  ( 0.000000000000000000, -1.000000000000000000, 0.000000000000000000 ) ) ;
#8128 = DIRECTION ( 'NONE',  ( 0.000000000000000000, -1.000000000000000000, 0.000000000000000000 ) ) ;
#8129 = LINE ( 'NONE', #794, #6652 ) ;
#8130 = ORIENTED_EDGE ( 'NONE', *, *, #1254, .T. ) ;
#8131 = DIRECTION ( 'NONE',  ( -3.336006684570783101E-16, 0.000000000000000000, 1.000000000000000000 ) ) ;
#8132 = CARTESIAN_POINT ( 'NONE',  ( 1.287966265713290204, 0.000000000000000000, -1.606164317247239959 ) ) ;
#8133 = ORIENTED_EDGE ( 'NONE', *, *, #8630, .F. ) ;
#8134 = CARTESIAN_POINT ( 'NONE',  ( -1.719999999999999973, 0.6664761515876239661, -0.2500000000000000000 ) ) ;
#8135 = PLANE ( 'NONE',  #219 ) ;
#8136 = EDGE_CURVE ( 'NONE', #3458, #4489, #105, .T. ) ;
#8137 = ADVANCED_FACE ( 'NONE', ( #5326 ), #5242, .F. ) ;
#8138 = CARTESIAN_POINT ( 'NONE',  ( -0.2500000000000000000, 0.6664761515876239661, -1.719999999999999973 ) ) ;
#8139 = DIRECTION ( 'NONE',  ( 0.000000000000000000, -1.000000000000000000, 0.000000000000000000 ) ) ;
#8140 = EDGE_LOOP ( 'NONE', ( #1483, #4716, #3086, #5366 ) ) ;
#8141 = ORIENTED_EDGE ( 'NONE', *, *, #8579, .F. ) ;
#8142 = LINE ( 'NONE', #6657, #9602 ) ;
#8143 = ORIENTED_EDGE ( 'NONE', *, *, #3269, .T. ) ;
#8144 = CARTESIAN_POINT ( 'NONE',  ( 1.250000000000000000, 0.05000000000000000278, 1.250000000000000000 ) ) ;
#8145 = FACE_OUTER_BOUND ( 'NONE', #1811, .T. ) ;
#8146 = LINE ( 'NONE', #6512, #5205 ) ;
#8147 = CARTESIAN_POINT ( 'NONE',  ( -0.8699999999999999956, 0.2000000000000000111, -2.000000000000000000 ) ) ;
#8148 = EDGE_CURVE ( 'NONE', #5086, #8616, #8162, .T. ) ;
#8149 = EDGE_CURVE ( 'NONE', #8567, #5225, #2101, .T. ) ;
#8150 = LINE ( 'NONE', #2348, #7437 ) ;
#8151 = ORIENTED_EDGE ( 'NONE', *, *, #2075, .F. ) ;
#8152 = VERTEX_POINT ( 'NONE', #886 ) ;
#8153 = ORIENTED_EDGE ( 'NONE', *, *, #3626, .T. ) ;
#8154 = CARTESIAN_POINT ( 'NONE',  ( -2.000000000000000000, 0.2000000000000000111, -0.3699999999999999956 ) ) ;
#8155 = VERTEX_POINT ( 'NONE', #4548 ) ;
#8156 = LINE ( 'NONE', #5832, #678 ) ;
#8157 = CYLINDRICAL_SURFACE ( 'NONE', #519, 0.1199999999999999956 ) ;
#8158 = LINE ( 'NONE', #2901, #1174 ) ;
#8159 = ADVANCED_FACE ( 'NONE', ( #3050 ), #5936, .F. ) ;
#8160 = CARTESIAN_POINT ( 'NONE',  ( -1.050000000000000044, 0.000000000000000000, -1.350000000000000089 ) ) ;
#8161 = VERTEX_POINT ( 'NONE', #7419 ) ;
#8162 = LINE ( 'NONE', #2271, #3967 ) ;
#8163 = VERTEX_POINT ( 'NONE', #697 ) ;
#8164 = DIRECTION ( 'NONE',  ( 1.000000000000000000, 0.000000000000000000, 0.000000000000000000 ) ) ;
#8165 = DIRECTION ( 'NONE',  ( -0.7071067811865445751, 0.000000000000000000, -0.7071067811865504593 ) ) ;
#8166 = ORIENTED_EDGE ( 'NONE', *, *, #4820, .F. ) ;
#8167 = DIRECTION ( 'NONE',  ( 0.000000000000000000, -1.000000000000000000, 0.000000000000000000 ) ) ;
#8168 = LINE ( 'NONE', #3585, #6932 ) ;
#8169 = DIRECTION ( 'NONE',  ( 1.000000000000000000, 0.000000000000000000, 7.744301232039309779E-16 ) ) ;
#8170 = LINE ( 'NONE', #2861, #6487 ) ;
#8171 = EDGE_CURVE ( 'NONE', #3139, #3655, #3047, .T. ) ;
#8172 = EDGE_CURVE ( 'NONE', #9208, #8992, #2317, .T. ) ;
#8173 = VECTOR ( 'NONE', #8131, 1000.000000000000000 ) ;
#8174 = EDGE_LOOP ( 'NONE', ( #7908, #6760, #5424, #158 ) ) ;
#8175 = DIRECTION ( 'NONE',  ( 0.000000000000000000, 0.000000000000000000, -1.000000000000000000 ) ) ;
#8176 = DIRECTION ( 'NONE',  ( 0.000000000000000000, -1.000000000000000000, 0.000000000000000000 ) ) ;
#8177 =( NAMED_UNIT ( * ) SI_UNIT ( $, .STERADIAN. ) SOLID_ANGLE_UNIT ( ) );
#8178 = CARTESIAN_POINT ( 'NONE',  ( -2.000000000000000000, 0.6664761515876239661, -0.8699999999999999956 ) ) ;
#8179 = CARTESIAN_POINT ( 'NONE',  ( 1.719999999999999973, 0.6664761515876239661, -1.250000000000000000 ) ) ;
#8180 = VECTOR ( 'NONE', #842, 1000.000000000000000 ) ;
#8181 = DIRECTION ( 'NONE',  ( 0.000000000000000000, 1.000000000000000000, 0.000000000000000000 ) ) ;
#8182 = EDGE_CURVE ( 'NONE', #2494, #4132, #8266, .T. ) ;
#8183 = AXIS2_PLACEMENT_3D ( 'NONE', #5102, #8856, #2907 ) ;
#8184 = CARTESIAN_POINT ( 'NONE',  ( -0.6300000000000000044, 0.05000000000000000278, 0.000000000000000000 ) ) ;
#8185 = DIRECTION ( 'NONE',  ( 0.000000000000000000, 0.000000000000000000, 1.000000000000000000 ) ) ;
#8186 = ORIENTED_EDGE ( 'NONE', *, *, #2569, .T. ) ;
#8187 = ADVANCED_FACE ( 'NONE', ( #9094 ), #145, .T. ) ;
#8188 = CARTESIAN_POINT ( 'NONE',  ( -1.719999999999999973, 0.6664761515876239661, -1.129999999999999893 ) ) ;
#8189 = ORIENTED_EDGE ( 'NONE', *, *, #7585, .F. ) ;
#8190 = CARTESIAN_POINT ( 'NONE',  ( 1.250000000000000000, 0.000000000000000000, 1.719999999999999973 ) ) ;
#8191 = CIRCLE ( 'NONE', #9128, 0.1200000000000000927 ) ;
#8192 = DIRECTION ( 'NONE',  ( 0.000000000000000000, 0.000000000000000000, -1.000000000000000000 ) ) ;
#8193 = DIRECTION ( 'NONE',  ( -1.000000000000000000, 0.000000000000000000, 0.000000000000000000 ) ) ;
#8194 = EDGE_CURVE ( 'NONE', #8776, #2640, #5186, .T. ) ;
#8195 = CARTESIAN_POINT ( 'NONE',  ( -1.350000000000000089, 0.000000000000000000, -1.050000000000000044 ) ) ;
#8196 = AXIS2_PLACEMENT_3D ( 'NONE', #6010, #6796, #9668 ) ;
#8197 = FILL_AREA_STYLE_COLOUR ( '', #5059 ) ;
#8198 = AXIS2_PLACEMENT_3D ( 'NONE', #527, #3515, #726 ) ;
#8199 = ORIENTED_EDGE ( 'NONE', *, *, #2629, .F. ) ;
#8200 = EDGE_CURVE ( 'NONE', #6420, #5227, #4505, .T. ) ;
#8201 = VERTEX_POINT ( 'NONE', #3728 ) ;
#8202 = EDGE_CURVE ( 'NONE', #915, #8465, #5981, .T. ) ;
#8203 = ORIENTED_EDGE ( 'NONE', *, *, #5240, .T. ) ;
#8204 = CARTESIAN_POINT ( 'NONE',  ( -0.2500000000000000000, 0.2000000000000000111, 1.719999999999999973 ) ) ;
#8205 = EDGE_LOOP ( 'NONE', ( #6737, #7579, #789, #9325 ) ) ;
#8206 = LINE ( 'NONE', #9684, #5687 ) ;
#8207 = PLANE ( 'NONE',  #3334 ) ;
#8208 = EDGE_CURVE ( 'NONE', #2697, #135, #1673, .T. ) ;
#8209 = CARTESIAN_POINT ( 'NONE',  ( 0.3699999999999999956, 0.2000000000000000111, -1.719999999999999973 ) ) ;
#8210 = AXIS2_PLACEMENT_3D ( 'NONE', #2770, #8761, #2023 ) ;
#8211 = AXIS2_PLACEMENT_3D ( 'NONE', #4945, #4015, #8556 ) ;
#8212 = CARTESIAN_POINT ( 'NONE',  ( -1.250000000000000000, 0.05000000000000000278, -3.252606517456513302E-16 ) ) ;
#8213 = EDGE_LOOP ( 'NONE', ( #6122, #1543, #1683, #7868 ) ) ;
#8214 = CARTESIAN_POINT ( 'NONE',  ( 1.719999999999999973, 0.6664761515876239661, -0.8699999999999999956 ) ) ;
#8215 = VECTOR ( 'NONE', #581, 1000.000000000000114 ) ;
#8216 = VERTEX_POINT ( 'NONE', #1819 ) ;
#8217 = EDGE_CURVE ( 'NONE', #7799, #2041, #5547, .T. ) ;
#8218 = LINE ( 'NONE', #6683, #3156 ) ;
#8219 =( NAMED_UNIT ( * ) SI_UNIT ( $, .STERADIAN. ) SOLID_ANGLE_UNIT ( ) );
#8220 = VERTEX_POINT ( 'NONE', #1711 ) ;
#8221 = CIRCLE ( 'NONE', #6158, 0.1200000000000000927 ) ;
#8222 = DIRECTION ( 'NONE',  ( 0.000000000000000000, 0.000000000000000000, -1.000000000000000000 ) ) ;
#8223 = CARTESIAN_POINT ( 'NONE',  ( 1.719999999999999973, 0.6664761515876239661, 0.3699999999999999956 ) ) ;
#8224 = CARTESIAN_POINT ( 'NONE',  ( 0.8699999999999999956, 0.000000000000000000, -2.000000000000000000 ) ) ;
#8225 = CARTESIAN_POINT ( 'NONE',  ( 2.000000000000000000, 0.000000000000000000, -1.369999999999999885 ) ) ;
#8226 = CIRCLE ( 'NONE', #8369, 0.1200000000000000927 ) ;
#8227 = CIRCLE ( 'NONE', #6008, 0.1200000000000000927 ) ;
#8228 = ORIENTED_EDGE ( 'NONE', *, *, #7601, .F. ) ;
#8229 = CARTESIAN_POINT ( 'NONE',  ( 1.719999999999999973, 0.6664761515876239661, -0.7500000000000000000 ) ) ;
#8230 = DIRECTION ( 'NONE',  ( 0.000000000000000000, 0.000000000000000000, 1.000000000000000000 ) ) ;
#8231 = AXIS2_PLACEMENT_3D ( 'NONE', #1657, #6302, #5463 ) ;
#8232 = VECTOR ( 'NONE', #2358, 1000.000000000000000 ) ;
#8233 = CARTESIAN_POINT ( 'NONE',  ( -0.8699999999999999956, 0.000000000000000000, 2.000000000000000000 ) ) ;
#8234 = DIRECTION ( 'NONE',  ( 7.744301232039309779E-16, 0.000000000000000000, 1.000000000000000000 ) ) ;
#8235 = DIRECTION ( 'NONE',  ( 1.000000000000000000, 0.000000000000000000, 0.000000000000000000 ) ) ;
#8236 = PLANE ( 'NONE',  #694 ) ;
#8237 = CIRCLE ( 'NONE', #9646, 0.1200000000000000927 ) ;
#8238 = AXIS2_PLACEMENT_3D ( 'NONE', #8598, #8686, #9332 ) ;
#8239 = DIRECTION ( 'NONE',  ( 0.000000000000000000, -1.000000000000000000, 0.000000000000000000 ) ) ;
#8240 = DIRECTION ( 'NONE',  ( 0.000000000000000000, -1.000000000000000000, 0.000000000000000000 ) ) ;
#8241 = EDGE_LOOP ( 'NONE', ( #3053, #7101, #5231, #9109 ) ) ;
#8242 = FACE_OUTER_BOUND ( 'NONE', #6880, .T. ) ;
#8243 = EDGE_LOOP ( 'NONE', ( #3588, #4828, #6109, #3035 ) ) ;
#8244 = DIRECTION ( 'NONE',  ( -1.000000000000000000, 0.000000000000000000, 7.744301232039309779E-16 ) ) ;
#8245 = CARTESIAN_POINT ( 'NONE',  ( -1.250000000000000000, 0.2000000000000000111, 1.719999999999999973 ) ) ;
#8246 = CARTESIAN_POINT ( 'NONE',  ( -0.7500000000000000000, 0.000000000000000000, 1.719999999999999973 ) ) ;
#8247 = STYLED_ITEM ( 'NONE', ( #8604 ), #5600 ) ;
#8248 = DIRECTION ( 'NONE',  ( 7.744301232039309779E-16, 0.000000000000000000, 1.000000000000000000 ) ) ;
#8249 = VECTOR ( 'NONE', #6838, 1000.000000000000000 ) ;
#8250 = DIRECTION ( 'NONE',  ( 0.000000000000000000, 0.000000000000000000, -1.000000000000000000 ) ) ;
#8251 = AXIS2_PLACEMENT_3D ( 'NONE', #1145, #4131, #8624 ) ;
#8252 = ORIENTED_EDGE ( 'NONE', *, *, #8730, .T. ) ;
#8253 = ORIENTED_EDGE ( 'NONE', *, *, #3222, .F. ) ;
#8254 = ORIENTED_EDGE ( 'NONE', *, *, #7802, .T. ) ;
#8255 = LINE ( 'NONE', #7549, #4556 ) ;
#8256 = ORIENTED_EDGE ( 'NONE', *, *, #8579, .T. ) ;
#8257 = DIRECTION ( 'NONE',  ( 0.000000000000000000, -1.000000000000000000, 0.000000000000000000 ) ) ;
#8258 = CARTESIAN_POINT ( 'NONE',  ( 0.8699999999999999956, 0.2000000000000000111, -2.000000000000000000 ) ) ;
#8259 = DIRECTION ( 'NONE',  ( -1.000000000000000000, 0.000000000000000000, 0.000000000000000000 ) ) ;
#8260 =( GEOMETRIC_REPRESENTATION_CONTEXT ( 3 ) GLOBAL_UNCERTAINTY_ASSIGNED_CONTEXT ( ( #1489 ) ) GLOBAL_UNIT_ASSIGNED_CONTEXT ( ( #8570, #3296, #3349 ) ) REPRESENTATION_CONTEXT ( 'NONE', 'WORKASPACE' ) );
#8261 = ADVANCED_FACE ( 'NONE', ( #6270 ), #1033, .T. ) ;
#8262 = EDGE_CURVE ( 'NONE', #9129, #9241, #5385, .T. ) ;
#8263 = SURFACE_STYLE_FILL_AREA ( #9092 ) ;
#8264 = EDGE_CURVE ( 'NONE', #4753, #1621, #4972, .T. ) ;
#8265 = ORIENTED_EDGE ( 'NONE', *, *, #1934, .T. ) ;
#8266 = LINE ( 'NONE', #9689, #4287 ) ;
#8267 = ORIENTED_EDGE ( 'NONE', *, *, #5224, .F. ) ;
#8268 = DIRECTION ( 'NONE',  ( 0.000000000000000000, 0.000000000000000000, -1.000000000000000000 ) ) ;
#8269 = ORIENTED_EDGE ( 'NONE', *, *, #2660, .F. ) ;
#8270 = PRESENTATION_LAYER_ASSIGNMENT (  '', '', ( #3078 ) ) ;
#8271 = DIRECTION ( 'NONE',  ( 0.000000000000000000, 0.000000000000000000, 1.000000000000000000 ) ) ;
#8272 = DIRECTION ( 'NONE',  ( 1.000000000000000000, 0.000000000000000000, 0.000000000000000000 ) ) ;
#8273 = CIRCLE ( 'NONE', #4005, 0.1200000000000000927 ) ;
#8274 = DIRECTION ( 'NONE',  ( 0.000000000000000000, 0.000000000000000000, -1.000000000000000000 ) ) ;
#8275 = EDGE_CURVE ( 'NONE', #7075, #2544, #521, .T. ) ;
#8276 = EDGE_CURVE ( 'NONE', #135, #7425, #852, .T. ) ;
#8277 = ORIENTED_EDGE ( 'NONE', *, *, #9475, .T. ) ;
#8278 = CARTESIAN_POINT ( 'NONE',  ( -1.606164317247235074, 0.000000000000000000, -1.287966265713290204 ) ) ;
#8279 = FILL_AREA_STYLE_COLOUR ( '', #1827 ) ;
#8280 = SURFACE_STYLE_USAGE ( .BOTH. , #5202 ) ;
#8281 = CYLINDRICAL_SURFACE ( 'NONE', #3705, 0.1200000000000000927 ) ;
#8282 = CARTESIAN_POINT ( 'NONE',  ( -0.1299999999999999767, 0.000000000000000000, -2.000000000000000000 ) ) ;
#8283 = EDGE_CURVE ( 'NONE', #6269, #343, #7992, .T. ) ;
#8284 = DIRECTION ( 'NONE',  ( 0.000000000000000000, 0.000000000000000000, -1.000000000000000000 ) ) ;
#8285 = CARTESIAN_POINT ( 'NONE',  ( -2.000000000000000000, 0.6664761515876239661, 1.369999999999999885 ) ) ;
#8286 = ORIENTED_EDGE ( 'NONE', *, *, #3647, .T. ) ;
#8287 = DIRECTION ( 'NONE',  ( 0.000000000000000000, -1.000000000000000000, 0.000000000000000000 ) ) ;
#8288 = EDGE_LOOP ( 'NONE', ( #5027, #1206, #4234, #9712 ) ) ;
#8289 = CARTESIAN_POINT ( 'NONE',  ( 1.350000000000000089, 0.000000000000000000, -1.429545647210201072E-16 ) ) ;
#8290 = DIRECTION ( 'NONE',  ( 0.000000000000000000, -1.000000000000000000, 0.000000000000000000 ) ) ;
#8291 = CARTESIAN_POINT ( 'NONE',  ( -1.250000000000000000, 0.2000000000000000111, 1.719999999999999973 ) ) ;
#8292 = SURFACE_STYLE_FILL_AREA ( #89 ) ;
#8293 = ORIENTED_EDGE ( 'NONE', *, *, #7626, .T. ) ;
#8294 = EDGE_LOOP ( 'NONE', ( #1958, #6108, #4793, #1419, #2738, #7921 ) ) ;
#8295 = ORIENTED_EDGE ( 'NONE', *, *, #2035, .F. ) ;
#8296 = DIRECTION ( 'NONE',  ( 0.000000000000000000, 0.000000000000000000, 1.000000000000000000 ) ) ;
#8297 = ORIENTED_EDGE ( 'NONE', *, *, #569, .F. ) ;
#8298 = CARTESIAN_POINT ( 'NONE',  ( -1.719999999999999973, 0.2000000000000000111, -1.369999999999999885 ) ) ;
#8299 = DIRECTION ( 'NONE',  ( 0.000000000000000000, -1.000000000000000000, 0.000000000000000000 ) ) ;
#8300 = CARTESIAN_POINT ( 'NONE',  ( -2.000000000000000000, 0.2000000000000000111, 0.3699999999999999956 ) ) ;
#8301 =( LENGTH_UNIT ( ) NAMED_UNIT ( * ) SI_UNIT ( .MILLI., .METRE. ) );
#8302 = EDGE_LOOP ( 'NONE', ( #3423, #4584, #6405, #5274 ) ) ;
#8303 = DIRECTION ( 'NONE',  ( 0.000000000000000000, 0.000000000000000000, -1.000000000000000000 ) ) ;
#8304 = ORIENTED_EDGE ( 'NONE', *, *, #924, .F. ) ;
#8305 = LINE ( 'NONE', #3996, #4859 ) ;
#8306 = VERTEX_POINT ( 'NONE', #4689 ) ;
#8307 = SURFACE_STYLE_USAGE ( .BOTH. , #1676 ) ;
#8308 = VERTEX_POINT ( 'NONE', #2506 ) ;
#8309 = EDGE_CURVE ( 'NONE', #4830, #7994, #374, .T. ) ;
#8310 = EDGE_CURVE ( 'NONE', #3591, #2611, #3283, .T. ) ;
#8311 = LINE ( 'NONE', #9009, #4567 ) ;
#8312 = DIRECTION ( 'NONE',  ( 0.000000000000000000, 0.000000000000000000, 1.000000000000000000 ) ) ;
#8313 = CARTESIAN_POINT ( 'NONE',  ( -0.7500000000000000000, 0.2000000000000000111, 1.719999999999999973 ) ) ;
#8314 = EDGE_CURVE ( 'NONE', #1078, #6935, #4126, .T. ) ;
#8315 = EDGE_LOOP ( 'NONE', ( #6065, #7383, #3456, #2742 ) ) ;
#8316 = CARTESIAN_POINT ( 'NONE',  ( 1.129999999999999893, 0.000000000000000000, -1.719999999999999973 ) ) ;
#8317 = CARTESIAN_POINT ( 'NONE',  ( 1.719999999999999973, 0.2000000000000000111, -0.6300000000000000044 ) ) ;
#8318 = ORIENTED_EDGE ( 'NONE', *, *, #3624, .F. ) ;
#8319 = EDGE_CURVE ( 'NONE', #6685, #553, #1763, .T. ) ;
#8320 = DIRECTION ( 'NONE',  ( 0.000000000000000000, 1.000000000000000000, 0.000000000000000000 ) ) ;
#8321 = DIRECTION ( 'NONE',  ( 0.000000000000000000, 0.000000000000000000, -1.000000000000000000 ) ) ;
#8322 = ADVANCED_FACE ( 'NONE', ( #6177 ), #247, .T. ) ;
#8323 = AXIS2_PLACEMENT_3D ( 'NONE', #5051, #6387, #7079 ) ;
#8324 = DIRECTION ( 'NONE',  ( 0.000000000000000000, -1.000000000000000000, 0.000000000000000000 ) ) ;
#8325 = FACE_OUTER_BOUND ( 'NONE', #4266, .T. ) ;
#8326 = VERTEX_POINT ( 'NONE', #3905 ) ;
#8327 = DIRECTION ( 'NONE',  ( 1.000000000000000000, 0.000000000000000000, 0.000000000000000000 ) ) ;
#8328 = EDGE_CURVE ( 'NONE', #9031, #879, #3955, .T. ) ;
#8329 = ORIENTED_EDGE ( 'NONE', *, *, #2017, .F. ) ;
#8330 = DIRECTION ( 'NONE',  ( 0.000000000000000000, 1.000000000000000000, 0.000000000000000000 ) ) ;
#8331 = CARTESIAN_POINT ( 'NONE',  ( 1.719999999999999973, 0.000000000000000000, -0.6300000000000000044 ) ) ;
#8332 = CARTESIAN_POINT ( 'NONE',  ( -1.369999999999999885, 0.000000000000000000, 2.000000000000000000 ) ) ;
#8333 = AXIS2_PLACEMENT_3D ( 'NONE', #6877, #3193, #8312 ) ;
#8334 = MANIFOLD_SOLID_BREP ( 'NONE', #2472 ) ;
#8335 = ORIENTED_EDGE ( 'NONE', *, *, #7417, .F. ) ;
#8336 = ORIENTED_EDGE ( 'NONE', *, *, #2801, .F. ) ;
#8337 = AXIS2_PLACEMENT_3D ( 'NONE', #8594, #5426, #7747 ) ;
#8338 = EDGE_CURVE ( 'NONE', #7290, #795, #7128, .T. ) ;
#8339 = EDGE_LOOP ( 'NONE', ( #2650, #4794, #9231, #3549 ) ) ;
#8340 = CARTESIAN_POINT ( 'NONE',  ( 1.249999999999999778, 0.000000000000000000, -1.249999999999999778 ) ) ;
#8341 = ORIENTED_EDGE ( 'NONE', *, *, #8037, .F. ) ;
#8342 = VECTOR ( 'NONE', #4145, 1000.000000000000000 ) ;
#8343 = CARTESIAN_POINT ( 'NONE',  ( -0.3699999999999999956, 0.2000000000000000111, 2.000000000000000000 ) ) ;
#8344 = CARTESIAN_POINT ( 'NONE',  ( -1.719999999999999973, 0.05000000000000000278, -1.369999999999999885 ) ) ;
#8345 = DIRECTION ( 'NONE',  ( 0.000000000000000000, 1.000000000000000000, 0.000000000000000000 ) ) ;
#8346 = CIRCLE ( 'NONE', #5666, 0.1200000000000000927 ) ;
#8347 = VECTOR ( 'NONE', #2243, 1000.000000000000000 ) ;
#8348 = ORIENTED_EDGE ( 'NONE', *, *, #3857, .F. ) ;
#8349 = DIRECTION ( 'NONE',  ( 0.000000000000000000, 0.000000000000000000, 1.000000000000000000 ) ) ;
#8350 = EDGE_LOOP ( 'NONE', ( #3772, #7418, #2904, #2110 ) ) ;
#8351 = EDGE_CURVE ( 'NONE', #3413, #4353, #6021, .T. ) ;
#8352 = VERTEX_POINT ( 'NONE', #9249 ) ;
#8353 = CARTESIAN_POINT ( 'NONE',  ( 0.6300000000000000044, 0.05000000000000000278, 4.878909776184780800E-16 ) ) ;
#8354 = ORIENTED_EDGE ( 'NONE', *, *, #155, .T. ) ;
#8355 = VECTOR ( 'NONE', #1678, 1000.000000000000000 ) ;
#8356 = FACE_OUTER_BOUND ( 'NONE', #8140, .T. ) ;
#8357 = DIRECTION ( 'NONE',  ( 0.000000000000000000, 1.000000000000000000, 0.000000000000000000 ) ) ;
#8358 = CARTESIAN_POINT ( 'NONE',  ( 1.719999999999999973, 0.2000000000000000111, 1.250000000000000000 ) ) ;
#8359 = DIRECTION ( 'NONE',  ( 0.000000000000000000, -1.000000000000000000, 0.000000000000000000 ) ) ;
#8360 = AXIS2_PLACEMENT_3D ( 'NONE', #8794, #8010, #1231 ) ;
#8361 = CIRCLE ( 'NONE', #1616, 0.1200000000000000927 ) ;
#8362 = ORIENTED_EDGE ( 'NONE', *, *, #3522, .F. ) ;
#8363 = VERTEX_POINT ( 'NONE', #5490 ) ;
#8364 = CARTESIAN_POINT ( 'NONE',  ( 1.250000000000000000, 0.000000000000000000, 0.6000000000000000888 ) ) ;
#8365 = ORIENTED_EDGE ( 'NONE', *, *, #3221, .F. ) ;
#8366 = SURFACE_STYLE_USAGE ( .BOTH. , #3112 ) ;
#8367 = DIRECTION ( 'NONE',  ( 0.000000000000000000, 1.000000000000000000, 0.000000000000000000 ) ) ;
#8368 = CARTESIAN_POINT ( 'NONE',  ( 0.8699999999999999956, 0.000000000000000000, -1.719999999999999973 ) ) ;
#8369 = AXIS2_PLACEMENT_3D ( 'NONE', #8939, #814, #4577 ) ;
#8370 = CIRCLE ( 'NONE', #2879, 0.1200000000000000927 ) ;
#8371 = ADVANCED_FACE ( 'NONE', ( #4844 ), #2516, .F. ) ;
#8372 = EDGE_CURVE ( 'NONE', #55, #7307, #9337, .T. ) ;
#8373 = AXIS2_PLACEMENT_3D ( 'NONE', #7943, #2827, #1885 ) ;
#8374 = DIRECTION ( 'NONE',  ( -1.000000000000000000, 0.000000000000000000, -7.744301232039309779E-16 ) ) ;
#8375 = VECTOR ( 'NONE', #2736, 1000.000000000000000 ) ;
#8376 = EDGE_CURVE ( 'NONE', #4939, #8955, #9433, .T. ) ;
#8377 = PLANE ( 'NONE',  #1658 ) ;
#8378 = ORIENTED_EDGE ( 'NONE', *, *, #1177, .F. ) ;
#8379 = AXIS2_PLACEMENT_3D ( 'NONE', #3787, #2338, #1996 ) ;
#8380 = DIRECTION ( 'NONE',  ( 0.000000000000000000, -1.000000000000000000, 0.000000000000000000 ) ) ;
#8381 = LINE ( 'NONE', #7641, #9222 ) ;
#8382 = PLANE ( 'NONE',  #7274 ) ;
#8383 = VECTOR ( 'NONE', #8324, 1000.000000000000000 ) ;
#8384 = CARTESIAN_POINT ( 'NONE',  ( -1.369999999999999885, 0.2000000000000000111, 2.000000000000000000 ) ) ;
#8385 = VECTOR ( 'NONE', #2996, 1000.000000000000000 ) ;
#8386 = VECTOR ( 'NONE', #6878, 1000.000000000000114 ) ;
#8387 = EDGE_CURVE ( 'NONE', #7008, #7182, #3292, .T. ) ;
#8388 = CARTESIAN_POINT ( 'NONE',  ( 2.000000000000000000, 0.000000000000000000, 0.3699999999999999956 ) ) ;
#8389 = ORIENTED_EDGE ( 'NONE', *, *, #5789, .T. ) ;
#8390 = PRESENTATION_LAYER_ASSIGNMENT (  '', '', ( #1172 ) ) ;
#8391 = ORIENTED_EDGE ( 'NONE', *, *, #6, .F. ) ;
#8392 = ORIENTED_EDGE ( 'NONE', *, *, #7834, .T. ) ;
#8393 = DIRECTION ( 'NONE',  ( 0.000000000000000000, 0.000000000000000000, 1.000000000000000000 ) ) ;
#8394 = EDGE_LOOP ( 'NONE', ( #8166, #6401, #5481, #5692 ) ) ;
#8395 = AXIS2_PLACEMENT_3D ( 'NONE', #4789, #387, #4833 ) ;
#8396 = FACE_OUTER_BOUND ( 'NONE', #134, .T. ) ;
#8397 = CARTESIAN_POINT ( 'NONE',  ( 0.3699999999999999956, 0.2000000000000000111, 2.000000000000000000 ) ) ;
#8398 = DIRECTION ( 'NONE',  ( 0.000000000000000000, 0.000000000000000000, 1.000000000000000000 ) ) ;
#8399 = AXIS2_PLACEMENT_3D ( 'NONE', #465, #7991, #4232 ) ;
#8400 = VECTOR ( 'NONE', #8248, 1000.000000000000000 ) ;
#8401 = VERTEX_POINT ( 'NONE', #6976 ) ;
#8402 = DIRECTION ( 'NONE',  ( 0.000000000000000000, -1.000000000000000000, 0.000000000000000000 ) ) ;
#8403 = EDGE_LOOP ( 'NONE', ( #3294, #3253, #1307, #5635 ) ) ;
#8404 = ORIENTED_EDGE ( 'NONE', *, *, #8328, .T. ) ;
#8405 = PLANE ( 'NONE',  #4305 ) ;
#8406 = ORIENTED_EDGE ( 'NONE', *, *, #631, .T. ) ;
#8407 = CARTESIAN_POINT ( 'NONE',  ( -1.250000000000000000, 0.000000000000000000, 1.350000000000000089 ) ) ;
#8408 = DIRECTION ( 'NONE',  ( 0.000000000000000000, 0.000000000000000000, -1.000000000000000000 ) ) ;
#8409 = DIRECTION ( 'NONE',  ( 0.000000000000000000, 0.000000000000000000, 1.000000000000000000 ) ) ;
#8410 = CIRCLE ( 'NONE', #6990, 0.2000000000000000944 ) ;
#8411 = CARTESIAN_POINT ( 'NONE',  ( -1.287966265713290204, 0.2000000000000000111, 1.606164317247239959 ) ) ;
#8412 = CIRCLE ( 'NONE', #4157, 0.2000000000000000944 ) ;
#8413 = EDGE_CURVE ( 'NONE', #4887, #284, #403, .T. ) ;
#8414 = VECTOR ( 'NONE', #8514, 1000.000000000000000 ) ;
#8415 = ORIENTED_EDGE ( 'NONE', *, *, #2889, .F. ) ;
#8416 = CARTESIAN_POINT ( 'NONE',  ( -1.250000000000000000, 0.2000000000000000111, -1.719999999999999973 ) ) ;
#8417 = LINE ( 'NONE', #160, #568 ) ;
#8418 = ORIENTED_EDGE ( 'NONE', *, *, #4050, .F. ) ;
#8419 = FACE_OUTER_BOUND ( 'NONE', #9418, .T. ) ;
#8420 = DIRECTION ( 'NONE',  ( 1.000000000000000000, 0.000000000000000000, -1.084202172485503818E-16 ) ) ;
#8421 = CARTESIAN_POINT ( 'NONE',  ( -1.250000000000000000, 0.2000000000000000111, -1.719999999999999973 ) ) ;
#8422 = LINE ( 'NONE', #998, #4127 ) ;
#8423 = LINE ( 'NONE', #1691, #7125 ) ;
#8424 = DIRECTION ( 'NONE',  ( 0.000000000000000000, -1.000000000000000000, 0.000000000000000000 ) ) ;
#8425 = VERTEX_POINT ( 'NONE', #4803 ) ;
#8426 = DIRECTION ( 'NONE',  ( 0.000000000000000000, 0.000000000000000000, -1.000000000000000000 ) ) ;
#8427 = DIRECTION ( 'NONE',  ( 0.000000000000000000, 1.000000000000000000, 0.000000000000000000 ) ) ;
#8428 = AXIS2_PLACEMENT_3D ( 'NONE', #2726, #9510, #9408 ) ;
#8429 = EDGE_CURVE ( 'NONE', #7307, #7559, #8566, .T. ) ;
#8430 = ADVANCED_FACE ( 'NONE', ( #1866 ), #9352, .F. ) ;
#8431 = CARTESIAN_POINT ( 'NONE',  ( -1.719999999999999973, 0.2000000000000000111, 1.250000000000000000 ) ) ;
#8432 = CARTESIAN_POINT ( 'NONE',  ( 1.719999999999999973, 0.6664761515876239661, -1.250000000000000000 ) ) ;
#8433 = ADVANCED_FACE ( 'NONE', ( #301 ), #2619, .F. ) ;
#8434 = DIRECTION ( 'NONE',  ( -7.744301232039309779E-16, 0.000000000000000000, 1.000000000000000000 ) ) ;
#8435 = ORIENTED_EDGE ( 'NONE', *, *, #8028, .T. ) ;
#8436 = ORIENTED_EDGE ( 'NONE', *, *, #5863, .F. ) ;
#8437 = ORIENTED_EDGE ( 'NONE', *, *, #5552, .F. ) ;
#8438 = FACE_OUTER_BOUND ( 'NONE', #8043, .T. ) ;
#8439 = ORIENTED_EDGE ( 'NONE', *, *, #5877, .F. ) ;
#8440 = FACE_OUTER_BOUND ( 'NONE', #8536, .T. ) ;
#8441 = EDGE_CURVE ( 'NONE', #2378, #5985, #2567, .T. ) ;
#8442 = DIRECTION ( 'NONE',  ( -0.000000000000000000, -0.000000000000000000, -1.000000000000000000 ) ) ;
#8443 = CARTESIAN_POINT ( 'NONE',  ( 2.000000000000000000, 0.05000000000000000278, 0.8699999999999999956 ) ) ;
#8444 = ADVANCED_FACE ( 'NONE', ( #7029 ), #6379, .F. ) ;
#8445 = EDGE_CURVE ( 'NONE', #4817, #9007, #8549, .T. ) ;
#8446 = EDGE_CURVE ( 'NONE', #3106, #6963, #3359, .T. ) ;
#8447 = FACE_OUTER_BOUND ( 'NONE', #3894, .T. ) ;
#8448 = ORIENTED_EDGE ( 'NONE', *, *, #7585, .T. ) ;
#8449 = DIRECTION ( 'NONE',  ( 0.000000000000000000, 0.000000000000000000, -1.000000000000000000 ) ) ;
#8450 = ORIENTED_EDGE ( 'NONE', *, *, #1486, .T. ) ;
#8451 = VERTEX_POINT ( 'NONE', #7714 ) ;
#8452 = CARTESIAN_POINT ( 'NONE',  ( -0.2500000000000000000, 0.000000000000000000, 1.719999999999999973 ) ) ;
#8453 = ORIENTED_EDGE ( 'NONE', *, *, #2617, .F. ) ;
#8454 = CARTESIAN_POINT ( 'NONE',  ( 0.1299999999999999767, 0.2000000000000000111, -2.000000000000000000 ) ) ;
#8455 = EDGE_CURVE ( 'NONE', #3287, #6519, #4757, .T. ) ;
#8456 = UNCERTAINTY_MEASURE_WITH_UNIT (LENGTH_MEASURE( 1.000000000000000082E-05 ), #3961, 'distance_accuracy_value', 'NONE');
#8457 = PLANE ( 'NONE',  #8828 ) ;
#8458 = DIRECTION ( 'NONE',  ( 0.000000000000000000, 1.000000000000000000, 0.000000000000000000 ) ) ;
#8459 = LINE ( 'NONE', #7570, #3048 ) ;
#8460 = CARTESIAN_POINT ( 'NONE',  ( -1.719999999999999973, 0.2000000000000000111, 0.7500000000000000000 ) ) ;
#8461 = ORIENTED_EDGE ( 'NONE', *, *, #5166, .T. ) ;
#8462 = ORIENTED_EDGE ( 'NONE', *, *, #709, .T. ) ;
#8463 = DIRECTION ( 'NONE',  ( -1.000000000000000000, 0.000000000000000000, 0.000000000000000000 ) ) ;
#8464 = LINE ( 'NONE', #1870, #3543 ) ;
#8465 = VERTEX_POINT ( 'NONE', #2706 ) ;
#8466 = DIRECTION ( 'NONE',  ( 0.000000000000000000, -1.000000000000000000, 0.000000000000000000 ) ) ;
#8467 = EDGE_CURVE ( 'NONE', #2030, #8568, #8065, .T. ) ;
#8468 = PLANE ( 'NONE',  #9446 ) ;
#8469 = LINE ( 'NONE', #2524, #261 ) ;
#8470 = DIRECTION ( 'NONE',  ( 0.000000000000000000, 0.000000000000000000, 1.000000000000000000 ) ) ;
#8471 = FACE_OUTER_BOUND ( 'NONE', #3542, .T. ) ;
#8472 = VERTEX_POINT ( 'NONE', #5098 ) ;
#8473 = AXIS2_PLACEMENT_3D ( 'NONE', #5257, #796, #3780 ) ;
#8474 = CYLINDRICAL_SURFACE ( 'NONE', #2862, 0.1200000000000000927 ) ;
#8475 = DIRECTION ( 'NONE',  ( 0.000000000000000000, 0.000000000000000000, -1.000000000000000000 ) ) ;
#8476 = EDGE_CURVE ( 'NONE', #3571, #1749, #9180, .T. ) ;
#8477 = CIRCLE ( 'NONE', #8012, 0.1200000000000000927 ) ;
#8478 = PLANE ( 'NONE',  #8843 ) ;
#8479 = CARTESIAN_POINT ( 'NONE',  ( -1.606164317247235074, -0.05729555854656199348, -1.287966265713290204 ) ) ;
#8480 = LINE ( 'NONE', #1847, #692 ) ;
#8481 = EDGE_CURVE ( 'NONE', #1624, #8838, #9632, .T. ) ;
#8482 = EDGE_LOOP ( 'NONE', ( #7778, #1270, #4724, #9104 ) ) ;
#8483 = EDGE_LOOP ( 'NONE', ( #6680, #3806, #6810, #6213 ) ) ;
#8484 = LINE ( 'NONE', #7745, #4083 ) ;
#8485 = VERTEX_POINT ( 'NONE', #7220 ) ;
#8486 = DIRECTION ( 'NONE',  ( 0.000000000000000000, 0.000000000000000000, 1.000000000000000000 ) ) ;
#8487 = VERTEX_POINT ( 'NONE', #640 ) ;
#8488 = CARTESIAN_POINT ( 'NONE',  ( 0.000000000000000000, 0.05000000000000000278, 1.369999999999999885 ) ) ;
#8489 = CARTESIAN_POINT ( 'NONE',  ( -1.719999999999999973, 0.6664761515876239661, -1.250000000000000000 ) ) ;
#8490 = CARTESIAN_POINT ( 'NONE',  ( 0.8699999999999999956, 0.2000000000000000111, -2.000000000000000000 ) ) ;
#8491 = VECTOR ( 'NONE', #5821, 1000.000000000000000 ) ;
#8492 = EDGE_CURVE ( 'NONE', #7484, #4274, #8865, .T. ) ;
#8493 = AXIS2_PLACEMENT_3D ( 'NONE', #6111, #3089, #6718 ) ;
#8494 = ADVANCED_FACE ( 'NONE', ( #547 ), #490, .F. ) ;
#8495 = ORIENTED_EDGE ( 'NONE', *, *, #2211, .F. ) ;
#8496 = CARTESIAN_POINT ( 'NONE',  ( 1.719999999999999973, 0.2000000000000000111, 0.7500000000000000000 ) ) ;
#8497 = ORIENTED_EDGE ( 'NONE', *, *, #5877, .T. ) ;
#8498 = ORIENTED_EDGE ( 'NONE', *, *, #4639, .T. ) ;
#8499 = ADVANCED_FACE ( 'NONE', ( #4952 ), #2117, .F. ) ;
#8500 = CARTESIAN_POINT ( 'NONE',  ( -0.2500000000000000000, 0.2000000000000000111, -1.719999999999999973 ) ) ;
#8501 = ORIENTED_EDGE ( 'NONE', *, *, #1496, .T. ) ;
#8502 = FILL_AREA_STYLE ('',( #5441 ) ) ;
#8503 = DIRECTION ( 'NONE',  ( 0.000000000000000000, 0.000000000000000000, 1.000000000000000000 ) ) ;
#8504 = DIRECTION ( 'NONE',  ( -7.744301232039309779E-16, 0.000000000000000000, 1.000000000000000000 ) ) ;
#8505 = DIRECTION ( 'NONE',  ( 0.000000000000000000, -1.000000000000000000, 0.000000000000000000 ) ) ;
#8506 = VECTOR ( 'NONE', #2950, 1000.000000000000000 ) ;
#8507 = VECTOR ( 'NONE', #1215, 1000.000000000000000 ) ;
#8508 = CARTESIAN_POINT ( 'NONE',  ( -1.719999999999999973, 0.6664761515876239661, 0.6300000000000000044 ) ) ;
#8509 = EDGE_CURVE ( 'NONE', #7506, #4162, #1165, .T. ) ;
#8510 = EDGE_LOOP ( 'NONE', ( #8869, #4211, #5329, #3870 ) ) ;
#8511 = CIRCLE ( 'NONE', #349, 0.1200000000000000927 ) ;
#8512 = VERTEX_POINT ( 'NONE', #1334 ) ;
#8513 = CARTESIAN_POINT ( 'NONE',  ( -1.500000000000000000, 1.000000000000000000, -1.300000000000000044 ) ) ;
#8514 = DIRECTION ( 'NONE',  ( 0.000000000000000000, -1.000000000000000000, 0.000000000000000000 ) ) ;
#8515 = VERTEX_POINT ( 'NONE', #3478 ) ;
#8516 = PRESENTATION_LAYER_ASSIGNMENT (  '', '', ( #1911 ) ) ;
#8517 = CARTESIAN_POINT ( 'NONE',  ( -1.350000000000000089, 0.000000000000000000, -1.050000000000000044 ) ) ;
#8518 = CARTESIAN_POINT ( 'NONE',  ( -0.8699999999999999956, 0.05000000000000000278, -1.719999999999999973 ) ) ;
#8519 = PLANE ( 'NONE',  #733 ) ;
#8520 = FACE_OUTER_BOUND ( 'NONE', #8734, .T. ) ;
#8521 = AXIS2_PLACEMENT_3D ( 'NONE', #4890, #7708, #7766 ) ;
#8522 = AXIS2_PLACEMENT_3D ( 'NONE', #1962, #5741, #6324 ) ;
#8523 = EDGE_CURVE ( 'NONE', #7065, #3640, #2809, .T. ) ;
#8524 = CARTESIAN_POINT ( 'NONE',  ( -1.287966265713290204, 0.000000000000000000, -1.606164317247235074 ) ) ;
#8525 = ORIENTED_EDGE ( 'NONE', *, *, #2491, .T. ) ;
#8526 = VECTOR ( 'NONE', #2454, 1000.000000000000000 ) ;
#8527 = CARTESIAN_POINT ( 'NONE',  ( -1.719999999999999973, 0.2000000000000000111, 0.8699999999999999956 ) ) ;
#8528 = DIRECTION ( 'NONE',  ( 0.000000000000000000, 0.000000000000000000, 1.000000000000000000 ) ) ;
#8529 = CIRCLE ( 'NONE', #59, 0.1200000000000000927 ) ;
#8530 = CARTESIAN_POINT ( 'NONE',  ( -1.250000000000000000, 0.000000000000000000, 0.6000000000000000888 ) ) ;
#8531 = DIRECTION ( 'NONE',  ( 0.000000000000000000, -1.000000000000000000, 0.000000000000000000 ) ) ;
#8532 = VECTOR ( 'NONE', #952, 1000.000000000000000 ) ;
#8533 = ADVANCED_FACE ( 'NONE', ( #4316 ), #596, .F. ) ;
#8534 = VECTOR ( 'NONE', #4272, 1000.000000000000000 ) ;
#8535 = LINE ( 'NONE', #9181, #3504 ) ;
#8536 = EDGE_LOOP ( 'NONE', ( #2363, #5927, #6077, #3671 ) ) ;
#8537 = ORIENTED_EDGE ( 'NONE', *, *, #7030, .F. ) ;
#8538 = CARTESIAN_POINT ( 'NONE',  ( -0.3699999999999999956, 0.2000000000000000111, 2.000000000000000000 ) ) ;
#8539 = ORIENTED_EDGE ( 'NONE', *, *, #2948, .F. ) ;
#8540 = DIRECTION ( 'NONE',  ( 1.000000000000000000, 0.000000000000000000, 0.000000000000000000 ) ) ;
#8541 = VERTEX_POINT ( 'NONE', #2012 ) ;
#8542 = VECTOR ( 'NONE', #9218, 1000.000000000000000 ) ;
#8543 = VECTOR ( 'NONE', #2119, 1000.000000000000000 ) ;
#8544 = DIRECTION ( 'NONE',  ( 0.000000000000000000, 0.000000000000000000, -1.000000000000000000 ) ) ;
#8545 = CARTESIAN_POINT ( 'NONE',  ( -1.350000000000000089, 0.000000000000000000, -1.050000000000000044 ) ) ;
#8546 = DIRECTION ( 'NONE',  ( 1.000000000000000000, 0.000000000000000000, 0.000000000000000000 ) ) ;
#8547 = VECTOR ( 'NONE', #7522, 1000.000000000000000 ) ;
#8548 = CARTESIAN_POINT ( 'NONE',  ( 1.606164317247239959, 0.000000000000000000, -1.287966265713290204 ) ) ;
#8549 = CIRCLE ( 'NONE', #77, 0.2000000000000000944 ) ;
#8550 = VERTEX_POINT ( 'NONE', #6529 ) ;
#8551 = CARTESIAN_POINT ( 'NONE',  ( 1.006759160165100026E-16, 0.05000000000000000278, 0.1299999999999986167 ) ) ;
#8552 = ORIENTED_EDGE ( 'NONE', *, *, #3069, .T. ) ;
#8553 = ORIENTED_EDGE ( 'NONE', *, *, #3360, .T. ) ;
#8554 = SURFACE_STYLE_FILL_AREA ( #3246 ) ;
#8555 = EDGE_LOOP ( 'NONE', ( #2048, #3858, #8801, #9523 ) ) ;
#8556 = DIRECTION ( 'NONE',  ( -7.744301232039309779E-16, 0.000000000000000000, -1.000000000000000000 ) ) ;
#8557 = UNCERTAINTY_MEASURE_WITH_UNIT (LENGTH_MEASURE( 1.000000000000000082E-05 ), #5249, 'distance_accuracy_value', 'NONE');
#8558 = FACE_OUTER_BOUND ( 'NONE', #2989, .T. ) ;
#8559 = DIRECTION ( 'NONE',  ( 1.000000000000000000, 0.000000000000000000, 0.000000000000000000 ) ) ;
#8560 = PLANE ( 'NONE',  #4750 ) ;
#8561 = EDGE_CURVE ( 'NONE', #3038, #8161, #8850, .T. ) ;
#8562 = PRESENTATION_LAYER_ASSIGNMENT (  '', '', ( #9497 ) ) ;
#8563 = EDGE_CURVE ( 'NONE', #2752, #2004, #5141, .T. ) ;
#8564 = STYLED_ITEM ( 'NONE', ( #4739 ), #5571 ) ;
#8565 = CIRCLE ( 'NONE', #6822, 0.1200000000000000927 ) ;
#8566 = LINE ( 'NONE', #8508, #6490 ) ;
#8567 = VERTEX_POINT ( 'NONE', #1385 ) ;
#8568 = VERTEX_POINT ( 'NONE', #2762 ) ;
#8569 = DIRECTION ( 'NONE',  ( 1.000000000000000000, 0.000000000000000000, 0.000000000000000000 ) ) ;
#8570 =( LENGTH_UNIT ( ) NAMED_UNIT ( * ) SI_UNIT ( .MILLI., .METRE. ) );
#8571 = ORIENTED_EDGE ( 'NONE', *, *, #3575, .F. ) ;
#8572 = STYLED_ITEM ( 'NONE', ( #2483 ), #5095 ) ;
#8573 = CYLINDRICAL_SURFACE ( 'NONE', #9000, 0.1200000000000000927 ) ;
#8574 = DIRECTION ( 'NONE',  ( 1.000000000000000000, 0.000000000000000000, 0.000000000000000000 ) ) ;
#8575 = CARTESIAN_POINT ( 'NONE',  ( -0.2500000000000000000, 0.6664761515876239661, 1.719999999999999973 ) ) ;
#8576 = CARTESIAN_POINT ( 'NONE',  ( 1.250000000000000000, 0.6664761515876239661, 1.719999999999999973 ) ) ;
#8577 = EDGE_CURVE ( 'NONE', #5389, #3824, #9538, .T. ) ;
#8578 = EDGE_CURVE ( 'NONE', #3839, #5829, #8237, .T. ) ;
#8579 = EDGE_CURVE ( 'NONE', #4226, #7182, #1279, .T. ) ;
#8580 = PRESENTATION_LAYER_ASSIGNMENT (  '', '', ( #7318 ) ) ;
#8581 = AXIS2_PLACEMENT_3D ( 'NONE', #7489, #2337, #4522 ) ;
#8582 = CARTESIAN_POINT ( 'NONE',  ( -2.000000000000000000, 7.656854249492380582, 2.000000000000000000 ) ) ;
#8583 = LINE ( 'NONE', #4966, #560 ) ;
#8584 = ORIENTED_EDGE ( 'NONE', *, *, #3803, .F. ) ;
#8585 = LINE ( 'NONE', #6848, #1129 ) ;
#8586 = CARTESIAN_POINT ( 'NONE',  ( -1.350000000000000089, 0.000000000000000000, 0.6000000000000000888 ) ) ;
#8587 = EDGE_CURVE ( 'NONE', #4042, #5593, #8798, .T. ) ;
#8588 = FACE_OUTER_BOUND ( 'NONE', #3609, .T. ) ;
#8589 = LINE ( 'NONE', #4721, #3966 ) ;
#8590 = ORIENTED_EDGE ( 'NONE', *, *, #3767, .F. ) ;
#8591 = ORIENTED_EDGE ( 'NONE', *, *, #8194, .F. ) ;
#8592 = FACE_OUTER_BOUND ( 'NONE', #4438, .T. ) ;
#8593 = ORIENTED_EDGE ( 'NONE', *, *, #5254, .F. ) ;
#8594 = CARTESIAN_POINT ( 'NONE',  ( 1.250000000000000000, 0.05000000000000000278, -1.719999999999999973 ) ) ;
#8595 = ORIENTED_EDGE ( 'NONE', *, *, #710, .T. ) ;
#8596 = DIRECTION ( 'NONE',  ( -1.000000000000000000, 0.000000000000000000, 0.000000000000000000 ) ) ;
#8597 = DIRECTION ( 'NONE',  ( 7.744301232039309779E-16, 0.000000000000000000, 1.000000000000000000 ) ) ;
#8598 = CARTESIAN_POINT ( 'NONE',  ( -1.250000000000000000, 0.2000000000000000111, -1.719999999999999973 ) ) ;
#8599 = LINE ( 'NONE', #8548, #2286 ) ;
#8600 = SHAPE_DEFINITION_REPRESENTATION ( #6086, #6975 ) ;
#8601 = ORIENTED_EDGE ( 'NONE', *, *, #7097, .T. ) ;
#8602 = ORIENTED_EDGE ( 'NONE', *, *, #2470, .T. ) ;
#8603 = ORIENTED_EDGE ( 'NONE', *, *, #4992, .T. ) ;
#8604 = PRESENTATION_STYLE_ASSIGNMENT (( #294 ) ) ;
#8605 = VERTEX_POINT ( 'NONE', #5037 ) ;
#8606 = CARTESIAN_POINT ( 'NONE',  ( -0.3699999999999999956, 0.2000000000000000111, 2.000000000000000000 ) ) ;
#8607 = DIRECTION ( 'NONE',  ( -1.000000000000000000, 0.000000000000000000, 0.000000000000000000 ) ) ;
#8608 = CARTESIAN_POINT ( 'NONE',  ( -2.000000000000000000, 0.6664761515876239661, -1.129999999999999893 ) ) ;
#8609 = CARTESIAN_POINT ( 'NONE',  ( 1.250000000000000000, 0.2000000000000000111, -1.719999999999999973 ) ) ;
#8610 = DIRECTION ( 'NONE',  ( 0.000000000000000000, -1.000000000000000000, 0.000000000000000000 ) ) ;
#8611 = ORIENTED_EDGE ( 'NONE', *, *, #9702, .F. ) ;
#8612 = EDGE_CURVE ( 'NONE', #510, #8017, #693, .T. ) ;
#8613 = EDGE_LOOP ( 'NONE', ( #4634, #5558, #4477, #2357 ) ) ;
#8614 = EDGE_CURVE ( 'NONE', #7603, #5815, #9001, .T. ) ;
#8615 = CARTESIAN_POINT ( 'NONE',  ( 1.369999999999999885, 0.2000000000000000111, -1.719999999999999973 ) ) ;
#8616 = VERTEX_POINT ( 'NONE', #2212 ) ;
#8617 = DIRECTION ( 'NONE',  ( -7.744301232039309779E-16, 0.000000000000000000, 1.000000000000000000 ) ) ;
#8618 = LINE ( 'NONE', #5560, #4097 ) ;
#8619 = CARTESIAN_POINT ( 'NONE',  ( -1.250000000000000000, 0.2000000000000000111, -1.719999999999999973 ) ) ;
#8620 = EDGE_CURVE ( 'NONE', #8605, #3571, #4, .T. ) ;
#8621 = CARTESIAN_POINT ( 'NONE',  ( -1.050000000000000044, 0.000000000000000000, -1.350000000000000089 ) ) ;
#8622 = CARTESIAN_POINT ( 'NONE',  ( 0.000000000000000000, 0.05000000000000000278, 0.8699999999999999956 ) ) ;
#8623 = EDGE_CURVE ( 'NONE', #8992, #5367, #6651, .T. ) ;
#8624 = DIRECTION ( 'NONE',  ( 0.000000000000000000, 0.000000000000000000, 1.000000000000000000 ) ) ;
#8625 = ORIENTED_EDGE ( 'NONE', *, *, #2224, .F. ) ;
#8626 = FACE_OUTER_BOUND ( 'NONE', #5630, .T. ) ;
#8627 = CARTESIAN_POINT ( 'NONE',  ( 1.719999999999999973, 0.6664761515876239661, 1.369999999999999885 ) ) ;
#8628 = CARTESIAN_POINT ( 'NONE',  ( 0.7500000000000000000, 0.6664761515876239661, -1.719999999999999973 ) ) ;
#8629 = CARTESIAN_POINT ( 'NONE',  ( 2.000000000000000000, 0.6664761515876239661, 0.1299999999999999767 ) ) ;
#8630 = EDGE_CURVE ( 'NONE', #3127, #4189, #923, .T. ) ;
#8631 = EDGE_LOOP ( 'NONE', ( #5116, #295, #1214, #4804 ) ) ;
#8632 = ORIENTED_EDGE ( 'NONE', *, *, #8623, .T. ) ;
#8633 = DIRECTION ( 'NONE',  ( -7.744301232039309779E-16, 0.000000000000000000, -1.000000000000000000 ) ) ;
#8634 = VERTEX_POINT ( 'NONE', #1671 ) ;
#8635 = DIRECTION ( 'NONE',  ( 0.000000000000000000, 0.000000000000000000, -1.000000000000000000 ) ) ;
#8636 = ORIENTED_EDGE ( 'NONE', *, *, #9067, .T. ) ;
#8637 = PLANE ( 'NONE',  #5207 ) ;
#8638 = DIRECTION ( 'NONE',  ( 0.000000000000000000, 0.000000000000000000, -1.000000000000000000 ) ) ;
#8639 = CARTESIAN_POINT ( 'NONE',  ( 1.719999999999999973, 0.6664761515876239661, -0.1299999999999999767 ) ) ;
#8640 = EDGE_CURVE ( 'NONE', #9533, #5771, #2955, .T. ) ;
#8641 = EDGE_LOOP ( 'NONE', ( #418, #3330, #4063, #6415 ) ) ;
#8642 = ORIENTED_EDGE ( 'NONE', *, *, #6343, .T. ) ;
#8643 = EDGE_LOOP ( 'NONE', ( #67, #2361, #9666, #5384 ) ) ;
#8644 = DIRECTION ( 'NONE',  ( 0.000000000000000000, -1.000000000000000000, 0.000000000000000000 ) ) ;
#8645 = ORIENTED_EDGE ( 'NONE', *, *, #2034, .T. ) ;
#8646 = AXIS2_PLACEMENT_3D ( 'NONE', #6915, #199, #3249 ) ;
#8647 = DIRECTION ( 'NONE',  ( 0.000000000000000000, 0.000000000000000000, -1.000000000000000000 ) ) ;
#8648 = MANIFOLD_SOLID_BREP ( 'NONE', #7627 ) ;
#8649 = DIRECTION ( 'NONE',  ( 0.000000000000000000, 0.000000000000000000, 1.000000000000000000 ) ) ;
#8650 = CARTESIAN_POINT ( 'NONE',  ( 1.363835682752764011, 0.05000000000000000278, -1.682033734286709770 ) ) ;
#8651 = VECTOR ( 'NONE', #8802, 1000.000000000000000 ) ;
#8652 = CARTESIAN_POINT ( 'NONE',  ( -1.369999999999999885, 0.6664761515876239661, 2.000000000000000000 ) ) ;
#8653 = EDGE_LOOP ( 'NONE', ( #6909, #1216, #5620, #6794 ) ) ;
#8654 = ORIENTED_EDGE ( 'NONE', *, *, #8561, .F. ) ;
#8655 = DIRECTION ( 'NONE',  ( 0.000000000000000000, 1.000000000000000000, 0.000000000000000000 ) ) ;
#8656 =( LENGTH_UNIT ( ) NAMED_UNIT ( * ) SI_UNIT ( .MILLI., .METRE. ) );
#8657 = ORIENTED_EDGE ( 'NONE', *, *, #4463, .F. ) ;
#8658 = VECTOR ( 'NONE', #6216, 1000.000000000000000 ) ;
#8659 = CARTESIAN_POINT ( 'NONE',  ( 0.2500000000000000000, 0.2000000000000000111, 1.719999999999999973 ) ) ;
#8660 = FACE_OUTER_BOUND ( 'NONE', #8694, .T. ) ;
#8661 = CARTESIAN_POINT ( 'NONE',  ( -1.287966265713290204, 0.2000000000000000111, 1.606164317247239959 ) ) ;
#8662 = AXIS2_PLACEMENT_3D ( 'NONE', #621, #6600, #2881 ) ;
#8663 = MANIFOLD_SOLID_BREP ( 'NONE', #5407 ) ;
#8664 = CIRCLE ( 'NONE', #6609, 0.1200000000000000927 ) ;
#8665 = DIRECTION ( 'NONE',  ( 0.000000000000000000, 1.000000000000000000, 0.000000000000000000 ) ) ;
#8666 = DIRECTION ( 'NONE',  ( -1.000000000000000000, 0.000000000000000000, 0.000000000000000000 ) ) ;
#8667 = ORIENTED_EDGE ( 'NONE', *, *, #4948, .T. ) ;
#8668 = CARTESIAN_POINT ( 'NONE',  ( 1.682033734286709770, 0.000000000000000000, 1.363835682752762013 ) ) ;
#8669 = CARTESIAN_POINT ( 'NONE',  ( -1.500000000000000000, 0.9000000000000000222, -1.500000000000000000 ) ) ;
#8670 = VECTOR ( 'NONE', #8916, 1000.000000000000114 ) ;
#8671 = LINE ( 'NONE', #9512, #7108 ) ;
#8672 = STYLED_ITEM ( 'NONE', ( #6632 ), #2360 ) ;
#8673 = EDGE_CURVE ( 'NONE', #4132, #6462, #1617, .T. ) ;
#8674 = EDGE_CURVE ( 'NONE', #5790, #4489, #4645, .T. ) ;
#8675 = DIRECTION ( 'NONE',  ( -1.000000000000000000, 0.000000000000000000, 0.000000000000000000 ) ) ;
#8676 = AXIS2_PLACEMENT_3D ( 'NONE', #5525, #2605, #5587 ) ;
#8677 = ORIENTED_EDGE ( 'NONE', *, *, #6440, .T. ) ;
#8678 = AXIS2_PLACEMENT_3D ( 'NONE', #3091, #5233, #3812 ) ;
#8679 = ORIENTED_EDGE ( 'NONE', *, *, #6252, .F. ) ;
#8680 = CARTESIAN_POINT ( 'NONE',  ( -1.129999999999999893, 0.000000000000000000, 2.000000000000000000 ) ) ;
#8681 = VERTEX_POINT ( 'NONE', #8952 ) ;
#8682 = PLANE ( 'NONE',  #3630 ) ;
#8683 = ORIENTED_EDGE ( 'NONE', *, *, #5293, .T. ) ;
#8684 = DIRECTION ( 'NONE',  ( 0.000000000000000000, 0.000000000000000000, -1.000000000000000000 ) ) ;
#8685 = PLANE ( 'NONE',  #1615 ) ;
#8686 = DIRECTION ( 'NONE',  ( -0.000000000000000000, 1.000000000000000000, 0.000000000000000000 ) ) ;
#8687 = VECTOR ( 'NONE', #5011, 1000.000000000000000 ) ;
#8688 = EDGE_CURVE ( 'NONE', #178, #8541, #5184, .T. ) ;
#8689 = AXIS2_PLACEMENT_3D ( 'NONE', #3701, #5204, #3746 ) ;
#8690 = SURFACE_STYLE_USAGE ( .BOTH. , #433 ) ;
#8691 = ORIENTED_EDGE ( 'NONE', *, *, #2242, .F. ) ;
#8692 = AXIS2_PLACEMENT_3D ( 'NONE', #2235, #5950, #2973 ) ;
#8693 = VERTEX_POINT ( 'NONE', #7904 ) ;
#8694 = EDGE_LOOP ( 'NONE', ( #2477, #3569, #3810, #5982, #4675, #7434 ) ) ;
#8695 = CARTESIAN_POINT ( 'NONE',  ( 1.350000000000000311, 0.000000000000000000, -1.249999999999999778 ) ) ;
#8696 = EDGE_LOOP ( 'NONE', ( #3297, #7133, #6574, #2841 ) ) ;
#8697 = VECTOR ( 'NONE', #8700, 1000.000000000000000 ) ;
#8698 = PLANE ( 'NONE',  #8522 ) ;
#8699 = DIRECTION ( 'NONE',  ( 0.000000000000000000, 0.000000000000000000, 1.000000000000000000 ) ) ;
#8700 = DIRECTION ( 'NONE',  ( 7.744301232039309779E-16, 0.000000000000000000, -1.000000000000000000 ) ) ;
#8701 = CIRCLE ( 'NONE', #705, 0.1199999999999999956 ) ;
#8702 = VECTOR ( 'NONE', #926, 1000.000000000000000 ) ;
#8703 = CIRCLE ( 'NONE', #3196, 0.1200000000000000927 ) ;
#8704 = DIRECTION ( 'NONE',  ( -3.614007241618345221E-15, 0.000000000000000000, 1.000000000000000000 ) ) ;
#8705 = ORIENTED_EDGE ( 'NONE', *, *, #1062, .F. ) ;
#8706 = CARTESIAN_POINT ( 'NONE',  ( 0.000000000000000000, 1.000000000000000000, 0.000000000000000000 ) ) ;
#8707 = ORIENTED_EDGE ( 'NONE', *, *, #3227, .F. ) ;
#8708 = CARTESIAN_POINT ( 'NONE',  ( -1.719999999999999973, 0.2000000000000000111, -0.2500000000000000000 ) ) ;
#8709 = PRESENTATION_STYLE_ASSIGNMENT (( #5696 ) ) ;
#8710 = ORIENTED_EDGE ( 'NONE', *, *, #5730, .T. ) ;
#8711 = AXIS2_PLACEMENT_3D ( 'NONE', #2649, #1117, #2504 ) ;
#8712 = CARTESIAN_POINT ( 'NONE',  ( -1.129999999999999893, 0.2000000000000000111, 1.719999999999999973 ) ) ;
#8713 = DIRECTION ( 'NONE',  ( 0.000000000000000000, -1.000000000000000000, 0.000000000000000000 ) ) ;
#8714 = DIRECTION ( 'NONE',  ( 0.000000000000000000, 0.000000000000000000, 1.000000000000000000 ) ) ;
#8715 = AXIS2_PLACEMENT_3D ( 'NONE', #6030, #6955, #9136 ) ;
#8716 = CARTESIAN_POINT ( 'NONE',  ( -0.7500000000000000000, 0.2000000000000000111, -1.719999999999999973 ) ) ;
#8717 = ADVANCED_FACE ( 'NONE', ( #8447 ), #6222, .F. ) ;
#8718 = VECTOR ( 'NONE', #6881, 1000.000000000000000 ) ;
#8719 = DIRECTION ( 'NONE',  ( 0.000000000000000000, 0.000000000000000000, 1.000000000000000000 ) ) ;
#8720 = LINE ( 'NONE', #4182, #5405 ) ;
#8721 = VERTEX_POINT ( 'NONE', #4882 ) ;
#8722 = CARTESIAN_POINT ( 'NONE',  ( 0.7500000000000000000, 0.2000000000000000111, -1.719999999999999973 ) ) ;
#8723 = CARTESIAN_POINT ( 'NONE',  ( -1.719999999999999973, 0.6664761515876239661, 0.8699999999999999956 ) ) ;
#8724 = FACE_OUTER_BOUND ( 'NONE', #5041, .T. ) ;
#8725 = CIRCLE ( 'NONE', #2447, 0.1200000000000000927 ) ;
#8726 = CLOSED_SHELL ( 'NONE', ( #6866, #5902, #4700, #9372, #9156, #2391, #1361, #4947, #7648, #584 ) ) ;
#8727 = FACE_OUTER_BOUND ( 'NONE', #2349, .T. ) ;
#8728 = DIRECTION ( 'NONE',  ( 0.000000000000000000, -1.000000000000000000, 0.000000000000000000 ) ) ;
#8729 = VERTEX_POINT ( 'NONE', #245 ) ;
#8730 = EDGE_CURVE ( 'NONE', #8799, #1842, #3241, .T. ) ;
#8731 = ORIENTED_EDGE ( 'NONE', *, *, #4983, .F. ) ;
#8732 = EDGE_CURVE ( 'NONE', #6413, #4780, #8599, .T. ) ;
#8733 = CARTESIAN_POINT ( 'NONE',  ( -0.6300000000000000044, 0.2000000000000000111, 2.000000000000000000 ) ) ;
#8734 = EDGE_LOOP ( 'NONE', ( #8737, #3021, #5101, #6322 ) ) ;
#8735 = AXIS2_PLACEMENT_3D ( 'NONE', #3979, #8367, #266 ) ;
#8736 = DIRECTION ( 'NONE',  ( 0.000000000000000000, 1.000000000000000000, 0.000000000000000000 ) ) ;
#8737 = ORIENTED_EDGE ( 'NONE', *, *, #8096, .F. ) ;
#8738 = DIRECTION ( 'NONE',  ( 0.000000000000000000, -1.000000000000000000, 0.000000000000000000 ) ) ;
#8739 = CARTESIAN_POINT ( 'NONE',  ( 1.719999999999999973, 0.2000000000000000111, -0.8699999999999999956 ) ) ;
#8740 = EDGE_CURVE ( 'NONE', #7159, #2611, #6173, .T. ) ;
#8741 = CARTESIAN_POINT ( 'NONE',  ( -1.250000000000000000, 0.000000000000000000, 1.719999999999999973 ) ) ;
#8742 = EDGE_LOOP ( 'NONE', ( #5316, #7201, #4339, #629 ) ) ;
#8743 = ORIENTED_EDGE ( 'NONE', *, *, #6071, .F. ) ;
#8744 = ADVANCED_FACE ( 'NONE', ( #1817 ), #3953, .F. ) ;
#8745 = ORIENTED_EDGE ( 'NONE', *, *, #912, .T. ) ;
#8746 = CARTESIAN_POINT ( 'NONE',  ( 2.000000000000000000, 0.05000000000000000278, 2.000000000000000000 ) ) ;
#8747 = ORIENTED_EDGE ( 'NONE', *, *, #3115, .T. ) ;
#8748 = CARTESIAN_POINT ( 'NONE',  ( 2.000000000000000000, 0.05000000000000000278, 2.000000000000000000 ) ) ;
#8749 = CARTESIAN_POINT ( 'NONE',  ( -1.250000000000000000, 0.2000000000000000111, 1.719999999999999973 ) ) ;
#8750 = EDGE_CURVE ( 'NONE', #951, #4394, #7110, .T. ) ;
#8751 = ADVANCED_FACE ( 'NONE', ( #5589 ), #7755, .T. ) ;
#8752 = CARTESIAN_POINT ( 'NONE',  ( -1.719999999999999973, 0.6664761515876239661, -0.7500000000000000000 ) ) ;
#8753 = DIRECTION ( 'NONE',  ( -1.000000000000000000, 0.000000000000000000, 0.000000000000000000 ) ) ;
#8754 = ORIENTED_EDGE ( 'NONE', *, *, #6497, .T. ) ;
#8755 = CARTESIAN_POINT ( 'NONE',  ( -2.000000000000000000, 0.6664761515876239661, 0.3699999999999999956 ) ) ;
#8756 = ORIENTED_EDGE ( 'NONE', *, *, #2185, .T. ) ;
#8757 = EDGE_CURVE ( 'NONE', #5471, #5132, #3982, .T. ) ;
#8758 = FACE_OUTER_BOUND ( 'NONE', #8350, .T. ) ;
#8759 = ORIENTED_EDGE ( 'NONE', *, *, #8262, .F. ) ;
#8760 = LINE ( 'NONE', #2022, #7573 ) ;
#8761 = DIRECTION ( 'NONE',  ( 1.000000000000000000, 0.000000000000000000, -7.744301232039309779E-16 ) ) ;
#8762 = DIRECTION ( 'NONE',  ( 0.000000000000000000, 0.000000000000000000, -1.000000000000000000 ) ) ;
#8763 = LINE ( 'NONE', #4906, #2265 ) ;
#8764 = MANIFOLD_SOLID_BREP ( 'NONE', #730 ) ;
#8765 = ORIENTED_EDGE ( 'NONE', *, *, #8919, .F. ) ;
#8766 = DIRECTION ( 'NONE',  ( 0.000000000000000000, 0.000000000000000000, -1.000000000000000000 ) ) ;
#8767 = EDGE_CURVE ( 'NONE', #6225, #9126, #190, .T. ) ;
#8768 = CARTESIAN_POINT ( 'NONE',  ( -0.3699999999999999956, 0.2000000000000000111, 2.000000000000000000 ) ) ;
#8769 = ORIENTED_EDGE ( 'NONE', *, *, #1605, .T. ) ;
#8770 = CARTESIAN_POINT ( 'NONE',  ( 0.6300000000000000044, 0.05000000000000000278, 1.719999999999999973 ) ) ;
#8771 = DIRECTION ( 'NONE',  ( 0.000000000000000000, 0.000000000000000000, -1.000000000000000000 ) ) ;
#8772 = LINE ( 'NONE', #4230, #8066 ) ;
#8773 = PLANE ( 'NONE',  #8373 ) ;
#8774 = EDGE_CURVE ( 'NONE', #5769, #3247, #4006, .T. ) ;
#8775 = CARTESIAN_POINT ( 'NONE',  ( 0.3699999999999999956, 0.6664761515876239661, 1.719999999999999973 ) ) ;
#8776 = VERTEX_POINT ( 'NONE', #6268 ) ;
#8777 = ORIENTED_EDGE ( 'NONE', *, *, #4674, .F. ) ;
#8778 = FACE_OUTER_BOUND ( 'NONE', #8872, .T. ) ;
#8779 = ORIENTED_EDGE ( 'NONE', *, *, #4424, .T. ) ;
#8780 = CARTESIAN_POINT ( 'NONE',  ( 1.250000000000000000, 0.000000000000000000, 0.09999999999999986677 ) ) ;
#8781 = ORIENTED_EDGE ( 'NONE', *, *, #9706, .F. ) ;
#8782 = LINE ( 'NONE', #8050, #5012 ) ;
#8783 = DIRECTION ( 'NONE',  ( -7.744301232039309779E-16, 0.000000000000000000, 1.000000000000000000 ) ) ;
#8784 = DIRECTION ( 'NONE',  ( 1.000000000000000000, 0.000000000000000000, -7.744301232039309779E-16 ) ) ;
#8785 = SURFACE_STYLE_USAGE ( .BOTH. , #5778 ) ;
#8786 = VERTEX_POINT ( 'NONE', #9279 ) ;
#8787 = ORIENTED_EDGE ( 'NONE', *, *, #6919, .T. ) ;
#8788 = VERTEX_POINT ( 'NONE', #2552 ) ;
#8789 = LINE ( 'NONE', #8746, #2228 ) ;
#8790 = VERTEX_POINT ( 'NONE', #7059 ) ;
#8791 = AXIS2_PLACEMENT_3D ( 'NONE', #5200, #7525, #3589 ) ;
#8792 = FACE_OUTER_BOUND ( 'NONE', #4200, .T. ) ;
#8793 = MANIFOLD_SOLID_BREP ( 'NONE', #4938 ) ;
#8794 = CARTESIAN_POINT ( 'NONE',  ( 2.000000000000000000, 7.656854249492380582, -2.000000000000000000 ) ) ;
#8795 = FACE_OUTER_BOUND ( 'NONE', #8643, .T. ) ;
#8796 = ADVANCED_FACE ( 'NONE', ( #3421 ), #336, .T. ) ;
#8797 = ADVANCED_FACE ( 'NONE', ( #5734 ), #4350, .F. ) ;
#8798 = LINE ( 'NONE', #4407, #707 ) ;
#8799 = VERTEX_POINT ( 'NONE', #6517 ) ;
#8800 = CARTESIAN_POINT ( 'NONE',  ( -0.6300000000000000044, 0.6664761515876239661, 1.719999999999999973 ) ) ;
#8801 = ORIENTED_EDGE ( 'NONE', *, *, #8082, .T. ) ;
#8802 = DIRECTION ( 'NONE',  ( 0.000000000000000000, 0.000000000000000000, 1.000000000000000000 ) ) ;
#8803 = LINE ( 'NONE', #1284, #7930 ) ;
#8804 = ORIENTED_EDGE ( 'NONE', *, *, #3324, .F. ) ;
#8805 = DIRECTION ( 'NONE',  ( 7.744301232039309779E-16, 0.000000000000000000, 1.000000000000000000 ) ) ;
#8806 = LINE ( 'NONE', #8075, #4880 ) ;
#8807 = CARTESIAN_POINT ( 'NONE',  ( 1.606164317247239959, -0.05729555854656199348, -1.287966265713290204 ) ) ;
#8808 = DIRECTION ( 'NONE',  ( 0.000000000000000000, -1.000000000000000000, 0.000000000000000000 ) ) ;
#8809 = VECTOR ( 'NONE', #4808, 1000.000000000000000 ) ;
#8810 = EDGE_CURVE ( 'NONE', #3247, #1250, #1318, .T. ) ;
#8811 = ORIENTED_EDGE ( 'NONE', *, *, #1384, .F. ) ;
#8812 = CARTESIAN_POINT ( 'NONE',  ( -0.1299999999999999767, 0.6664761515876239661, -2.000000000000000000 ) ) ;
#8813 = CIRCLE ( 'NONE', #1747, 0.1200000000000000927 ) ;
#8814 = DIRECTION ( 'NONE',  ( 0.000000000000000000, 1.000000000000000000, 0.000000000000000000 ) ) ;
#8815 = ORIENTED_EDGE ( 'NONE', *, *, #3105, .T. ) ;
#8816 = VECTOR ( 'NONE', #4826, 1000.000000000000000 ) ;
#8817 = DIRECTION ( 'NONE',  ( 1.000000000000000000, 0.000000000000000000, 0.000000000000000000 ) ) ;
#8818 = CARTESIAN_POINT ( 'NONE',  ( -1.369999999999999885, 0.6664761515876239661, 1.719999999999999973 ) ) ;
#8819 = CARTESIAN_POINT ( 'NONE',  ( 2.000000000000000000, 0.6664761515876239661, 0.3699999999999999956 ) ) ;
#8820 = AXIS2_PLACEMENT_3D ( 'NONE', #7650, #917, #3896 ) ;
#8821 = EDGE_CURVE ( 'NONE', #832, #897, #6608, .T. ) ;
#8822 = AXIS2_PLACEMENT_3D ( 'NONE', #5957, #2937, #6748 ) ;
#8823 = DIRECTION ( 'NONE',  ( 0.7071067811865445751, 0.000000000000000000, 0.7071067811865504593 ) ) ;
#8824 = MANIFOLD_SOLID_BREP ( 'NONE', #9675 ) ;
#8825 = CARTESIAN_POINT ( 'NONE',  ( -1.719999999999999973, 0.05000000000000000278, 1.250000000000000000 ) ) ;
#8826 = ORIENTED_EDGE ( 'NONE', *, *, #6210, .T. ) ;
#8827 = ORIENTED_EDGE ( 'NONE', *, *, #166, .F. ) ;
#8828 = AXIS2_PLACEMENT_3D ( 'NONE', #3102, #151, #792 ) ;
#8829 = CARTESIAN_POINT ( 'NONE',  ( 1.369999999999999885, 0.000000000000000000, 1.719999999999999973 ) ) ;
#8830 = ORIENTED_EDGE ( 'NONE', *, *, #8136, .F. ) ;
#8831 = DIRECTION ( 'NONE',  ( 0.000000000000000000, 0.000000000000000000, 1.000000000000000000 ) ) ;
#8832 = MECHANICAL_DESIGN_GEOMETRIC_PRESENTATION_REPRESENTATION (  '', ( #3634 ), #7406 ) ;
#8833 = FACE_OUTER_BOUND ( 'NONE', #9620, .T. ) ;
#8834 = DIRECTION ( 'NONE',  ( -0.000000000000000000, 1.000000000000000000, -0.000000000000000000 ) ) ;
#8835 = DIRECTION ( 'NONE',  ( 0.000000000000000000, 0.000000000000000000, -1.000000000000000000 ) ) ;
#8836 = AXIS2_PLACEMENT_3D ( 'NONE', #3615, #7412, #4402 ) ;
#8837 = STYLED_ITEM ( 'NONE', ( #3775 ), #2413 ) ;
#8838 = VERTEX_POINT ( 'NONE', #2798 ) ;
#8839 = ORIENTED_EDGE ( 'NONE', *, *, #6199, .T. ) ;
#8840 = EDGE_LOOP ( 'NONE', ( #4648, #1035, #3597, #4538 ) ) ;
#8841 = LINE ( 'NONE', #2896, #3617 ) ;
#8842 = EDGE_LOOP ( 'NONE', ( #8365, #5572, #3263, #9465, #352, #4598 ) ) ;
#8843 = AXIS2_PLACEMENT_3D ( 'NONE', #372, #6351, #6250 ) ;
#8844 = DIRECTION ( 'NONE',  ( 7.744301232039309779E-16, 0.000000000000000000, 1.000000000000000000 ) ) ;
#8845 = MANIFOLD_SOLID_BREP ( 'Boss-Extrude2[2]', #8726 ) ;
#8846 = DIRECTION ( 'NONE',  ( 0.000000000000000000, -1.000000000000000000, 0.000000000000000000 ) ) ;
#8847 = DIRECTION ( 'NONE',  ( 1.000000000000000000, 0.000000000000000000, 0.000000000000000000 ) ) ;
#8848 = VECTOR ( 'NONE', #4729, 1000.000000000000000 ) ;
#8849 = VECTOR ( 'NONE', #3369, 1000.000000000000000 ) ;
#8850 = LINE ( 'NONE', #3536, #6337 ) ;
#8851 = AXIS2_PLACEMENT_3D ( 'NONE', #2998, #4597, #8303 ) ;
#8852 = AXIS2_PLACEMENT_3D ( 'NONE', #2604, #9330, #5586 ) ;
#8853 = ORIENTED_EDGE ( 'NONE', *, *, #5530, .T. ) ;
#8854 = LINE ( 'NONE', #3480, #536 ) ;
#8855 = ORIENTED_EDGE ( 'NONE', *, *, #9207, .T. ) ;
#8856 = DIRECTION ( 'NONE',  ( 0.000000000000000000, -1.000000000000000000, 0.000000000000000000 ) ) ;
#8857 = PLANE ( 'NONE',  #2435 ) ;
#8858 = ORIENTED_EDGE ( 'NONE', *, *, #7814, .T. ) ;
#8859 = EDGE_CURVE ( 'NONE', #5425, #2350, #8150, .T. ) ;
#8860 = EDGE_CURVE ( 'NONE', #354, #6411, #6806, .T. ) ;
#8861 = CARTESIAN_POINT ( 'NONE',  ( -0.8699999999999999956, 0.05000000000000000278, 1.719999999999999973 ) ) ;
#8862 = FACE_OUTER_BOUND ( 'NONE', #1429, .T. ) ;
#8863 = AXIS2_PLACEMENT_3D ( 'NONE', #3550, #4964, #5612 ) ;
#8864 = CARTESIAN_POINT ( 'NONE',  ( 1.719999999999999973, 0.2000000000000000111, -0.6300000000000000044 ) ) ;
#8865 = CIRCLE ( 'NONE', #1948, 0.1200000000000000927 ) ;
#8866 = EDGE_CURVE ( 'NONE', #2756, #2310, #7458, .T. ) ;
#8867 = VECTOR ( 'NONE', #4457, 1000.000000000000000 ) ;
#8868 = MANIFOLD_SOLID_BREP ( 'NONE', #877 ) ;
#8869 = ORIENTED_EDGE ( 'NONE', *, *, #3914, .F. ) ;
#8870 = FACE_OUTER_BOUND ( 'NONE', #4676, .T. ) ;
#8871 = FACE_OUTER_BOUND ( 'NONE', #3682, .T. ) ;
#8872 = EDGE_LOOP ( 'NONE', ( #9690, #3740, #2839, #8601 ) ) ;
#8873 = VECTOR ( 'NONE', #2746, 1000.000000000000000 ) ;
#8874 = CARTESIAN_POINT ( 'NONE',  ( 1.719999999999999973, 0.6664761515876239661, -0.6300000000000000044 ) ) ;
#8875 = ADVANCED_FACE ( 'NONE', ( #8942 ), #7504, .T. ) ;
#8876 = FACE_OUTER_BOUND ( 'NONE', #8696, .T. ) ;
#8877 = DIRECTION ( 'NONE',  ( 0.000000000000000000, 0.000000000000000000, -1.000000000000000000 ) ) ;
#8878 = EDGE_CURVE ( 'NONE', #3220, #991, #3124, .T. ) ;
#8879 = MECHANICAL_DESIGN_GEOMETRIC_PRESENTATION_REPRESENTATION (  '', ( #1652 ), #5701 ) ;
#8880 = VECTOR ( 'NONE', #4631, 1000.000000000000000 ) ;
#8881 = CARTESIAN_POINT ( 'NONE',  ( 1.250000000000000000, 0.000000000000000000, 1.250000000000000000 ) ) ;
#8882 = DIRECTION ( 'NONE',  ( -0.7071067811865505703, 0.000000000000000000, 0.7071067811865444641 ) ) ;
#8883 = ORIENTED_EDGE ( 'NONE', *, *, #3393, .T. ) ;
#8884 = VERTEX_POINT ( 'NONE', #9125 ) ;
#8885 = AXIS2_PLACEMENT_3D ( 'NONE', #3632, #2964, #5194 ) ;
#8886 = FACE_OUTER_BOUND ( 'NONE', #4175, .T. ) ;
#8887 = EDGE_CURVE ( 'NONE', #3687, #2947, #679, .T. ) ;
#8888 = ORIENTED_EDGE ( 'NONE', *, *, #1758, .T. ) ;
#8889 = DIRECTION ( 'NONE',  ( 1.000000000000000000, 0.000000000000000000, 0.000000000000000000 ) ) ;
#8890 = STYLED_ITEM ( 'NONE', ( #7984 ), #5181 ) ;
#8891 = CARTESIAN_POINT ( 'NONE',  ( -1.350000000000000089, 0.000000000000000000, 1.250000000000000000 ) ) ;
#8892 = AXIS2_PLACEMENT_3D ( 'NONE', #2175, #8169, #8504 ) ;
#8893 = DIRECTION ( 'NONE',  ( 0.000000000000000000, -1.000000000000000000, 0.000000000000000000 ) ) ;
#8894 = VECTOR ( 'NONE', #9314, 1000.000000000000000 ) ;
#8895 = DIRECTION ( 'NONE',  ( 0.7071067811865474617, 0.000000000000000000, -0.7071067811865474617 ) ) ;
#8896 = AXIS2_PLACEMENT_3D ( 'NONE', #556, #7188, #8762 ) ;
#8897 = ORIENTED_EDGE ( 'NONE', *, *, #7493, .T. ) ;
#8898 = ORIENTED_EDGE ( 'NONE', *, *, #2848, .F. ) ;
#8899 = ORIENTED_EDGE ( 'NONE', *, *, #487, .T. ) ;
#8900 = EDGE_CURVE ( 'NONE', #6118, #4263, #4442, .T. ) ;
#8901 = DIRECTION ( 'NONE',  ( 0.000000000000000000, -1.000000000000000000, 0.000000000000000000 ) ) ;
#8902 = ORIENTED_EDGE ( 'NONE', *, *, #8919, .T. ) ;
#8903 = DIRECTION ( 'NONE',  ( 1.000000000000000000, 0.000000000000000000, 0.000000000000000000 ) ) ;
#8904 = MANIFOLD_SOLID_BREP ( 'NONE', #1517 ) ;
#8905 = FACE_OUTER_BOUND ( 'NONE', #2473, .T. ) ;
#8906 = CARTESIAN_POINT ( 'NONE',  ( 0.3699999999999999956, 0.2000000000000000111, 2.000000000000000000 ) ) ;
#8907 = CARTESIAN_POINT ( 'NONE',  ( -0.3699999999999999956, 0.6664761515876239661, -1.719999999999999973 ) ) ;
#8908 = VERTEX_POINT ( 'NONE', #7093 ) ;
#8909 = CYLINDRICAL_SURFACE ( 'NONE', #1478, 0.1200000000000000927 ) ;
#8910 = EDGE_LOOP ( 'NONE', ( #7743, #1995, #6505, #5784 ) ) ;
#8911 = DIRECTION ( 'NONE',  ( 0.000000000000000000, 0.000000000000000000, -1.000000000000000000 ) ) ;
#8912 = ADVANCED_FACE ( 'NONE', ( #3992 ), #1520, .F. ) ;
#8913 = ORIENTED_EDGE ( 'NONE', *, *, #7544, .F. ) ;
#8914 = CLOSED_SHELL ( 'NONE', ( #987, #6716, #9248, #5480, #9447, #7122 ) ) ;
#8915 =( NAMED_UNIT ( * ) SI_UNIT ( $, .STERADIAN. ) SOLID_ANGLE_UNIT ( ) );
#8916 = DIRECTION ( 'NONE',  ( -0.7071067811865505703, 0.000000000000000000, 0.7071067811865444641 ) ) ;
#8917 = DIRECTION ( 'NONE',  ( 0.000000000000000000, 1.000000000000000000, 0.000000000000000000 ) ) ;
#8918 = DIRECTION ( 'NONE',  ( 0.000000000000000000, 0.000000000000000000, -1.000000000000000000 ) ) ;
#8919 = EDGE_CURVE ( 'NONE', #3512, #8163, #8480, .T. ) ;
#8920 = EDGE_LOOP ( 'NONE', ( #4383, #5386, #3921, #8553 ) ) ;
#8921 = DIRECTION ( 'NONE',  ( 0.000000000000000000, 1.000000000000000000, 0.000000000000000000 ) ) ;
#8922 = EDGE_CURVE ( 'NONE', #292, #6067, #2537, .T. ) ;
#8923 = CARTESIAN_POINT ( 'NONE',  ( -0.7500000000000000000, 0.6664761515876239661, -1.719999999999999973 ) ) ;
#8924 = FACE_OUTER_BOUND ( 'NONE', #3573, .T. ) ;
#8925 = CARTESIAN_POINT ( 'NONE',  ( -0.7500000000000000000, 0.000000000000000000, 1.600000000000000089 ) ) ;
#8926 = CARTESIAN_POINT ( 'NONE',  ( -2.000000000000000000, 0.000000000000000000, -0.6300000000000000044 ) ) ;
#8927 = FACE_OUTER_BOUND ( 'NONE', #2799, .T. ) ;
#8928 = EDGE_CURVE ( 'NONE', #1250, #6869, #9476, .T. ) ;
#8929 = ADVANCED_FACE ( 'NONE', ( #322 ), #3311, .F. ) ;
#8930 = CARTESIAN_POINT ( 'NONE',  ( -1.719999999999999973, 0.000000000000000000, -0.1299999999999999767 ) ) ;
#8931 = EDGE_CURVE ( 'NONE', #8201, #4102, #8589, .T. ) ;
#8932 = DIRECTION ( 'NONE',  ( 0.000000000000000000, 0.000000000000000000, 1.000000000000000000 ) ) ;
#8933 = EDGE_LOOP ( 'NONE', ( #16, #4923, #2602, #2213 ) ) ;
#8934 = ORIENTED_EDGE ( 'NONE', *, *, #8587, .F. ) ;
#8935 = CARTESIAN_POINT ( 'NONE',  ( 1.250000000000000000, 0.2000000000000000111, -1.719999999999999973 ) ) ;
#8936 = ORIENTED_EDGE ( 'NONE', *, *, #5661, .F. ) ;
#8937 = DIRECTION ( 'NONE',  ( 0.000000000000000000, 1.000000000000000000, 0.000000000000000000 ) ) ;
#8938 = CARTESIAN_POINT ( 'NONE',  ( 0.2500000000000000000, 0.2000000000000000111, 1.719999999999999973 ) ) ;
#8939 = CARTESIAN_POINT ( 'NONE',  ( 0.2500000000000000000, 0.05000000000000000278, 1.719999999999999973 ) ) ;
#8940 = CARTESIAN_POINT ( 'NONE',  ( 0.8699999999999999956, 0.2000000000000000111, -1.719999999999999973 ) ) ;
#8941 = EDGE_CURVE ( 'NONE', #1368, #4189, #8535, .T. ) ;
#8942 = FACE_OUTER_BOUND ( 'NONE', #6334, .T. ) ;
#8943 = ORIENTED_EDGE ( 'NONE', *, *, #884, .F. ) ;
#8944 = ORIENTED_EDGE ( 'NONE', *, *, #1884, .F. ) ;
#8945 = ORIENTED_EDGE ( 'NONE', *, *, #3627, .T. ) ;
#8946 = LINE ( 'NONE', #96, #1900 ) ;
#8947 = ORIENTED_EDGE ( 'NONE', *, *, #1950, .F. ) ;
#8948 = LINE ( 'NONE', #5785, #689 ) ;
#8949 = CARTESIAN_POINT ( 'NONE',  ( 0.6300000000000000044, 0.6664761515876239661, -1.719999999999999973 ) ) ;
#8950 = CARTESIAN_POINT ( 'NONE',  ( -2.000000000000000000, 0.2000000000000000111, 0.3699999999999999956 ) ) ;
#8951 = ADVANCED_FACE ( 'NONE', ( #7798 ), #3167, .F. ) ;
#8952 = CARTESIAN_POINT ( 'NONE',  ( 0.6300000000000000044, 0.2000000000000000111, 1.719999999999999973 ) ) ;
#8953 = ORIENTED_EDGE ( 'NONE', *, *, #5992, .F. ) ;
#8954 = DIRECTION ( 'NONE',  ( 0.000000000000000000, 0.000000000000000000, -1.000000000000000000 ) ) ;
#8955 = VERTEX_POINT ( 'NONE', #9266 ) ;
#8956 = LINE ( 'NONE', #2018, #489 ) ;
#8957 =( NAMED_UNIT ( * ) SI_UNIT ( $, .STERADIAN. ) SOLID_ANGLE_UNIT ( ) );
#8958 = ORIENTED_EDGE ( 'NONE', *, *, #5623, .T. ) ;
#8959 =( NAMED_UNIT ( * ) PLANE_ANGLE_UNIT ( ) SI_UNIT ( $, .RADIAN. ) );
#8960 = CARTESIAN_POINT ( 'NONE',  ( 0.2500000000000000000, 0.6664761515876239661, 1.600000000000000089 ) ) ;
#8961 = DIRECTION ( 'NONE',  ( 0.000000000000000000, 0.000000000000000000, -1.000000000000000000 ) ) ;
#8962 = LINE ( 'NONE', #1493, #1170 ) ;
#8963 = VECTOR ( 'NONE', #8921, 1000.000000000000000 ) ;
#8964 = ADVANCED_FACE ( 'NONE', ( #5577 ), #4632, .T. ) ;
#8965 = ORIENTED_EDGE ( 'NONE', *, *, #2813, .F. ) ;
#8966 = CYLINDRICAL_SURFACE ( 'NONE', #8791, 0.1200000000000000927 ) ;
#8967 = CYLINDRICAL_SURFACE ( 'NONE', #6984, 0.1200000000000000927 ) ;
#8968 = CARTESIAN_POINT ( 'NONE',  ( 2.000000000000000000, 0.6664761515876239661, -0.6300000000000000044 ) ) ;
#8969 = FACE_OUTER_BOUND ( 'NONE', #992, .T. ) ;
#8970 = CARTESIAN_POINT ( 'NONE',  ( -0.8699999999999999956, 0.2000000000000000111, 1.719999999999999973 ) ) ;
#8971 = CARTESIAN_POINT ( 'NONE',  ( 2.000000000000000000, 0.6664761515876239661, -0.8699999999999999956 ) ) ;
#8972 = VECTOR ( 'NONE', #7893, 1000.000000000000000 ) ;
#8973 = DIRECTION ( 'NONE',  ( 0.000000000000000000, 0.000000000000000000, 1.000000000000000000 ) ) ;
#8974 = DIRECTION ( 'NONE',  ( 0.000000000000000000, 1.000000000000000000, 0.000000000000000000 ) ) ;
#8975 = VERTEX_POINT ( 'NONE', #8388 ) ;
#8976 = PLANE ( 'NONE',  #9444 ) ;
#8977 = VERTEX_POINT ( 'NONE', #9321 ) ;
#8978 = CARTESIAN_POINT ( 'NONE',  ( -2.000000000000000000, 0.2000000000000000111, -1.129999999999999893 ) ) ;
#8979 = EDGE_CURVE ( 'NONE', #4162, #6462, #376, .T. ) ;
#8980 = VECTOR ( 'NONE', #6614, 1000.000000000000000 ) ;
#8981 = CARTESIAN_POINT ( 'NONE',  ( 0.2500000000000000000, 0.2000000000000000111, 1.719999999999999973 ) ) ;
#8982 = ADVANCED_FACE ( 'NONE', ( #6944 ), #1065, .T. ) ;
#8983 = PLANE ( 'NONE',  #5054 ) ;
#8984 = DIRECTION ( 'NONE',  ( 0.000000000000000000, -1.000000000000000000, 0.000000000000000000 ) ) ;
#8985 = AXIS2_PLACEMENT_3D ( 'NONE', #8035, #1251, #2725 ) ;
#8986 = EDGE_CURVE ( 'NONE', #2894, #6477, #9167, .T. ) ;
#8987 =( NAMED_UNIT ( * ) PLANE_ANGLE_UNIT ( ) SI_UNIT ( $, .RADIAN. ) );
#8988 = AXIS2_PLACEMENT_3D ( 'NONE', #6508, #5625, #2095 ) ;
#8989 = EDGE_LOOP ( 'NONE', ( #5172, #8815, #617, #5395 ) ) ;
#8990 = AXIS2_PLACEMENT_3D ( 'NONE', #3014, #3641, #9019 ) ;
#8991 = ORIENTED_EDGE ( 'NONE', *, *, #8310, .T. ) ;
#8992 = VERTEX_POINT ( 'NONE', #3892 ) ;
#8993 = CYLINDRICAL_SURFACE ( 'NONE', #5182, 0.1000000000000002554 ) ;
#8994 = ORIENTED_EDGE ( 'NONE', *, *, #175, .F. ) ;
#8995 = PLANE ( 'NONE',  #4115 ) ;
#8996 = ADVANCED_FACE ( 'NONE', ( #6896 ), #177, .T. ) ;
#8997 = CARTESIAN_POINT ( 'NONE',  ( -1.129999999999999893, 0.6664761515876239661, 2.000000000000000000 ) ) ;
#8998 = LINE ( 'NONE', #8209, #2116 ) ;
#8999 = VECTOR ( 'NONE', #3872, 1000.000000000000000 ) ;
#9000 = AXIS2_PLACEMENT_3D ( 'NONE', #2664, #8022, #4902 ) ;
#9001 = LINE ( 'NONE', #6073, #4130 ) ;
#9002 = ORIENTED_EDGE ( 'NONE', *, *, #3382, .F. ) ;
#9003 = CARTESIAN_POINT ( 'NONE',  ( -1.719999999999999973, 0.2000000000000000111, -0.6300000000000000044 ) ) ;
#9004 = VERTEX_POINT ( 'NONE', #1698 ) ;
#9005 = CARTESIAN_POINT ( 'NONE',  ( -1.606164317247235074, 0.2000000000000000111, -1.287966265713290204 ) ) ;
#9006 = CARTESIAN_POINT ( 'NONE',  ( -1.500000000000000000, 0.9000000000000000222, -1.500000000000000000 ) ) ;
#9007 = VERTEX_POINT ( 'NONE', #4673 ) ;
#9008 = AXIS2_PLACEMENT_3D ( 'NONE', #8009, #5177, #635 ) ;
#9009 = CARTESIAN_POINT ( 'NONE',  ( 1.369999999999999885, 0.000000000000000000, -2.000000000000000000 ) ) ;
#9010 = CARTESIAN_POINT ( 'NONE',  ( -2.000000000000000000, 0.6664761515876239661, -1.369999999999999885 ) ) ;
#9011 = CARTESIAN_POINT ( 'NONE',  ( 0.8699999999999999956, 0.2000000000000000111, 2.000000000000000000 ) ) ;
#9012 = VECTOR ( 'NONE', #2233, 1000.000000000000000 ) ;
#9013 = VERTEX_POINT ( 'NONE', #7686 ) ;
#9014 = CARTESIAN_POINT ( 'NONE',  ( 2.000000000000000000, 0.2000000000000000111, -1.369999999999999885 ) ) ;
#9015 = ORIENTED_EDGE ( 'NONE', *, *, #4094, .T. ) ;
#9016 = CARTESIAN_POINT ( 'NONE',  ( 2.000000000000000000, 0.05000000000000000278, -2.000000000000000000 ) ) ;
#9017 = VECTOR ( 'NONE', #6107, 1000.000000000000000 ) ;
#9018 = VECTOR ( 'NONE', #8728, 1000.000000000000000 ) ;
#9019 = DIRECTION ( 'NONE',  ( 0.000000000000000000, 0.000000000000000000, 1.000000000000000000 ) ) ;
#9020 = EDGE_CURVE ( 'NONE', #2947, #5356, #2266, .T. ) ;
#9021 = DIRECTION ( 'NONE',  ( 0.000000000000000000, -1.000000000000000000, 0.000000000000000000 ) ) ;
#9022 = ADVANCED_FACE ( 'NONE', ( #8727 ), #1939, .T. ) ;
#9023 = AXIS2_PLACEMENT_3D ( 'NONE', #2656, #5638, #6327 ) ;
#9024 = CARTESIAN_POINT ( 'NONE',  ( -0.6300000000000000044, 0.2000000000000000111, -1.719999999999999973 ) ) ;
#9025 = COLOUR_RGB ( '',0.7921568627450980005, 0.8196078431372548767, 0.9333333333333333481 ) ;
#9026 = VECTOR ( 'NONE', #8053, 1000.000000000000000 ) ;
#9027 = CARTESIAN_POINT ( 'NONE',  ( 1.129999999999999893, 0.05000000000000000278, 2.000000000000000000 ) ) ;
#9028 = CARTESIAN_POINT ( 'NONE',  ( -1.129999999999999893, 0.05000000000000000278, 0.000000000000000000 ) ) ;
#9029 = ORIENTED_EDGE ( 'NONE', *, *, #2155, .F. ) ;
#9030 = CARTESIAN_POINT ( 'NONE',  ( -0.7500000000000000000, 0.6664761515876239661, 1.600000000000000089 ) ) ;
#9031 = VERTEX_POINT ( 'NONE', #7303 ) ;
#9032 = AXIS2_PLACEMENT_3D ( 'NONE', #9383, #6367, #4051 ) ;
#9033 = FACE_OUTER_BOUND ( 'NONE', #7117, .T. ) ;
#9034 = PLANE ( 'NONE',  #5209 ) ;
#9035 = CARTESIAN_POINT ( 'NONE',  ( 1.682033734286709770, 0.000000000000000000, -1.363835682752762013 ) ) ;
#9036 = VECTOR ( 'NONE', #3308, 1000.000000000000000 ) ;
#9037 = EDGE_CURVE ( 'NONE', #2752, #6411, #8095, .T. ) ;
#9038 = EDGE_CURVE ( 'NONE', #1842, #7234, #6548, .T. ) ;
#9039 = AXIS2_PLACEMENT_3D ( 'NONE', #367, #3443, #4857 ) ;
#9040 = ORIENTED_EDGE ( 'NONE', *, *, #3901, .F. ) ;
#9041 = VERTEX_POINT ( 'NONE', #2785 ) ;
#9042 = VERTEX_POINT ( 'NONE', #8041 ) ;
#9043 = ADVANCED_FACE ( 'NONE', ( #3556 ), #7347, .F. ) ;
#9044 = FACE_OUTER_BOUND ( 'NONE', #1536, .T. ) ;
#9045 = ORIENTED_EDGE ( 'NONE', *, *, #5965, .F. ) ;
#9046 = LINE ( 'NONE', #8343, #2416 ) ;
#9047 = FACE_OUTER_BOUND ( 'NONE', #5643, .T. ) ;
#9048 = CARTESIAN_POINT ( 'NONE',  ( 0.3699999999999999956, 0.05000000000000000278, 1.719999999999999973 ) ) ;
#9049 =( GEOMETRIC_REPRESENTATION_CONTEXT ( 3 ) GLOBAL_UNCERTAINTY_ASSIGNED_CONTEXT ( ( #2466 ) ) GLOBAL_UNIT_ASSIGNED_CONTEXT ( ( #8656, #3255, #262 ) ) REPRESENTATION_CONTEXT ( 'NONE', 'WORKASPACE' ) );
#9050 = CLOSED_SHELL ( 'NONE', ( #6931, #3028, #3209, #6734, #618, #6451 ) ) ;
#9051 = PRESENTATION_STYLE_ASSIGNMENT (( #4462 ) ) ;
#9052 = EDGE_CURVE ( 'NONE', #6007, #9714, #4187, .T. ) ;
#9053 = ORIENTED_EDGE ( 'NONE', *, *, #3885, .T. ) ;
#9054 = DIRECTION ( 'NONE',  ( 0.000000000000000000, 1.000000000000000000, 0.000000000000000000 ) ) ;
#9055 = VERTEX_POINT ( 'NONE', #7244 ) ;
#9056 = DIRECTION ( 'NONE',  ( 0.000000000000000000, 1.000000000000000000, 0.000000000000000000 ) ) ;
#9057 = ORIENTED_EDGE ( 'NONE', *, *, #6287, .T. ) ;
#9058 = ADVANCED_FACE ( 'NONE', ( #6444 ), #5766, .F. ) ;
#9059 = DIRECTION ( 'NONE',  ( -1.000000000000000000, 0.000000000000000000, -7.744301232039309779E-16 ) ) ;
#9060 = ORIENTED_EDGE ( 'NONE', *, *, #6144, .T. ) ;
#9061 = DIRECTION ( 'NONE',  ( 0.000000000000000000, 0.000000000000000000, -1.000000000000000000 ) ) ;
#9062 = UNCERTAINTY_MEASURE_WITH_UNIT (LENGTH_MEASURE( 1.000000000000000082E-05 ), #3094, 'distance_accuracy_value', 'NONE');
#9063 = CARTESIAN_POINT ( 'NONE',  ( -1.719999999999999973, 0.2000000000000000111, -1.250000000000000000 ) ) ;
#9064 = DIRECTION ( 'NONE',  ( 0.000000000000000000, 0.000000000000000000, 1.000000000000000000 ) ) ;
#9065 = VECTOR ( 'NONE', #6142, 1000.000000000000000 ) ;
#9066 = DIRECTION ( 'NONE',  ( 0.000000000000000000, 0.000000000000000000, -1.000000000000000000 ) ) ;
#9067 = EDGE_CURVE ( 'NONE', #5227, #7759, #4337, .T. ) ;
#9068 = ORIENTED_EDGE ( 'NONE', *, *, #3216, .F. ) ;
#9069 = CARTESIAN_POINT ( 'NONE',  ( 0.3699999999999999956, 0.2000000000000000111, 2.000000000000000000 ) ) ;
#9070 = VERTEX_POINT ( 'NONE', #7890 ) ;
#9071 = CARTESIAN_POINT ( 'NONE',  ( -0.8699999999999999956, 0.05000000000000000278, -2.000000000000000000 ) ) ;
#9072 = CARTESIAN_POINT ( 'NONE',  ( -0.7500000000000000000, 0.000000000000000000, -1.719999999999999973 ) ) ;
#9073 = CARTESIAN_POINT ( 'NONE',  ( -2.000000000000000000, 0.2000000000000000111, -0.8699999999999999956 ) ) ;
#9074 = EDGE_CURVE ( 'NONE', #6204, #1624, #3595, .T. ) ;
#9075 = CARTESIAN_POINT ( 'NONE',  ( 2.000000000000000000, 0.6664761515876239661, -0.1299999999999999767 ) ) ;
#9076 = ORIENTED_EDGE ( 'NONE', *, *, #1598, .T. ) ;
#9077 = FACE_OUTER_BOUND ( 'NONE', #8842, .T. ) ;
#9078 = ORIENTED_EDGE ( 'NONE', *, *, #8523, .F. ) ;
#9079 = LINE ( 'NONE', #4532, #6279 ) ;
#9080 = LINE ( 'NONE', #2983, #9473 ) ;
#9081 = DIRECTION ( 'NONE',  ( 0.000000000000000000, -1.000000000000000000, 0.000000000000000000 ) ) ;
#9082 = ADVANCED_FACE ( 'NONE', ( #6595 ), #6502, .F. ) ;
#9083 =( NAMED_UNIT ( * ) PLANE_ANGLE_UNIT ( ) SI_UNIT ( $, .RADIAN. ) );
#9084 = ORIENTED_EDGE ( 'NONE', *, *, #6020, .T. ) ;
#9085 = ORIENTED_EDGE ( 'NONE', *, *, #7017, .F. ) ;
#9086 = VERTEX_POINT ( 'NONE', #9515 ) ;
#9087 = DIRECTION ( 'NONE',  ( 0.000000000000000000, -1.000000000000000000, 0.000000000000000000 ) ) ;
#9088 = ORIENTED_EDGE ( 'NONE', *, *, #656, .T. ) ;
#9089 = CARTESIAN_POINT ( 'NONE',  ( 1.250000000000000000, 0.000000000000000000, 0.09999999999999986677 ) ) ;
#9090 = DIRECTION ( 'NONE',  ( 0.000000000000000000, -1.000000000000000000, 0.000000000000000000 ) ) ;
#9091 = LINE ( 'NONE', #3863, #5232 ) ;
#9092 = FILL_AREA_STYLE ('',( #3818 ) ) ;
#9093 = ORIENTED_EDGE ( 'NONE', *, *, #4242, .F. ) ;
#9094 = FACE_OUTER_BOUND ( 'NONE', #9570, .T. ) ;
#9095 = VERTEX_POINT ( 'NONE', #5718 ) ;
#9096 = EDGE_LOOP ( 'NONE', ( #4397, #6090, #7, #8888 ) ) ;
#9097 = VERTEX_POINT ( 'NONE', #5619 ) ;
#9098 = DIRECTION ( 'NONE',  ( -0.000000000000000000, 1.000000000000000000, 0.000000000000000000 ) ) ;
#9099 = DIRECTION ( 'NONE',  ( 0.000000000000000000, 0.000000000000000000, -1.000000000000000000 ) ) ;
#9100 = DIRECTION ( 'NONE',  ( -7.744301232039309779E-16, 0.000000000000000000, -1.000000000000000000 ) ) ;
#9101 = DIRECTION ( 'NONE',  ( 0.000000000000000000, -1.000000000000000000, 0.000000000000000000 ) ) ;
#9102 = ADVANCED_FACE ( 'NONE', ( #4922 ), #8773, .T. ) ;
#9103 = EDGE_CURVE ( 'NONE', #976, #3293, #7139, .T. ) ;
#9104 = ORIENTED_EDGE ( 'NONE', *, *, #64, .T. ) ;
#9105 = PRESENTATION_STYLE_ASSIGNMENT (( #7111 ) ) ;
#9106 = ORIENTED_EDGE ( 'NONE', *, *, #6354, .F. ) ;
#9107 = CARTESIAN_POINT ( 'NONE',  ( 1.369999999999999885, 0.000000000000000000, 2.000000000000000000 ) ) ;
#9108 = CARTESIAN_POINT ( 'NONE',  ( -1.719999999999999973, 0.000000000000000000, -0.7500000000000000000 ) ) ;
#9109 = ORIENTED_EDGE ( 'NONE', *, *, #7030, .T. ) ;
#9110 = LINE ( 'NONE', #7725, #1980 ) ;
#9111 = CARTESIAN_POINT ( 'NONE',  ( -1.287966265713290204, 0.05000000000000000278, 1.606164317247239959 ) ) ;
#9112 = VECTOR ( 'NONE', #1352, 1000.000000000000000 ) ;
#9113 = ADVANCED_FACE ( 'NONE', ( #2036 ), #4289, .T. ) ;
#9114 = EDGE_CURVE ( 'NONE', #3940, #5142, #1255, .T. ) ;
#9115 = DIRECTION ( 'NONE',  ( -1.000000000000000000, 0.000000000000000000, -3.336006684570783101E-16 ) ) ;
#9116 = CARTESIAN_POINT ( 'NONE',  ( 0.7500000000000000000, 0.05000000000000000278, 1.719999999999999973 ) ) ;
#9117 = ORIENTED_EDGE ( 'NONE', *, *, #6318, .F. ) ;
#9118 = VECTOR ( 'NONE', #580, 1000.000000000000000 ) ;
#9119 = PLANE ( 'NONE',  #2386 ) ;
#9120 = ORIENTED_EDGE ( 'NONE', *, *, #1702, .F. ) ;
#9121 = ADVANCED_FACE ( 'NONE', ( #3411 ), #6399, .T. ) ;
#9122 = DIRECTION ( 'NONE',  ( -0.000000000000000000, 1.000000000000000000, 0.000000000000000000 ) ) ;
#9123 = DIRECTION ( 'NONE',  ( 0.000000000000000000, 0.000000000000000000, 1.000000000000000000 ) ) ;
#9124 = CIRCLE ( 'NONE', #176, 0.1200000000000000927 ) ;
#9125 = CARTESIAN_POINT ( 'NONE',  ( 0.3699999999999999956, 0.2000000000000000111, -1.719999999999999973 ) ) ;
#9126 = VERTEX_POINT ( 'NONE', #4485 ) ;
#9127 = VERTEX_POINT ( 'NONE', #764 ) ;
#9128 = AXIS2_PLACEMENT_3D ( 'NONE', #8500, #8644, #5439 ) ;
#9129 = VERTEX_POINT ( 'NONE', #2143 ) ;
#9130 = CARTESIAN_POINT ( 'NONE',  ( -1.250000000000000000, 0.05000000000000000278, 1.350000000000000089 ) ) ;
#9131 = VERTEX_POINT ( 'NONE', #7389 ) ;
#9132 = VECTOR ( 'NONE', #4860, 1000.000000000000000 ) ;
#9133 = DIRECTION ( 'NONE',  ( 0.000000000000000000, -1.000000000000000000, 0.000000000000000000 ) ) ;
#9134 = ADVANCED_FACE ( 'NONE', ( #2933 ), #4379, .T. ) ;
#9135 = LINE ( 'NONE', #5374, #3795 ) ;
#9136 = DIRECTION ( 'NONE',  ( 0.000000000000000000, 0.000000000000000000, -1.000000000000000000 ) ) ;
#9137 = CIRCLE ( 'NONE', #7403, 0.1200000000000000927 ) ;
#9138 = AXIS2_PLACEMENT_3D ( 'NONE', #1502, #5117, #2081 ) ;
#9139 = DIRECTION ( 'NONE',  ( 0.000000000000000000, -1.000000000000000000, 0.000000000000000000 ) ) ;
#9140 = EDGE_LOOP ( 'NONE', ( #6901, #1015, #8498, #3384 ) ) ;
#9141 = DIRECTION ( 'NONE',  ( 0.000000000000000000, 0.000000000000000000, -1.000000000000000000 ) ) ;
#9142 = ORIENTED_EDGE ( 'NONE', *, *, #4893, .T. ) ;
#9143 = VERTEX_POINT ( 'NONE', #5868 ) ;
#9144 = FACE_OUTER_BOUND ( 'NONE', #3199, .T. ) ;
#9145 = ORIENTED_EDGE ( 'NONE', *, *, #6819, .F. ) ;
#9146 = CIRCLE ( 'NONE', #3789, 0.1000000000000000472 ) ;
#9147 = SURFACE_STYLE_USAGE ( .BOTH. , #2511 ) ;
#9148 = UNCERTAINTY_MEASURE_WITH_UNIT (LENGTH_MEASURE( 1.000000000000000082E-05 ), #3869, 'distance_accuracy_value', 'NONE');
#9149 = FACE_OUTER_BOUND ( 'NONE', #6907, .T. ) ;
#9150 = CARTESIAN_POINT ( 'NONE',  ( -1.129999999999999893, 0.2000000000000000111, 2.000000000000000000 ) ) ;
#9151 = LINE ( 'NONE', #5292, #2734 ) ;
#9152 = VECTOR ( 'NONE', #5330, 1000.000000000000000 ) ;
#9153 = VECTOR ( 'NONE', #7511, 1000.000000000000000 ) ;
#9154 = AXIS2_PLACEMENT_3D ( 'NONE', #1768, #9098, #1626 ) ;
#9155 = VERTEX_POINT ( 'NONE', #2186 ) ;
#9156 = ADVANCED_FACE ( 'NONE', ( #5913 ), #5208, .T. ) ;
#9157 = ADVANCED_FACE ( 'NONE', ( #3648 ), #5160, .T. ) ;
#9158 = FACE_OUTER_BOUND ( 'NONE', #2528, .T. ) ;
#9159 = DIRECTION ( 'NONE',  ( 0.000000000000000000, -1.000000000000000000, 0.000000000000000000 ) ) ;
#9160 = EDGE_LOOP ( 'NONE', ( #6480, #6898, #2990, #6598 ) ) ;
#9161 = DIRECTION ( 'NONE',  ( 0.000000000000000000, -1.000000000000000000, 0.000000000000000000 ) ) ;
#9162 = PLANE ( 'NONE',  #6208 ) ;
#9163 = EDGE_CURVE ( 'NONE', #6475, #6729, #6653, .T. ) ;
#9164 = CARTESIAN_POINT ( 'NONE',  ( 0.1299999999999999767, 0.2000000000000000111, -2.000000000000000000 ) ) ;
#9165 = VECTOR ( 'NONE', #4981, 1000.000000000000000 ) ;
#9166 = VECTOR ( 'NONE', #6113, 1000.000000000000000 ) ;
#9167 = CIRCLE ( 'NONE', #6642, 0.1200000000000000927 ) ;
#9168 = LINE ( 'NONE', #1733, #9178 ) ;
#9169 = AXIS2_PLACEMENT_3D ( 'NONE', #2555, #3184, #5478 ) ;
#9170 = EDGE_CURVE ( 'NONE', #2350, #9095, #6745, .T. ) ;
#9171 = DIRECTION ( 'NONE',  ( -1.000000000000000000, 0.000000000000000000, 0.000000000000000000 ) ) ;
#9172 = VERTEX_POINT ( 'NONE', #8930 ) ;
#9173 = VECTOR ( 'NONE', #6539, 1000.000000000000000 ) ;
#9174 = CARTESIAN_POINT ( 'NONE',  ( -1.129999999999999893, 0.6664761515876239661, -1.719999999999999973 ) ) ;
#9175 = LINE ( 'NONE', #4035, #6518 ) ;
#9176 = ADVANCED_FACE ( 'NONE', ( #2294 ), #7588, .F. ) ;
#9177 = CARTESIAN_POINT ( 'NONE',  ( -0.1299999999999999767, 0.6664761515876239661, 1.719999999999999973 ) ) ;
#9178 = VECTOR ( 'NONE', #8374, 1000.000000000000000 ) ;
#9179 = LINE ( 'NONE', #8384, #7614 ) ;
#9180 = CIRCLE ( 'NONE', #3517, 0.1200000000000000927 ) ;
#9181 = CARTESIAN_POINT ( 'NONE',  ( -2.000000000000000000, 0.000000000000000000, -0.8699999999999999956 ) ) ;
#9182 = EDGE_CURVE ( 'NONE', #2753, #6829, #7494, .T. ) ;
#9183 = EDGE_LOOP ( 'NONE', ( #9425, #7349, #4837, #3096 ) ) ;
#9184 = MECHANICAL_DESIGN_GEOMETRIC_PRESENTATION_REPRESENTATION (  '', ( #4912 ), #3524 ) ;
#9185 = VERTEX_POINT ( 'NONE', #5954 ) ;
#9186 = ORIENTED_EDGE ( 'NONE', *, *, #754, .F. ) ;
#9187 = PRESENTATION_LAYER_ASSIGNMENT (  '', '', ( #3678 ) ) ;
#9188 = DIRECTION ( 'NONE',  ( 1.000000000000000000, 0.000000000000000000, 0.000000000000000000 ) ) ;
#9189 = ORIENTED_EDGE ( 'NONE', *, *, #3216, .T. ) ;
#9190 = AXIS2_PLACEMENT_3D ( 'NONE', #731, #4346, #8835 ) ;
#9191 = DIRECTION ( 'NONE',  ( -0.000000000000000000, 1.000000000000000000, 0.000000000000000000 ) ) ;
#9192 = CARTESIAN_POINT ( 'NONE',  ( 1.369999999999999885, 0.000000000000000000, -1.719999999999999973 ) ) ;
#9193 = CARTESIAN_POINT ( 'NONE',  ( -1.369999999999999885, 0.2000000000000000111, 1.719999999999999973 ) ) ;
#9194 = VECTOR ( 'NONE', #5417, 1000.000000000000000 ) ;
#9195 = EDGE_CURVE ( 'NONE', #7362, #3621, #807, .T. ) ;
#9196 = EDGE_LOOP ( 'NONE', ( #1972, #9606, #3024, #1919 ) ) ;
#9197 = DIRECTION ( 'NONE',  ( 1.084202172485503818E-16, 0.000000000000000000, 1.000000000000000000 ) ) ;
#9198 = ORIENTED_EDGE ( 'NONE', *, *, #6515, .F. ) ;
#9199 = EDGE_LOOP ( 'NONE', ( #5015, #2322, #5032, #3895 ) ) ;
#9200 =( LENGTH_UNIT ( ) NAMED_UNIT ( * ) SI_UNIT ( .MILLI., .METRE. ) );
#9201 = ORIENTED_EDGE ( 'NONE', *, *, #166, .T. ) ;
#9202 = DIRECTION ( 'NONE',  ( 1.000000000000000000, 0.000000000000000000, 0.000000000000000000 ) ) ;
#9203 = FACE_OUTER_BOUND ( 'NONE', #9411, .T. ) ;
#9204 = DIRECTION ( 'NONE',  ( 1.000000000000000000, 0.000000000000000000, -7.744301232039309779E-16 ) ) ;
#9205 = VECTOR ( 'NONE', #5613, 1000.000000000000000 ) ;
#9206 = LINE ( 'NONE', #7710, #3363 ) ;
#9207 = EDGE_CURVE ( 'NONE', #723, #8122, #2891, .T. ) ;
#9208 = VERTEX_POINT ( 'NONE', #4432 ) ;
#9209 = CARTESIAN_POINT ( 'NONE',  ( -1.129999999999999893, 0.000000000000000000, 2.000000000000000000 ) ) ;
#9210 = VECTOR ( 'NONE', #4565, 1000.000000000000000 ) ;
#9211 = CARTESIAN_POINT ( 'NONE',  ( 1.719999999999999973, 0.6664761515876239661, -0.3699999999999999956 ) ) ;
#9212 = ORIENTED_EDGE ( 'NONE', *, *, #2790, .T. ) ;
#9213 = CYLINDRICAL_SURFACE ( 'NONE', #6138, 0.1000000000000000472 ) ;
#9214 = DIRECTION ( 'NONE',  ( 0.000000000000000000, 1.000000000000000000, 0.000000000000000000 ) ) ;
#9215 = CARTESIAN_POINT ( 'NONE',  ( -1.350000000000000089, 0.05000000000000000278, -1.050000000000000044 ) ) ;
#9216 = CARTESIAN_POINT ( 'NONE',  ( -1.719999999999999973, 0.000000000000000000, 1.369999999999999885 ) ) ;
#9217 = ADVANCED_FACE ( 'NONE', ( #1402 ), #3706, .T. ) ;
#9218 = DIRECTION ( 'NONE',  ( 0.000000000000000000, -1.000000000000000000, 0.000000000000000000 ) ) ;
#9219 = VERTEX_POINT ( 'NONE', #9027 ) ;
#9220 = DIRECTION ( 'NONE',  ( -1.000000000000000000, 0.000000000000000000, 0.000000000000000000 ) ) ;
#9221 = EDGE_LOOP ( 'NONE', ( #2857, #1032, #6179, #7822 ) ) ;
#9222 = VECTOR ( 'NONE', #6893, 1000.000000000000000 ) ;
#9223 = CARTESIAN_POINT ( 'NONE',  ( -2.000000000000000000, 0.2000000000000000111, -0.6300000000000000044 ) ) ;
#9224 = FACE_OUTER_BOUND ( 'NONE', #5538, .T. ) ;
#9225 = EDGE_CURVE ( 'NONE', #7576, #5228, #1551, .T. ) ;
#9226 = EDGE_CURVE ( 'NONE', #7352, #3758, #1451, .T. ) ;
#9227 = DIRECTION ( 'NONE',  ( 0.7071067811865505703, 0.000000000000000000, -0.7071067811865444641 ) ) ;
#9228 = ORIENTED_EDGE ( 'NONE', *, *, #1303, .F. ) ;
#9229 = ORIENTED_EDGE ( 'NONE', *, *, #4359, .T. ) ;
#9230 = LINE ( 'NONE', #6771, #4557 ) ;
#9231 = ORIENTED_EDGE ( 'NONE', *, *, #3083, .T. ) ;
#9232 = LINE ( 'NONE', #4727, #6757 ) ;
#9233 = ORIENTED_EDGE ( 'NONE', *, *, #7483, .T. ) ;
#9234 = CARTESIAN_POINT ( 'NONE',  ( -1.719999999999999973, 0.2000000000000000111, 1.250000000000000000 ) ) ;
#9235 = CARTESIAN_POINT ( 'NONE',  ( 2.000000000000000000, 0.6664761515876239661, 1.129999999999999893 ) ) ;
#9236 = LINE ( 'NONE', #2502, #6813 ) ;
#9237 = EDGE_CURVE ( 'NONE', #9219, #4701, #3747, .T. ) ;
#9238 = ORIENTED_EDGE ( 'NONE', *, *, #4568, .F. ) ;
#9239 = CARTESIAN_POINT ( 'NONE',  ( 1.369999999999999885, 0.000000000000000000, 1.719999999999999973 ) ) ;
#9240 = VERTEX_POINT ( 'NONE', #721 ) ;
#9241 = VERTEX_POINT ( 'NONE', #2238 ) ;
#9242 = DIRECTION ( 'NONE',  ( 0.000000000000000000, -1.000000000000000000, 0.000000000000000000 ) ) ;
#9243 = EDGE_LOOP ( 'NONE', ( #4897, #7971, #8501, #3527 ) ) ;
#9244 = CARTESIAN_POINT ( 'NONE',  ( 0.7500000000000000000, 0.000000000000000000, -1.719999999999999973 ) ) ;
#9245 = CARTESIAN_POINT ( 'NONE',  ( 1.719999999999999973, 0.6664761515876239661, 1.129999999999999893 ) ) ;
#9246 = LINE ( 'NONE', #3873, #9278 ) ;
#9247 = PLANE ( 'NONE',  #6805 ) ;
#9248 = ADVANCED_FACE ( 'NONE', ( #1592 ), #2875, .T. ) ;
#9249 = CARTESIAN_POINT ( 'NONE',  ( -1.287966265713290204, 0.2000000000000000111, -1.606164317247235074 ) ) ;
#9250 = ORIENTED_EDGE ( 'NONE', *, *, #2617, .T. ) ;
#9251 = ORIENTED_EDGE ( 'NONE', *, *, #9353, .T. ) ;
#9252 = DIRECTION ( 'NONE',  ( -1.000000000000000000, 0.000000000000000000, 0.000000000000000000 ) ) ;
#9253 = LINE ( 'NONE', #7184, #7001 ) ;
#9254 = VERTEX_POINT ( 'NONE', #3215 ) ;
#9255 = CARTESIAN_POINT ( 'NONE',  ( 1.719999999999999973, 0.6664761515876239661, 0.3699999999999999956 ) ) ;
#9256 = CARTESIAN_POINT ( 'NONE',  ( -1.719999999999999973, 0.05000000000000000278, 1.129999999999999893 ) ) ;
#9257 = CARTESIAN_POINT ( 'NONE',  ( -0.2500000000000000000, 0.000000000000000000, -1.719999999999999973 ) ) ;
#9258 = DIRECTION ( 'NONE',  ( -0.000000000000000000, 1.000000000000000000, 0.000000000000000000 ) ) ;
#9259 = DIRECTION ( 'NONE',  ( 0.000000000000000000, 0.000000000000000000, -1.000000000000000000 ) ) ;
#9260 = ORIENTED_EDGE ( 'NONE', *, *, #2889, .T. ) ;
#9261 = STYLED_ITEM ( 'NONE', ( #9105 ), #6975 ) ;
#9262 = DIRECTION ( 'NONE',  ( 0.000000000000000000, 0.000000000000000000, 1.000000000000000000 ) ) ;
#9263 = CARTESIAN_POINT ( 'NONE',  ( -2.000000000000000000, 0.6664761515876239661, -0.8699999999999999956 ) ) ;
#9264 = CARTESIAN_POINT ( 'NONE',  ( 1.350000000000000089, 0.05000000000000000278, 0.6000000000000000888 ) ) ;
#9265 = CARTESIAN_POINT ( 'NONE',  ( -1.250000000000000000, 0.2000000000000000111, 1.719999999999999973 ) ) ;
#9266 = CARTESIAN_POINT ( 'NONE',  ( 1.363835682752764011, 0.2000000000000000111, 1.682033734286709770 ) ) ;
#9267 = ORIENTED_EDGE ( 'NONE', *, *, #6287, .F. ) ;
#9268 = EDGE_CURVE ( 'NONE', #1107, #2962, #5567, .T. ) ;
#9269 = ORIENTED_EDGE ( 'NONE', *, *, #2165, .T. ) ;
#9270 = EDGE_CURVE ( 'NONE', #8003, #161, #167, .T. ) ;
#9271 = DIRECTION ( 'NONE',  ( 0.000000000000000000, -1.000000000000000000, 0.000000000000000000 ) ) ;
#9272 = VERTEX_POINT ( 'NONE', #3261 ) ;
#9273 = DIRECTION ( 'NONE',  ( 1.000000000000000000, 0.000000000000000000, 0.000000000000000000 ) ) ;
#9274 = ORIENTED_EDGE ( 'NONE', *, *, #8732, .F. ) ;
#9275 = FACE_OUTER_BOUND ( 'NONE', #7703, .T. ) ;
#9276 = CARTESIAN_POINT ( 'NONE',  ( -0.8699999999999999956, 0.2000000000000000111, 2.000000000000000000 ) ) ;
#9277 = CARTESIAN_POINT ( 'NONE',  ( -1.719999999999999973, 0.2000000000000000111, -0.6300000000000000044 ) ) ;
#9278 = VECTOR ( 'NONE', #4744, 1000.000000000000000 ) ;
#9279 = CARTESIAN_POINT ( 'NONE',  ( -0.1299999999999999767, 0.000000000000000000, -2.000000000000000000 ) ) ;
#9280 = AXIS2_PLACEMENT_3D ( 'NONE', #2558, #2463, #397 ) ;
#9281 = DIRECTION ( 'NONE',  ( 1.000000000000000000, 0.000000000000000000, 0.000000000000000000 ) ) ;
#9282 = ORIENTED_EDGE ( 'NONE', *, *, #691, .F. ) ;
#9283 = VECTOR ( 'NONE', #1069, 1000.000000000000000 ) ;
#9284 = DIRECTION ( 'NONE',  ( 0.000000000000000000, 0.000000000000000000, 1.000000000000000000 ) ) ;
#9285 = ORIENTED_EDGE ( 'NONE', *, *, #7176, .T. ) ;
#9286 = EDGE_CURVE ( 'NONE', #2459, #711, #1636, .T. ) ;
#9287 = ORIENTED_EDGE ( 'NONE', *, *, #9578, .F. ) ;
#9288 = EDGE_LOOP ( 'NONE', ( #9422, #7896, #5555, #8899 ) ) ;
#9289 = DIRECTION ( 'NONE',  ( 0.000000000000000000, 0.000000000000000000, 1.000000000000000000 ) ) ;
#9290 = LINE ( 'NONE', #2563, #6773 ) ;
#9291 = EDGE_CURVE ( 'NONE', #7290, #343, #6993, .T. ) ;
#9292 = FACE_OUTER_BOUND ( 'NONE', #7562, .T. ) ;
#9293 = DIRECTION ( 'NONE',  ( -7.744301232039309779E-16, 0.000000000000000000, 1.000000000000000000 ) ) ;
#9294 = VECTOR ( 'NONE', #1261, 1000.000000000000000 ) ;
#9295 = AXIS2_PLACEMENT_3D ( 'NONE', #2343, #9609, #7537 ) ;
#9296 = DIRECTION ( 'NONE',  ( 0.000000000000000000, 0.000000000000000000, -1.000000000000000000 ) ) ;
#9297 = VERTEX_POINT ( 'NONE', #4815 ) ;
#9298 = AXIS2_PLACEMENT_3D ( 'NONE', #5106, #5756, #7428 ) ;
#9299 = ORIENTED_EDGE ( 'NONE', *, *, #7304, .F. ) ;
#9300 = EDGE_CURVE ( 'NONE', #5227, #3424, #9168, .T. ) ;
#9301 = DIRECTION ( 'NONE',  ( 0.000000000000000000, 0.000000000000000000, 1.000000000000000000 ) ) ;
#9302 = ORIENTED_EDGE ( 'NONE', *, *, #7046, .T. ) ;
#9303 = AXIS2_PLACEMENT_3D ( 'NONE', #3785, #7488, #73 ) ;
#9304 = LINE ( 'NONE', #8712, #3170 ) ;
#9305 = LINE ( 'NONE', #2576, #5675 ) ;
#9306 = DIRECTION ( 'NONE',  ( 1.000000000000000000, 0.000000000000000000, 0.000000000000000000 ) ) ;
#9307 = DIRECTION ( 'NONE',  ( 0.7071067811865455743, 0.000000000000000000, 0.7071067811865495711 ) ) ;
#9308 = VECTOR ( 'NONE', #1315, 1000.000000000000000 ) ;
#9309 = CARTESIAN_POINT ( 'NONE',  ( -1.369999999999999885, 0.2000000000000000111, 2.000000000000000000 ) ) ;
#9310 = DIRECTION ( 'NONE',  ( 0.000000000000000000, 0.000000000000000000, -1.000000000000000000 ) ) ;
#9311 = EDGE_LOOP ( 'NONE', ( #446, #8341, #9045, #6625, #5275, #341, #3759, #1247 ) ) ;
#9312 = VECTOR ( 'NONE', #3555, 1000.000000000000000 ) ;
#9313 = LINE ( 'NONE', #9174, #4092 ) ;
#9314 = DIRECTION ( 'NONE',  ( 0.000000000000000000, -1.000000000000000000, 0.000000000000000000 ) ) ;
#9315 = AXIS2_PLACEMENT_3D ( 'NONE', #6364, #3378, #7160 ) ;
#9316 = CARTESIAN_POINT ( 'NONE',  ( -1.719999999999999973, 0.6664761515876239661, 0.8699999999999999956 ) ) ;
#9317 = CYLINDRICAL_SURFACE ( 'NONE', #2751, 0.1200000000000000927 ) ;
#9318 = AXIS2_PLACEMENT_3D ( 'NONE', #1304, #423, #2735 ) ;
#9319 = AXIS2_PLACEMENT_3D ( 'NONE', #8091, #2679, #2872 ) ;
#9320 = VECTOR ( 'NONE', #5949, 1000.000000000000000 ) ;
#9321 = CARTESIAN_POINT ( 'NONE',  ( 1.719999999999999973, 0.05000000000000000278, -0.1299999999999999767 ) ) ;
#9322 = VERTEX_POINT ( 'NONE', #4621 ) ;
#9323 = ORIENTED_EDGE ( 'NONE', *, *, #7257, .T. ) ;
#9324 = CYLINDRICAL_SURFACE ( 'NONE', #6437, 0.1199999999999999956 ) ;
#9325 = ORIENTED_EDGE ( 'NONE', *, *, #9270, .T. ) ;
#9326 = DIRECTION ( 'NONE',  ( -7.744301232039309779E-16, 0.000000000000000000, 1.000000000000000000 ) ) ;
#9327 = ORIENTED_EDGE ( 'NONE', *, *, #334, .T. ) ;
#9328 = VECTOR ( 'NONE', #7291, 1000.000000000000000 ) ;
#9329 = AXIS2_PLACEMENT_3D ( 'NONE', #6120, #8, #4409 ) ;
#9330 = DIRECTION ( 'NONE',  ( 0.000000000000000000, 0.000000000000000000, -1.000000000000000000 ) ) ;
#9331 = CARTESIAN_POINT ( 'NONE',  ( 0.8699999999999999956, 0.000000000000000000, 2.000000000000000000 ) ) ;
#9332 = DIRECTION ( 'NONE',  ( 1.000000000000000000, 0.000000000000000000, 0.000000000000000000 ) ) ;
#9333 = VECTOR ( 'NONE', #5195, 1000.000000000000000 ) ;
#9334 = EDGE_CURVE ( 'NONE', #8515, #6026, #3116, .T. ) ;
#9335 = ADVANCED_FACE ( 'NONE', ( #4769 ), #2387, .T. ) ;
#9336 = CARTESIAN_POINT ( 'NONE',  ( 1.719999999999999973, 0.6664761515876239661, 0.2500000000000000000 ) ) ;
#9337 = CIRCLE ( 'NONE', #6959, 0.1199999999999999956 ) ;
#9338 = EDGE_CURVE ( 'NONE', #6709, #8401, #2582, .T. ) ;
#9339 = AXIS2_PLACEMENT_3D ( 'NONE', #101, #8345, #8398 ) ;
#9340 = ORIENTED_EDGE ( 'NONE', *, *, #1222, .F. ) ;
#9341 = ORIENTED_EDGE ( 'NONE', *, *, #4924, .F. ) ;
#9342 = EDGE_LOOP ( 'NONE', ( #7360, #8537, #9060, #3514 ) ) ;
#9343 = EDGE_LOOP ( 'NONE', ( #3710, #7883, #2306, #736 ) ) ;
#9344 = CARTESIAN_POINT ( 'NONE',  ( -0.8699999999999999956, 0.2000000000000000111, 2.000000000000000000 ) ) ;
#9345 = UNCERTAINTY_MEASURE_WITH_UNIT (LENGTH_MEASURE( 1.000000000000000082E-05 ), #2001, 'distance_accuracy_value', 'NONE');
#9346 = DIRECTION ( 'NONE',  ( 0.000000000000000000, -1.000000000000000000, 0.000000000000000000 ) ) ;
#9347 = FACE_OUTER_BOUND ( 'NONE', #5060, .T. ) ;
#9348 = DIRECTION ( 'NONE',  ( 0.000000000000000000, 0.000000000000000000, -1.000000000000000000 ) ) ;
#9349 =( GEOMETRIC_REPRESENTATION_CONTEXT ( 3 ) GLOBAL_UNCERTAINTY_ASSIGNED_CONTEXT ( ( #197 ) ) GLOBAL_UNIT_ASSIGNED_CONTEXT ( ( #6180, #7910, #250 ) ) REPRESENTATION_CONTEXT ( 'NONE', 'WORKASPACE' ) );
#9350 = VECTOR ( 'NONE', #3123, 1000.000000000000000 ) ;
#9351 = ADVANCED_FACE ( 'NONE', ( #7730 ), #218, .F. ) ;
#9352 = CYLINDRICAL_SURFACE ( 'NONE', #2743, 0.1200000000000000927 ) ;
#9353 = EDGE_CURVE ( 'NONE', #8004, #2815, #1841, .T. ) ;
#9354 = ORIENTED_EDGE ( 'NONE', *, *, #3084, .F. ) ;
#9355 = ORIENTED_EDGE ( 'NONE', *, *, #7116, .F. ) ;
#9356 = CARTESIAN_POINT ( 'NONE',  ( 2.000000000000000000, 0.6664761515876239661, 0.1299999999999999767 ) ) ;
#9357 = PLANE ( 'NONE',  #1519 ) ;
#9358 = EDGE_LOOP ( 'NONE', ( #6946, #1133, #324, #7211 ) ) ;
#9359 = VECTOR ( 'NONE', #6746, 1000.000000000000000 ) ;
#9360 = CARTESIAN_POINT ( 'NONE',  ( -0.8699999999999999956, 0.2000000000000000111, -2.000000000000000000 ) ) ;
#9361 = LINE ( 'NONE', #7875, #4087 ) ;
#9362 = CYLINDRICAL_SURFACE ( 'NONE', #6267, 0.1199999999999999956 ) ;
#9363 = LINE ( 'NONE', #2025, #2890 ) ;
#9364 = EDGE_CURVE ( 'NONE', #8605, #1703, #7637, .T. ) ;
#9365 = AXIS2_PLACEMENT_3D ( 'NONE', #509, #5946, #7382 ) ;
#9366 = DIRECTION ( 'NONE',  ( -7.744301232039309779E-16, 0.000000000000000000, -1.000000000000000000 ) ) ;
#9367 = DIRECTION ( 'NONE',  ( 0.000000000000000000, 0.000000000000000000, 1.000000000000000000 ) ) ;
#9368 = ORIENTED_EDGE ( 'NONE', *, *, #5909, .T. ) ;
#9369 = FACE_OUTER_BOUND ( 'NONE', #4958, .T. ) ;
#9370 = ORIENTED_EDGE ( 'NONE', *, *, #929, .F. ) ;
#9371 = DIRECTION ( 'NONE',  ( 0.000000000000000000, 1.000000000000000000, 0.000000000000000000 ) ) ;
#9372 = ADVANCED_FACE ( 'NONE', ( #8471 ), #6889, .F. ) ;
#9373 = DIRECTION ( 'NONE',  ( -1.000000000000000000, 0.000000000000000000, 0.000000000000000000 ) ) ;
#9374 = ORIENTED_EDGE ( 'NONE', *, *, #9524, .T. ) ;
#9375 = ORIENTED_EDGE ( 'NONE', *, *, #8757, .T. ) ;
#9376 = DIRECTION ( 'NONE',  ( 0.000000000000000000, 1.000000000000000000, 0.000000000000000000 ) ) ;
#9377 = VERTEX_POINT ( 'NONE', #6293 ) ;
#9378 = CARTESIAN_POINT ( 'NONE',  ( -0.1299999999999999767, 0.2000000000000000111, 1.719999999999999973 ) ) ;
#9379 = ORIENTED_EDGE ( 'NONE', *, *, #1191, .F. ) ;
#9380 = DIRECTION ( 'NONE',  ( -1.000000000000000000, 0.000000000000000000, 0.000000000000000000 ) ) ;
#9381 = CARTESIAN_POINT ( 'NONE',  ( -1.129999999999999893, 0.6664761515876239661, -2.000000000000000000 ) ) ;
#9382 = DIRECTION ( 'NONE',  ( 0.000000000000000000, -1.000000000000000000, 0.000000000000000000 ) ) ;
#9383 = CARTESIAN_POINT ( 'NONE',  ( -1.719999999999999973, 0.6664761515876239661, -0.2500000000000000000 ) ) ;
#9384 = ORIENTED_EDGE ( 'NONE', *, *, #3381, .T. ) ;
#9385 = EDGE_LOOP ( 'NONE', ( #8830, #4756, #3470, #3186 ) ) ;
#9386 = ORIENTED_EDGE ( 'NONE', *, *, #7401, .F. ) ;
#9387 = ORIENTED_EDGE ( 'NONE', *, *, #1184, .F. ) ;
#9388 = CARTESIAN_POINT ( 'NONE',  ( -1.719999999999999973, 0.05000000000000000278, 0.1299999999999999767 ) ) ;
#9389 = CARTESIAN_POINT ( 'NONE',  ( 2.000000000000000000, 0.05000000000000000278, 2.000000000000000000 ) ) ;
#9390 = FACE_OUTER_BOUND ( 'NONE', #743, .T. ) ;
#9391 = CARTESIAN_POINT ( 'NONE',  ( -1.500000000000000000, 1.000000000000000000, -1.500000000000000000 ) ) ;
#9392 = ORIENTED_EDGE ( 'NONE', *, *, #7302, .F. ) ;
#9393 = ORIENTED_EDGE ( 'NONE', *, *, #4956, .T. ) ;
#9394 = CARTESIAN_POINT ( 'NONE',  ( -2.000000000000000000, 1.000000000000000000, 2.000000000000000000 ) ) ;
#9395 = SURFACE_STYLE_FILL_AREA ( #2662 ) ;
#9396 = EDGE_LOOP ( 'NONE', ( #7911, #8252, #3908, #9233 ) ) ;
#9397 = EDGE_CURVE ( 'NONE', #4887, #1453, #6201, .T. ) ;
#9398 = SURFACE_SIDE_STYLE ('',( #4216 ) ) ;
#9399 = EDGE_CURVE ( 'NONE', #8161, #745, #8701, .T. ) ;
#9400 = DIRECTION ( 'NONE',  ( 0.000000000000000000, 0.000000000000000000, -1.000000000000000000 ) ) ;
#9401 = DIRECTION ( 'NONE',  ( -0.000000000000000000, 1.000000000000000000, 0.000000000000000000 ) ) ;
#9402 = LINE ( 'NONE', #6342, #4741 ) ;
#9403 = LINE ( 'NONE', #2779, #4128 ) ;
#9404 = DIRECTION ( 'NONE',  ( 0.000000000000000000, 1.000000000000000000, 0.000000000000000000 ) ) ;
#9405 = VERTEX_POINT ( 'NONE', #125 ) ;
#9406 = DIRECTION ( 'NONE',  ( 0.000000000000000000, -1.000000000000000000, 0.000000000000000000 ) ) ;
#9407 = EDGE_CURVE ( 'NONE', #1562, #2190, #8423, .T. ) ;
#9408 = DIRECTION ( 'NONE',  ( -7.744301232039309779E-16, 0.000000000000000000, 1.000000000000000000 ) ) ;
#9409 = LINE ( 'NONE', #6441, #3185 ) ;
#9410 = DIRECTION ( 'NONE',  ( 0.000000000000000000, -1.000000000000000000, 0.000000000000000000 ) ) ;
#9411 = EDGE_LOOP ( 'NONE', ( #9078, #9640, #696, #1269 ) ) ;
#9412 = AXIS2_PLACEMENT_3D ( 'NONE', #453, #9442, #1976 ) ;
#9413 = VERTEX_POINT ( 'NONE', #2482 ) ;
#9414 = DIRECTION ( 'NONE',  ( 0.000000000000000000, 1.000000000000000000, 0.000000000000000000 ) ) ;
#9415 = EDGE_CURVE ( 'NONE', #766, #7982, #7597, .T. ) ;
#9416 = ORIENTED_EDGE ( 'NONE', *, *, #4965, .F. ) ;
#9417 = CARTESIAN_POINT ( 'NONE',  ( -1.719999999999999973, 0.6664761515876239661, -1.250000000000000000 ) ) ;
#9418 = EDGE_LOOP ( 'NONE', ( #8632, #7308, #2843, #279 ) ) ;
#9419 = CARTESIAN_POINT ( 'NONE',  ( 2.000000000000000000, 0.6664761515876239661, 1.369999999999999885 ) ) ;
#9420 = LINE ( 'NONE', #4345, #4895 ) ;
#9421 = PLANE ( 'NONE',  #8395 ) ;
#9422 = ORIENTED_EDGE ( 'NONE', *, *, #4823, .T. ) ;
#9423 = ORIENTED_EDGE ( 'NONE', *, *, #6020, .F. ) ;
#9424 = ADVANCED_FACE ( 'NONE', ( #2527 ), #5006, .F. ) ;
#9425 = ORIENTED_EDGE ( 'NONE', *, *, #2729, .F. ) ;
#9426 = FACE_OUTER_BOUND ( 'NONE', #3171, .T. ) ;
#9427 = ORIENTED_EDGE ( 'NONE', *, *, #6499, .F. ) ;
#9428 = AXIS2_PLACEMENT_3D ( 'NONE', #6082, #9204, #9100 ) ;
#9429 = CARTESIAN_POINT ( 'NONE',  ( 1.719999999999999973, 0.6664761515876239661, 0.1299999999999999767 ) ) ;
#9430 = CARTESIAN_POINT ( 'NONE',  ( 0.6300000000000000044, 0.000000000000000000, -2.000000000000000000 ) ) ;
#9431 = FACE_OUTER_BOUND ( 'NONE', #44, .T. ) ;
#9432 = VECTOR ( 'NONE', #2495, 1000.000000000000000 ) ;
#9433 = LINE ( 'NONE', #351, #1801 ) ;
#9434 = ORIENTED_EDGE ( 'NONE', *, *, #5, .F. ) ;
#9435 = CARTESIAN_POINT ( 'NONE',  ( -1.350000000000000089, 0.05000000000000000278, 0.6000000000000000888 ) ) ;
#9436 = ORIENTED_EDGE ( 'NONE', *, *, #7955, .F. ) ;
#9437 = LINE ( 'NONE', #1048, #8809 ) ;
#9438 = EDGE_LOOP ( 'NONE', ( #4355, #6160, #1258, #9543 ) ) ;
#9439 = CIRCLE ( 'NONE', #6603, 0.1200000000000000927 ) ;
#9440 = CARTESIAN_POINT ( 'NONE',  ( -1.250000000000000000, 0.000000000000000000, 0.5000000000000000000 ) ) ;
#9441 = CARTESIAN_POINT ( 'NONE',  ( -0.7500000000000000000, 0.6664761515876239661, 1.719999999999999973 ) ) ;
#9442 = DIRECTION ( 'NONE',  ( -0.000000000000000000, 1.000000000000000000, 0.000000000000000000 ) ) ;
#9443 = DIRECTION ( 'NONE',  ( 0.000000000000000000, 0.000000000000000000, -1.000000000000000000 ) ) ;
#9444 = AXIS2_PLACEMENT_3D ( 'NONE', #3751, #7450, #9713 ) ;
#9445 = ADVANCED_FACE ( 'NONE', ( #2721 ), #416, .T. ) ;
#9446 = AXIS2_PLACEMENT_3D ( 'NONE', #8190, #163, #6885 ) ;
#9447 = ADVANCED_FACE ( 'NONE', ( #3404 ), #2820, .F. ) ;
#9448 = PRESENTATION_LAYER_ASSIGNMENT (  '', '', ( #3634 ) ) ;
#9449 = CARTESIAN_POINT ( 'NONE',  ( 2.000000000000000000, 0.2000000000000000111, -1.129999999999999893 ) ) ;
#9450 = EDGE_CURVE ( 'NONE', #6599, #890, #6015, .T. ) ;
#9451 = SURFACE_SIDE_STYLE ('',( #4073 ) ) ;
#9452 = VERTEX_POINT ( 'NONE', #4911 ) ;
#9453 = CARTESIAN_POINT ( 'NONE',  ( -1.060969268789385947E-15, 0.05000000000000000278, -1.369999999999999885 ) ) ;
#9454 = DIRECTION ( 'NONE',  ( 0.000000000000000000, -1.000000000000000000, 0.000000000000000000 ) ) ;
#9455 = AXIS2_PLACEMENT_3D ( 'NONE', #7928, #1197, #3298 ) ;
#9456 = PLANE ( 'NONE',  #9319 ) ;
#9457 = VECTOR ( 'NONE', #344, 1000.000000000000000 ) ;
#9458 = EDGE_CURVE ( 'NONE', #4146, #6282, #7935, .T. ) ;
#9459 = CARTESIAN_POINT ( 'NONE',  ( -1.050000000000000044, 0.000000000000000000, -1.350000000000000089 ) ) ;
#9460 = CIRCLE ( 'NONE', #4888, 0.1200000000000000927 ) ;
#9461 = EDGE_CURVE ( 'NONE', #4623, #6477, #5057, .T. ) ;
#9462 = SURFACE_STYLE_USAGE ( .BOTH. , #7944 ) ;
#9463 = ORIENTED_EDGE ( 'NONE', *, *, #7834, .F. ) ;
#9464 = VECTOR ( 'NONE', #7411, 1000.000000000000000 ) ;
#9465 = ORIENTED_EDGE ( 'NONE', *, *, #2874, .F. ) ;
#9466 = PLANE ( 'NONE',  #3464 ) ;
#9467 = ORIENTED_EDGE ( 'NONE', *, *, #8750, .T. ) ;
#9468 = DIRECTION ( 'NONE',  ( -1.000000000000000000, 0.000000000000000000, 0.000000000000000000 ) ) ;
#9469 = ORIENTED_EDGE ( 'NONE', *, *, #2256, .F. ) ;
#9470 = CARTESIAN_POINT ( 'NONE',  ( 1.719999999999999973, 0.6664761515876239661, -0.2500000000000000000 ) ) ;
#9471 = LINE ( 'NONE', #431, #9308 ) ;
#9472 = LINE ( 'NONE', #7852, #3833 ) ;
#9473 = VECTOR ( 'NONE', #6104, 1000.000000000000114 ) ;
#9474 = VECTOR ( 'NONE', #2773, 1000.000000000000000 ) ;
#9475 = EDGE_CURVE ( 'NONE', #3329, #7559, #5069, .T. ) ;
#9476 = CIRCLE ( 'NONE', #8231, 0.1200000000000000927 ) ;
#9477 = ORIENTED_EDGE ( 'NONE', *, *, #4820, .T. ) ;
#9478 = VECTOR ( 'NONE', #7332, 1000.000000000000000 ) ;
#9479 = VERTEX_POINT ( 'NONE', #4276 ) ;
#9480 = ORIENTED_EDGE ( 'NONE', *, *, #8217, .F. ) ;
#9481 = CARTESIAN_POINT ( 'NONE',  ( 0.1299999999999999767, 0.6664761515876239661, -1.719999999999999973 ) ) ;
#9482 = ORIENTED_EDGE ( 'NONE', *, *, #6692, .F. ) ;
#9483 = VECTOR ( 'NONE', #5943, 1000.000000000000000 ) ;
#9484 = LINE ( 'NONE', #7817, #7260 ) ;
#9485 = FACE_OUTER_BOUND ( 'NONE', #272, .T. ) ;
#9486 = DIRECTION ( 'NONE',  ( 1.000000000000000000, 0.000000000000000000, 0.000000000000000000 ) ) ;
#9487 = VECTOR ( 'NONE', #6723, 1000.000000000000000 ) ;
#9488 = EDGE_CURVE ( 'NONE', #1563, #2962, #6346, .T. ) ;
#9489 = VECTOR ( 'NONE', #883, 1000.000000000000000 ) ;
#9490 = DIRECTION ( 'NONE',  ( 0.000000000000000000, 1.000000000000000000, 0.000000000000000000 ) ) ;
#9491 = VERTEX_POINT ( 'NONE', #6542 ) ;
#9492 = CARTESIAN_POINT ( 'NONE',  ( -1.719999999999999973, 0.2000000000000000111, -0.1299999999999999767 ) ) ;
#9493 = EDGE_LOOP ( 'NONE', ( #8804, #2107, #5679, #239 ) ) ;
#9494 = DIRECTION ( 'NONE',  ( -0.000000000000000000, 1.000000000000000000, -0.000000000000000000 ) ) ;
#9495 = FILL_AREA_STYLE ('',( #2065 ) ) ;
#9496 = VERTEX_POINT ( 'NONE', #1203 ) ;
#9497 = STYLED_ITEM ( 'NONE', ( #7855 ), #8764 ) ;
#9498 = LINE ( 'NONE', #1094, #4258 ) ;
#9499 = DIRECTION ( 'NONE',  ( 0.000000000000000000, 0.000000000000000000, 1.000000000000000000 ) ) ;
#9500 = LINE ( 'NONE', #4271, #1521 ) ;
#9501 = VECTOR ( 'NONE', #5844, 1000.000000000000000 ) ;
#9502 = AXIS2_PLACEMENT_3D ( 'NONE', #616, #3557, #4486 ) ;
#9503 = CARTESIAN_POINT ( 'NONE',  ( 2.000000000000000000, 0.2000000000000000111, 1.369999999999999885 ) ) ;
#9504 = CIRCLE ( 'NONE', #2293, 0.1199999999999999956 ) ;
#9505 = ORIENTED_EDGE ( 'NONE', *, *, #8757, .F. ) ;
#9506 = DIRECTION ( 'NONE',  ( 0.000000000000000000, -1.000000000000000000, 0.000000000000000000 ) ) ;
#9507 = CARTESIAN_POINT ( 'NONE',  ( -0.6300000000000000044, 0.05000000000000000278, 2.000000000000000000 ) ) ;
#9508 = ORIENTED_EDGE ( 'NONE', *, *, #3988, .F. ) ;
#9509 = CARTESIAN_POINT ( 'NONE',  ( 1.129999999999999893, 0.000000000000000000, 2.000000000000000000 ) ) ;
#9510 = DIRECTION ( 'NONE',  ( 1.000000000000000000, 0.000000000000000000, 7.744301232039309779E-16 ) ) ;
#9511 = ADVANCED_FACE ( 'NONE', ( #4856 ), #1144, .F. ) ;
#9512 = CARTESIAN_POINT ( 'NONE',  ( 0.6300000000000000044, 0.000000000000000000, -2.000000000000000000 ) ) ;
#9513 = AXIS2_PLACEMENT_3D ( 'NONE', #1546, #2288, #4480 ) ;
#9514 = AXIS2_PLACEMENT_3D ( 'NONE', #371, #8427, #8528 ) ;
#9515 = CARTESIAN_POINT ( 'NONE',  ( -2.000000000000000000, 0.2000000000000000111, -1.369999999999999885 ) ) ;
#9516 = DIRECTION ( 'NONE',  ( 0.000000000000000000, 0.000000000000000000, -1.000000000000000000 ) ) ;
#9517 = VERTEX_POINT ( 'NONE', #507 ) ;
#9518 = ORIENTED_EDGE ( 'NONE', *, *, #4371, .T. ) ;
#9519 = LINE ( 'NONE', #426, #5655 ) ;
#9520 = ORIENTED_EDGE ( 'NONE', *, *, #2006, .F. ) ;
#9521 = CIRCLE ( 'NONE', #2777, 0.1000000000000000333 ) ;
#9522 = FACE_OUTER_BOUND ( 'NONE', #8098, .T. ) ;
#9523 = ORIENTED_EDGE ( 'NONE', *, *, #5434, .T. ) ;
#9524 = EDGE_CURVE ( 'NONE', #3287, #3293, #6392, .T. ) ;
#9525 = CARTESIAN_POINT ( 'NONE',  ( -1.719999999999999973, 0.6664761515876239661, 0.7500000000000000000 ) ) ;
#9526 = EDGE_CURVE ( 'NONE', #2686, #9594, #9403, .T. ) ;
#9527 = FACE_OUTER_BOUND ( 'NONE', #4601, .T. ) ;
#9528 = CARTESIAN_POINT ( 'NONE',  ( -1.250000000000000000, 0.2000000000000000111, -1.719999999999999973 ) ) ;
#9529 = ORIENTED_EDGE ( 'NONE', *, *, #8577, .F. ) ;
#9530 = ORIENTED_EDGE ( 'NONE', *, *, #3917, .F. ) ;
#9531 = ORIENTED_EDGE ( 'NONE', *, *, #157, .F. ) ;
#9532 = DIRECTION ( 'NONE',  ( -3.336006684570783101E-16, 0.000000000000000000, 1.000000000000000000 ) ) ;
#9533 = VERTEX_POINT ( 'NONE', #458 ) ;
#9534 = CARTESIAN_POINT ( 'NONE',  ( -1.250000000000000000, 0.2000000000000000111, -1.719999999999999973 ) ) ;
#9535 = EDGE_CURVE ( 'NONE', #6034, #3329, #6489, .T. ) ;
#9536 = CARTESIAN_POINT ( 'NONE',  ( -2.000000000000000000, 0.2000000000000000111, 0.6300000000000000044 ) ) ;
#9537 = CARTESIAN_POINT ( 'NONE',  ( -1.719999999999999973, 0.6664761515876239661, -0.1299999999999999767 ) ) ;
#9538 = LINE ( 'NONE', #7967, #2115 ) ;
#9539 = ORIENTED_EDGE ( 'NONE', *, *, #2372, .F. ) ;
#9540 = CARTESIAN_POINT ( 'NONE',  ( 1.350000000000000089, 0.000000000000000000, 0.6000000000000000888 ) ) ;
#9541 = ORIENTED_EDGE ( 'NONE', *, *, #5382, .T. ) ;
#9542 = DIRECTION ( 'NONE',  ( 0.000000000000000000, -1.000000000000000000, 0.000000000000000000 ) ) ;
#9543 = ORIENTED_EDGE ( 'NONE', *, *, #986, .T. ) ;
#9544 = DIRECTION ( 'NONE',  ( 0.000000000000000000, 0.000000000000000000, -1.000000000000000000 ) ) ;
#9545 = EDGE_CURVE ( 'NONE', #9297, #1118, #8030, .T. ) ;
#9546 = DIRECTION ( 'NONE',  ( 0.000000000000000000, 1.000000000000000000, 0.000000000000000000 ) ) ;
#9547 = PLANE ( 'NONE',  #8323 ) ;
#9548 = LINE ( 'NONE', #8661, #1631 ) ;
#9549 = VERTEX_POINT ( 'NONE', #9449 ) ;
#9550 = CARTESIAN_POINT ( 'NONE',  ( -1.719999999999999973, 0.000000000000000000, 0.8699999999999999956 ) ) ;
#9551 = PRESENTATION_STYLE_ASSIGNMENT (( #3551 ) ) ;
#9552 = EDGE_LOOP ( 'NONE', ( #9667, #2173, #1322, #483 ) ) ;
#9553 = CARTESIAN_POINT ( 'NONE',  ( -2.000000000000000000, 0.6664761515876239661, 0.8699999999999999956 ) ) ;
#9554 = DIRECTION ( 'NONE',  ( 0.000000000000000000, 0.000000000000000000, -1.000000000000000000 ) ) ;
#9555 = LINE ( 'NONE', #5809, #834 ) ;
#9556 = CARTESIAN_POINT ( 'NONE',  ( 0.000000000000000000, 0.05000000000000000278, 0.000000000000000000 ) ) ;
#9557 = FACE_OUTER_BOUND ( 'NONE', #2335, .T. ) ;
#9558 = ORIENTED_EDGE ( 'NONE', *, *, #924, .T. ) ;
#9559 = ORIENTED_EDGE ( 'NONE', *, *, #5047, .F. ) ;
#9560 = FACE_OUTER_BOUND ( 'NONE', #6706, .T. ) ;
#9561 = EDGE_LOOP ( 'NONE', ( #2906, #2714, #3727, #5654 ) ) ;
#9562 = CARTESIAN_POINT ( 'NONE',  ( 0.8699999999999999956, 0.6664761515876239661, -2.000000000000000000 ) ) ;
#9563 = DIRECTION ( 'NONE',  ( -7.744301232039309779E-16, 0.000000000000000000, -1.000000000000000000 ) ) ;
#9564 = CARTESIAN_POINT ( 'NONE',  ( -2.000000000000000000, 0.000000000000000000, 0.3699999999999999956 ) ) ;
#9565 = CARTESIAN_POINT ( 'NONE',  ( 1.369999999999999885, 0.6664761515876239661, 1.719999999999999973 ) ) ;
#9566 = EDGE_CURVE ( 'NONE', #8681, #8122, #5760, .T. ) ;
#9567 = DIRECTION ( 'NONE',  ( 0.000000000000000000, 1.000000000000000000, 0.000000000000000000 ) ) ;
#9568 = EDGE_CURVE ( 'NONE', #5614, #1238, #7085, .T. ) ;
#9569 = ORIENTED_EDGE ( 'NONE', *, *, #884, .T. ) ;
#9570 = EDGE_LOOP ( 'NONE', ( #9480, #9569, #6257, #876 ) ) ;
#9571 = ORIENTED_EDGE ( 'NONE', *, *, #7677, .F. ) ;
#9572 = CARTESIAN_POINT ( 'NONE',  ( -1.719999999999999973, 0.6664761515876239661, -1.129999999999999893 ) ) ;
#9573 = ORIENTED_EDGE ( 'NONE', *, *, #8928, .T. ) ;
#9574 = LINE ( 'NONE', #5931, #2251 ) ;
#9575 = LINE ( 'NONE', #4313, #8045 ) ;
#9576 = DIRECTION ( 'NONE',  ( 0.000000000000000000, -1.000000000000000000, 0.000000000000000000 ) ) ;
#9577 = CARTESIAN_POINT ( 'NONE',  ( 1.250000000000000000, 0.2000000000000000111, 1.719999999999999973 ) ) ;
#9578 = EDGE_CURVE ( 'NONE', #2496, #7031, #6419, .T. ) ;
#9579 = ORIENTED_EDGE ( 'NONE', *, *, #7116, .T. ) ;
#9580 = VECTOR ( 'NONE', #6711, 1000.000000000000000 ) ;
#9581 = LINE ( 'NONE', #4996, #5703 ) ;
#9582 = EDGE_LOOP ( 'NONE', ( #7166, #4738, #9212, #641 ) ) ;
#9583 = EDGE_CURVE ( 'NONE', #9042, #9699, #4129, .T. ) ;
#9584 = DIRECTION ( 'NONE',  ( 0.000000000000000000, -1.000000000000000000, 0.000000000000000000 ) ) ;
#9585 = EDGE_CURVE ( 'NONE', #4010, #897, #7685, .T. ) ;
#9586 = DIRECTION ( 'NONE',  ( 1.084202172485503818E-16, 0.000000000000000000, 1.000000000000000000 ) ) ;
#9587 = ORIENTED_EDGE ( 'NONE', *, *, #5467, .F. ) ;
#9588 = FILL_AREA_STYLE ('',( #7376 ) ) ;
#9589 = CARTESIAN_POINT ( 'NONE',  ( -0.6300000000000000044, 0.6664761515876239661, -2.000000000000000000 ) ) ;
#9590 = CARTESIAN_POINT ( 'NONE',  ( 1.350000000000000089, 0.05000000000000000278, -1.429545647210201072E-16 ) ) ;
#9591 = DIRECTION ( 'NONE',  ( 1.000000000000000000, 0.000000000000000000, 7.744301232039309779E-16 ) ) ;
#9592 = AXIS2_PLACEMENT_3D ( 'NONE', #1770, #6231, #8409 ) ;
#9593 = ADVANCED_FACE ( 'NONE', ( #7381 ), #6694, .F. ) ;
#9594 = VERTEX_POINT ( 'NONE', #2968 ) ;
#9595 = CARTESIAN_POINT ( 'NONE',  ( 1.719999999999999973, 0.2000000000000000111, 0.2500000000000000000 ) ) ;
#9596 =( GEOMETRIC_REPRESENTATION_CONTEXT ( 3 ) GLOBAL_UNCERTAINTY_ASSIGNED_CONTEXT ( ( #7863 ) ) GLOBAL_UNIT_ASSIGNED_CONTEXT ( ( #9200, #7761, #1122 ) ) REPRESENTATION_CONTEXT ( 'NONE', 'WORKASPACE' ) );
#9597 = ORIENTED_EDGE ( 'NONE', *, *, #6429, .F. ) ;
#9598 = CIRCLE ( 'NONE', #5335, 0.1199999999999999956 ) ;
#9599 = DIRECTION ( 'NONE',  ( -0.000000000000000000, 1.000000000000000000, 0.000000000000000000 ) ) ;
#9600 = CARTESIAN_POINT ( 'NONE',  ( -1.250000000000000000, 0.000000000000000000, 0.09999999999999970024 ) ) ;
#9601 = VECTOR ( 'NONE', #901, 1000.000000000000000 ) ;
#9602 = VECTOR ( 'NONE', #670, 1000.000000000000000 ) ;
#9603 = ADVANCED_FACE ( 'NONE', ( #9651 ), #7435, .F. ) ;
#9604 = CARTESIAN_POINT ( 'NONE',  ( -2.000000000000000000, 0.6664761515876239661, -0.3699999999999999956 ) ) ;
#9605 = CARTESIAN_POINT ( 'NONE',  ( -1.129999999999999893, 0.2000000000000000111, 2.000000000000000000 ) ) ;
#9606 = ORIENTED_EDGE ( 'NONE', *, *, #3324, .T. ) ;
#9607 = ORIENTED_EDGE ( 'NONE', *, *, #7165, .T. ) ;
#9608 = VECTOR ( 'NONE', #4604, 1000.000000000000000 ) ;
#9609 = DIRECTION ( 'NONE',  ( -0.7071067811865445751, 0.000000000000000000, -0.7071067811865504593 ) ) ;
#9610 = VERTEX_POINT ( 'NONE', #5154 ) ;
#9611 = LINE ( 'NONE', #3416, #663 ) ;
#9612 = VECTOR ( 'NONE', #20, 1000.000000000000000 ) ;
#9613 = PLANE ( 'NONE',  #642 ) ;
#9614 = CARTESIAN_POINT ( 'NONE',  ( -1.682033734286709770, 0.05000000000000000278, -1.363835682752762013 ) ) ;
#9615 = CARTESIAN_POINT ( 'NONE',  ( -1.719999999999999973, 0.000000000000000000, -1.250000000000000000 ) ) ;
#9616 = VECTOR ( 'NONE', #8834, 1000.000000000000000 ) ;
#9617 = MECHANICAL_DESIGN_GEOMETRIC_PRESENTATION_REPRESENTATION (  '', ( #8672 ), #2566 ) ;
#9618 = PRESENTATION_STYLE_ASSIGNMENT (( #8785 ) ) ;
#9619 = ORIENTED_EDGE ( 'NONE', *, *, #2073, .F. ) ;
#9620 = EDGE_LOOP ( 'NONE', ( #7823, #769, #7118, #4320 ) ) ;
#9621 = ORIENTED_EDGE ( 'NONE', *, *, #5676, .T. ) ;
#9622 = DIRECTION ( 'NONE',  ( 0.000000000000000000, 0.000000000000000000, -1.000000000000000000 ) ) ;
#9623 = ORIENTED_EDGE ( 'NONE', *, *, #6570, .T. ) ;
#9624 = AXIS2_PLACEMENT_3D ( 'NONE', #7256, #6457, #2690 ) ;
#9625 = CARTESIAN_POINT ( 'NONE',  ( 0.8699999999999999956, 0.6664761515876239661, 2.000000000000000000 ) ) ;
#9626 = DIRECTION ( 'NONE',  ( 0.000000000000000000, -1.000000000000000000, 0.000000000000000000 ) ) ;
#9627 = CARTESIAN_POINT ( 'NONE',  ( -2.000000000000000000, 0.000000000000000000, 1.369999999999999885 ) ) ;
#9628 = VECTOR ( 'NONE', #8903, 1000.000000000000000 ) ;
#9629 = EDGE_CURVE ( 'NONE', #5099, #7962, #3061, .T. ) ;
#9630 = EDGE_CURVE ( 'NONE', #1090, #3455, #712, .T. ) ;
#9631 = AXIS2_PLACEMENT_3D ( 'NONE', #3270, #6253, #4822 ) ;
#9632 = LINE ( 'NONE', #2060, #1638 ) ;
#9633 = VECTOR ( 'NONE', #6700, 1000.000000000000000 ) ;
#9634 = AXIS2_PLACEMENT_3D ( 'NONE', #9470, #761, #4979 ) ;
#9635 = ORIENTED_EDGE ( 'NONE', *, *, #1550, .F. ) ;
#9636 = CARTESIAN_POINT ( 'NONE',  ( -1.250000000000000000, 0.000000000000000000, 1.600000000000000089 ) ) ;
#9637 = ORIENTED_EDGE ( 'NONE', *, *, #9291, .F. ) ;
#9638 = CARTESIAN_POINT ( 'NONE',  ( -0.2500000000000000000, 0.2000000000000000111, 1.719999999999999973 ) ) ;
#9639 = SURFACE_SIDE_STYLE ('',( #2172 ) ) ;
#9640 = ORIENTED_EDGE ( 'NONE', *, *, #455, .T. ) ;
#9641 = DIRECTION ( 'NONE',  ( 0.000000000000000000, 0.000000000000000000, -1.000000000000000000 ) ) ;
#9642 = DIRECTION ( 'NONE',  ( 1.000000000000000000, 0.000000000000000000, 0.000000000000000000 ) ) ;
#9643 = DIRECTION ( 'NONE',  ( 0.7071067811865505703, 0.000000000000000000, -0.7071067811865444641 ) ) ;
#9644 = VECTOR ( 'NONE', #7192, 1000.000000000000000 ) ;
#9645 = CARTESIAN_POINT ( 'NONE',  ( -1.129999999999999893, 0.2000000000000000111, -2.000000000000000000 ) ) ;
#9646 = AXIS2_PLACEMENT_3D ( 'NONE', #8016, #4994, #1425 ) ;
#9647 = ADVANCED_FACE ( 'NONE', ( #5945 ), #8966, .F. ) ;
#9648 = VECTOR ( 'NONE', #5180, 1000.000000000000000 ) ;
#9649 = ADVANCED_FACE ( 'NONE', ( #8870 ), #5903, .F. ) ;
#9650 = ORIENTED_EDGE ( 'NONE', *, *, #4290, .T. ) ;
#9651 = FACE_OUTER_BOUND ( 'NONE', #5626, .T. ) ;
#9652 =( GEOMETRIC_REPRESENTATION_CONTEXT ( 3 ) GLOBAL_UNCERTAINTY_ASSIGNED_CONTEXT ( ( #297 ) ) GLOBAL_UNIT_ASSIGNED_CONTEXT ( ( #586, #2103, #2154 ) ) REPRESENTATION_CONTEXT ( 'NONE', 'WORKASPACE' ) );
#9653 = VECTOR ( 'NONE', #4839, 1000.000000000000000 ) ;
#9654 = CARTESIAN_POINT ( 'NONE',  ( -1.250000000000000000, 0.2000000000000000111, 1.719999999999999973 ) ) ;
#9655 = ORIENTED_EDGE ( 'NONE', *, *, #5246, .F. ) ;
#9656 = VECTOR ( 'NONE', #8106, 1000.000000000000000 ) ;
#9657 = SURFACE_SIDE_STYLE ('',( #6645 ) ) ;
#9658 = DIRECTION ( 'NONE',  ( 0.000000000000000000, -1.000000000000000000, 0.000000000000000000 ) ) ;
#9659 = CARTESIAN_POINT ( 'NONE',  ( -0.1299999999999999767, 0.000000000000000000, 1.719999999999999973 ) ) ;
#9660 = EDGE_CURVE ( 'NONE', #3750, #7343, #3009, .T. ) ;
#9661 = DIRECTION ( 'NONE',  ( 0.000000000000000000, 1.000000000000000000, 0.000000000000000000 ) ) ;
#9662 = VECTOR ( 'NONE', #572, 1000.000000000000000 ) ;
#9663 = VECTOR ( 'NONE', #7542, 1000.000000000000000 ) ;
#9664 = CARTESIAN_POINT ( 'NONE',  ( -1.719999999999999973, 0.6664761515876239661, 0.3699999999999999956 ) ) ;
#9665 = CARTESIAN_POINT ( 'NONE',  ( 0.3699999999999999956, 0.000000000000000000, -1.719999999999999973 ) ) ;
#9666 = ORIENTED_EDGE ( 'NONE', *, *, #8732, .T. ) ;
#9667 = ORIENTED_EDGE ( 'NONE', *, *, #5608, .F. ) ;
#9668 = DIRECTION ( 'NONE',  ( 0.000000000000000000, 0.000000000000000000, 1.000000000000000000 ) ) ;
#9669 = ORIENTED_EDGE ( 'NONE', *, *, #3535, .T. ) ;
#9670 = PLANE ( 'NONE',  #5986 ) ;
#9671 = AXIS2_PLACEMENT_3D ( 'NONE', #2970, #6695, #8032 ) ;
#9672 = CARTESIAN_POINT ( 'NONE',  ( 1.719999999999999973, 0.2000000000000000111, -1.369999999999999885 ) ) ;
#9673 = EDGE_CURVE ( 'NONE', #7605, #914, #2331, .T. ) ;
#9674 = CARTESIAN_POINT ( 'NONE',  ( 1.719999999999999973, 0.6664761515876239661, 0.8699999999999999956 ) ) ;
#9675 = CLOSED_SHELL ( 'NONE', ( #3693, #7534, #1581, #2059, #3055, #3565, #7968 ) ) ;
#9676 = LINE ( 'NONE', #5879, #4921 ) ;
#9677 =( GEOMETRIC_REPRESENTATION_CONTEXT ( 3 ) GLOBAL_UNCERTAINTY_ASSIGNED_CONTEXT ( ( #3141 ) ) GLOBAL_UNIT_ASSIGNED_CONTEXT ( ( #3150, #5398, #7670 ) ) REPRESENTATION_CONTEXT ( 'NONE', 'WORKASPACE' ) );
#9678 = AXIS2_PLACEMENT_3D ( 'NONE', #3545, #5757, #2070 ) ;
#9679 = EDGE_LOOP ( 'NONE', ( #2853, #4874, #2108, #774 ) ) ;
#9680 = ORIENTED_EDGE ( 'NONE', *, *, #7842, .F. ) ;
#9681 = ORIENTED_EDGE ( 'NONE', *, *, #8810, .T. ) ;
#9682 = LINE ( 'NONE', #6900, #8658 ) ;
#9683 = VERTEX_POINT ( 'NONE', #9014 ) ;
#9684 = CARTESIAN_POINT ( 'NONE',  ( -0.1299999999999999767, 0.000000000000000000, 2.000000000000000000 ) ) ;
#9685 = PLANE ( 'NONE',  #1132 ) ;
#9686 = CARTESIAN_POINT ( 'NONE',  ( 0.6300000000000000044, 0.2000000000000000111, 1.719999999999999973 ) ) ;
#9687 = DIRECTION ( 'NONE',  ( 0.000000000000000000, -1.000000000000000000, 0.000000000000000000 ) ) ;
#9688 = ORIENTED_EDGE ( 'NONE', *, *, #4746, .T. ) ;
#9689 = CARTESIAN_POINT ( 'NONE',  ( -0.1299999999999999767, 0.2000000000000000111, 2.000000000000000000 ) ) ;
#9690 = ORIENTED_EDGE ( 'NONE', *, *, #6559, .F. ) ;
#9691 = FACE_OUTER_BOUND ( 'NONE', #8294, .T. ) ;
#9692 = FACE_OUTER_BOUND ( 'NONE', #8510, .T. ) ;
#9693 = ORIENTED_EDGE ( 'NONE', *, *, #154, .T. ) ;
#9694 = CLOSED_SHELL ( 'NONE', ( #5318, #1541, #2500, #24, #5302, #4108, #1837, #803 ) ) ;
#9695 = CARTESIAN_POINT ( 'NONE',  ( -1.719999999999999973, 0.000000000000000000, 1.250000000000000000 ) ) ;
#9696 = LINE ( 'NONE', #604, #8670 ) ;
#9697 = PLANE ( 'NONE',  #3837 ) ;
#9698 = CARTESIAN_POINT ( 'NONE',  ( 1.719999999999999973, 0.6664761515876239661, 1.129999999999999893 ) ) ;
#9699 = VERTEX_POINT ( 'NONE', #4373 ) ;
#9700 = EDGE_CURVE ( 'NONE', #3431, #8884, #6783, .T. ) ;
#9701 = CARTESIAN_POINT ( 'NONE',  ( 1.719999999999999973, 0.2000000000000000111, -1.250000000000000000 ) ) ;
#9702 = EDGE_CURVE ( 'NONE', #3455, #3623, #654, .T. ) ;
#9703 = DIRECTION ( 'NONE',  ( 0.000000000000000000, -1.000000000000000000, 0.000000000000000000 ) ) ;
#9704 = DIRECTION ( 'NONE',  ( 1.000000000000000000, 0.000000000000000000, 0.000000000000000000 ) ) ;
#9705 = LINE ( 'NONE', #5561, #7320 ) ;
#9706 = EDGE_CURVE ( 'NONE', #8465, #4223, #6048, .T. ) ;
#9707 = DIRECTION ( 'NONE',  ( 0.000000000000000000, 0.000000000000000000, 1.000000000000000000 ) ) ;
#9708 = DIRECTION ( 'NONE',  ( -7.744301232039309779E-16, 0.000000000000000000, 1.000000000000000000 ) ) ;
#9709 = DIRECTION ( 'NONE',  ( 1.000000000000000000, 0.000000000000000000, 0.000000000000000000 ) ) ;
#9710 = EDGE_CURVE ( 'NONE', #3444, #9127, #5476, .T. ) ;
#9711 = LINE ( 'NONE', #2829, #3840 ) ;
#9712 = ORIENTED_EDGE ( 'NONE', *, *, #5140, .T. ) ;
#9713 = DIRECTION ( 'NONE',  ( 0.000000000000000000, 1.000000000000000000, 0.000000000000000000 ) ) ;
#9714 = VERTEX_POINT ( 'NONE', #756 ) ;
#9715 = DIRECTION ( 'NONE',  ( 0.000000000000000000, 0.000000000000000000, 1.000000000000000000 ) ) ;
#9716 = CARTESIAN_POINT ( 'NONE',  ( -1.369999999999999885, 0.2000000000000000111, -2.000000000000000000 ) ) ;
#9717 = CARTESIAN_POINT ( 'NONE',  ( -0.2500000000000000000, 0.05000000000000000278, 1.600000000000000089 ) ) ;
#9718 = DIRECTION ( 'NONE',  ( 0.000000000000000000, 0.000000000000000000, -1.000000000000000000 ) ) ;
#9719 =( NAMED_UNIT ( * ) SI_UNIT ( $, .STERADIAN. ) SOLID_ANGLE_UNIT ( ) );
#9720 = ADVANCED_FACE ( 'NONE', ( #3739 ), #2285, .T. ) ;
#9721 = VERTEX_POINT ( 'NONE', #9069 ) ;
#9722 = ORIENTED_EDGE ( 'NONE', *, *, #8492, .F. ) ;
#9723 = ORIENTED_EDGE ( 'NONE', *, *, #3509, .T. ) ;
#9724 = DIRECTION ( 'NONE',  ( 1.000000000000000000, 0.000000000000000000, 0.000000000000000000 ) ) ;
#9725 = EDGE_LOOP ( 'NONE', ( #4170, #6247, #7380, #1386 ) ) ;
ENDSEC;
END-ISO-10303-21;
